src.infrastructure.providers.mercado_data_provider | DEBUG | RTD: Detalhes completos registrados para VALE3|VALEU686 (Liquidez detectada)
src.infrastructure.providers.mercado_data_provider | DEBUG | RTD: preco_ativo VALE3=72.22 forçado com sucesso
src.infrastructure.providers.mercado_data_provider | DEBUG | RTD: Detalhes completos registrados para AUAU3|AUAUU352 (Liquidez detectada)
src.infrastructure.providers.mercado_data_provider | DEBUG | RTD: preco_ativo AUAU3=3.10 forçado com sucesso
src.infrastructure.providers.mercado_data_provider | DEBUG | RTD: Detalhes completos registrados para DXCO3|DXCOU365 (Liquidez detectada)
src.infrastructure.providers.mercado_data_provider | DEBUG | RTD: preco_ativo DXCO3=4.96 forçado com sucesso
src.infrastructure.providers.mercado_data_provider | DEBUG | RTD: Detalhes completos registrados para RIAA3|RIAAT788 (Liquidez detectada)
src.infrastructure.providers.mercado_data_provider | DEBUG | RTD: preco_ativo RIAA3=7.75 forçado com sucesso
src.infrastructure.providers.mercado_data_provider | DEBUG | RTD: Detalhes completos registrados para KEPL3|KEPLU618 (Liquidez detectada)
src.infrastructure.providers.mercado_data_provider | DEBUG | RTD: preco_ativo KEPL3=6.33 forçado com sucesso
src.infrastructure.providers.mercado_data_provider | DEBUG | RTD: Detalhes completos registrados para BBDC4|BBDCX192 (Liquidez detectada)
src.infrastructure.providers.mercado_data_provider | DEBUG | RTD: preco_ativo BBDC4=18.51 forçado com sucesso
src.infrastructure.providers.mercado_data_provider | DEBUG | RTD: Detalhes completos registrados para MOVI3|MOVIU903 (Liquidez detectada)
src.infrastructure.providers.mercado_data_provider | DEBUG | RTD: preco_ativo MOVI3=8.12 forçado com sucesso
src.infrastructure.providers.mercado_data_provider | DEBUG | RTD: Detalhes completos registrados para SLCE3|SLCEU117 (Liquidez detectada)
src.infrastructure.providers.mercado_data_provider | DEBUG | RTD: preco_ativo SLCE3=13.63 forçado com sucesso
src.infrastructure.providers.mercado_data_provider | DEBUG | RTD: Detalhes completos registrados para VALE3|VALEU391 (Liquidez detectada)
src.infrastructure.providers.mercado_data_provider | DEBUG | RTD: preco_ativo VALE3=72.22 forçado com sucesso
src.infrastructure.providers.mercado_data_provider | DEBUG | RTD: Detalhes completos registrados para BBDC4|BBDCT201 (Liquidez detectada)
src.infrastructure.providers.mercado_data_provider | DEBUG | RTD: preco_ativo BBDC4=18.51 forçado com sucesso
src.infrastructure.providers.mercado_data_provider | DEBUG | RTD: Detalhes completos registrados para AZZA3|AZZAU212 (Liquidez detectada)
src.infrastructure.providers.mercado_data_provider | DEBUG | RTD: preco_ativo AZZA3=17.82 forçado com sucesso
src.infrastructure.providers.mercado_data_provider | DEBUG | RTD: Detalhes completos registrados para AXIA3|AXIAT51 (Liquidez detectada)
src.infrastructure.providers.mercado_data_provider | DEBUG | RTD: preco_ativo AXIA3=50.19 forçado com sucesso
src.infrastructure.providers.mercado_data_provider | DEBUG | RTD: Detalhes completos registrados para BBAS3|BBAST255 (Liquidez detectada)
src.infrastructure.providers.mercado_data_provider | DEBUG | RTD: preco_ativo BBAS3=20.66 forçado com sucesso
src.infrastructure.providers.mercado_data_provider | DEBUG | RTD: Detalhes completos registrados para CYRE3|CYREX160 (Liquidez detectada)
src.infrastructure.providers.mercado_data_provider | DEBUG | RTD: preco_ativo CYRE3=21.00 forçado com sucesso
src.infrastructure.providers.mercado_data_provider | DEBUG | RTD: Detalhes completos registrados para QUAL3|QUALU168 (Liquidez detectada)
src.infrastructure.providers.mercado_data_provider | DEBUG | RTD: preco_ativo QUAL3=1.49 forçado com sucesso
src.infrastructure.providers.mercado_data_provider | DEBUG | RTD: Detalhes completos registrados para AZZA3|AZZAU150 (Liquidez detectada)
src.infrastructure.providers.mercado_data_provider | DEBUG | RTD: preco_ativo AZZA3=17.82 forçado com sucesso
src.infrastructure.providers.mercado_data_provider | DEBUG | RTD: Detalhes completos registrados para ENGI11|ENGIT461 (Liquidez detectada)
src.infrastructure.providers.mercado_data_provider | DEBUG | RTD: preco_ativo ENGI11=48.76 forçado com sucesso
src.infrastructure.providers.mercado_data_provider | DEBUG | RTD: Detalhes completos registrados para AXIA3|AXIAT55 (Liquidez detectada)
src.infrastructure.providers.mercado_data_provider | DEBUG | RTD: preco_ativo AXIA3=50.19 forçado com sucesso
src.infrastructure.providers.mercado_data_provider | DEBUG | RTD: Detalhes completos registrados para PETR4|PETRU482 (Liquidez detectada)
src.infrastructure.providers.mercado_data_provider | DEBUG | RTD: preco_ativo PETR4=41.55 forçado com sucesso
src.infrastructure.providers.mercado_data_provider | DEBUG | RTD: Detalhes completos registrados para BBSE3|BBSEU421 (Liquidez detectada)
src.infrastructure.providers.mercado_data_provider | DEBUG | RTD: preco_ativo BBSE3=41.15 forçado com sucesso
src.infrastructure.providers.mercado_data_provider | DEBUG | RTD: Detalhes completos registrados para EGIE3|EGIET297 (Liquidez detectada)
src.infrastructure.providers.mercado_data_provider | DEBUG | RTD: preco_ativo EGIE3=30.17 forçado com sucesso
src.infrastructure.providers.mercado_data_provider | DEBUG | RTD: Detalhes completos registrados para AZZA3|AZZAT192 (Liquidez detectada)
src.infrastructure.providers.mercado_data_provider | DEBUG | RTD: preco_ativo AZZA3=17.82 forçado com sucesso
src.infrastructure.providers.mercado_data_provider | DEBUG | RTD: Detalhes completos registrados para GGBR4|GGBRS191W5 (Liquidez detectada)
src.infrastructure.providers.mercado_data_provider | DEBUG | RTD: preco_ativo GGBR4=23.61 forçado com sucesso
src.infrastructure.providers.mercado_data_provider | DEBUG | RTD: Detalhes completos registrados para TUPY3|TUPYU135 (Liquidez detectada)
src.infrastructure.providers.mercado_data_provider | DEBUG | RTD: preco_ativo TUPY3=15.33 forçado com sucesso
src.infrastructure.providers.mercado_data_provider | DEBUG | RTD: Detalhes completos registrados para PRIO3|PRIOU372 (Liquidez detectada)
src.infrastructure.providers.mercado_data_provider | DEBUG | RTD: preco_ativo PRIO3=58.56 forçado com sucesso
src.infrastructure.providers.mercado_data_provider | DEBUG | RTD: Detalhes completos registrados para EMBJ3|EMBJW889 (Liquidez detectada)
src.infrastructure.providers.mercado_data_provider | DEBUG | RTD: preco_ativo EMBJ3=83.29 forçado com sucesso
src.infrastructure.providers.mercado_data_provider | DEBUG | RTD: Detalhes completos registrados para BRSR6|BRSRU124 (Liquidez detectada)
src.infrastructure.providers.mercado_data_provider | DEBUG | RTD: preco_ativo BRSR6=14.16 forçado com sucesso
src.infrastructure.providers.mercado_data_provider | DEBUG | RTD: Detalhes completos registrados para BPAC11|BPACU561 (Liquidez detectada)
src.infrastructure.providers.mercado_data_provider | DEBUG | RTD: preco_ativo BPAC11=55.53 forçado com sucesso
src.infrastructure.providers.mercado_data_provider | DEBUG | RTD: Detalhes completos registrados para VALE3|VALET289 (Liquidez detectada)
src.infrastructure.providers.mercado_data_provider | DEBUG | RTD: preco_ativo VALE3=72.22 forçado com sucesso
src.infrastructure.providers.mercado_data_provider | DEBUG | RTD: Detalhes completos registrados para PRIO3|PRIOT327 (Liquidez detectada)
src.infrastructure.providers.mercado_data_provider | DEBUG | RTD: preco_ativo PRIO3=58.56 forçado com sucesso
src.infrastructure.providers.mercado_data_provider | DEBUG | RTD: Detalhes completos registrados para EQTL3|EQTLU267 (Liquidez detectada)
src.infrastructure.providers.mercado_data_provider | DEBUG | RTD: preco_ativo EQTL3=38.59 forçado com sucesso
src.infrastructure.providers.mercado_data_provider | DEBUG | RTD: Detalhes completos registrados para SBSP3|SBSPT273W1 (Liquidez detectada)
src.infrastructure.providers.mercado_data_provider | DEBUG | RTD: preco_ativo SBSP3=28.60 forçado com sucesso
src.infrastructure.providers.mercado_data_provider | DEBUG | RTD: Detalhes completos registrados para YDUQ3|YDUQU626 (Liquidez detectada)
src.infrastructure.providers.mercado_data_provider | DEBUG | RTD: preco_ativo YDUQ3=7.91 forçado com sucesso
src.infrastructure.providers.mercado_data_provider | DEBUG | RTD: Detalhes completos registrados para HAPV3|HAPVT780 (Liquidez detectada)
src.infrastructure.providers.mercado_data_provider | DEBUG | RTD: preco_ativo HAPV3=11.19 forçado com sucesso
src.infrastructure.providers.mercado_data_provider | DEBUG | RTD: Detalhes completos registrados para VALE3|VALEU356 (Liquidez detectada)
src.infrastructure.providers.mercado_data_provider | DEBUG | RTD: preco_ativo VALE3=72.22 forçado com sucesso
src.infrastructure.providers.mercado_data_provider | DEBUG | RTD: Detalhes completos registrados para MOTV3|MOTVT149 (Liquidez detectada)
src.infrastructure.providers.mercado_data_provider | DEBUG | RTD: preco_ativo MOTV3=14.32 forçado com sucesso
src.ui.desktop.monitor_worker | INFO | Manutenção: novos books + prioridades em 0.51s
src.ui.desktop.monitor_worker | INFO | Ciclo: monitor=3.521s colar=0.000s cal=0.000s box=0.000s manut=0.512s mpp=0.000s total=4.033s
src.infrastructure.providers.mercado_data_provider | DEBUG | Varredura: _chaves_com_book=8305 _chaves_detalhes=8305
src.infrastructure.providers.mercado_data_provider | DEBUG | Varredura: sem_preco=0 sem_dados_rtd=55 chaves_com_book=8305
src.infrastructure.providers.mercado_data_provider | INFO | Varredura(F): monitor=38476 book=8250 | reg=0.000 ref=0.005 var=0.745 total=0.750 | inst_map=0.000 | onda2=1526(0.126) onda1=0(0.000) cab_skip=6779 status=0.345
src.application.use_cases.monitor_oportunidades | INFO | PipelineTracker BOX/SBTH: 8250 -> 8250 (viaveis=0)
src.ui.desktop.monitor_worker | INFO | Ciclo: monitor=8.685s colar=0.000s cal=0.000s box=0.000s manut=0.000s mpp=0.000s total=8.685s
src.infrastructure.providers.mercado_data_provider | DEBUG | Varredura: _chaves_com_book=8305 _chaves_detalhes=8305
src.infrastructure.providers.mercado_data_provider | DEBUG | Varredura: sem_preco=0 sem_dados_rtd=29 chaves_com_book=8305
src.infrastructure.providers.mercado_data_provider | INFO | Varredura(F): monitor=38476 book=8276 | reg=0.000 ref=0.028 var=0.554 total=0.582 | inst_map=0.012 | onda2=1510(0.110) onda1=0(0.000) cab_skip=6795 status=0.288
src.application.use_cases.monitor_oportunidades | INFO | PipelineTracker BOX/SBTH: 8276 -> 8276 (viaveis=0)
src.application.use_cases.monitor_colares_calendario | INFO | PipelineTracker (COLLAR_CALENDARIO): 8276 -> 104
urllib3.connectionpool | DEBUG | Starting new HTTPS connection (1): opcoes.net.br:443
urllib3.connectionpool | DEBUG | https://opcoes.net.br:443 "GET /api/v1?z=178465444&r0t=QuotesHistoryByAsset&r0p.assets_ids=BBAS3&r0p.timeframe=Day HTTP/1.1" 200 None
urllib3.connectionpool | DEBUG | Starting new HTTPS connection (1): opcoes.net.br:443
urllib3.connectionpool | DEBUG | https://opcoes.net.br:443 "GET /api/v1?z=178465444&r0t=QuotesHistoryByAsset&r0p.assets_ids=CMIG4&r0p.timeframe=Day HTTP/1.1" 200 None
src.infrastructure.providers.mercado_data_provider | DEBUG | RTD: Detalhes completos registrados para WEGE3|WEGET505 (Liquidez detectada)
src.infrastructure.providers.mercado_data_provider | DEBUG | RTD: preco_ativo WEGE3=42.62 forçado com sucesso
src.infrastructure.providers.mercado_data_provider | DEBUG | RTD: Detalhes completos registrados para VALE3|VALET779 (Liquidez detectada)
src.infrastructure.providers.mercado_data_provider | DEBUG | RTD: preco_ativo VALE3=72.21 forçado com sucesso
src.infrastructure.providers.mercado_data_provider | DEBUG | RTD: Detalhes completos registrados para VALE3|VALET744W4 (Liquidez detectada)
src.infrastructure.providers.mercado_data_provider | DEBUG | RTD: preco_ativo VALE3=72.21 forçado com sucesso
src.infrastructure.providers.mercado_data_provider | DEBUG | RTD: Detalhes completos registrados para VALE3|VALET814 (Liquidez detectada)
src.infrastructure.providers.mercado_data_provider | DEBUG | RTD: preco_ativo VALE3=72.21 forçado com sucesso
src.infrastructure.providers.mercado_data_provider | DEBUG | RTD: Detalhes completos registrados para VALE3|VALET894 (Liquidez detectada)
src.infrastructure.providers.mercado_data_provider | DEBUG | RTD: preco_ativo VALE3=72.21 forçado com sucesso
src.infrastructure.providers.mercado_data_provider | DEBUG | RTD: Detalhes completos registrados para UGPA3|UGPAT322 (Liquidez detectada)
src.infrastructure.providers.mercado_data_provider | DEBUG | RTD: preco_ativo UGPA3=31.63 forçado com sucesso
src.infrastructure.providers.mercado_data_provider | DEBUG | RTD: Detalhes completos registrados para VALE3|VALET569 (Liquidez detectada)
src.infrastructure.providers.mercado_data_provider | DEBUG | RTD: preco_ativo VALE3=72.21 forçado com sucesso
src.infrastructure.providers.mercado_data_provider | DEBUG | RTD: Detalhes completos registrados para VULC3|VULCT17 (Liquidez detectada)
src.infrastructure.providers.mercado_data_provider | DEBUG | RTD: preco_ativo VULC3=14.04 forçado com sucesso
src.infrastructure.providers.mercado_data_provider | DEBUG | RTD: Detalhes completos registrados para SANB11|SANBT267 (Liquidez detectada)
src.infrastructure.providers.mercado_data_provider | DEBUG | RTD: preco_ativo SANB11=27.24 forçado com sucesso
src.infrastructure.providers.mercado_data_provider | DEBUG | RTD: Detalhes completos registrados para VIVA3|VIVAT195 (Liquidez detectada)
src.infrastructure.providers.mercado_data_provider | DEBUG | RTD: preco_ativo VIVA3=21.38 forçado com sucesso
src.infrastructure.providers.mercado_data_provider | DEBUG | RTD: Detalhes completos registrados para PETR4|PETRU32 (Liquidez detectada)
src.infrastructure.providers.mercado_data_provider | DEBUG | RTD: preco_ativo PETR4=41.55 forçado com sucesso
src.infrastructure.providers.mercado_data_provider | DEBUG | RTD: Detalhes completos registrados para SBFG3|SBFGU112 (Liquidez detectada)
src.infrastructure.providers.mercado_data_provider | DEBUG | RTD: preco_ativo SBFG3=9.41 forçado com sucesso
src.infrastructure.providers.mercado_data_provider | DEBUG | RTD: Detalhes completos registrados para PETR4|PETRW366 (Liquidez detectada)
src.infrastructure.providers.mercado_data_provider | DEBUG | RTD: preco_ativo PETR4=41.55 forçado com sucesso
src.infrastructure.providers.mercado_data_provider | DEBUG | RTD: Detalhes completos registrados para VALE3|VALET691W1 (Liquidez detectada)
src.infrastructure.providers.mercado_data_provider | DEBUG | RTD: preco_ativo VALE3=72.21 forçado com sucesso
src.infrastructure.providers.mercado_data_provider | DEBUG | RTD: Detalhes completos registrados para SLCE3|SLCEU102 (Liquidez detectada)
src.infrastructure.providers.mercado_data_provider | DEBUG | RTD: preco_ativo SLCE3=13.63 forçado com sucesso
src.infrastructure.providers.mercado_data_provider | DEBUG | RTD: Detalhes completos registrados para VALE3|VALET264 (Liquidez detectada)
src.infrastructure.providers.mercado_data_provider | DEBUG | RTD: preco_ativo VALE3=72.21 forçado com sucesso
src.infrastructure.providers.mercado_data_provider | DEBUG | RTD: Detalhes completos registrados para VAMO3|VAMOT346 (Liquidez detectada)
src.infrastructure.providers.mercado_data_provider | DEBUG | RTD: preco_ativo VAMO3=3.10 forçado com sucesso
src.infrastructure.providers.mercado_data_provider | DEBUG | RTD: Detalhes completos registrados para PETR4|PETRT552 (Liquidez detectada)
src.infrastructure.providers.mercado_data_provider | DEBUG | RTD: preco_ativo PETR4=41.55 forçado com sucesso
src.infrastructure.providers.mercado_data_provider | DEBUG | RTD: Detalhes completos registrados para UGPA3|UGPAT242 (Liquidez detectada)
src.infrastructure.providers.mercado_data_provider | DEBUG | RTD: preco_ativo UGPA3=31.63 forçado com sucesso
src.infrastructure.providers.mercado_data_provider | DEBUG | RTD: Detalhes completos registrados para UNIP6|UNIPM48 (Liquidez detectada)
src.infrastructure.providers.mercado_data_provider | DEBUG | RTD: preco_ativo UNIP6=60.97 forçado com sucesso
src.infrastructure.providers.mercado_data_provider | DEBUG | RTD: Detalhes completos registrados para USIM5|USIMS944W5 (Liquidez detectada)
src.infrastructure.providers.mercado_data_provider | DEBUG | RTD: preco_ativo USIM5=8.38 forçado com sucesso
src.infrastructure.providers.mercado_data_provider | DEBUG | RTD: Detalhes completos registrados para VALE3|VALEU966 (Liquidez detectada)
src.infrastructure.providers.mercado_data_provider | DEBUG | RTD: preco_ativo VALE3=72.21 forçado com sucesso
src.infrastructure.providers.mercado_data_provider | DEBUG | RTD: Detalhes completos registrados para QUAL3|QUALU178 (Liquidez detectada)
src.infrastructure.providers.mercado_data_provider | DEBUG | RTD: preco_ativo QUAL3=1.49 forçado com sucesso
src.infrastructure.providers.mercado_data_provider | DEBUG | RTD: Detalhes completos registrados para WEGE3|WEGET455 (Liquidez detectada)
src.infrastructure.providers.mercado_data_provider | DEBUG | RTD: preco_ativo WEGE3=42.62 forçado com sucesso
src.infrastructure.providers.mercado_data_provider | DEBUG | RTD: Detalhes completos registrados para SUZB3|SUZBU323 (Liquidez detectada)
src.infrastructure.providers.mercado_data_provider | DEBUG | RTD: preco_ativo SUZB3=41.47 forçado com sucesso
src.infrastructure.providers.mercado_data_provider | DEBUG | RTD: Detalhes completos registrados para VALE3|VALET731W2 (Liquidez detectada)
src.infrastructure.providers.mercado_data_provider | DEBUG | RTD: preco_ativo VALE3=72.21 forçado com sucesso
src.infrastructure.providers.mercado_data_provider | DEBUG | RTD: Detalhes completos registrados para WEGE3|WEGEM305 (Liquidez detectada)
src.infrastructure.providers.mercado_data_provider | DEBUG | RTD: preco_ativo WEGE3=42.62 forçado com sucesso
src.infrastructure.providers.mercado_data_provider | DEBUG | RTD: Detalhes completos registrados para SUZB3|SUZBU403 (Liquidez detectada)
src.infrastructure.providers.mercado_data_provider | DEBUG | RTD: preco_ativo SUZB3=41.47 forçado com sucesso
src.infrastructure.providers.mercado_data_provider | DEBUG | RTD: Detalhes completos registrados para PRIO3|PRIOT565W1 (Liquidez detectada)
src.infrastructure.providers.mercado_data_provider | DEBUG | RTD: preco_ativo PRIO3=58.56 forçado com sucesso
src.infrastructure.providers.mercado_data_provider | DEBUG | RTD: Detalhes completos registrados para USIM5|USIMT780 (Liquidez detectada)
src.infrastructure.providers.mercado_data_provider | DEBUG | RTD: preco_ativo USIM5=8.38 forçado com sucesso
src.infrastructure.providers.mercado_data_provider | DEBUG | RTD: Detalhes completos registrados para PRIO3|PRIOW560 (Liquidez detectada)
src.infrastructure.providers.mercado_data_provider | DEBUG | RTD: preco_ativo PRIO3=58.56 forçado com sucesso
src.infrastructure.providers.mercado_data_provider | DEBUG | RTD: Detalhes completos registrados para VALE3|VALET429 (Liquidez detectada)
src.infrastructure.providers.mercado_data_provider | DEBUG | RTD: preco_ativo VALE3=72.21 forçado com sucesso
src.infrastructure.providers.mercado_data_provider | DEBUG | RTD: Detalhes completos registrados para XPBR31|XPBRU870 (Liquidez detectada)
src.infrastructure.providers.mercado_data_provider | DEBUG | RTD: preco_ativo XPBR31=84.85 forçado com sucesso
src.infrastructure.providers.mercado_data_provider | DEBUG | RTD: Detalhes completos registrados para UNIP6|UNIPU580 (Liquidez detectada)
src.infrastructure.providers.mercado_data_provider | DEBUG | RTD: preco_ativo UNIP6=60.97 forçado com sucesso
src.infrastructure.providers.mercado_data_provider | DEBUG | RTD: Detalhes completos registrados para VBBR3|VBBRU342 (Liquidez detectada)
src.infrastructure.providers.mercado_data_provider | DEBUG | RTD: preco_ativo VBBR3=33.64 forçado com sucesso
src.infrastructure.providers.mercado_data_provider | DEBUG | RTD: Detalhes completos registrados para TOTS3|TOTSU322 (Liquidez detectada)
src.infrastructure.providers.mercado_data_provider | DEBUG | RTD: preco_ativo TOTS3=28.35 forçado com sucesso
src.infrastructure.providers.mercado_data_provider | DEBUG | RTD: Detalhes completos registrados para RADL3|RADLU186 (Liquidez detectada)
src.infrastructure.providers.mercado_data_provider | DEBUG | RTD: preco_ativo RADL3=18.46 forçado com sucesso
src.infrastructure.providers.mercado_data_provider | DEBUG | RTD: Detalhes completos registrados para USIM5|USIMT904W1 (Liquidez detectada)
src.infrastructure.providers.mercado_data_provider | DEBUG | RTD: preco_ativo USIM5=8.38 forçado com sucesso
src.infrastructure.providers.mercado_data_provider | DEBUG | RTD: Detalhes completos registrados para VBBR3|VBBRV276 (Liquidez detectada)
src.infrastructure.providers.mercado_data_provider | DEBUG | RTD: preco_ativo VBBR3=33.64 forçado com sucesso
src.infrastructure.providers.mercado_data_provider | DEBUG | RTD: Detalhes completos registrados para PETR4|PETRT432 (Liquidez detectada)
src.infrastructure.providers.mercado_data_provider | DEBUG | RTD: preco_ativo PETR4=41.55 forçado com sucesso
src.infrastructure.providers.mercado_data_provider | DEBUG | RTD: Detalhes completos registrados para TASA4|TASAT379 (Liquidez detectada)
src.infrastructure.providers.mercado_data_provider | DEBUG | RTD: preco_ativo TASA4=4.74 forçado com sucesso
src.infrastructure.providers.mercado_data_provider | DEBUG | RTD: Detalhes completos registrados para VALE3|VALEX710 (Liquidez detectada)
src.infrastructure.providers.mercado_data_provider | DEBUG | RTD: preco_ativo VALE3=72.21 forçado com sucesso
src.infrastructure.providers.mercado_data_provider | DEBUG | RTD: Detalhes completos registrados para PRIO3|PRIOU305 (Liquidez detectada)
src.infrastructure.providers.mercado_data_provider | DEBUG | RTD: preco_ativo PRIO3=58.56 forçado com sucesso
src.infrastructure.providers.mercado_data_provider | DEBUG | RTD: Detalhes completos registrados para PETR4|PETRV421 (Liquidez detectada)
src.infrastructure.providers.mercado_data_provider | DEBUG | RTD: preco_ativo PETR4=41.55 forçado com sucesso
src.infrastructure.providers.mercado_data_provider | DEBUG | RTD: Detalhes completos registrados para VALE3|VALEU806 (Liquidez detectada)
src.infrastructure.providers.mercado_data_provider | DEBUG | RTD: preco_ativo VALE3=72.21 forçado com sucesso
src.infrastructure.providers.mercado_data_provider | DEBUG | RTD: Detalhes completos registrados para SUZB3|SUZBU431 (Liquidez detectada)
src.infrastructure.providers.mercado_data_provider | DEBUG | RTD: preco_ativo SUZB3=41.47 forçado com sucesso
src.infrastructure.providers.mercado_data_provider | DEBUG | RTD: Detalhes completos registrados para RAPT4|RAPTT395 (Liquidez detectada)
src.infrastructure.providers.mercado_data_provider | DEBUG | RTD: preco_ativo RAPT4=4.63 forçado com sucesso
src.infrastructure.providers.mercado_data_provider | DEBUG | RTD: Detalhes completos registrados para WEGE3|WEGEM389 (Liquidez detectada)
src.infrastructure.providers.mercado_data_provider | DEBUG | RTD: preco_ativo WEGE3=42.62 forçado com sucesso
src.infrastructure.providers.mercado_data_provider | DEBUG | RTD: Detalhes completos registrados para WEGE3|WEGET360 (Liquidez detectada)
src.infrastructure.providers.mercado_data_provider | DEBUG | RTD: preco_ativo WEGE3=42.62 forçado com sucesso
src.infrastructure.providers.mercado_data_provider | DEBUG | RTD: Detalhes completos registrados para VBBR3|VBBRT299 (Liquidez detectada)
src.infrastructure.providers.mercado_data_provider | DEBUG | RTD: preco_ativo VBBR3=33.64 forçado com sucesso
src.infrastructure.providers.mercado_data_provider | DEBUG | RTD: Detalhes completos registrados para VIVA3|VIVAT205 (Liquidez detectada)
src.infrastructure.providers.mercado_data_provider | DEBUG | RTD: preco_ativo VIVA3=21.38 forçado com sucesso
src.infrastructure.providers.mercado_data_provider | DEBUG | RTD: Detalhes completos registrados para XPBR31|XPBRT920 (Liquidez detectada)
src.infrastructure.providers.mercado_data_provider | DEBUG | RTD: preco_ativo XPBR31=84.85 forçado com sucesso
src.infrastructure.providers.mercado_data_provider | DEBUG | RTD: Detalhes completos registrados para RDOR3|RDORT271 (Liquidez detectada)
src.infrastructure.providers.mercado_data_provider | DEBUG | RTD: preco_ativo RDOR3=33.29 forçado com sucesso
src.infrastructure.providers.mercado_data_provider | DEBUG | RTD: Detalhes completos registrados para PSSA3|PSSAV466 (Liquidez detectada)
src.infrastructure.providers.mercado_data_provider | DEBUG | RTD: preco_ativo PSSA3=53.34 forçado com sucesso
src.infrastructure.providers.mercado_data_provider | DEBUG | RTD: Detalhes completos registrados para RDOR3|RDORT339 (Liquidez detectada)
src.infrastructure.providers.mercado_data_provider | DEBUG | RTD: preco_ativo RDOR3=33.29 forçado com sucesso
src.infrastructure.providers.mercado_data_provider | DEBUG | RTD: Detalhes completos registrados para VALE3|VALET394 (Liquidez detectada)
src.infrastructure.providers.mercado_data_provider | DEBUG | RTD: preco_ativo VALE3=72.21 forçado com sucesso
src.infrastructure.providers.mercado_data_provider | DEBUG | RTD: Detalhes completos registrados para UGPA3|UGPAT275 (Liquidez detectada)
src.infrastructure.providers.mercado_data_provider | DEBUG | RTD: preco_ativo UGPA3=31.63 forçado com sucesso
src.infrastructure.providers.mercado_data_provider | DEBUG | RTD: Detalhes completos registrados para SAUD3|SAUDU145 (Liquidez detectada)
src.infrastructure.providers.mercado_data_provider | DEBUG | RTD: preco_ativo SAUD3=14.75 forçado com sucesso
src.infrastructure.providers.mercado_data_provider | DEBUG | RTD: Detalhes completos registrados para VAMO3|VAMOT256 (Liquidez detectada)
src.infrastructure.providers.mercado_data_provider | DEBUG | RTD: preco_ativo VAMO3=3.10 forçado com sucesso
src.infrastructure.providers.mercado_data_provider | DEBUG | RTD: Detalhes completos registrados para USIM5|USIMV780 (Liquidez detectada)
src.infrastructure.providers.mercado_data_provider | DEBUG | RTD: preco_ativo USIM5=8.38 forçado com sucesso
src.infrastructure.providers.mercado_data_provider | DEBUG | RTD: Detalhes completos registrados para TAEE11|TAEEU381 (Liquidez detectada)
src.infrastructure.providers.mercado_data_provider | DEBUG | RTD: preco_ativo TAEE11=41.16 forçado com sucesso
src.infrastructure.providers.mercado_data_provider | DEBUG | RTD: Detalhes completos registrados para WEGE3|WEGET420 (Liquidez detectada)
src.infrastructure.providers.mercado_data_provider | DEBUG | RTD: preco_ativo WEGE3=42.62 forçado com sucesso
src.infrastructure.providers.mercado_data_provider | DEBUG | RTD: Detalhes completos registrados para SMFT3|SMFTU142 (Liquidez detectada)
src.infrastructure.providers.mercado_data_provider | DEBUG | RTD: preco_ativo SMFT3=19.94 forçado com sucesso
src.infrastructure.providers.mercado_data_provider | DEBUG | RTD: Detalhes completos registrados para USIM5|USIMU830 (Liquidez detectada)
src.infrastructure.providers.mercado_data_provider | DEBUG | RTD: preco_ativo USIM5=8.38 forçado com sucesso
src.infrastructure.providers.mercado_data_provider | DEBUG | RTD: Detalhes completos registrados para USIM5|USIMT644W1 (Liquidez detectada)
src.infrastructure.providers.mercado_data_provider | DEBUG | RTD: preco_ativo USIM5=8.38 forçado com sucesso
src.infrastructure.providers.mercado_data_provider | DEBUG | RTD: Detalhes completos registrados para RDOR3|RDORT309 (Liquidez detectada)
src.infrastructure.providers.mercado_data_provider | DEBUG | RTD: preco_ativo RDOR3=33.29 forçado com sucesso
src.infrastructure.providers.mercado_data_provider | DEBUG | RTD: Detalhes completos registrados para RAIL3|RAILT123 (Liquidez detectada)
src.infrastructure.providers.mercado_data_provider | DEBUG | RTD: preco_ativo RAIL3=13.26 forçado com sucesso
src.infrastructure.providers.mercado_data_provider | DEBUG | RTD: Detalhes completos registrados para WEGE3|WEGEU491 (Liquidez detectada)
src.infrastructure.providers.mercado_data_provider | DEBUG | RTD: preco_ativo WEGE3=42.62 forçado com sucesso
src.infrastructure.providers.mercado_data_provider | DEBUG | RTD: Detalhes completos registrados para VIVT3|VIVTT353 (Liquidez detectada)
src.infrastructure.providers.mercado_data_provider | DEBUG | RTD: preco_ativo VIVT3=35.52 forçado com sucesso
src.infrastructure.providers.mercado_data_provider | DEBUG | RTD: Detalhes completos registrados para PETR4|PETRT342 (Liquidez detectada)
src.infrastructure.providers.mercado_data_provider | DEBUG | RTD: preco_ativo PETR4=41.55 forçado com sucesso
src.infrastructure.providers.mercado_data_provider | DEBUG | RTD: Detalhes completos registrados para VIVA3|VIVAT266 (Liquidez detectada)
src.infrastructure.providers.mercado_data_provider | DEBUG | RTD: preco_ativo VIVA3=21.38 forçado com sucesso
src.infrastructure.providers.mercado_data_provider | DEBUG | RTD: Detalhes completos registrados para VALE3|VALET538 (Liquidez detectada)
src.infrastructure.providers.mercado_data_provider | DEBUG | RTD: preco_ativo VALE3=72.21 forçado com sucesso
src.infrastructure.providers.mercado_data_provider | DEBUG | RTD: Detalhes completos registrados para VIVA3|VIVAT23 (Liquidez detectada)
src.infrastructure.providers.mercado_data_provider | DEBUG | RTD: preco_ativo VIVA3=21.38 forçado com sucesso
src.infrastructure.providers.mercado_data_provider | DEBUG | RTD: Detalhes completos registrados para SUZB3|SUZBT411W1 (Liquidez detectada)
src.infrastructure.providers.mercado_data_provider | DEBUG | RTD: preco_ativo SUZB3=41.47 forçado com sucesso
src.infrastructure.providers.mercado_data_provider | DEBUG | RTD: Detalhes completos registrados para VALE3|VALET384 (Liquidez detectada)
src.infrastructure.providers.mercado_data_provider | DEBUG | RTD: preco_ativo VALE3=72.21 forçado com sucesso
src.infrastructure.providers.mercado_data_provider | DEBUG | RTD: Detalhes completos registrados para VALE3|VALET700 (Liquidez detectada)
src.infrastructure.providers.mercado_data_provider | DEBUG | RTD: preco_ativo VALE3=72.21 forçado com sucesso
src.infrastructure.providers.mercado_data_provider | DEBUG | RTD: Detalhes completos registrados para VAMO3|VAMOU240 (Liquidez detectada)
src.infrastructure.providers.mercado_data_provider | DEBUG | RTD: preco_ativo VAMO3=3.10 forçado com sucesso
src.infrastructure.providers.mercado_data_provider | DEBUG | RTD: Detalhes completos registrados para YDUQ3|YDUQU956 (Liquidez detectada)
src.infrastructure.providers.mercado_data_provider | DEBUG | RTD: preco_ativo YDUQ3=7.91 forçado com sucesso
src.infrastructure.providers.mercado_data_provider | DEBUG | RTD: Detalhes completos registrados para WIZC3|WIZCT832 (Liquidez detectada)
src.infrastructure.providers.mercado_data_provider | DEBUG | RTD: preco_ativo WIZC3=8.26 forçado com sucesso
src.infrastructure.providers.mercado_data_provider | DEBUG | RTD: Detalhes completos registrados para WEGE3|WEGEU46 (Liquidez detectada)
src.infrastructure.providers.mercado_data_provider | DEBUG | RTD: preco_ativo WEGE3=42.62 forçado com sucesso
src.infrastructure.providers.mercado_data_provider | DEBUG | RTD: Detalhes completos registrados para SMFT3|SMFTT201 (Liquidez detectada)
src.infrastructure.providers.mercado_data_provider | DEBUG | RTD: preco_ativo SMFT3=19.94 forçado com sucesso
src.infrastructure.providers.mercado_data_provider | DEBUG | RTD: Detalhes completos registrados para XPBR31|XPBRU890 (Liquidez detectada)
src.infrastructure.providers.mercado_data_provider | DEBUG | RTD: preco_ativo XPBR31=84.85 forçado com sucesso
src.infrastructure.providers.mercado_data_provider | DEBUG | RTD: Detalhes completos registrados para TAEE11|TAEET432 (Liquidez detectada)
src.infrastructure.providers.mercado_data_provider | DEBUG | RTD: preco_ativo TAEE11=41.16 forçado com sucesso
src.infrastructure.providers.mercado_data_provider | DEBUG | RTD: Detalhes completos registrados para TEND3|TENDU365 (Liquidez detectada)
src.infrastructure.providers.mercado_data_provider | DEBUG | RTD: preco_ativo TEND3=29.69 forçado com sucesso
src.infrastructure.providers.mercado_data_provider | DEBUG | RTD: Detalhes completos registrados para SUZB3|SUZBU306 (Liquidez detectada)
src.infrastructure.providers.mercado_data_provider | DEBUG | RTD: preco_ativo SUZB3=41.47 forçado com sucesso
src.infrastructure.providers.mercado_data_provider | DEBUG | RTD: Detalhes completos registrados para TRIS3|TRISU385 (Liquidez detectada)
src.infrastructure.providers.mercado_data_provider | DEBUG | RTD: preco_ativo TRIS3=4.02 forçado com sucesso
src.infrastructure.providers.mercado_data_provider | DEBUG | RTD: Detalhes completos registrados para VALE3|VALET449 (Liquidez detectada)
src.infrastructure.providers.mercado_data_provider | DEBUG | RTD: preco_ativo VALE3=72.21 forçado com sucesso
src.infrastructure.providers.mercado_data_provider | DEBUG | RTD: Detalhes completos registrados para VALE3|VALET749W4 (Liquidez detectada)
src.infrastructure.providers.mercado_data_provider | DEBUG | RTD: preco_ativo VALE3=72.21 forçado com sucesso
src.infrastructure.providers.mercado_data_provider | DEBUG | RTD: Detalhes completos registrados para VALE3|VALEX633 (Liquidez detectada)
src.infrastructure.providers.mercado_data_provider | DEBUG | RTD: preco_ativo VALE3=72.21 forçado com sucesso
src.infrastructure.providers.mercado_data_provider | DEBUG | RTD: Detalhes completos registrados para RDOR3|RDORT311 (Liquidez detectada)
src.infrastructure.providers.mercado_data_provider | DEBUG | RTD: preco_ativo RDOR3=33.29 forçado com sucesso
src.infrastructure.providers.mercado_data_provider | DEBUG | RTD: Detalhes completos registrados para SBSP3|SBSPU295 (Liquidez detectada)
src.infrastructure.providers.mercado_data_provider | DEBUG | RTD: preco_ativo SBSP3=28.60 forçado com sucesso
src.infrastructure.providers.mercado_data_provider | DEBUG | RTD: Detalhes completos registrados para PRIO3|PRIOS570W5 (Liquidez detectada)
src.infrastructure.providers.mercado_data_provider | DEBUG | RTD: preco_ativo PRIO3=58.56 forçado com sucesso
src.infrastructure.providers.mercado_data_provider | DEBUG | RTD: Detalhes completos registrados para RADL3|RADLT167 (Liquidez detectada)
src.infrastructure.providers.mercado_data_provider | DEBUG | RTD: preco_ativo RADL3=18.46 forçado com sucesso
src.infrastructure.providers.mercado_data_provider | DEBUG | RTD: Detalhes completos registrados para QUAL3|QUALU133 (Liquidez detectada)
src.infrastructure.providers.mercado_data_provider | DEBUG | RTD: preco_ativo QUAL3=1.49 forçado com sucesso
src.infrastructure.providers.mercado_data_provider | DEBUG | RTD: Detalhes completos registrados para SBSP3|SBSPU105 (Liquidez detectada)
src.infrastructure.providers.mercado_data_provider | DEBUG | RTD: preco_ativo SBSP3=28.60 forçado com sucesso
src.infrastructure.providers.mercado_data_provider | DEBUG | RTD: Detalhes completos registrados para VALE3|VALEU821 (Liquidez detectada)
src.infrastructure.providers.mercado_data_provider | DEBUG | RTD: preco_ativo VALE3=72.21 forçado com sucesso
src.infrastructure.providers.mercado_data_provider | DEBUG | RTD: Detalhes completos registrados para YDUQ3|YDUQT696 (Liquidez detectada)
src.infrastructure.providers.mercado_data_provider | DEBUG | RTD: preco_ativo YDUQ3=7.91 forçado com sucesso
src.infrastructure.providers.mercado_data_provider | DEBUG | RTD: Detalhes completos registrados para VALE3|VALEV724 (Liquidez detectada)
src.infrastructure.providers.mercado_data_provider | DEBUG | RTD: preco_ativo VALE3=72.21 forçado com sucesso
src.infrastructure.providers.mercado_data_provider | DEBUG | RTD: Detalhes completos registrados para PRIO3|PRIOU322 (Liquidez detectada)
src.infrastructure.providers.mercado_data_provider | DEBUG | RTD: preco_ativo PRIO3=58.56 forçado com sucesso
src.infrastructure.providers.mercado_data_provider | DEBUG | RTD: Detalhes completos registrados para PRIO3|PRIOU462 (Liquidez detectada)
src.infrastructure.providers.mercado_data_provider | DEBUG | RTD: preco_ativo PRIO3=58.56 forçado com sucesso
src.infrastructure.providers.mercado_data_provider | DEBUG | RTD: Detalhes completos registrados para VALE3|VALET771W1 (Liquidez detectada)
src.infrastructure.providers.mercado_data_provider | DEBUG | RTD: preco_ativo VALE3=72.21 forçado com sucesso
src.infrastructure.providers.mercado_data_provider | DEBUG | RTD: Detalhes completos registrados para WEGE3|WEGEU293 (Liquidez detectada)
src.infrastructure.providers.mercado_data_provider | DEBUG | RTD: preco_ativo WEGE3=42.62 forçado com sucesso
src.infrastructure.providers.mercado_data_provider | DEBUG | RTD: Detalhes completos registrados para VIVT3|VIVTT376 (Liquidez detectada)
src.infrastructure.providers.mercado_data_provider | DEBUG | RTD: preco_ativo VIVT3=35.52 forçado com sucesso
src.infrastructure.providers.mercado_data_provider | DEBUG | RTD: Detalhes completos registrados para TEND3|TENDT247 (Liquidez detectada)
src.infrastructure.providers.mercado_data_provider | DEBUG | RTD: preco_ativo TEND3=29.69 forçado com sucesso
src.infrastructure.providers.mercado_data_provider | DEBUG | RTD: Detalhes completos registrados para RADL3|RADLT175 (Liquidez detectada)
src.infrastructure.providers.mercado_data_provider | DEBUG | RTD: preco_ativo RADL3=18.46 forçado com sucesso
src.infrastructure.providers.mercado_data_provider | DEBUG | RTD: Detalhes completos registrados para TOTS3|TOTSU299 (Liquidez detectada)
src.infrastructure.providers.mercado_data_provider | DEBUG | RTD: preco_ativo TOTS3=28.35 forçado com sucesso
src.infrastructure.providers.mercado_data_provider | DEBUG | RTD: Detalhes completos registrados para VALE3|VALET899 (Liquidez detectada)
src.infrastructure.providers.mercado_data_provider | DEBUG | RTD: preco_ativo VALE3=72.21 forçado com sucesso
src.infrastructure.providers.mercado_data_provider | DEBUG | RTD: Detalhes completos registrados para SUZB3|SUZBS393W5 (Liquidez detectada)
src.infrastructure.providers.mercado_data_provider | DEBUG | RTD: preco_ativo SUZB3=41.47 forçado com sucesso
src.infrastructure.providers.mercado_data_provider | DEBUG | RTD: Detalhes completos registrados para VALE3|VALET482 (Liquidez detectada)
src.infrastructure.providers.mercado_data_provider | DEBUG | RTD: preco_ativo VALE3=72.21 forçado com sucesso
src.infrastructure.providers.mercado_data_provider | DEBUG | RTD: Detalhes completos registrados para PRIO3|PRIOU50 (Liquidez detectada)
src.infrastructure.providers.mercado_data_provider | DEBUG | RTD: preco_ativo PRIO3=58.56 forçado com sucesso
src.infrastructure.providers.mercado_data_provider | DEBUG | RTD: Detalhes completos registrados para VALE3|VALET314 (Liquidez detectada)
src.infrastructure.providers.mercado_data_provider | DEBUG | RTD: preco_ativo VALE3=72.21 forçado com sucesso
src.infrastructure.providers.mercado_data_provider | DEBUG | RTD: Detalhes completos registrados para UGPA3|UGPAT300 (Liquidez detectada)
src.infrastructure.providers.mercado_data_provider | DEBUG | RTD: preco_ativo UGPA3=31.63 forçado com sucesso
src.infrastructure.providers.mercado_data_provider | DEBUG | RTD: Detalhes completos registrados para PETR4|PETRX299 (Liquidez detectada)
src.infrastructure.providers.mercado_data_provider | DEBUG | RTD: preco_ativo PETR4=41.55 forçado com sucesso
src.infrastructure.providers.mercado_data_provider | DEBUG | RTD: Detalhes completos registrados para VBBR3|VBBRT369 (Liquidez detectada)
src.infrastructure.providers.mercado_data_provider | DEBUG | RTD: preco_ativo VBBR3=33.64 forçado com sucesso
src.infrastructure.providers.mercado_data_provider | DEBUG | RTD: Detalhes completos registrados para VBBR3|VBBRT374 (Liquidez detectada)
src.infrastructure.providers.mercado_data_provider | DEBUG | RTD: preco_ativo VBBR3=33.64 forçado com sucesso
src.infrastructure.providers.mercado_data_provider | DEBUG | RTD: Detalhes completos registrados para VALE3|VALES710W5 (Liquidez detectada)
src.infrastructure.providers.mercado_data_provider | DEBUG | RTD: preco_ativo VALE3=72.21 forçado com sucesso
src.infrastructure.providers.mercado_data_provider | DEBUG | RTD: Detalhes completos registrados para YDUQ3|YDUQW90 (Liquidez detectada)
src.infrastructure.providers.mercado_data_provider | DEBUG | RTD: preco_ativo YDUQ3=7.91 forçado com sucesso
src.infrastructure.providers.mercado_data_provider | DEBUG | RTD: Detalhes completos registrados para PETR4|PETRV173 (Liquidez detectada)
src.infrastructure.providers.mercado_data_provider | DEBUG | RTD: preco_ativo PETR4=41.55 forçado com sucesso
src.infrastructure.providers.mercado_data_provider | DEBUG | RTD: Detalhes completos registrados para VALE3|VALEU496 (Liquidez detectada)
src.infrastructure.providers.mercado_data_provider | DEBUG | RTD: preco_ativo VALE3=72.21 forçado com sucesso
src.infrastructure.providers.mercado_data_provider | DEBUG | RTD: Detalhes completos registrados para VALE3|VALET731W1 (Liquidez detectada)
src.infrastructure.providers.mercado_data_provider | DEBUG | RTD: preco_ativo VALE3=72.21 forçado com sucesso
src.infrastructure.providers.mercado_data_provider | DEBUG | RTD: Detalhes completos registrados para VBBR3|VBBRU344 (Liquidez detectada)
src.infrastructure.providers.mercado_data_provider | DEBUG | RTD: preco_ativo VBBR3=33.64 forçado com sucesso
src.infrastructure.providers.mercado_data_provider | DEBUG | RTD: Detalhes completos registrados para VULC3|VULCT132 (Liquidez detectada)
src.infrastructure.providers.mercado_data_provider | DEBUG | RTD: preco_ativo VULC3=14.04 forçado com sucesso
src.infrastructure.providers.mercado_data_provider | DEBUG | RTD: Detalhes completos registrados para RDOR3|RDORU334 (Liquidez detectada)
src.infrastructure.providers.mercado_data_provider | DEBUG | RTD: preco_ativo RDOR3=33.29 forçado com sucesso
src.infrastructure.providers.mercado_data_provider | DEBUG | RTD: Detalhes completos registrados para WEGE3|WEGEU307 (Liquidez detectada)
src.infrastructure.providers.mercado_data_provider | DEBUG | RTD: preco_ativo WEGE3=42.62 forçado com sucesso
src.infrastructure.providers.mercado_data_provider | DEBUG | RTD: Detalhes completos registrados para SBSP3|SBSPU290 (Liquidez detectada)
src.infrastructure.providers.mercado_data_provider | DEBUG | RTD: preco_ativo SBSP3=28.60 forçado com sucesso
src.infrastructure.providers.mercado_data_provider | DEBUG | RTD: Detalhes completos registrados para VALE3|VALEU851 (Liquidez detectada)
src.infrastructure.providers.mercado_data_provider | DEBUG | RTD: preco_ativo VALE3=72.21 forçado com sucesso
src.infrastructure.providers.mercado_data_provider | DEBUG | RTD: Detalhes completos registrados para TEND3|TENDT290 (Liquidez detectada)
src.infrastructure.providers.mercado_data_provider | DEBUG | RTD: preco_ativo TEND3=29.69 forçado com sucesso
src.infrastructure.providers.mercado_data_provider | DEBUG | RTD: Detalhes completos registrados para WEGE3|WEGET414W1 (Liquidez detectada)
src.infrastructure.providers.mercado_data_provider | DEBUG | RTD: preco_ativo WEGE3=42.62 forçado com sucesso
src.infrastructure.providers.mercado_data_provider | DEBUG | RTD: Detalhes completos registrados para VALE3|VALES680W5 (Liquidez detectada)
src.infrastructure.providers.mercado_data_provider | DEBUG | RTD: preco_ativo VALE3=72.21 forçado com sucesso
src.infrastructure.providers.mercado_data_provider | DEBUG | RTD: Detalhes completos registrados para WIZC3|WIZCT802 (Liquidez detectada)
src.infrastructure.providers.mercado_data_provider | DEBUG | RTD: preco_ativo WIZC3=8.26 forçado com sucesso
src.infrastructure.providers.mercado_data_provider | DEBUG | RTD: Detalhes completos registrados para VALE3|VALEU241 (Liquidez detectada)
src.infrastructure.providers.mercado_data_provider | DEBUG | RTD: preco_ativo VALE3=72.21 forçado com sucesso
src.infrastructure.providers.mercado_data_provider | DEBUG | RTD: Detalhes completos registrados para SUZB3|SUZBS383W5 (Liquidez detectada)
src.infrastructure.providers.mercado_data_provider | DEBUG | RTD: preco_ativo SUZB3=41.47 forçado com sucesso
src.infrastructure.providers.mercado_data_provider | DEBUG | RTD: Detalhes completos registrados para PRIO3|PRIOU337 (Liquidez detectada)
src.infrastructure.providers.mercado_data_provider | DEBUG | RTD: preco_ativo PRIO3=58.56 forçado com sucesso
src.infrastructure.providers.mercado_data_provider | DEBUG | RTD: Detalhes completos registrados para WEGE3|WEGES472W5 (Liquidez detectada)
src.infrastructure.providers.mercado_data_provider | DEBUG | RTD: preco_ativo WEGE3=42.62 forçado com sucesso
src.infrastructure.providers.mercado_data_provider | DEBUG | RTD: Detalhes completos registrados para VIVT3|VIVTT366 (Liquidez detectada)
src.infrastructure.providers.mercado_data_provider | DEBUG | RTD: preco_ativo VIVT3=35.52 forçado com sucesso
src.infrastructure.providers.mercado_data_provider | DEBUG | RTD: Detalhes completos registrados para QUAL3|QUALU183 (Liquidez detectada)
src.infrastructure.providers.mercado_data_provider | DEBUG | RTD: preco_ativo QUAL3=1.49 forçado com sucesso
src.infrastructure.providers.mercado_data_provider | DEBUG | RTD: Detalhes completos registrados para SUZB3|SUZBT358 (Liquidez detectada)
src.infrastructure.providers.mercado_data_provider | DEBUG | RTD: preco_ativo SUZB3=41.47 forçado com sucesso
src.infrastructure.providers.mercado_data_provider | DEBUG | RTD: Detalhes completos registrados para SUZB3|SUZBU478 (Liquidez detectada)
src.infrastructure.providers.mercado_data_provider | DEBUG | RTD: preco_ativo SUZB3=41.47 forçado com sucesso
src.infrastructure.providers.mercado_data_provider | DEBUG | RTD: Detalhes completos registrados para SMAL11|SMALU110 (Liquidez detectada)
src.infrastructure.providers.mercado_data_provider | DEBUG | RTD: preco_ativo SMAL11=105.56 forçado com sucesso
src.infrastructure.providers.mercado_data_provider | DEBUG | RTD: Detalhes completos registrados para SUZB3|SUZBT448 (Liquidez detectada)
src.infrastructure.providers.mercado_data_provider | DEBUG | RTD: preco_ativo SUZB3=41.47 forçado com sucesso
src.infrastructure.providers.mercado_data_provider | DEBUG | RTD: Detalhes completos registrados para TAEE11|TAEET343 (Liquidez detectada)
src.infrastructure.providers.mercado_data_provider | DEBUG | RTD: preco_ativo TAEE11=41.16 forçado com sucesso
src.infrastructure.providers.mercado_data_provider | DEBUG | RTD: Detalhes completos registrados para SUZB3|SUZBS418W5 (Liquidez detectada)
src.infrastructure.providers.mercado_data_provider | DEBUG | RTD: preco_ativo SUZB3=41.47 forçado com sucesso
src.infrastructure.providers.mercado_data_provider | DEBUG | RTD: Detalhes completos registrados para SBSP3|SBSPU252 (Liquidez detectada)
src.infrastructure.providers.mercado_data_provider | DEBUG | RTD: preco_ativo SBSP3=28.60 forçado com sucesso
src.infrastructure.providers.mercado_data_provider | DEBUG | RTD: Detalhes completos registrados para VIVT3|VIVTT333 (Liquidez detectada)
src.infrastructure.providers.mercado_data_provider | DEBUG | RTD: preco_ativo VIVT3=35.52 forçado com sucesso
src.infrastructure.providers.mercado_data_provider | DEBUG | RTD: Detalhes completos registrados para SBSP3|SBSPU250 (Liquidez detectada)
src.infrastructure.providers.mercado_data_provider | DEBUG | RTD: preco_ativo SBSP3=28.60 forçado com sucesso
src.infrastructure.providers.mercado_data_provider | DEBUG | RTD: Detalhes completos registrados para VALE3|VALEX804 (Liquidez detectada)
src.infrastructure.providers.mercado_data_provider | DEBUG | RTD: preco_ativo VALE3=72.21 forçado com sucesso
src.infrastructure.providers.mercado_data_provider | DEBUG | RTD: Detalhes completos registrados para SUZB3|SUZBV417 (Liquidez detectada)
src.infrastructure.providers.mercado_data_provider | DEBUG | RTD: preco_ativo SUZB3=41.47 forçado com sucesso
src.infrastructure.providers.mercado_data_provider | DEBUG | RTD: Detalhes completos registrados para USIM5|USIMT664W1 (Liquidez detectada)
src.infrastructure.providers.mercado_data_provider | DEBUG | RTD: preco_ativo USIM5=8.38 forçado com sucesso
src.infrastructure.providers.mercado_data_provider | DEBUG | RTD: Detalhes completos registrados para SMFT3|SMFTT184 (Liquidez detectada)
src.infrastructure.providers.mercado_data_provider | DEBUG | RTD: preco_ativo SMFT3=19.94 forçado com sucesso
src.infrastructure.providers.mercado_data_provider | DEBUG | RTD: Detalhes completos registrados para JHSF3|JHSFT110 (Liquidez detectada)
src.infrastructure.providers.mercado_data_provider | DEBUG | RTD: preco_ativo JHSF3=10.95 forçado com sucesso
src.infrastructure.providers.mercado_data_provider | DEBUG | RTD: Detalhes completos registrados para HAPV3|HAPVT430 (Liquidez detectada)
src.infrastructure.providers.mercado_data_provider | DEBUG | RTD: preco_ativo HAPV3=11.19 forçado com sucesso
src.infrastructure.providers.mercado_data_provider | DEBUG | RTD: Detalhes completos registrados para VALE3|VALET609 (Liquidez detectada)
src.infrastructure.providers.mercado_data_provider | DEBUG | RTD: preco_ativo VALE3=72.21 forçado com sucesso
src.infrastructure.providers.mercado_data_provider | DEBUG | RTD: Detalhes completos registrados para KLBN11|KLBNU172 (Liquidez detectada)
src.infrastructure.providers.mercado_data_provider | DEBUG | RTD: preco_ativo KLBN11=17.43 forçado com sucesso
src.infrastructure.providers.mercado_data_provider | DEBUG | RTD: Detalhes completos registrados para BMGB4|BMGBU472 (Liquidez detectada)
src.infrastructure.providers.mercado_data_provider | DEBUG | RTD: preco_ativo BMGB4=5.21 forçado com sucesso
src.infrastructure.providers.mercado_data_provider | DEBUG | RTD: Detalhes completos registrados para PETR4|PETRX360 (Liquidez detectada)
src.infrastructure.providers.mercado_data_provider | DEBUG | RTD: preco_ativo PETR4=41.55 forçado com sucesso
src.infrastructure.providers.mercado_data_provider | DEBUG | RTD: Detalhes completos registrados para ITUB4|ITUBT366 (Liquidez detectada)
src.infrastructure.providers.mercado_data_provider | DEBUG | RTD: preco_ativo ITUB4=42.39 forçado com sucesso
src.infrastructure.providers.mercado_data_provider | DEBUG | RTD: Detalhes completos registrados para NATU3|NATUV970 (Liquidez detectada)
src.infrastructure.providers.mercado_data_provider | DEBUG | RTD: preco_ativo NATU3=8.77 forçado com sucesso
src.infrastructure.providers.mercado_data_provider | DEBUG | RTD: Detalhes completos registrados para GOLD11|GOLDX240 (Liquidez detectada)
src.infrastructure.providers.mercado_data_provider | DEBUG | RTD: preco_ativo GOLD11=21.44 forçado com sucesso
src.infrastructure.providers.mercado_data_provider | DEBUG | RTD: Detalhes completos registrados para RAPT4|RAPTT425 (Liquidez detectada)
src.infrastructure.providers.mercado_data_provider | DEBUG | RTD: preco_ativo RAPT4=4.63 forçado com sucesso
src.infrastructure.providers.mercado_data_provider | DEBUG | RTD: Detalhes completos registrados para VIVA3|VIVAU166 (Liquidez detectada)
src.infrastructure.providers.mercado_data_provider | DEBUG | RTD: preco_ativo VIVA3=21.38 forçado com sucesso
src.infrastructure.providers.mercado_data_provider | DEBUG | RTD: Detalhes completos registrados para VIVT3|VIVTU350 (Liquidez detectada)
src.infrastructure.providers.mercado_data_provider | DEBUG | RTD: preco_ativo VIVT3=35.52 forçado com sucesso
src.infrastructure.providers.mercado_data_provider | DEBUG | RTD: Detalhes completos registrados para MOVI3|MOVIT600 (Liquidez detectada)
src.infrastructure.providers.mercado_data_provider | DEBUG | RTD: preco_ativo MOVI3=8.12 forçado com sucesso
src.infrastructure.providers.mercado_data_provider | DEBUG | RTD: Detalhes completos registrados para RENT3|RENTT415 (Liquidez detectada)
src.infrastructure.providers.mercado_data_provider | DEBUG | RTD: preco_ativo RENT3=36.59 forçado com sucesso
src.infrastructure.providers.mercado_data_provider | DEBUG | RTD: Detalhes completos registrados para EZTC3|EZTCT139 (Liquidez detectada)
src.infrastructure.providers.mercado_data_provider | DEBUG | RTD: preco_ativo EZTC3=11.63 forçado com sucesso
src.infrastructure.providers.mercado_data_provider | DEBUG | RTD: Detalhes completos registrados para BBSE3|BBSEU439 (Liquidez detectada)
src.infrastructure.providers.mercado_data_provider | DEBUG | RTD: preco_ativo BBSE3=41.15 forçado com sucesso
src.infrastructure.providers.mercado_data_provider | DEBUG | RTD: Detalhes completos registrados para BBAS3|BBAST237 (Liquidez detectada)
src.infrastructure.providers.mercado_data_provider | DEBUG | RTD: preco_ativo BBAS3=20.66 forçado com sucesso
src.infrastructure.providers.mercado_data_provider | DEBUG | RTD: Detalhes completos registrados para BBSE3|BBSEW260 (Liquidez detectada)
src.infrastructure.providers.mercado_data_provider | DEBUG | RTD: preco_ativo BBSE3=41.15 forçado com sucesso
src.infrastructure.providers.mercado_data_provider | DEBUG | RTD: Detalhes completos registrados para EMBJ3|EMBJV788 (Liquidez detectada)
src.infrastructure.providers.mercado_data_provider | DEBUG | RTD: preco_ativo EMBJ3=83.29 forçado com sucesso
src.infrastructure.providers.mercado_data_provider | DEBUG | RTD: Detalhes completos registrados para MGLU3|MGLUX465 (Liquidez detectada)
src.infrastructure.providers.mercado_data_provider | DEBUG | RTD: preco_ativo MGLU3=4.85 forçado com sucesso
src.infrastructure.providers.mercado_data_provider | DEBUG | RTD: Detalhes completos registrados para AZZA3|AZZAU125 (Liquidez detectada)
src.infrastructure.providers.mercado_data_provider | DEBUG | RTD: preco_ativo AZZA3=17.82 forçado com sucesso
src.infrastructure.providers.mercado_data_provider | DEBUG | RTD: Detalhes completos registrados para SMFT3|SMFTT186 (Liquidez detectada)
src.infrastructure.providers.mercado_data_provider | DEBUG | RTD: preco_ativo SMFT3=19.94 forçado com sucesso
src.infrastructure.providers.mercado_data_provider | DEBUG | RTD: Detalhes completos registrados para RDOR3|RDORT281 (Liquidez detectada)
src.infrastructure.providers.mercado_data_provider | DEBUG | RTD: preco_ativo RDOR3=33.29 forçado com sucesso
src.infrastructure.providers.mercado_data_provider | DEBUG | RTD: Detalhes completos registrados para BPAC11|BPACT484W1 (Liquidez detectada)
src.infrastructure.providers.mercado_data_provider | DEBUG | RTD: preco_ativo BPAC11=55.56 forçado com sucesso
src.infrastructure.providers.mercado_data_provider | DEBUG | RTD: Detalhes completos registrados para GGBR4|GGBRT185 (Liquidez detectada)
src.infrastructure.providers.mercado_data_provider | DEBUG | RTD: preco_ativo GGBR4=23.61 forçado com sucesso
src.infrastructure.providers.mercado_data_provider | DEBUG | RTD: Detalhes completos registrados para EQTL3|EQTLU362 (Liquidez detectada)
src.infrastructure.providers.mercado_data_provider | DEBUG | RTD: preco_ativo EQTL3=38.59 forçado com sucesso
src.infrastructure.providers.mercado_data_provider | DEBUG | RTD: Detalhes completos registrados para PETR4|PETRU292 (Liquidez detectada)
src.infrastructure.providers.mercado_data_provider | DEBUG | RTD: preco_ativo PETR4=41.55 forçado com sucesso
src.infrastructure.providers.mercado_data_provider | DEBUG | RTD: Detalhes completos registrados para LREN3|LRENT124 (Liquidez detectada)
src.infrastructure.providers.mercado_data_provider | DEBUG | RTD: preco_ativo LREN3=13.20 forçado com sucesso
src.infrastructure.providers.mercado_data_provider | DEBUG | RTD: Detalhes completos registrados para CSMG3|CSMGU462 (Liquidez detectada)
src.infrastructure.providers.mercado_data_provider | DEBUG | RTD: preco_ativo CSMG3=63.21 forçado com sucesso
src.infrastructure.providers.mercado_data_provider | DEBUG | RTD: Detalhes completos registrados para BBSE3|BBSEU359 (Liquidez detectada)
src.infrastructure.providers.mercado_data_provider | DEBUG | RTD: preco_ativo BBSE3=41.15 forçado com sucesso
src.infrastructure.providers.mercado_data_provider | DEBUG | RTD: Detalhes completos registrados para MOTV3|MOTVU995 (Liquidez detectada)
src.infrastructure.providers.mercado_data_provider | DEBUG | RTD: preco_ativo MOTV3=14.32 forçado com sucesso
src.infrastructure.providers.mercado_data_provider | DEBUG | RTD: Detalhes completos registrados para IGTI11|IGTIT206 (Liquidez detectada)
src.infrastructure.providers.mercado_data_provider | DEBUG | RTD: preco_ativo IGTI11=24.54 forçado com sucesso
src.infrastructure.providers.mercado_data_provider | DEBUG | RTD: Detalhes completos registrados para MGLU3|MGLUU305 (Liquidez detectada)
src.infrastructure.providers.mercado_data_provider | DEBUG | RTD: preco_ativo MGLU3=4.85 forçado com sucesso
src.infrastructure.providers.mercado_data_provider | DEBUG | RTD: Detalhes completos registrados para XPBR31|XPBRT780 (Liquidez detectada)
src.infrastructure.providers.mercado_data_provider | DEBUG | RTD: preco_ativo XPBR31=84.85 forçado com sucesso
src.infrastructure.providers.mercado_data_provider | DEBUG | RTD: Detalhes completos registrados para BPAC11|BPACU459 (Liquidez detectada)
src.infrastructure.providers.mercado_data_provider | DEBUG | RTD: preco_ativo BPAC11=55.56 forçado com sucesso
src.infrastructure.providers.mercado_data_provider | DEBUG | RTD: Detalhes completos registrados para VALE3|VALEX74 (Liquidez detectada)
src.infrastructure.providers.mercado_data_provider | DEBUG | RTD: preco_ativo VALE3=72.21 forçado com sucesso
src.infrastructure.providers.mercado_data_provider | DEBUG | RTD: Detalhes completos registrados para VULC3|VULCU100 (Liquidez detectada)
src.infrastructure.providers.mercado_data_provider | DEBUG | RTD: preco_ativo VULC3=14.04 forçado com sucesso
src.infrastructure.providers.mercado_data_provider | DEBUG | RTD: Detalhes completos registrados para SMAL11|SMALU104 (Liquidez detectada)
src.infrastructure.providers.mercado_data_provider | DEBUG | RTD: preco_ativo SMAL11=105.56 forçado com sucesso
src.infrastructure.providers.mercado_data_provider | DEBUG | RTD: Detalhes completos registrados para CMIG4|CMIGT964 (Liquidez detectada)
src.infrastructure.providers.mercado_data_provider | DEBUG | RTD: preco_ativo CMIG4=11.03 forçado com sucesso
src.infrastructure.providers.mercado_data_provider | DEBUG | RTD: Detalhes completos registrados para SMAL11|SMALT950 (Liquidez detectada)
src.infrastructure.providers.mercado_data_provider | DEBUG | RTD: preco_ativo SMAL11=105.56 forçado com sucesso
src.infrastructure.providers.mercado_data_provider | DEBUG | RTD: Detalhes completos registrados para PRIO3|PRIOW400 (Liquidez detectada)
src.infrastructure.providers.mercado_data_provider | DEBUG | RTD: preco_ativo PRIO3=58.56 forçado com sucesso
src.infrastructure.providers.mercado_data_provider | DEBUG | RTD: Detalhes completos registrados para EGIE3|EGIES307W5 (Liquidez detectada)
src.infrastructure.providers.mercado_data_provider | DEBUG | RTD: preco_ativo EGIE3=30.17 forçado com sucesso
src.infrastructure.providers.mercado_data_provider | DEBUG | RTD: Detalhes completos registrados para AUAU3|AUAUU252 (Liquidez detectada)
src.infrastructure.providers.mercado_data_provider | DEBUG | RTD: preco_ativo AUAU3=3.10 forçado com sucesso
src.infrastructure.providers.mercado_data_provider | DEBUG | RTD: Detalhes completos registrados para IGTI11|IGTIU197 (Liquidez detectada)
src.infrastructure.providers.mercado_data_provider | DEBUG | RTD: preco_ativo IGTI11=24.54 forçado com sucesso
src.infrastructure.providers.mercado_data_provider | DEBUG | RTD: Detalhes completos registrados para VIVA3|VIVAU136 (Liquidez detectada)
src.infrastructure.providers.mercado_data_provider | DEBUG | RTD: preco_ativo VIVA3=21.38 forçado com sucesso
src.infrastructure.providers.mercado_data_provider | DEBUG | RTD: Detalhes completos registrados para PETR4|PETRV4 (Liquidez detectada)
src.infrastructure.providers.mercado_data_provider | DEBUG | RTD: preco_ativo PETR4=41.55 forçado com sucesso
src.infrastructure.providers.mercado_data_provider | DEBUG | RTD: Detalhes completos registrados para BBAS3|BBASW201 (Liquidez detectada)
src.infrastructure.providers.mercado_data_provider | DEBUG | RTD: preco_ativo BBAS3=20.66 forçado com sucesso
src.infrastructure.providers.mercado_data_provider | DEBUG | RTD: Detalhes completos registrados para HAPV3|HAPVU600 (Liquidez detectada)
src.infrastructure.providers.mercado_data_provider | DEBUG | RTD: preco_ativo HAPV3=11.19 forçado com sucesso
src.infrastructure.providers.mercado_data_provider | DEBUG | RTD: Detalhes completos registrados para VALE3|VALEV639 (Liquidez detectada)
src.infrastructure.providers.mercado_data_provider | DEBUG | RTD: preco_ativo VALE3=72.21 forçado com sucesso
src.infrastructure.providers.mercado_data_provider | DEBUG | RTD: Detalhes completos registrados para ITSA4|ITSAT153 (Liquidez detectada)
src.infrastructure.providers.mercado_data_provider | DEBUG | RTD: preco_ativo ITSA4=13.58 forçado com sucesso
src.infrastructure.providers.mercado_data_provider | DEBUG | RTD: Detalhes completos registrados para PETR4|PETRT402 (Liquidez detectada)
src.infrastructure.providers.mercado_data_provider | DEBUG | RTD: preco_ativo PETR4=41.55 forçado com sucesso
src.infrastructure.providers.mercado_data_provider | DEBUG | RTD: Detalhes completos registrados para TAEE11|TAEEU366W2 (Liquidez detectada)
src.infrastructure.providers.mercado_data_provider | DEBUG | RTD: preco_ativo TAEE11=41.16 forçado com sucesso
src.infrastructure.providers.mercado_data_provider | DEBUG | RTD: Detalhes completos registrados para EMBJ3|EMBJT818 (Liquidez detectada)
src.infrastructure.providers.mercado_data_provider | DEBUG | RTD: preco_ativo EMBJ3=83.29 forçado com sucesso
src.infrastructure.providers.mercado_data_provider | DEBUG | RTD: Detalhes completos registrados para EMBJ3|EMBJS885W5 (Liquidez detectada)
src.infrastructure.providers.mercado_data_provider | DEBUG | RTD: preco_ativo EMBJ3=83.29 forçado com sucesso
src.infrastructure.providers.mercado_data_provider | DEBUG | RTD: Detalhes completos registrados para RDOR3|RDORT319 (Liquidez detectada)
src.infrastructure.providers.mercado_data_provider | DEBUG | RTD: preco_ativo RDOR3=33.29 forçado com sucesso
src.infrastructure.providers.mercado_data_provider | DEBUG | RTD: Detalhes completos registrados para SMFT3|SMFTT169 (Liquidez detectada)
src.infrastructure.providers.mercado_data_provider | DEBUG | RTD: preco_ativo SMFT3=19.94 forçado com sucesso
src.infrastructure.providers.mercado_data_provider | DEBUG | RTD: Detalhes completos registrados para USIM5|USIMU810 (Liquidez detectada)
src.infrastructure.providers.mercado_data_provider | DEBUG | RTD: preco_ativo USIM5=8.38 forçado com sucesso
src.infrastructure.providers.mercado_data_provider | DEBUG | RTD: Detalhes completos registrados para CXSE3|CXSET176 (Liquidez detectada)
src.infrastructure.providers.mercado_data_provider | DEBUG | RTD: preco_ativo CXSE3=22.22 forçado com sucesso
src.infrastructure.providers.mercado_data_provider | DEBUG | RTD: Detalhes completos registrados para CMIG4|CMIGV119 (Liquidez detectada)
src.infrastructure.providers.mercado_data_provider | DEBUG | RTD: preco_ativo CMIG4=11.03 forçado com sucesso
src.infrastructure.providers.mercado_data_provider | DEBUG | RTD: Detalhes completos registrados para RAPT4|RAPTU450 (Liquidez detectada)
src.infrastructure.providers.mercado_data_provider | DEBUG | RTD: preco_ativo RAPT4=4.63 forçado com sucesso
src.infrastructure.providers.mercado_data_provider | DEBUG | RTD: Detalhes completos registrados para WIZC3|WIZCM87 (Liquidez detectada)
src.infrastructure.providers.mercado_data_provider | DEBUG | RTD: preco_ativo WIZC3=8.26 forçado com sucesso
src.infrastructure.providers.mercado_data_provider | DEBUG | RTD: Detalhes completos registrados para VALE3|VALEU515 (Liquidez detectada)
src.infrastructure.providers.mercado_data_provider | DEBUG | RTD: preco_ativo VALE3=72.21 forçado com sucesso
src.infrastructure.providers.mercado_data_provider | DEBUG | RTD: Detalhes completos registrados para CPFE3|CPFET47 (Liquidez detectada)
src.infrastructure.providers.mercado_data_provider | DEBUG | RTD: preco_ativo CPFE3=46.39 forçado com sucesso
src.infrastructure.providers.mercado_data_provider | DEBUG | RTD: Detalhes completos registrados para VBBR3|VBBRT282 (Liquidez detectada)
src.infrastructure.providers.mercado_data_provider | DEBUG | RTD: preco_ativo VBBR3=33.64 forçado com sucesso
src.infrastructure.providers.mercado_data_provider | DEBUG | RTD: Detalhes completos registrados para MRVE3|MRVEU60 (Liquidez detectada)
src.infrastructure.providers.mercado_data_provider | DEBUG | RTD: preco_ativo MRVE3=4.53 forçado com sucesso
src.infrastructure.providers.mercado_data_provider | DEBUG | RTD: Detalhes completos registrados para MOTV3|MOTVT154 (Liquidez detectada)
src.infrastructure.providers.mercado_data_provider | DEBUG | RTD: preco_ativo MOTV3=14.32 forçado com sucesso
src.infrastructure.providers.mercado_data_provider | DEBUG | RTD: Detalhes completos registrados para PETR4|PETRX424 (Liquidez detectada)
src.infrastructure.providers.mercado_data_provider | DEBUG | RTD: preco_ativo PETR4=41.55 forçado com sucesso
src.infrastructure.providers.mercado_data_provider | DEBUG | RTD: Detalhes completos registrados para PETR3|PETRU406 (Liquidez detectada)
src.infrastructure.providers.mercado_data_provider | DEBUG | RTD: preco_ativo PETR3=46.71 forçado com sucesso
src.infrastructure.providers.mercado_data_provider | DEBUG | RTD: Detalhes completos registrados para UGPA3|UGPAU202 (Liquidez detectada)
src.infrastructure.providers.mercado_data_provider | DEBUG | RTD: preco_ativo UGPA3=31.63 forçado com sucesso
src.infrastructure.providers.mercado_data_provider | DEBUG | RTD: Detalhes completos registrados para LWSA3|LWSAT415 (Liquidez detectada)
src.infrastructure.providers.mercado_data_provider | DEBUG | RTD: preco_ativo LWSA3=3.73 forçado com sucesso
src.infrastructure.providers.mercado_data_provider | DEBUG | RTD: Detalhes completos registrados para DIRR3|DIRRT108 (Liquidez detectada)
src.infrastructure.providers.mercado_data_provider | DEBUG | RTD: preco_ativo DIRR3=11.53 forçado com sucesso
src.infrastructure.providers.mercado_data_provider | DEBUG | RTD: Detalhes completos registrados para SUZB3|SUZBU500 (Liquidez detectada)
src.infrastructure.providers.mercado_data_provider | DEBUG | RTD: preco_ativo SUZB3=41.47 forçado com sucesso
src.infrastructure.providers.mercado_data_provider | DEBUG | RTD: Detalhes completos registrados para AXIA3|AXIAT48 (Liquidez detectada)
src.infrastructure.providers.mercado_data_provider | DEBUG | RTD: preco_ativo AXIA3=50.19 forçado com sucesso
src.infrastructure.providers.mercado_data_provider | DEBUG | RTD: Detalhes completos registrados para SMAL11|SMALU920 (Liquidez detectada)
src.infrastructure.providers.mercado_data_provider | DEBUG | RTD: preco_ativo SMAL11=105.56 forçado com sucesso
src.infrastructure.providers.mercado_data_provider | DEBUG | RTD: Detalhes completos registrados para DIRR3|DIRRT918 (Liquidez detectada)
src.infrastructure.providers.mercado_data_provider | DEBUG | RTD: preco_ativo DIRR3=11.53 forçado com sucesso
src.infrastructure.providers.mercado_data_provider | DEBUG | RTD: Detalhes completos registrados para PETR4|PETRU577 (Liquidez detectada)
src.infrastructure.providers.mercado_data_provider | DEBUG | RTD: preco_ativo PETR4=41.55 forçado com sucesso
src.infrastructure.providers.mercado_data_provider | DEBUG | RTD: Detalhes completos registrados para NATU3|NATUT690 (Liquidez detectada)
src.infrastructure.providers.mercado_data_provider | DEBUG | RTD: preco_ativo NATU3=8.77 forçado com sucesso
src.infrastructure.providers.mercado_data_provider | DEBUG | RTD: Detalhes completos registrados para PRIO3|PRIOU730 (Liquidez detectada)
src.infrastructure.providers.mercado_data_provider | DEBUG | RTD: preco_ativo PRIO3=58.56 forçado com sucesso
src.infrastructure.providers.mercado_data_provider | DEBUG | RTD: Detalhes completos registrados para GGBR4|GGBRU280 (Liquidez detectada)
src.infrastructure.providers.mercado_data_provider | DEBUG | RTD: preco_ativo GGBR4=23.61 forçado com sucesso
src.infrastructure.providers.mercado_data_provider | DEBUG | RTD: Detalhes completos registrados para USIM5|USIMT760 (Liquidez detectada)
src.infrastructure.providers.mercado_data_provider | DEBUG | RTD: preco_ativo USIM5=8.38 forçado com sucesso
src.infrastructure.providers.mercado_data_provider | DEBUG | RTD: Detalhes completos registrados para CPLE3|CPLEU13 (Liquidez detectada)
src.infrastructure.providers.mercado_data_provider | DEBUG | RTD: preco_ativo CPLE3=14.63 forçado com sucesso
src.infrastructure.providers.mercado_data_provider | DEBUG | RTD: Detalhes completos registrados para RENT3|RENTM381 (Liquidez detectada)
src.infrastructure.providers.mercado_data_provider | DEBUG | RTD: preco_ativo RENT3=36.59 forçado com sucesso
src.infrastructure.providers.mercado_data_provider | DEBUG | RTD: Detalhes completos registrados para WEGE3|WEGET449W1 (Liquidez detectada)
src.infrastructure.providers.mercado_data_provider | DEBUG | RTD: preco_ativo WEGE3=42.62 forçado com sucesso
src.infrastructure.providers.mercado_data_provider | DEBUG | RTD: Detalhes completos registrados para CURY3|CURYT229 (Liquidez detectada)
src.infrastructure.providers.mercado_data_provider | DEBUG | RTD: preco_ativo CURY3=29.63 forçado com sucesso
src.infrastructure.providers.mercado_data_provider | DEBUG | RTD: Detalhes completos registrados para B3SA3|B3SAU157 (Liquidez detectada)
src.infrastructure.providers.mercado_data_provider | DEBUG | RTD: preco_ativo B3SA3=15.10 forçado com sucesso
src.infrastructure.providers.mercado_data_provider | DEBUG | RTD: Detalhes completos registrados para VALE3|VALEU711 (Liquidez detectada)
src.infrastructure.providers.mercado_data_provider | DEBUG | RTD: preco_ativo VALE3=72.21 forçado com sucesso
src.infrastructure.providers.mercado_data_provider | DEBUG | RTD: Detalhes completos registrados para BBDC3|BBDCU146 (Liquidez detectada)
src.infrastructure.providers.mercado_data_provider | DEBUG | RTD: preco_ativo BBDC3=16.10 forçado com sucesso
src.infrastructure.providers.mercado_data_provider | DEBUG | RTD: Detalhes completos registrados para MGLU3|MGLUU280 (Liquidez detectada)
src.infrastructure.providers.mercado_data_provider | DEBUG | RTD: preco_ativo MGLU3=4.85 forçado com sucesso
src.infrastructure.providers.mercado_data_provider | DEBUG | RTD: Detalhes completos registrados para CSNA3|CSNAT497 (Liquidez detectada)
src.infrastructure.providers.mercado_data_provider | DEBUG | RTD: preco_ativo CSNA3=5.07 forçado com sucesso
src.infrastructure.providers.mercado_data_provider | DEBUG | RTD: Detalhes completos registrados para CXSE3|CXSEW21 (Liquidez detectada)
src.infrastructure.providers.mercado_data_provider | DEBUG | RTD: preco_ativo CXSE3=22.22 forçado com sucesso
src.infrastructure.providers.mercado_data_provider | DEBUG | RTD: Detalhes completos registrados para PETR4|PETRM414 (Liquidez detectada)
src.infrastructure.providers.mercado_data_provider | DEBUG | RTD: preco_ativo PETR4=41.55 forçado com sucesso
src.infrastructure.providers.mercado_data_provider | DEBUG | RTD: Detalhes completos registrados para LEVE3|LEVET326 (Liquidez detectada)
src.infrastructure.providers.mercado_data_provider | DEBUG | RTD: preco_ativo LEVE3=31.36 forçado com sucesso
src.infrastructure.providers.mercado_data_provider | DEBUG | RTD: Detalhes completos registrados para PETR4|PETRT320 (Liquidez detectada)
src.infrastructure.providers.mercado_data_provider | DEBUG | RTD: preco_ativo PETR4=41.55 forçado com sucesso
src.infrastructure.providers.mercado_data_provider | DEBUG | RTD: Detalhes completos registrados para PETR4|PETRT239 (Liquidez detectada)
src.infrastructure.providers.mercado_data_provider | DEBUG | RTD: preco_ativo PETR4=41.55 forçado com sucesso
src.infrastructure.providers.mercado_data_provider | DEBUG | RTD: Detalhes completos registrados para USIM5|USIMT740 (Liquidez detectada)
src.infrastructure.providers.mercado_data_provider | DEBUG | RTD: preco_ativo USIM5=8.38 forçado com sucesso
src.infrastructure.providers.mercado_data_provider | DEBUG | RTD: Detalhes completos registrados para GGBR4|GGBRT213W1 (Liquidez detectada)
src.infrastructure.providers.mercado_data_provider | DEBUG | RTD: preco_ativo GGBR4=23.61 forçado com sucesso
src.infrastructure.providers.mercado_data_provider | DEBUG | RTD: Detalhes completos registrados para CMIG4|CMIGV994 (Liquidez detectada)
src.infrastructure.providers.mercado_data_provider | DEBUG | RTD: preco_ativo CMIG4=11.03 forçado com sucesso
src.infrastructure.providers.mercado_data_provider | DEBUG | RTD: Detalhes completos registrados para PETR4|PETRV409 (Liquidez detectada)
src.infrastructure.providers.mercado_data_provider | DEBUG | RTD: preco_ativo PETR4=41.55 forçado com sucesso
src.infrastructure.providers.mercado_data_provider | DEBUG | RTD: Detalhes completos registrados para CPLE3|CPLEU160 (Liquidez detectada)
src.infrastructure.providers.mercado_data_provider | DEBUG | RTD: preco_ativo CPLE3=14.63 forçado com sucesso
src.infrastructure.providers.mercado_data_provider | DEBUG | RTD: Detalhes completos registrados para BRAV3|BRAVV182 (Liquidez detectada)
src.infrastructure.providers.mercado_data_provider | DEBUG | RTD: preco_ativo BRAV3=20.14 forçado com sucesso
src.infrastructure.providers.mercado_data_provider | DEBUG | RTD: Detalhes completos registrados para WEGE3|WEGEU428 (Liquidez detectada)
src.infrastructure.providers.mercado_data_provider | DEBUG | RTD: preco_ativo WEGE3=42.62 forçado com sucesso
src.infrastructure.providers.mercado_data_provider | DEBUG | RTD: Detalhes completos registrados para BBSE3|BBSEX334 (Liquidez detectada)
src.infrastructure.providers.mercado_data_provider | DEBUG | RTD: preco_ativo BBSE3=41.15 forçado com sucesso
src.infrastructure.providers.mercado_data_provider | DEBUG | RTD: Detalhes completos registrados para HAPV3|HAPVU890 (Liquidez detectada)
src.infrastructure.providers.mercado_data_provider | DEBUG | RTD: preco_ativo HAPV3=11.19 forçado com sucesso
src.infrastructure.providers.mercado_data_provider | DEBUG | RTD: Detalhes completos registrados para BPAC11|BPACT510 (Liquidez detectada)
src.infrastructure.providers.mercado_data_provider | DEBUG | RTD: preco_ativo BPAC11=55.56 forçado com sucesso
src.infrastructure.providers.mercado_data_provider | DEBUG | RTD: Detalhes completos registrados para SUZB3|SUZBS428W5 (Liquidez detectada)
src.infrastructure.providers.mercado_data_provider | DEBUG | RTD: preco_ativo SUZB3=41.47 forçado com sucesso
src.infrastructure.providers.mercado_data_provider | DEBUG | RTD: Detalhes completos registrados para SLCE3|SLCET122 (Liquidez detectada)
src.infrastructure.providers.mercado_data_provider | DEBUG | RTD: preco_ativo SLCE3=13.63 forçado com sucesso
src.infrastructure.providers.mercado_data_provider | DEBUG | RTD: Detalhes completos registrados para SBSP3|SBSPU247 (Liquidez detectada)
src.infrastructure.providers.mercado_data_provider | DEBUG | RTD: preco_ativo SBSP3=28.60 forçado com sucesso
src.infrastructure.providers.mercado_data_provider | DEBUG | RTD: Detalhes completos registrados para SUZB3|SUZBS373W5 (Liquidez detectada)
src.infrastructure.providers.mercado_data_provider | DEBUG | RTD: preco_ativo SUZB3=41.47 forçado com sucesso
src.infrastructure.providers.mercado_data_provider | DEBUG | RTD: Detalhes completos registrados para RENT3|RENTU343 (Liquidez detectada)
src.infrastructure.providers.mercado_data_provider | DEBUG | RTD: preco_ativo RENT3=36.59 forçado com sucesso
src.infrastructure.providers.mercado_data_provider | DEBUG | RTD: Detalhes completos registrados para GGBR4|GGBRT251 (Liquidez detectada)
src.infrastructure.providers.mercado_data_provider | DEBUG | RTD: preco_ativo GGBR4=23.61 forçado com sucesso
src.infrastructure.providers.mercado_data_provider | DEBUG | RTD: Detalhes completos registrados para ITUB4|ITUBT415W1 (Liquidez detectada)
src.infrastructure.providers.mercado_data_provider | DEBUG | RTD: preco_ativo ITUB4=42.39 forçado com sucesso
src.infrastructure.providers.mercado_data_provider | DEBUG | RTD: Detalhes completos registrados para CPLE3|CPLEU113 (Liquidez detectada)
src.infrastructure.providers.mercado_data_provider | DEBUG | RTD: preco_ativo CPLE3=14.63 forçado com sucesso
src.infrastructure.providers.mercado_data_provider | DEBUG | RTD: Detalhes completos registrados para AURE3|AURET814 (Liquidez detectada)
src.infrastructure.providers.mercado_data_provider | DEBUG | RTD: preco_ativo AURE3=11.27 forçado com sucesso
src.infrastructure.providers.mercado_data_provider | DEBUG | RTD: Detalhes completos registrados para AXIA3|AXIAT480W1 (Liquidez detectada)
src.infrastructure.providers.mercado_data_provider | DEBUG | RTD: preco_ativo AXIA3=50.19 forçado com sucesso
src.infrastructure.providers.mercado_data_provider | DEBUG | RTD: Detalhes completos registrados para CSMG3|CSMGU700 (Liquidez detectada)
src.infrastructure.providers.mercado_data_provider | DEBUG | RTD: preco_ativo CSMG3=63.21 forçado com sucesso
src.infrastructure.providers.mercado_data_provider | DEBUG | RTD: Detalhes completos registrados para HAPV3|HAPVU720 (Liquidez detectada)
src.infrastructure.providers.mercado_data_provider | DEBUG | RTD: preco_ativo HAPV3=11.19 forçado com sucesso
src.infrastructure.providers.mercado_data_provider | DEBUG | RTD: Detalhes completos registrados para USIM5|USIMT840 (Liquidez detectada)
src.infrastructure.providers.mercado_data_provider | DEBUG | RTD: preco_ativo USIM5=8.38 forçado com sucesso
src.infrastructure.providers.mercado_data_provider | DEBUG | RTD: Detalhes completos registrados para ISAE4|ISAEU277 (Liquidez detectada)
src.infrastructure.providers.mercado_data_provider | DEBUG | RTD: preco_ativo ISAE4=28.01 forçado com sucesso
src.infrastructure.providers.mercado_data_provider | DEBUG | RTD: Detalhes completos registrados para BBAS3|BBAST195 (Liquidez detectada)
src.infrastructure.providers.mercado_data_provider | DEBUG | RTD: preco_ativo BBAS3=20.66 forçado com sucesso
src.infrastructure.providers.mercado_data_provider | DEBUG | RTD: Detalhes completos registrados para PETR4|PETRU309 (Liquidez detectada)
src.infrastructure.providers.mercado_data_provider | DEBUG | RTD: preco_ativo PETR4=41.55 forçado com sucesso
src.infrastructure.providers.mercado_data_provider | DEBUG | RTD: Detalhes completos registrados para PRIO3|PRIOV482 (Liquidez detectada)
src.infrastructure.providers.mercado_data_provider | DEBUG | RTD: preco_ativo PRIO3=58.56 forçado com sucesso
src.infrastructure.providers.mercado_data_provider | DEBUG | RTD: Detalhes completos registrados para AXIA3|AXIAT54 (Liquidez detectada)
src.infrastructure.providers.mercado_data_provider | DEBUG | RTD: preco_ativo AXIA3=50.19 forçado com sucesso
src.infrastructure.providers.mercado_data_provider | DEBUG | RTD: Detalhes completos registrados para SUZB3|SUZBV395 (Liquidez detectada)
src.infrastructure.providers.mercado_data_provider | DEBUG | RTD: preco_ativo SUZB3=41.47 forçado com sucesso
src.infrastructure.providers.mercado_data_provider | DEBUG | RTD: Detalhes completos registrados para TOTS3|TOTST292 (Liquidez detectada)
src.infrastructure.providers.mercado_data_provider | DEBUG | RTD: preco_ativo TOTS3=28.35 forçado com sucesso
src.infrastructure.providers.mercado_data_provider | DEBUG | RTD: Detalhes completos registrados para EMBJ3|EMBJS763W5 (Liquidez detectada)
src.infrastructure.providers.mercado_data_provider | DEBUG | RTD: preco_ativo EMBJ3=83.29 forçado com sucesso
src.infrastructure.providers.mercado_data_provider | DEBUG | RTD: Detalhes completos registrados para RECV3|RECVT114 (Liquidez detectada)
src.infrastructure.providers.mercado_data_provider | DEBUG | RTD: preco_ativo RECV3=10.32 forçado com sucesso
src.infrastructure.providers.mercado_data_provider | DEBUG | RTD: Detalhes completos registrados para SUZB3|SUZBU311 (Liquidez detectada)
src.infrastructure.providers.mercado_data_provider | DEBUG | RTD: preco_ativo SUZB3=41.47 forçado com sucesso
src.infrastructure.providers.mercado_data_provider | DEBUG | RTD: Detalhes completos registrados para PETR4|PETRU304 (Liquidez detectada)
src.infrastructure.providers.mercado_data_provider | DEBUG | RTD: preco_ativo PETR4=41.55 forçado com sucesso
src.infrastructure.providers.mercado_data_provider | DEBUG | RTD: Detalhes completos registrados para TAEE11|TAEEV320 (Liquidez detectada)
src.infrastructure.providers.mercado_data_provider | DEBUG | RTD: preco_ativo TAEE11=41.16 forçado com sucesso
src.infrastructure.providers.mercado_data_provider | DEBUG | RTD: Detalhes completos registrados para MULT3|MULTU291 (Liquidez detectada)
src.infrastructure.providers.mercado_data_provider | DEBUG | RTD: preco_ativo MULT3=28.08 forçado com sucesso
src.infrastructure.providers.mercado_data_provider | DEBUG | RTD: Detalhes completos registrados para PRIO3|PRIOS555W5 (Liquidez detectada)
src.infrastructure.providers.mercado_data_provider | DEBUG | RTD: preco_ativo PRIO3=58.56 forçado com sucesso
src.infrastructure.providers.mercado_data_provider | DEBUG | RTD: Detalhes completos registrados para PRIO3|PRIOS520W5 (Liquidez detectada)
src.infrastructure.providers.mercado_data_provider | DEBUG | RTD: preco_ativo PRIO3=58.56 forçado com sucesso
src.infrastructure.providers.mercado_data_provider | DEBUG | RTD: Detalhes completos registrados para BPAC11|BPACU516 (Liquidez detectada)
src.infrastructure.providers.mercado_data_provider | DEBUG | RTD: preco_ativo BPAC11=55.56 forçado com sucesso
src.infrastructure.providers.mercado_data_provider | DEBUG | RTD: Detalhes completos registrados para EMBJ3|EMBJT768 (Liquidez detectada)
src.infrastructure.providers.mercado_data_provider | DEBUG | RTD: preco_ativo EMBJ3=83.29 forçado com sucesso
src.infrastructure.providers.mercado_data_provider | DEBUG | RTD: Detalhes completos registrados para BBAS3|BBASX151 (Liquidez detectada)
src.infrastructure.providers.mercado_data_provider | DEBUG | RTD: preco_ativo BBAS3=20.66 forçado com sucesso
src.infrastructure.providers.mercado_data_provider | DEBUG | RTD: Detalhes completos registrados para LREN3|LRENU143 (Liquidez detectada)
src.infrastructure.providers.mercado_data_provider | DEBUG | RTD: preco_ativo LREN3=13.20 forçado com sucesso
src.infrastructure.providers.mercado_data_provider | DEBUG | RTD: Detalhes completos registrados para CSNA3|CSNAT380W1 (Liquidez detectada)
src.infrastructure.providers.mercado_data_provider | DEBUG | RTD: preco_ativo CSNA3=5.07 forçado com sucesso
src.infrastructure.providers.mercado_data_provider | DEBUG | RTD: Detalhes completos registrados para POMO4|POMOT504 (Liquidez detectada)
src.infrastructure.providers.mercado_data_provider | DEBUG | RTD: preco_ativo POMO4=5.10 forçado com sucesso
src.infrastructure.providers.mercado_data_provider | DEBUG | RTD: Detalhes completos registrados para RDOR3|RDORU280 (Liquidez detectada)
src.infrastructure.providers.mercado_data_provider | DEBUG | RTD: preco_ativo RDOR3=33.29 forçado com sucesso
src.infrastructure.providers.mercado_data_provider | DEBUG | RTD: Detalhes completos registrados para PETR4|PETRT283W1 (Liquidez detectada)
src.infrastructure.providers.mercado_data_provider | DEBUG | RTD: preco_ativo PETR4=41.55 forçado com sucesso
src.infrastructure.providers.mercado_data_provider | DEBUG | RTD: Detalhes completos registrados para VALE3|VALEU401 (Liquidez detectada)
src.infrastructure.providers.mercado_data_provider | DEBUG | RTD: preco_ativo VALE3=72.21 forçado com sucesso
src.infrastructure.providers.mercado_data_provider | DEBUG | RTD: Detalhes completos registrados para BBDC4|BBDCT217 (Liquidez detectada)
src.infrastructure.providers.mercado_data_provider | DEBUG | RTD: preco_ativo BBDC4=18.51 forçado com sucesso
src.infrastructure.providers.mercado_data_provider | DEBUG | RTD: Detalhes completos registrados para VLID3|VLIDT192 (Liquidez detectada)
src.infrastructure.providers.mercado_data_provider | DEBUG | RTD: preco_ativo VLID3=17.61 forçado com sucesso
src.infrastructure.providers.mercado_data_provider | DEBUG | RTD: Detalhes completos registrados para AURE3|AURET120 (Liquidez detectada)
src.infrastructure.providers.mercado_data_provider | DEBUG | RTD: preco_ativo AURE3=11.27 forçado com sucesso
src.infrastructure.providers.mercado_data_provider | DEBUG | RTD: Detalhes completos registrados para VALE3|VALEU631 (Liquidez detectada)
src.infrastructure.providers.mercado_data_provider | DEBUG | RTD: preco_ativo VALE3=72.21 forçado com sucesso
src.infrastructure.providers.mercado_data_provider | DEBUG | RTD: Detalhes completos registrados para JHSF3|JHSFU858 (Liquidez detectada)
src.infrastructure.providers.mercado_data_provider | DEBUG | RTD: preco_ativo JHSF3=10.95 forçado com sucesso
src.infrastructure.providers.mercado_data_provider | DEBUG | RTD: Detalhes completos registrados para PETR4|PETRU338W1 (Liquidez detectada)
src.infrastructure.providers.mercado_data_provider | DEBUG | RTD: preco_ativo PETR4=41.55 forçado com sucesso
src.infrastructure.providers.mercado_data_provider | DEBUG | RTD: Detalhes completos registrados para VIVA3|VIVAT183 (Liquidez detectada)
src.infrastructure.providers.mercado_data_provider | DEBUG | RTD: preco_ativo VIVA3=21.38 forçado com sucesso
src.infrastructure.providers.mercado_data_provider | DEBUG | RTD: Detalhes completos registrados para BRAV3|BRAVW182 (Liquidez detectada)
src.infrastructure.providers.mercado_data_provider | DEBUG | RTD: preco_ativo BRAV3=20.14 forçado com sucesso
src.infrastructure.providers.mercado_data_provider | DEBUG | RTD: Detalhes completos registrados para JHSF3|JHSFT838 (Liquidez detectada)
src.infrastructure.providers.mercado_data_provider | DEBUG | RTD: preco_ativo JHSF3=10.95 forçado com sucesso
src.infrastructure.providers.mercado_data_provider | DEBUG | RTD: Detalhes completos registrados para CVCB3|CVCBT130 (Liquidez detectada)
src.infrastructure.providers.mercado_data_provider | DEBUG | RTD: preco_ativo CVCB3=1.14 forçado com sucesso
src.infrastructure.providers.mercado_data_provider | DEBUG | RTD: Detalhes completos registrados para LEVE3|LEVEU273 (Liquidez detectada)
src.infrastructure.providers.mercado_data_provider | DEBUG | RTD: preco_ativo LEVE3=31.36 forçado com sucesso
src.infrastructure.providers.mercado_data_provider | DEBUG | RTD: Detalhes completos registrados para PETR4|PETRT439W1 (Liquidez detectada)
src.infrastructure.providers.mercado_data_provider | DEBUG | RTD: preco_ativo PETR4=41.55 forçado com sucesso
src.infrastructure.providers.mercado_data_provider | DEBUG | RTD: Detalhes completos registrados para PETR4|PETRX29 (Liquidez detectada)
src.infrastructure.providers.mercado_data_provider | DEBUG | RTD: preco_ativo PETR4=41.55 forçado com sucesso
src.infrastructure.providers.mercado_data_provider | DEBUG | RTD: Detalhes completos registrados para PETR4|PETRV391 (Liquidez detectada)
src.infrastructure.providers.mercado_data_provider | DEBUG | RTD: preco_ativo PETR4=41.55 forçado com sucesso
src.infrastructure.providers.mercado_data_provider | DEBUG | RTD: Detalhes completos registrados para BRAV3|BRAVU165 (Liquidez detectada)
src.infrastructure.providers.mercado_data_provider | DEBUG | RTD: preco_ativo BRAV3=20.14 forçado com sucesso
src.infrastructure.providers.mercado_data_provider | DEBUG | RTD: Detalhes completos registrados para LEVE3|LEVET321 (Liquidez detectada)
src.infrastructure.providers.mercado_data_provider | DEBUG | RTD: preco_ativo LEVE3=31.36 forçado com sucesso
src.infrastructure.providers.mercado_data_provider | DEBUG | RTD: Detalhes completos registrados para EMBJ3|EMBJT814 (Liquidez detectada)
src.infrastructure.providers.mercado_data_provider | DEBUG | RTD: preco_ativo EMBJ3=83.29 forçado com sucesso
src.infrastructure.providers.mercado_data_provider | DEBUG | RTD: Detalhes completos registrados para YDUQ3|YDUQX900 (Liquidez detectada)
src.infrastructure.providers.mercado_data_provider | DEBUG | RTD: preco_ativo YDUQ3=7.91 forçado com sucesso
src.infrastructure.providers.mercado_data_provider | DEBUG | RTD: Detalhes completos registrados para USIM5|USIMS924W5 (Liquidez detectada)
src.infrastructure.providers.mercado_data_provider | DEBUG | RTD: preco_ativo USIM5=8.38 forçado com sucesso
src.infrastructure.providers.mercado_data_provider | DEBUG | RTD: Detalhes completos registrados para BBAS3|BBAST217 (Liquidez detectada)
src.infrastructure.providers.mercado_data_provider | DEBUG | RTD: preco_ativo BBAS3=20.66 forçado com sucesso
src.infrastructure.providers.mercado_data_provider | DEBUG | RTD: Detalhes completos registrados para MGLU3|MGLUT395W1 (Liquidez detectada)
src.infrastructure.providers.mercado_data_provider | DEBUG | RTD: preco_ativo MGLU3=4.85 forçado com sucesso
src.infrastructure.providers.mercado_data_provider | DEBUG | RTD: Detalhes completos registrados para EQTL3|EQTLU274 (Liquidez detectada)
src.infrastructure.providers.mercado_data_provider | DEBUG | RTD: preco_ativo EQTL3=38.59 forçado com sucesso
src.infrastructure.providers.mercado_data_provider | DEBUG | RTD: Detalhes completos registrados para PETR4|PETRU572 (Liquidez detectada)
src.infrastructure.providers.mercado_data_provider | DEBUG | RTD: preco_ativo PETR4=41.55 forçado com sucesso
src.infrastructure.providers.mercado_data_provider | DEBUG | RTD: Detalhes completos registrados para BBDC4|BBDCU211 (Liquidez detectada)
src.infrastructure.providers.mercado_data_provider | DEBUG | RTD: preco_ativo BBDC4=18.51 forçado com sucesso
src.infrastructure.providers.mercado_data_provider | DEBUG | RTD: Detalhes completos registrados para UNIP6|UNIPT580 (Liquidez detectada)
src.infrastructure.providers.mercado_data_provider | DEBUG | RTD: preco_ativo UNIP6=60.97 forçado com sucesso
src.infrastructure.providers.mercado_data_provider | DEBUG | RTD: Detalhes completos registrados para WEGE3|WEGES437W5 (Liquidez detectada)
src.infrastructure.providers.mercado_data_provider | DEBUG | RTD: preco_ativo WEGE3=42.62 forçado com sucesso
src.infrastructure.providers.mercado_data_provider | DEBUG | RTD: Detalhes completos registrados para AXIA3|AXIAS455W5 (Liquidez detectada)
src.infrastructure.providers.mercado_data_provider | DEBUG | RTD: preco_ativo AXIA3=50.19 forçado com sucesso
src.infrastructure.providers.mercado_data_provider | DEBUG | RTD: Detalhes completos registrados para BBDC4|BBDCT149 (Liquidez detectada)
src.infrastructure.providers.mercado_data_provider | DEBUG | RTD: preco_ativo BBDC4=18.51 forçado com sucesso
src.infrastructure.providers.mercado_data_provider | DEBUG | RTD: Detalhes completos registrados para UGPA3|UGPAW170 (Liquidez detectada)
src.infrastructure.providers.mercado_data_provider | DEBUG | RTD: preco_ativo UGPA3=31.63 forçado com sucesso
src.infrastructure.providers.mercado_data_provider | DEBUG | RTD: Detalhes completos registrados para VLID3|VLIDT167 (Liquidez detectada)
src.infrastructure.providers.mercado_data_provider | DEBUG | RTD: preco_ativo VLID3=17.61 forçado com sucesso
src.infrastructure.providers.mercado_data_provider | DEBUG | RTD: Detalhes completos registrados para USIM5|USIMS904W5 (Liquidez detectada)
src.infrastructure.providers.mercado_data_provider | DEBUG | RTD: preco_ativo USIM5=8.38 forçado com sucesso
src.infrastructure.providers.mercado_data_provider | DEBUG | RTD: Detalhes completos registrados para BEEF3|BEEFT277 (Liquidez detectada)
src.infrastructure.providers.mercado_data_provider | DEBUG | RTD: preco_ativo BEEF3=3.56 forçado com sucesso
src.infrastructure.providers.mercado_data_provider | DEBUG | RTD: Detalhes completos registrados para AURE3|AURET894 (Liquidez detectada)
src.infrastructure.providers.mercado_data_provider | DEBUG | RTD: preco_ativo AURE3=11.27 forçado com sucesso
src.infrastructure.providers.mercado_data_provider | DEBUG | RTD: Detalhes completos registrados para XPBR31|XPBRT855 (Liquidez detectada)
src.infrastructure.providers.mercado_data_provider | DEBUG | RTD: preco_ativo XPBR31=84.85 forçado com sucesso
src.infrastructure.providers.mercado_data_provider | DEBUG | RTD: Detalhes completos registrados para PSSA3|PSSAT443 (Liquidez detectada)
src.infrastructure.providers.mercado_data_provider | DEBUG | RTD: preco_ativo PSSA3=53.34 forçado com sucesso
src.infrastructure.providers.mercado_data_provider | DEBUG | RTD: Detalhes completos registrados para KLBN11|KLBNU203 (Liquidez detectada)
src.infrastructure.providers.mercado_data_provider | DEBUG | RTD: preco_ativo KLBN11=17.43 forçado com sucesso
src.infrastructure.providers.mercado_data_provider | DEBUG | RTD: Detalhes completos registrados para PETR4|PETRS413W5 (Liquidez detectada)
src.infrastructure.providers.mercado_data_provider | DEBUG | RTD: preco_ativo PETR4=41.55 forçado com sucesso
src.infrastructure.providers.mercado_data_provider | DEBUG | RTD: Detalhes completos registrados para POMO4|POMOT464 (Liquidez detectada)
src.infrastructure.providers.mercado_data_provider | DEBUG | RTD: preco_ativo POMO4=5.10 forçado com sucesso
src.infrastructure.providers.mercado_data_provider | DEBUG | RTD: Detalhes completos registrados para SUZB3|SUZBU506 (Liquidez detectada)
src.infrastructure.providers.mercado_data_provider | DEBUG | RTD: preco_ativo SUZB3=41.47 forçado com sucesso
src.infrastructure.providers.mercado_data_provider | DEBUG | RTD: Detalhes completos registrados para SMTO3|SMTOU141 (Liquidez detectada)
src.infrastructure.providers.mercado_data_provider | DEBUG | RTD: preco_ativo SMTO3=15.40 forçado com sucesso
src.infrastructure.providers.mercado_data_provider | DEBUG | RTD: Detalhes completos registrados para SMFT3|SMFTU17 (Liquidez detectada)
src.infrastructure.providers.mercado_data_provider | DEBUG | RTD: preco_ativo SMFT3=19.94 forçado com sucesso
src.infrastructure.providers.mercado_data_provider | DEBUG | RTD: Detalhes completos registrados para SAPR11|SAPRT309 (Liquidez detectada)
src.infrastructure.providers.mercado_data_provider | DEBUG | RTD: preco_ativo SAPR11=36.30 forçado com sucesso
src.infrastructure.providers.mercado_data_provider | DEBUG | RTD: Detalhes completos registrados para ITUB4|ITUBT346 (Liquidez detectada)
src.infrastructure.providers.mercado_data_provider | DEBUG | RTD: preco_ativo ITUB4=42.39 forçado com sucesso
src.infrastructure.providers.mercado_data_provider | DEBUG | RTD: Detalhes completos registrados para RENT3|RENTT385 (Liquidez detectada)
src.infrastructure.providers.mercado_data_provider | DEBUG | RTD: preco_ativo RENT3=36.59 forçado com sucesso
src.infrastructure.providers.mercado_data_provider | DEBUG | RTD: Detalhes completos registrados para WEGE3|WEGET417W1 (Liquidez detectada)
src.infrastructure.providers.mercado_data_provider | DEBUG | RTD: preco_ativo WEGE3=42.62 forçado com sucesso
src.infrastructure.providers.mercado_data_provider | DEBUG | RTD: Detalhes completos registrados para SMFT3|SMFTU194 (Liquidez detectada)
src.infrastructure.providers.mercado_data_provider | DEBUG | RTD: preco_ativo SMFT3=19.94 forçado com sucesso
src.infrastructure.providers.mercado_data_provider | DEBUG | RTD: Detalhes completos registrados para MULT3|MULTU308 (Liquidez detectada)
src.infrastructure.providers.mercado_data_provider | DEBUG | RTD: preco_ativo MULT3=28.08 forçado com sucesso
src.infrastructure.providers.mercado_data_provider | DEBUG | RTD: Detalhes completos registrados para PETR3|PETRT443 (Liquidez detectada)
src.infrastructure.providers.mercado_data_provider | DEBUG | RTD: preco_ativo PETR3=46.71 forçado com sucesso
src.infrastructure.providers.mercado_data_provider | DEBUG | RTD: Detalhes completos registrados para MGLU3|MGLUU475 (Liquidez detectada)
src.infrastructure.providers.mercado_data_provider | DEBUG | RTD: preco_ativo MGLU3=4.85 forçado com sucesso
src.infrastructure.providers.mercado_data_provider | DEBUG | RTD: Detalhes completos registrados para RENT3|RENTU400 (Liquidez detectada)
src.infrastructure.providers.mercado_data_provider | DEBUG | RTD: preco_ativo RENT3=36.59 forçado com sucesso
src.infrastructure.providers.mercado_data_provider | DEBUG | RTD: Detalhes completos registrados para SUZB3|SUZBT423 (Liquidez detectada)
src.infrastructure.providers.mercado_data_provider | DEBUG | RTD: preco_ativo SUZB3=41.47 forçado com sucesso
src.infrastructure.providers.mercado_data_provider | DEBUG | RTD: Detalhes completos registrados para TIMS3|TIMSU224 (Liquidez detectada)
src.infrastructure.providers.mercado_data_provider | DEBUG | RTD: preco_ativo TIMS3=22.42 forçado com sucesso
src.infrastructure.providers.mercado_data_provider | DEBUG | RTD: Detalhes completos registrados para TAEE11|TAEEU346W2 (Liquidez detectada)
src.infrastructure.providers.mercado_data_provider | DEBUG | RTD: preco_ativo TAEE11=41.16 forçado com sucesso
src.infrastructure.providers.mercado_data_provider | DEBUG | RTD: Detalhes completos registrados para EMBJ3|EMBJT328 (Liquidez detectada)
src.infrastructure.providers.mercado_data_provider | DEBUG | RTD: preco_ativo EMBJ3=83.29 forçado com sucesso
src.infrastructure.providers.mercado_data_provider | DEBUG | RTD: Detalhes completos registrados para UGPA3|UGPAT220 (Liquidez detectada)
src.infrastructure.providers.mercado_data_provider | DEBUG | RTD: preco_ativo UGPA3=31.63 forçado com sucesso
src.infrastructure.providers.mercado_data_provider | DEBUG | RTD: Detalhes completos registrados para BBDC4|BBDCT204 (Liquidez detectada)
src.infrastructure.providers.mercado_data_provider | DEBUG | RTD: preco_ativo BBDC4=18.51 forçado com sucesso
src.infrastructure.providers.mercado_data_provider | DEBUG | RTD: Detalhes completos registrados para MGLU3|MGLUU480 (Liquidez detectada)
src.infrastructure.providers.mercado_data_provider | DEBUG | RTD: preco_ativo MGLU3=4.85 forçado com sucesso
src.infrastructure.providers.mercado_data_provider | DEBUG | RTD: Detalhes completos registrados para VALE3|VALEU716 (Liquidez detectada)
src.infrastructure.providers.mercado_data_provider | DEBUG | RTD: preco_ativo VALE3=72.21 forçado com sucesso
src.infrastructure.providers.mercado_data_provider | DEBUG | RTD: Detalhes completos registrados para MBRF3|MBRFT236 (Liquidez detectada)
src.infrastructure.providers.mercado_data_provider | DEBUG | RTD: preco_ativo MBRF3=15.23 forçado com sucesso
src.infrastructure.providers.mercado_data_provider | DEBUG | RTD: Detalhes completos registrados para RECV3|RECVT883 (Liquidez detectada)
src.infrastructure.providers.mercado_data_provider | DEBUG | RTD: preco_ativo RECV3=10.32 forçado com sucesso
src.infrastructure.providers.mercado_data_provider | DEBUG | RTD: Detalhes completos registrados para WEGE3|WEGEU377 (Liquidez detectada)
src.infrastructure.providers.mercado_data_provider | DEBUG | RTD: preco_ativo WEGE3=42.62 forçado com sucesso
src.infrastructure.providers.mercado_data_provider | DEBUG | RTD: Detalhes completos registrados para BRKM5|BRKMW820 (Liquidez detectada)
src.infrastructure.providers.mercado_data_provider | DEBUG | RTD: preco_ativo BRKM5=5.84 forçado com sucesso
src.infrastructure.providers.mercado_data_provider | DEBUG | RTD: Detalhes completos registrados para YDUQ3|YDUQT90 (Liquidez detectada)
src.infrastructure.providers.mercado_data_provider | DEBUG | RTD: preco_ativo YDUQ3=7.91 forçado com sucesso
src.infrastructure.providers.mercado_data_provider | DEBUG | RTD: Detalhes completos registrados para SMAL11|SMALT855 (Liquidez detectada)
src.infrastructure.providers.mercado_data_provider | DEBUG | RTD: preco_ativo SMAL11=105.56 forçado com sucesso
src.infrastructure.providers.mercado_data_provider | DEBUG | RTD: Detalhes completos registrados para IGTI11|IGTIT196 (Liquidez detectada)
src.infrastructure.providers.mercado_data_provider | DEBUG | RTD: preco_ativo IGTI11=24.54 forçado com sucesso
src.infrastructure.providers.mercado_data_provider | DEBUG | RTD: Detalhes completos registrados para PETR4|PETRT328W1 (Liquidez detectada)
src.infrastructure.providers.mercado_data_provider | DEBUG | RTD: preco_ativo PETR4=41.55 forçado com sucesso
src.infrastructure.providers.mercado_data_provider | DEBUG | RTD: Detalhes completos registrados para WEGE3|WEGET435 (Liquidez detectada)
src.infrastructure.providers.mercado_data_provider | DEBUG | RTD: preco_ativo WEGE3=42.62 forçado com sucesso
src.infrastructure.providers.mercado_data_provider | DEBUG | RTD: Detalhes completos registrados para HAPV3|HAPVT950 (Liquidez detectada)
src.infrastructure.providers.mercado_data_provider | DEBUG | RTD: preco_ativo HAPV3=11.19 forçado com sucesso
src.infrastructure.providers.mercado_data_provider | DEBUG | RTD: Detalhes completos registrados para ENGI11|ENGIT478 (Liquidez detectada)
src.infrastructure.providers.mercado_data_provider | DEBUG | RTD: preco_ativo ENGI11=48.76 forçado com sucesso
src.infrastructure.providers.mercado_data_provider | DEBUG | RTD: Detalhes completos registrados para SANB11|SANBU210 (Liquidez detectada)
src.infrastructure.providers.mercado_data_provider | DEBUG | RTD: preco_ativo SANB11=27.24 forçado com sucesso
src.infrastructure.providers.mercado_data_provider | DEBUG | RTD: Detalhes completos registrados para EMBJ3|EMBJT823 (Liquidez detectada)
src.infrastructure.providers.mercado_data_provider | DEBUG | RTD: preco_ativo EMBJ3=83.29 forçado com sucesso
src.infrastructure.providers.mercado_data_provider | DEBUG | RTD: Detalhes completos registrados para CSMG3|CSMGT510W4 (Liquidez detectada)
src.infrastructure.providers.mercado_data_provider | DEBUG | RTD: preco_ativo CSMG3=63.21 forçado com sucesso
src.infrastructure.providers.mercado_data_provider | DEBUG | RTD: Detalhes completos registrados para PETR4|PETRX139 (Liquidez detectada)
src.infrastructure.providers.mercado_data_provider | DEBUG | RTD: preco_ativo PETR4=41.55 forçado com sucesso
src.infrastructure.providers.mercado_data_provider | DEBUG | RTD: Detalhes completos registrados para ITUB4|ITUBT407W1 (Liquidez detectada)
src.infrastructure.providers.mercado_data_provider | DEBUG | RTD: preco_ativo ITUB4=42.39 forçado com sucesso
src.infrastructure.providers.mercado_data_provider | DEBUG | RTD: Detalhes completos registrados para AZZA3|AZZAU210 (Liquidez detectada)
src.infrastructure.providers.mercado_data_provider | DEBUG | RTD: preco_ativo AZZA3=17.82 forçado com sucesso
src.infrastructure.providers.mercado_data_provider | DEBUG | RTD: Detalhes completos registrados para TOTS3|TOTSU327 (Liquidez detectada)
src.infrastructure.providers.mercado_data_provider | DEBUG | RTD: preco_ativo TOTS3=28.35 forçado com sucesso
src.infrastructure.providers.mercado_data_provider | DEBUG | RTD: Detalhes completos registrados para RENT3|RENTU350 (Liquidez detectada)
src.infrastructure.providers.mercado_data_provider | DEBUG | RTD: preco_ativo RENT3=36.59 forçado com sucesso
src.infrastructure.providers.mercado_data_provider | DEBUG | RTD: Detalhes completos registrados para SMFT3|SMFTT181 (Liquidez detectada)
src.infrastructure.providers.mercado_data_provider | DEBUG | RTD: preco_ativo SMFT3=19.94 forçado com sucesso
src.infrastructure.providers.mercado_data_provider | DEBUG | RTD: Detalhes completos registrados para LJQQ3|LJQQT120 (Liquidez detectada)
src.infrastructure.providers.mercado_data_provider | DEBUG | RTD: preco_ativo LJQQ3=1.14 forçado com sucesso
src.infrastructure.providers.mercado_data_provider | DEBUG | RTD: Detalhes completos registrados para PETR4|PETRT408W2 (Liquidez detectada)
src.infrastructure.providers.mercado_data_provider | DEBUG | RTD: preco_ativo PETR4=41.55 forçado com sucesso
src.infrastructure.providers.mercado_data_provider | DEBUG | RTD: Detalhes completos registrados para BRSR6|BRSRU134 (Liquidez detectada)
src.infrastructure.providers.mercado_data_provider | DEBUG | RTD: preco_ativo BRSR6=14.16 forçado com sucesso
src.infrastructure.providers.mercado_data_provider | DEBUG | RTD: Detalhes completos registrados para TUPY3|TUPYT155 (Liquidez detectada)
src.infrastructure.providers.mercado_data_provider | DEBUG | RTD: preco_ativo TUPY3=15.33 forçado com sucesso
src.infrastructure.providers.mercado_data_provider | DEBUG | RTD: Detalhes completos registrados para BBDC4|BBDCT214 (Liquidez detectada)
src.infrastructure.providers.mercado_data_provider | DEBUG | RTD: preco_ativo BBDC4=18.51 forçado com sucesso
src.infrastructure.providers.mercado_data_provider | DEBUG | RTD: Detalhes completos registrados para B3SA3|B3SAT117 (Liquidez detectada)
src.infrastructure.providers.mercado_data_provider | DEBUG | RTD: preco_ativo B3SA3=15.10 forçado com sucesso
src.infrastructure.providers.mercado_data_provider | DEBUG | RTD: Detalhes completos registrados para VALE3|VALEU901 (Liquidez detectada)
src.infrastructure.providers.mercado_data_provider | DEBUG | RTD: preco_ativo VALE3=72.21 forçado com sucesso
src.infrastructure.providers.mercado_data_provider | DEBUG | RTD: Detalhes completos registrados para PETR4|PETRT502 (Liquidez detectada)
src.infrastructure.providers.mercado_data_provider | DEBUG | RTD: preco_ativo PETR4=41.55 forçado com sucesso
src.infrastructure.providers.mercado_data_provider | DEBUG | RTD: Detalhes completos registrados para PRIO3|PRIOT515 (Liquidez detectada)
src.infrastructure.providers.mercado_data_provider | DEBUG | RTD: preco_ativo PRIO3=58.56 forçado com sucesso
src.infrastructure.providers.mercado_data_provider | DEBUG | RTD: Detalhes completos registrados para PRIO3|PRIOT455 (Liquidez detectada)
src.infrastructure.providers.mercado_data_provider | DEBUG | RTD: preco_ativo PRIO3=58.56 forçado com sucesso
src.infrastructure.providers.mercado_data_provider | DEBUG | RTD: Detalhes completos registrados para LJQQ3|LJQQU130 (Liquidez detectada)
src.infrastructure.providers.mercado_data_provider | DEBUG | RTD: preco_ativo LJQQ3=1.14 forçado com sucesso
src.infrastructure.providers.mercado_data_provider | DEBUG | RTD: Detalhes completos registrados para BRAV3|BRAVU182 (Liquidez detectada)
src.infrastructure.providers.mercado_data_provider | DEBUG | RTD: preco_ativo BRAV3=20.14 forçado com sucesso
src.infrastructure.providers.mercado_data_provider | DEBUG | RTD: Detalhes completos registrados para SUZB3|SUZBU338 (Liquidez detectada)
src.infrastructure.providers.mercado_data_provider | DEBUG | RTD: preco_ativo SUZB3=41.47 forçado com sucesso
src.infrastructure.providers.mercado_data_provider | DEBUG | RTD: Detalhes completos registrados para EQTL3|EQTLT392 (Liquidez detectada)
src.infrastructure.providers.mercado_data_provider | DEBUG | RTD: preco_ativo EQTL3=38.59 forçado com sucesso
src.infrastructure.providers.mercado_data_provider | DEBUG | RTD: Detalhes completos registrados para PETR4|PETRT369 (Liquidez detectada)
src.infrastructure.providers.mercado_data_provider | DEBUG | RTD: preco_ativo PETR4=41.55 forçado com sucesso
src.infrastructure.providers.mercado_data_provider | DEBUG | RTD: Detalhes completos registrados para SUZB3|SUZBT403W1 (Liquidez detectada)
src.infrastructure.providers.mercado_data_provider | DEBUG | RTD: preco_ativo SUZB3=41.47 forçado com sucesso
src.infrastructure.providers.mercado_data_provider | DEBUG | RTD: Detalhes completos registrados para BBDC3|BBDCT177 (Liquidez detectada)
src.infrastructure.providers.mercado_data_provider | DEBUG | RTD: preco_ativo BBDC3=16.10 forçado com sucesso
src.infrastructure.providers.mercado_data_provider | DEBUG | RTD: Detalhes completos registrados para LEVE3|LEVEU308 (Liquidez detectada)
src.infrastructure.providers.mercado_data_provider | DEBUG | RTD: preco_ativo LEVE3=31.36 forçado com sucesso
src.infrastructure.providers.mercado_data_provider | DEBUG | RTD: Detalhes completos registrados para BRKM5|BRKMU700 (Liquidez detectada)
src.infrastructure.providers.mercado_data_provider | DEBUG | RTD: preco_ativo BRKM5=5.84 forçado com sucesso
src.infrastructure.providers.mercado_data_provider | DEBUG | RTD: Detalhes completos registrados para GOAU4|GOAUU957 (Liquidez detectada)
src.infrastructure.providers.mercado_data_provider | DEBUG | RTD: preco_ativo GOAU4=10.26 forçado com sucesso
src.infrastructure.providers.mercado_data_provider | DEBUG | RTD: Detalhes completos registrados para BPAC11|BPACS521W5 (Liquidez detectada)
src.infrastructure.providers.mercado_data_provider | DEBUG | RTD: preco_ativo BPAC11=55.56 forçado com sucesso
src.infrastructure.providers.mercado_data_provider | DEBUG | RTD: Detalhes completos registrados para PETR4|PETRW502 (Liquidez detectada)
src.infrastructure.providers.mercado_data_provider | DEBUG | RTD: preco_ativo PETR4=41.55 forçado com sucesso
src.infrastructure.providers.mercado_data_provider | DEBUG | RTD: Detalhes completos registrados para CMIG4|CMIGV126 (Liquidez detectada)
src.infrastructure.providers.mercado_data_provider | DEBUG | RTD: preco_ativo CMIG4=11.03 forçado com sucesso
src.infrastructure.providers.mercado_data_provider | DEBUG | RTD: Detalhes completos registrados para RIAA3|RIAAU818 (Liquidez detectada)
src.infrastructure.providers.mercado_data_provider | DEBUG | RTD: preco_ativo RIAA3=7.75 forçado com sucesso
src.infrastructure.providers.mercado_data_provider | DEBUG | RTD: Detalhes completos registrados para VALE3|VALET434 (Liquidez detectada)
src.infrastructure.providers.mercado_data_provider | DEBUG | RTD: preco_ativo VALE3=72.21 forçado com sucesso
src.infrastructure.providers.mercado_data_provider | DEBUG | RTD: Detalhes completos registrados para PSSA3|PSSAT418 (Liquidez detectada)
src.infrastructure.providers.mercado_data_provider | DEBUG | RTD: preco_ativo PSSA3=53.34 forçado com sucesso
src.infrastructure.providers.mercado_data_provider | DEBUG | RTD: Detalhes completos registrados para PETR4|PETRV373W2 (Liquidez detectada)
src.infrastructure.providers.mercado_data_provider | DEBUG | RTD: preco_ativo PETR4=41.55 forçado com sucesso
src.infrastructure.providers.mercado_data_provider | DEBUG | RTD: Detalhes completos registrados para SANB11|SANBT270 (Liquidez detectada)
src.infrastructure.providers.mercado_data_provider | DEBUG | RTD: preco_ativo SANB11=27.24 forçado com sucesso
src.infrastructure.providers.mercado_data_provider | DEBUG | RTD: Detalhes completos registrados para BMGB4|BMGBU522 (Liquidez detectada)
src.infrastructure.providers.mercado_data_provider | DEBUG | RTD: preco_ativo BMGB4=5.21 forçado com sucesso
src.infrastructure.providers.mercado_data_provider | DEBUG | RTD: Detalhes completos registrados para JHSF3|JHSFU898 (Liquidez detectada)
src.infrastructure.providers.mercado_data_provider | DEBUG | RTD: preco_ativo JHSF3=10.95 forçado com sucesso
src.infrastructure.providers.mercado_data_provider | DEBUG | RTD: Detalhes completos registrados para GGBR4|GGBRT228 (Liquidez detectada)
src.infrastructure.providers.mercado_data_provider | DEBUG | RTD: preco_ativo GGBR4=23.61 forçado com sucesso
src.infrastructure.providers.mercado_data_provider | DEBUG | RTD: Detalhes completos registrados para LREN3|LRENT120 (Liquidez detectada)
src.infrastructure.providers.mercado_data_provider | DEBUG | RTD: preco_ativo LREN3=13.20 forçado com sucesso
src.infrastructure.providers.mercado_data_provider | DEBUG | RTD: Detalhes completos registrados para HAPV3|HAPVT127 (Liquidez detectada)
src.infrastructure.providers.mercado_data_provider | DEBUG | RTD: preco_ativo HAPV3=11.19 forçado com sucesso
src.infrastructure.providers.mercado_data_provider | DEBUG | RTD: Detalhes completos registrados para EMBJ3|EMBJS870W5 (Liquidez detectada)
src.infrastructure.providers.mercado_data_provider | DEBUG | RTD: preco_ativo EMBJ3=83.29 forçado com sucesso
src.infrastructure.providers.mercado_data_provider | DEBUG | RTD: Detalhes completos registrados para SUZB3|SUZBT456 (Liquidez detectada)
src.infrastructure.providers.mercado_data_provider | DEBUG | RTD: preco_ativo SUZB3=41.47 forçado com sucesso
src.infrastructure.providers.mercado_data_provider | DEBUG | RTD: Detalhes completos registrados para LEVE3|LEVEU263 (Liquidez detectada)
src.infrastructure.providers.mercado_data_provider | DEBUG | RTD: preco_ativo LEVE3=31.36 forçado com sucesso
src.infrastructure.providers.mercado_data_provider | DEBUG | RTD: Detalhes completos registrados para LEVE3|LEVEU328 (Liquidez detectada)
src.infrastructure.providers.mercado_data_provider | DEBUG | RTD: preco_ativo LEVE3=31.36 forçado com sucesso
src.infrastructure.providers.mercado_data_provider | DEBUG | RTD: Detalhes completos registrados para VALE3|VALET809 (Liquidez detectada)
src.infrastructure.providers.mercado_data_provider | DEBUG | RTD: preco_ativo VALE3=72.21 forçado com sucesso
src.infrastructure.providers.mercado_data_provider | DEBUG | RTD: Detalhes completos registrados para EZTC3|EZTCU120 (Liquidez detectada)
src.infrastructure.providers.mercado_data_provider | DEBUG | RTD: preco_ativo EZTC3=11.63 forçado com sucesso
src.infrastructure.providers.mercado_data_provider | DEBUG | RTD: Detalhes completos registrados para SBSP3|SBSPT288W1 (Liquidez detectada)
src.infrastructure.providers.mercado_data_provider | DEBUG | RTD: preco_ativo SBSP3=28.60 forçado com sucesso
src.infrastructure.providers.mercado_data_provider | DEBUG | RTD: Detalhes completos registrados para POSI3|POSIU435 (Liquidez detectada)
src.infrastructure.providers.mercado_data_provider | DEBUG | RTD: preco_ativo POSI3=3.75 forçado com sucesso
src.infrastructure.providers.mercado_data_provider | DEBUG | RTD: Detalhes completos registrados para IRBR3|IRBRS493W5 (Liquidez detectada)
src.infrastructure.providers.mercado_data_provider | DEBUG | RTD: preco_ativo IRBR3=55.53 forçado com sucesso
src.infrastructure.providers.mercado_data_provider | DEBUG | RTD: Detalhes completos registrados para ITUB4|ITUBU500 (Liquidez detectada)
src.infrastructure.providers.mercado_data_provider | DEBUG | RTD: preco_ativo ITUB4=42.39 forçado com sucesso
src.infrastructure.providers.mercado_data_provider | DEBUG | RTD: Detalhes completos registrados para RIAA3|RIAAT878 (Liquidez detectada)
src.infrastructure.providers.mercado_data_provider | DEBUG | RTD: preco_ativo RIAA3=7.75 forçado com sucesso
src.infrastructure.providers.mercado_data_provider | DEBUG | RTD: Detalhes completos registrados para VALE3|VALET249 (Liquidez detectada)
src.infrastructure.providers.mercado_data_provider | DEBUG | RTD: preco_ativo VALE3=72.21 forçado com sucesso
src.infrastructure.providers.mercado_data_provider | DEBUG | RTD: Detalhes completos registrados para VALE3|VALET748 (Liquidez detectada)
src.infrastructure.providers.mercado_data_provider | DEBUG | RTD: preco_ativo VALE3=72.21 forçado com sucesso
src.infrastructure.providers.mercado_data_provider | DEBUG | RTD: Detalhes completos registrados para BLAU3|BLAUW12 (Liquidez detectada)
src.infrastructure.providers.mercado_data_provider | DEBUG | RTD: preco_ativo BLAU3=9.16 forçado com sucesso
src.infrastructure.providers.mercado_data_provider | DEBUG | RTD: Detalhes completos registrados para BBAS3|BBASW193 (Liquidez detectada)
src.infrastructure.providers.mercado_data_provider | DEBUG | RTD: preco_ativo BBAS3=20.66 forçado com sucesso
src.infrastructure.providers.mercado_data_provider | DEBUG | RTD: Detalhes completos registrados para HAPV3|HAPVT167 (Liquidez detectada)
src.infrastructure.providers.mercado_data_provider | DEBUG | RTD: preco_ativo HAPV3=11.19 forçado com sucesso
src.infrastructure.providers.mercado_data_provider | DEBUG | RTD: Detalhes completos registrados para LREN3|LRENU174 (Liquidez detectada)
src.infrastructure.providers.mercado_data_provider | DEBUG | RTD: preco_ativo LREN3=13.20 forçado com sucesso
src.infrastructure.providers.mercado_data_provider | DEBUG | RTD: Detalhes completos registrados para EQTL3|EQTLT302 (Liquidez detectada)
src.infrastructure.providers.mercado_data_provider | DEBUG | RTD: preco_ativo EQTL3=38.59 forçado com sucesso
src.infrastructure.providers.mercado_data_provider | DEBUG | RTD: Detalhes completos registrados para VALE3|VALET864 (Liquidez detectada)
src.infrastructure.providers.mercado_data_provider | DEBUG | RTD: preco_ativo VALE3=72.21 forçado com sucesso
src.infrastructure.providers.mercado_data_provider | DEBUG | RTD: Detalhes completos registrados para ITUB4|ITUBX409 (Liquidez detectada)
src.infrastructure.providers.mercado_data_provider | DEBUG | RTD: preco_ativo ITUB4=42.39 forçado com sucesso
src.infrastructure.providers.mercado_data_provider | DEBUG | RTD: Detalhes completos registrados para CYRE3|CYREU227 (Liquidez detectada)
src.infrastructure.providers.mercado_data_provider | DEBUG | RTD: preco_ativo CYRE3=21.00 forçado com sucesso
src.infrastructure.providers.mercado_data_provider | DEBUG | RTD: Detalhes completos registrados para BBSE3|BBSET421 (Liquidez detectada)
src.infrastructure.providers.mercado_data_provider | DEBUG | RTD: preco_ativo BBSE3=41.15 forçado com sucesso
src.infrastructure.providers.mercado_data_provider | DEBUG | RTD: Detalhes completos registrados para IVVB11|IVVBU308 (Liquidez detectada)
src.infrastructure.providers.mercado_data_provider | DEBUG | RTD: preco_ativo IVVB11=429.10 forçado com sucesso
src.infrastructure.providers.mercado_data_provider | DEBUG | RTD: Detalhes completos registrados para MBRF3|MBRFU915 (Liquidez detectada)
src.infrastructure.providers.mercado_data_provider | DEBUG | RTD: preco_ativo MBRF3=15.23 forçado com sucesso
src.infrastructure.providers.mercado_data_provider | DEBUG | RTD: Detalhes completos registrados para NATU3|NATUT107 (Liquidez detectada)
src.infrastructure.providers.mercado_data_provider | DEBUG | RTD: preco_ativo NATU3=8.77 forçado com sucesso
src.infrastructure.providers.mercado_data_provider | DEBUG | RTD: Detalhes completos registrados para XPBR31|XPBRU950 (Liquidez detectada)
src.infrastructure.providers.mercado_data_provider | DEBUG | RTD: preco_ativo XPBR31=84.85 forçado com sucesso
src.infrastructure.providers.mercado_data_provider | DEBUG | RTD: Detalhes completos registrados para BBAS3|BBASU184 (Liquidez detectada)
src.infrastructure.providers.mercado_data_provider | DEBUG | RTD: preco_ativo BBAS3=20.66 forçado com sucesso
src.infrastructure.providers.mercado_data_provider | DEBUG | RTD: Detalhes completos registrados para CSMG3|CSMGT508 (Liquidez detectada)
src.infrastructure.providers.mercado_data_provider | DEBUG | RTD: preco_ativo CSMG3=63.21 forçado com sucesso
src.infrastructure.providers.mercado_data_provider | DEBUG | RTD: Detalhes completos registrados para CSMG3|CSMGT570W4 (Liquidez detectada)
src.infrastructure.providers.mercado_data_provider | DEBUG | RTD: preco_ativo CSMG3=63.21 forçado com sucesso
src.infrastructure.providers.mercado_data_provider | DEBUG | RTD: Detalhes completos registrados para GGBR4|GGBRU187 (Liquidez detectada)
src.infrastructure.providers.mercado_data_provider | DEBUG | RTD: preco_ativo GGBR4=23.61 forçado com sucesso
src.infrastructure.providers.mercado_data_provider | DEBUG | RTD: Detalhes completos registrados para ENEV3|ENEVU192 (Liquidez detectada)
src.infrastructure.providers.mercado_data_provider | DEBUG | RTD: preco_ativo ENEV3=25.41 forçado com sucesso
src.infrastructure.providers.mercado_data_provider | DEBUG | RTD: Detalhes completos registrados para CYRE3|CYREU247 (Liquidez detectada)
src.infrastructure.providers.mercado_data_provider | DEBUG | RTD: preco_ativo CYRE3=21.00 forçado com sucesso
src.infrastructure.providers.mercado_data_provider | DEBUG | RTD: Detalhes completos registrados para PETR4|PETRV353 (Liquidez detectada)
src.infrastructure.providers.mercado_data_provider | DEBUG | RTD: preco_ativo PETR4=41.55 forçado com sucesso
src.infrastructure.providers.mercado_data_provider | DEBUG | RTD: Detalhes completos registrados para PRIO3|PRIOU650 (Liquidez detectada)
src.infrastructure.providers.mercado_data_provider | DEBUG | RTD: preco_ativo PRIO3=58.56 forçado com sucesso
src.infrastructure.providers.mercado_data_provider | DEBUG | RTD: Detalhes completos registrados para PRIO3|PRIOS640W5 (Liquidez detectada)
src.infrastructure.providers.mercado_data_provider | DEBUG | RTD: preco_ativo PRIO3=58.56 forçado com sucesso
src.infrastructure.providers.mercado_data_provider | DEBUG | RTD: Detalhes completos registrados para BPAC11|BPACT555 (Liquidez detectada)
src.infrastructure.providers.mercado_data_provider | DEBUG | RTD: preco_ativo BPAC11=55.56 forçado com sucesso
src.infrastructure.providers.mercado_data_provider | DEBUG | RTD: Detalhes completos registrados para PETR3|PETRT408 (Liquidez detectada)
src.infrastructure.providers.mercado_data_provider | DEBUG | RTD: preco_ativo PETR3=46.71 forçado com sucesso
src.infrastructure.providers.mercado_data_provider | DEBUG | RTD: Detalhes completos registrados para SUZB3|SUZBT326 (Liquidez detectada)
src.infrastructure.providers.mercado_data_provider | DEBUG | RTD: preco_ativo SUZB3=41.47 forçado com sucesso
src.infrastructure.providers.mercado_data_provider | DEBUG | RTD: Detalhes completos registrados para BBAS3|BBASU206 (Liquidez detectada)
src.infrastructure.providers.mercado_data_provider | DEBUG | RTD: preco_ativo BBAS3=20.66 forçado com sucesso
src.infrastructure.providers.mercado_data_provider | DEBUG | RTD: Detalhes completos registrados para TEND3|TENDT332 (Liquidez detectada)
src.infrastructure.providers.mercado_data_provider | DEBUG | RTD: preco_ativo TEND3=29.69 forçado com sucesso
src.infrastructure.providers.mercado_data_provider | DEBUG | RTD: Detalhes completos registrados para EQTL3|EQTLT397W1 (Liquidez detectada)
src.infrastructure.providers.mercado_data_provider | DEBUG | RTD: preco_ativo EQTL3=38.59 forçado com sucesso
src.infrastructure.providers.mercado_data_provider | DEBUG | RTD: Detalhes completos registrados para EMBJ3|EMBJU928 (Liquidez detectada)
src.infrastructure.providers.mercado_data_provider | DEBUG | RTD: preco_ativo EMBJ3=83.29 forçado com sucesso
src.infrastructure.providers.mercado_data_provider | DEBUG | RTD: Detalhes completos registrados para LREN3|LRENU777 (Liquidez detectada)
src.infrastructure.providers.mercado_data_provider | DEBUG | RTD: preco_ativo LREN3=13.20 forçado com sucesso
src.infrastructure.providers.mercado_data_provider | DEBUG | RTD: Detalhes completos registrados para ECOR3|ECORT524 (Liquidez detectada)
src.infrastructure.providers.mercado_data_provider | DEBUG | RTD: preco_ativo ECOR3=6.74 forçado com sucesso
src.infrastructure.providers.mercado_data_provider | DEBUG | RTD: Detalhes completos registrados para EQTL3|EQTLT334W1 (Liquidez detectada)
src.infrastructure.providers.mercado_data_provider | DEBUG | RTD: preco_ativo EQTL3=38.59 forçado com sucesso
src.infrastructure.providers.mercado_data_provider | DEBUG | RTD: Detalhes completos registrados para PETR3|PETRT433 (Liquidez detectada)
src.infrastructure.providers.mercado_data_provider | DEBUG | RTD: preco_ativo PETR3=46.71 forçado com sucesso
src.infrastructure.providers.mercado_data_provider | DEBUG | RTD: Detalhes completos registrados para NATU3|NATUT810 (Liquidez detectada)
src.infrastructure.providers.mercado_data_provider | DEBUG | RTD: preco_ativo NATU3=8.77 forçado com sucesso
src.infrastructure.providers.mercado_data_provider | DEBUG | RTD: Detalhes completos registrados para RAPT4|RAPTU495 (Liquidez detectada)
src.infrastructure.providers.mercado_data_provider | DEBUG | RTD: preco_ativo RAPT4=4.63 forçado com sucesso
src.infrastructure.providers.mercado_data_provider | DEBUG | RTD: Detalhes completos registrados para TOTS3|TOTST232 (Liquidez detectada)
src.infrastructure.providers.mercado_data_provider | DEBUG | RTD: preco_ativo TOTS3=28.35 forçado com sucesso
src.infrastructure.providers.mercado_data_provider | DEBUG | RTD: Detalhes completos registrados para EMBJ3|EMBJS795W5 (Liquidez detectada)
src.infrastructure.providers.mercado_data_provider | DEBUG | RTD: preco_ativo EMBJ3=83.29 forçado com sucesso
src.infrastructure.providers.mercado_data_provider | DEBUG | RTD: Detalhes completos registrados para MDIA3|MDIAU180 (Liquidez detectada)
src.infrastructure.providers.mercado_data_provider | DEBUG | RTD: preco_ativo MDIA3=17.62 forçado com sucesso
src.infrastructure.providers.mercado_data_provider | DEBUG | RTD: Detalhes completos registrados para SMAL11|SMALS990W5 (Liquidez detectada)
src.infrastructure.providers.mercado_data_provider | DEBUG | RTD: preco_ativo SMAL11=105.56 forçado com sucesso
src.infrastructure.providers.mercado_data_provider | DEBUG | RTD: Detalhes completos registrados para VALE3|VALET409 (Liquidez detectada)
src.infrastructure.providers.mercado_data_provider | DEBUG | RTD: preco_ativo VALE3=72.21 forçado com sucesso
src.infrastructure.providers.mercado_data_provider | DEBUG | RTD: Detalhes completos registrados para WEGE3|WEGEU486 (Liquidez detectada)
src.infrastructure.providers.mercado_data_provider | DEBUG | RTD: preco_ativo WEGE3=42.62 forçado com sucesso
src.infrastructure.providers.mercado_data_provider | DEBUG | RTD: Detalhes completos registrados para POMO4|POMOV534 (Liquidez detectada)
src.infrastructure.providers.mercado_data_provider | DEBUG | RTD: preco_ativo POMO4=5.10 forçado com sucesso
src.infrastructure.providers.mercado_data_provider | DEBUG | RTD: Detalhes completos registrados para CVCB3|CVCBT650 (Liquidez detectada)
src.infrastructure.providers.mercado_data_provider | DEBUG | RTD: preco_ativo CVCB3=1.14 forçado com sucesso
src.infrastructure.providers.mercado_data_provider | DEBUG | RTD: Detalhes completos registrados para VALE3|VALET884 (Liquidez detectada)
src.infrastructure.providers.mercado_data_provider | DEBUG | RTD: preco_ativo VALE3=72.21 forçado com sucesso
src.infrastructure.providers.mercado_data_provider | DEBUG | RTD: Detalhes completos registrados para HYPE3|HYPEU238 (Liquidez detectada)
src.infrastructure.providers.mercado_data_provider | DEBUG | RTD: preco_ativo HYPE3=20.11 forçado com sucesso
src.infrastructure.providers.mercado_data_provider | DEBUG | RTD: Detalhes completos registrados para RAIL3|RAILT973 (Liquidez detectada)
src.infrastructure.providers.mercado_data_provider | DEBUG | RTD: preco_ativo RAIL3=13.26 forçado com sucesso
src.infrastructure.providers.mercado_data_provider | DEBUG | RTD: Detalhes completos registrados para CURY3|CURYU297 (Liquidez detectada)
src.infrastructure.providers.mercado_data_provider | DEBUG | RTD: preco_ativo CURY3=29.63 forçado com sucesso
src.infrastructure.providers.mercado_data_provider | DEBUG | RTD: Detalhes completos registrados para SLCE3|SLCEU147 (Liquidez detectada)
src.infrastructure.providers.mercado_data_provider | DEBUG | RTD: preco_ativo SLCE3=13.63 forçado com sucesso
src.infrastructure.providers.mercado_data_provider | DEBUG | RTD: Detalhes completos registrados para PETR4|PETRU449 (Liquidez detectada)
src.infrastructure.providers.mercado_data_provider | DEBUG | RTD: preco_ativo PETR4=41.55 forçado com sucesso
src.infrastructure.providers.mercado_data_provider | DEBUG | RTD: Detalhes completos registrados para RDOR3|RDORU364 (Liquidez detectada)
src.infrastructure.providers.mercado_data_provider | DEBUG | RTD: preco_ativo RDOR3=33.29 forçado com sucesso
src.infrastructure.providers.mercado_data_provider | DEBUG | RTD: Detalhes completos registrados para RENT3|RENTU303 (Liquidez detectada)
src.infrastructure.providers.mercado_data_provider | DEBUG | RTD: preco_ativo RENT3=36.59 forçado com sucesso
src.infrastructure.providers.mercado_data_provider | DEBUG | RTD: Detalhes completos registrados para CPFE3|CPFEU452 (Liquidez detectada)
src.infrastructure.providers.mercado_data_provider | DEBUG | RTD: preco_ativo CPFE3=46.39 forçado com sucesso
src.infrastructure.providers.mercado_data_provider | DEBUG | RTD: Detalhes completos registrados para CXSE3|CXSET194 (Liquidez detectada)
src.infrastructure.providers.mercado_data_provider | DEBUG | RTD: preco_ativo CXSE3=22.22 forçado com sucesso
src.infrastructure.providers.mercado_data_provider | DEBUG | RTD: Detalhes completos registrados para UGPA3|UGPAT270 (Liquidez detectada)
src.infrastructure.providers.mercado_data_provider | DEBUG | RTD: preco_ativo UGPA3=31.63 forçado com sucesso
src.infrastructure.providers.mercado_data_provider | DEBUG | RTD: Detalhes completos registrados para BRAV3|BRAVU135 (Liquidez detectada)
src.infrastructure.providers.mercado_data_provider | DEBUG | RTD: preco_ativo BRAV3=20.14 forçado com sucesso
src.infrastructure.providers.mercado_data_provider | DEBUG | RTD: Detalhes completos registrados para VBBR3|VBBRT302 (Liquidez detectada)
src.infrastructure.providers.mercado_data_provider | DEBUG | RTD: preco_ativo VBBR3=33.64 forçado com sucesso
src.infrastructure.providers.mercado_data_provider | DEBUG | RTD: Detalhes completos registrados para UGPA3|UGPAU247 (Liquidez detectada)
src.infrastructure.providers.mercado_data_provider | DEBUG | RTD: preco_ativo UGPA3=31.63 forçado com sucesso
src.infrastructure.providers.mercado_data_provider | DEBUG | RTD: Detalhes completos registrados para EQTL3|EQTLT382W1 (Liquidez detectada)
src.infrastructure.providers.mercado_data_provider | DEBUG | RTD: preco_ativo EQTL3=38.59 forçado com sucesso
src.infrastructure.providers.mercado_data_provider | DEBUG | RTD: Detalhes completos registrados para SAPR11|SAPRU394 (Liquidez detectada)
src.infrastructure.providers.mercado_data_provider | DEBUG | RTD: preco_ativo SAPR11=36.30 forçado com sucesso
src.infrastructure.providers.mercado_data_provider | DEBUG | RTD: Detalhes completos registrados para IVVB11|IVVBU40 (Liquidez detectada)
src.infrastructure.providers.mercado_data_provider | DEBUG | RTD: preco_ativo IVVB11=429.10 forçado com sucesso
src.infrastructure.providers.mercado_data_provider | DEBUG | RTD: Detalhes completos registrados para COGN3|COGNS211W5 (Liquidez detectada)
src.infrastructure.providers.mercado_data_provider | DEBUG | RTD: preco_ativo COGN3=2.15 forçado com sucesso
src.infrastructure.providers.mercado_data_provider | DEBUG | RTD: Detalhes completos registrados para WEGE3|WEGEV329 (Liquidez detectada)
src.infrastructure.providers.mercado_data_provider | DEBUG | RTD: preco_ativo WEGE3=42.62 forçado com sucesso
src.infrastructure.providers.mercado_data_provider | DEBUG | RTD: Detalhes completos registrados para SBFG3|SBFGU955 (Liquidez detectada)
src.infrastructure.providers.mercado_data_provider | DEBUG | RTD: preco_ativo SBFG3=9.41 forçado com sucesso
src.infrastructure.providers.mercado_data_provider | DEBUG | RTD: Detalhes completos registrados para GRND3|GRNDU390 (Liquidez detectada)
src.infrastructure.providers.mercado_data_provider | DEBUG | RTD: preco_ativo GRND3=3.76 forçado com sucesso
src.infrastructure.providers.mercado_data_provider | DEBUG | RTD: Detalhes completos registrados para PETR4|PETRT337 (Liquidez detectada)
src.infrastructure.providers.mercado_data_provider | DEBUG | RTD: preco_ativo PETR4=41.55 forçado com sucesso
src.infrastructure.providers.mercado_data_provider | DEBUG | RTD: Detalhes completos registrados para SMAL11|SMALT960W1 (Liquidez detectada)
src.infrastructure.providers.mercado_data_provider | DEBUG | RTD: preco_ativo SMAL11=105.56 forçado com sucesso
src.infrastructure.providers.mercado_data_provider | DEBUG | RTD: Detalhes completos registrados para POSI3|POSIU215 (Liquidez detectada)
src.infrastructure.providers.mercado_data_provider | DEBUG | RTD: preco_ativo POSI3=3.75 forçado com sucesso
src.infrastructure.providers.mercado_data_provider | DEBUG | RTD: Detalhes completos registrados para AUAU3|AUAUU327 (Liquidez detectada)
src.infrastructure.providers.mercado_data_provider | DEBUG | RTD: preco_ativo AUAU3=3.10 forçado com sucesso
src.infrastructure.providers.mercado_data_provider | DEBUG | RTD: Detalhes completos registrados para SUZB3|SUZBT323 (Liquidez detectada)
src.infrastructure.providers.mercado_data_provider | DEBUG | RTD: preco_ativo SUZB3=41.47 forçado com sucesso
src.infrastructure.providers.mercado_data_provider | DEBUG | RTD: Detalhes completos registrados para ALUP11|ALUPT346 (Liquidez detectada)
src.infrastructure.providers.mercado_data_provider | DEBUG | RTD: preco_ativo ALUP11=33.07 forçado com sucesso
src.infrastructure.providers.mercado_data_provider | DEBUG | RTD: Detalhes completos registrados para VALE3|VALEU561 (Liquidez detectada)
src.infrastructure.providers.mercado_data_provider | DEBUG | RTD: preco_ativo VALE3=72.21 forçado com sucesso
src.infrastructure.providers.mercado_data_provider | DEBUG | RTD: Detalhes completos registrados para WEGE3|WEGET334 (Liquidez detectada)
src.infrastructure.providers.mercado_data_provider | DEBUG | RTD: preco_ativo WEGE3=42.62 forçado com sucesso
src.infrastructure.providers.mercado_data_provider | DEBUG | RTD: Detalhes completos registrados para RENT3|RENTU440 (Liquidez detectada)
src.infrastructure.providers.mercado_data_provider | DEBUG | RTD: preco_ativo RENT3=36.59 forçado com sucesso
src.infrastructure.providers.mercado_data_provider | DEBUG | RTD: Detalhes completos registrados para PETR4|PETRT261W1 (Liquidez detectada)
src.infrastructure.providers.mercado_data_provider | DEBUG | RTD: preco_ativo PETR4=41.55 forçado com sucesso
src.infrastructure.providers.mercado_data_provider | DEBUG | RTD: Detalhes completos registrados para QUAL3|QUALU108 (Liquidez detectada)
src.infrastructure.providers.mercado_data_provider | DEBUG | RTD: preco_ativo QUAL3=1.49 forçado com sucesso
src.infrastructure.providers.mercado_data_provider | DEBUG | RTD: Detalhes completos registrados para LWSA3|LWSAT340 (Liquidez detectada)
src.infrastructure.providers.mercado_data_provider | DEBUG | RTD: preco_ativo LWSA3=3.73 forçado com sucesso
src.infrastructure.providers.mercado_data_provider | DEBUG | RTD: Detalhes completos registrados para MBRF3|MBRFS123W5 (Liquidez detectada)
src.infrastructure.providers.mercado_data_provider | DEBUG | RTD: preco_ativo MBRF3=15.23 forçado com sucesso
src.infrastructure.providers.mercado_data_provider | DEBUG | RTD: Detalhes completos registrados para PETR4|PETRX56 (Liquidez detectada)
src.infrastructure.providers.mercado_data_provider | DEBUG | RTD: preco_ativo PETR4=41.55 forçado com sucesso
src.infrastructure.providers.mercado_data_provider | DEBUG | RTD: Detalhes completos registrados para PETR4|PETRT208W1 (Liquidez detectada)
src.infrastructure.providers.mercado_data_provider | DEBUG | RTD: preco_ativo PETR4=41.55 forçado com sucesso
src.infrastructure.providers.mercado_data_provider | DEBUG | RTD: Detalhes completos registrados para ITUB4|ITUBV375 (Liquidez detectada)
src.infrastructure.providers.mercado_data_provider | DEBUG | RTD: preco_ativo ITUB4=42.39 forçado com sucesso
src.infrastructure.providers.mercado_data_provider | DEBUG | RTD: Detalhes completos registrados para SBFG3|SBFGU701 (Liquidez detectada)
src.infrastructure.providers.mercado_data_provider | DEBUG | RTD: preco_ativo SBFG3=9.41 forçado com sucesso
src.infrastructure.providers.mercado_data_provider | DEBUG | RTD: Detalhes completos registrados para MULT3|MULTU241 (Liquidez detectada)
src.infrastructure.providers.mercado_data_provider | DEBUG | RTD: preco_ativo MULT3=28.08 forçado com sucesso
src.infrastructure.providers.mercado_data_provider | DEBUG | RTD: Detalhes completos registrados para CSAN3|CSANU405 (Liquidez detectada)
src.infrastructure.providers.mercado_data_provider | DEBUG | RTD: preco_ativo CSAN3=3.77 forçado com sucesso
src.infrastructure.providers.mercado_data_provider | DEBUG | RTD: Detalhes completos registrados para ISAE4|ISAET27 (Liquidez detectada)
src.infrastructure.providers.mercado_data_provider | DEBUG | RTD: preco_ativo ISAE4=28.01 forçado com sucesso
src.infrastructure.providers.mercado_data_provider | DEBUG | RTD: Detalhes completos registrados para EMBJ3|EMBJU102 (Liquidez detectada)
src.infrastructure.providers.mercado_data_provider | DEBUG | RTD: preco_ativo EMBJ3=83.29 forçado com sucesso
src.infrastructure.providers.mercado_data_provider | DEBUG | RTD: Detalhes completos registrados para SMAL11|SMALS930W5 (Liquidez detectada)
src.infrastructure.providers.mercado_data_provider | DEBUG | RTD: preco_ativo SMAL11=105.56 forçado com sucesso
src.ui.desktop.monitor_worker | INFO | Manutenção: novos books + prioridades em 0.52s
src.ui.desktop.monitor_worker | INFO | Ciclo: monitor=9.774s colar=0.000s cal=2.011s box=0.000s manut=0.522s mpp=0.000s total=12.307s
src.infrastructure.providers.mercado_data_provider | DEBUG | Varredura: _chaves_com_book=8805 _chaves_detalhes=8805
src.infrastructure.providers.mercado_data_provider | DEBUG | Varredura: sem_preco=0 sem_dados_rtd=14 chaves_com_book=8805
src.infrastructure.providers.mercado_data_provider | INFO | Varredura(F): monitor=38476 book=8791 | reg=0.000 ref=0.033 var=0.459 total=0.492 | inst_map=0.000 | onda2=1952(0.116) onda1=0(0.000) cab_skip=6853 status=0.237
src.application.use_cases.monitor_oportunidades | INFO | PipelineTracker BOX/SBTH: 8791 -> 8791 (viaveis=0)
src.ui.desktop.monitor_worker | INFO | Ciclo: monitor=10.657s colar=0.000s cal=0.000s box=0.000s manut=0.000s mpp=0.000s total=10.657s
src.infrastructure.providers.mercado_data_provider | DEBUG | Varredura: _chaves_com_book=8805 _chaves_detalhes=8805
src.infrastructure.providers.mercado_data_provider | DEBUG | Varredura: sem_preco=0 sem_dados_rtd=3 chaves_com_book=8805
src.infrastructure.providers.mercado_data_provider | INFO | Varredura(F): monitor=38476 book=8802 | reg=0.000 ref=0.019 var=0.599 total=0.617 | inst_map=0.000 | onda2=1117(0.067) onda1=0(0.000) cab_skip=7688 status=0.337
src.application.use_cases.monitor_oportunidades | INFO | PipelineTracker BOX/SBTH: 8802 -> 8802 (viaveis=0)
src.infrastructure.providers.mercado_data_provider | DEBUG | RTD: Detalhes completos registrados para VIVA3|VIVAT213 (Liquidez detectada)
src.infrastructure.providers.mercado_data_provider | DEBUG | RTD: preco_ativo VIVA3=21.38 forçado com sucesso
src.infrastructure.providers.mercado_data_provider | DEBUG | RTD: Detalhes completos registrados para TIMS3|TIMST234 (Liquidez detectada)
src.infrastructure.providers.mercado_data_provider | DEBUG | RTD: preco_ativo TIMS3=22.42 forçado com sucesso
src.infrastructure.providers.mercado_data_provider | DEBUG | RTD: Detalhes completos registrados para UGPA3|UGPAT295 (Liquidez detectada)
src.infrastructure.providers.mercado_data_provider | DEBUG | RTD: preco_ativo UGPA3=31.63 forçado com sucesso
src.infrastructure.providers.mercado_data_provider | DEBUG | RTD: Detalhes completos registrados para TOTS3|TOTSU196 (Liquidez detectada)
src.infrastructure.providers.mercado_data_provider | DEBUG | RTD: preco_ativo TOTS3=28.35 forçado com sucesso
src.infrastructure.providers.mercado_data_provider | DEBUG | RTD: Detalhes completos registrados para UNIP6|UNIPT590 (Liquidez detectada)
src.infrastructure.providers.mercado_data_provider | DEBUG | RTD: preco_ativo UNIP6=60.97 forçado com sucesso
src.infrastructure.providers.mercado_data_provider | DEBUG | RTD: Detalhes completos registrados para VBBR3|VBBRT287 (Liquidez detectada)
src.infrastructure.providers.mercado_data_provider | DEBUG | RTD: preco_ativo VBBR3=33.64 forçado com sucesso
src.infrastructure.providers.mercado_data_provider | DEBUG | RTD: Detalhes completos registrados para VIVA3|VIVAT166 (Liquidez detectada)
src.infrastructure.providers.mercado_data_provider | DEBUG | RTD: preco_ativo VIVA3=21.38 forçado com sucesso
src.infrastructure.providers.mercado_data_provider | DEBUG | RTD: Detalhes completos registrados para VALE3|VALET579 (Liquidez detectada)
src.infrastructure.providers.mercado_data_provider | DEBUG | RTD: preco_ativo VALE3=72.21 forçado com sucesso
src.infrastructure.providers.mercado_data_provider | DEBUG | RTD: Detalhes completos registrados para USIM5|USIMT102 (Liquidez detectada)
src.infrastructure.providers.mercado_data_provider | DEBUG | RTD: preco_ativo USIM5=8.38 forçado com sucesso
src.infrastructure.providers.mercado_data_provider | DEBUG | RTD: Detalhes completos registrados para UGPA3|UGPAT307 (Liquidez detectada)
src.infrastructure.providers.mercado_data_provider | DEBUG | RTD: preco_ativo UGPA3=31.63 forçado com sucesso
src.infrastructure.providers.mercado_data_provider | DEBUG | RTD: Detalhes completos registrados para USIM5|USIMT127 (Liquidez detectada)
src.infrastructure.providers.mercado_data_provider | DEBUG | RTD: preco_ativo USIM5=8.38 forçado com sucesso
src.infrastructure.providers.mercado_data_provider | DEBUG | RTD: Detalhes completos registrados para TOTS3|TOTST247 (Liquidez detectada)
src.infrastructure.providers.mercado_data_provider | DEBUG | RTD: preco_ativo TOTS3=28.35 forçado com sucesso
src.infrastructure.providers.mercado_data_provider | DEBUG | RTD: Detalhes completos registrados para VBBR3|VBBRU284 (Liquidez detectada)
src.infrastructure.providers.mercado_data_provider | DEBUG | RTD: preco_ativo VBBR3=33.64 forçado com sucesso
src.infrastructure.providers.mercado_data_provider | DEBUG | RTD: Detalhes completos registrados para SUZB3|SUZBU388 (Liquidez detectada)
src.infrastructure.providers.mercado_data_provider | DEBUG | RTD: preco_ativo SUZB3=41.47 forçado com sucesso
src.infrastructure.providers.mercado_data_provider | DEBUG | RTD: Detalhes completos registrados para SUZB3|SUZBU421 (Liquidez detectada)
src.infrastructure.providers.mercado_data_provider | DEBUG | RTD: preco_ativo SUZB3=41.47 forçado com sucesso
src.infrastructure.providers.mercado_data_provider | DEBUG | RTD: Detalhes completos registrados para PETR4|PETRV418 (Liquidez detectada)
src.infrastructure.providers.mercado_data_provider | DEBUG | RTD: preco_ativo PETR4=41.55 forçado com sucesso
src.infrastructure.providers.mercado_data_provider | DEBUG | RTD: Detalhes completos registrados para USIM5|USIMT790 (Liquidez detectada)
src.infrastructure.providers.mercado_data_provider | DEBUG | RTD: preco_ativo USIM5=8.38 forçado com sucesso
src.infrastructure.providers.mercado_data_provider | DEBUG | RTD: Detalhes completos registrados para TAEE11|TAEEU336 (Liquidez detectada)
src.infrastructure.providers.mercado_data_provider | DEBUG | RTD: preco_ativo TAEE11=41.16 forçado com sucesso
src.infrastructure.providers.mercado_data_provider | DEBUG | RTD: Detalhes completos registrados para VIVA3|VIVAT208 (Liquidez detectada)
src.infrastructure.providers.mercado_data_provider | DEBUG | RTD: preco_ativo VIVA3=21.38 forçado com sucesso
src.infrastructure.providers.mercado_data_provider | DEBUG | RTD: Detalhes completos registrados para VALE3|VALEU311 (Liquidez detectada)
src.infrastructure.providers.mercado_data_provider | DEBUG | RTD: preco_ativo VALE3=72.21 forçado com sucesso
src.infrastructure.providers.mercado_data_provider | DEBUG | RTD: Detalhes completos registrados para USIM5|USIMU107 (Liquidez detectada)
src.infrastructure.providers.mercado_data_provider | DEBUG | RTD: preco_ativo USIM5=8.38 forçado com sucesso
src.infrastructure.providers.mercado_data_provider | DEBUG | RTD: Detalhes completos registrados para VALE3|VALEU671 (Liquidez detectada)
src.infrastructure.providers.mercado_data_provider | DEBUG | RTD: preco_ativo VALE3=72.21 forçado com sucesso
src.infrastructure.providers.mercado_data_provider | DEBUG | RTD: Detalhes completos registrados para TEND3|TENDU342 (Liquidez detectada)
src.infrastructure.providers.mercado_data_provider | DEBUG | RTD: preco_ativo TEND3=29.69 forçado com sucesso
src.infrastructure.providers.mercado_data_provider | DEBUG | RTD: Detalhes completos registrados para TAEE11|TAEEU320 (Liquidez detectada)
src.infrastructure.providers.mercado_data_provider | DEBUG | RTD: preco_ativo TAEE11=41.16 forçado com sucesso
src.infrastructure.providers.mercado_data_provider | DEBUG | RTD: Detalhes completos registrados para SUZB3|SUZBV398 (Liquidez detectada)
src.infrastructure.providers.mercado_data_provider | DEBUG | RTD: preco_ativo SUZB3=41.47 forçado com sucesso
src.infrastructure.providers.mercado_data_provider | DEBUG | RTD: Detalhes completos registrados para VALE3|VALES730W5 (Liquidez detectada)
src.infrastructure.providers.mercado_data_provider | DEBUG | RTD: preco_ativo VALE3=72.21 forçado com sucesso
src.infrastructure.providers.mercado_data_provider | DEBUG | RTD: Detalhes completos registrados para SUZB3|SUZBS401W5 (Liquidez detectada)
src.infrastructure.providers.mercado_data_provider | DEBUG | RTD: preco_ativo SUZB3=41.47 forçado com sucesso
src.infrastructure.providers.mercado_data_provider | DEBUG | RTD: Detalhes completos registrados para TIMS3|TIMST214 (Liquidez detectada)
src.infrastructure.providers.mercado_data_provider | DEBUG | RTD: preco_ativo TIMS3=22.42 forçado com sucesso
src.infrastructure.providers.mercado_data_provider | DEBUG | RTD: Detalhes completos registrados para WEGE3|WEGET392 (Liquidez detectada)
src.infrastructure.providers.mercado_data_provider | DEBUG | RTD: preco_ativo WEGE3=42.62 forçado com sucesso
src.infrastructure.providers.mercado_data_provider | DEBUG | RTD: Detalhes completos registrados para VALE3|VALEV609 (Liquidez detectada)
src.infrastructure.providers.mercado_data_provider | DEBUG | RTD: preco_ativo VALE3=72.21 forçado com sucesso
src.infrastructure.providers.mercado_data_provider | DEBUG | RTD: Detalhes completos registrados para PETR4|PETRU341W2 (Liquidez detectada)
src.infrastructure.providers.mercado_data_provider | DEBUG | RTD: preco_ativo PETR4=41.55 forçado com sucesso
src.infrastructure.providers.mercado_data_provider | DEBUG | RTD: Detalhes completos registrados para TAEE11|TAEEU361 (Liquidez detectada)
src.infrastructure.providers.mercado_data_provider | DEBUG | RTD: preco_ativo TAEE11=41.16 forçado com sucesso
src.infrastructure.providers.mercado_data_provider | DEBUG | RTD: Detalhes completos registrados para TEND3|TENDU350 (Liquidez detectada)
src.infrastructure.providers.mercado_data_provider | DEBUG | RTD: preco_ativo TEND3=29.69 forçado com sucesso
src.infrastructure.providers.mercado_data_provider | DEBUG | RTD: Detalhes completos registrados para RADL3|RADLU206 (Liquidez detectada)
src.infrastructure.providers.mercado_data_provider | DEBUG | RTD: preco_ativo RADL3=18.46 forçado com sucesso
src.infrastructure.providers.mercado_data_provider | DEBUG | RTD: Detalhes completos registrados para UGPA3|UGPAT277 (Liquidez detectada)
src.infrastructure.providers.mercado_data_provider | DEBUG | RTD: preco_ativo UGPA3=31.63 forçado com sucesso
src.infrastructure.providers.mercado_data_provider | DEBUG | RTD: Detalhes completos registrados para UNIP6|UNIPT550 (Liquidez detectada)
src.infrastructure.providers.mercado_data_provider | DEBUG | RTD: preco_ativo UNIP6=60.97 forçado com sucesso
src.infrastructure.providers.mercado_data_provider | DEBUG | RTD: Detalhes completos registrados para VBBR3|VBBRU327 (Liquidez detectada)
src.infrastructure.providers.mercado_data_provider | DEBUG | RTD: preco_ativo VBBR3=33.64 forçado com sucesso
src.infrastructure.providers.mercado_data_provider | DEBUG | RTD: Detalhes completos registrados para SMAL11|SMALT118W1 (Liquidez detectada)
src.infrastructure.providers.mercado_data_provider | DEBUG | RTD: preco_ativo SMAL11=105.56 forçado com sucesso
src.infrastructure.providers.mercado_data_provider | DEBUG | RTD: Detalhes completos registrados para SUZB3|SUZBU308 (Liquidez detectada)
src.infrastructure.providers.mercado_data_provider | DEBUG | RTD: preco_ativo SUZB3=41.47 forçado com sucesso
src.infrastructure.providers.mercado_data_provider | DEBUG | RTD: Detalhes completos registrados para VALE3|VALET834 (Liquidez detectada)
src.infrastructure.providers.mercado_data_provider | DEBUG | RTD: preco_ativo VALE3=72.21 forçado com sucesso
src.infrastructure.providers.mercado_data_provider | DEBUG | RTD: Detalhes completos registrados para WEGE3|WEGET370 (Liquidez detectada)
src.infrastructure.providers.mercado_data_provider | DEBUG | RTD: preco_ativo WEGE3=42.62 forçado com sucesso
src.infrastructure.providers.mercado_data_provider | DEBUG | RTD: Detalhes completos registrados para TOTS3|TOTST319 (Liquidez detectada)
src.infrastructure.providers.mercado_data_provider | DEBUG | RTD: preco_ativo TOTS3=28.35 forçado com sucesso
src.infrastructure.providers.mercado_data_provider | DEBUG | RTD: Detalhes completos registrados para VLID3|VLIDU187 (Liquidez detectada)
src.infrastructure.providers.mercado_data_provider | DEBUG | RTD: preco_ativo VLID3=17.61 forçado com sucesso
src.infrastructure.providers.mercado_data_provider | DEBUG | RTD: Detalhes completos registrados para USIM5|USIMU760 (Liquidez detectada)
src.infrastructure.providers.mercado_data_provider | DEBUG | RTD: preco_ativo USIM5=8.38 forçado com sucesso
src.infrastructure.providers.mercado_data_provider | DEBUG | RTD: Detalhes completos registrados para VALE3|VALET769W4 (Liquidez detectada)
src.infrastructure.providers.mercado_data_provider | DEBUG | RTD: preco_ativo VALE3=72.21 forçado com sucesso
src.infrastructure.providers.mercado_data_provider | DEBUG | RTD: Detalhes completos registrados para VALE3|VALEX65 (Liquidez detectada)
src.infrastructure.providers.mercado_data_provider | DEBUG | RTD: preco_ativo VALE3=72.21 forçado com sucesso
src.infrastructure.providers.mercado_data_provider | DEBUG | RTD: Detalhes completos registrados para TOTS3|TOTST279 (Liquidez detectada)
src.infrastructure.providers.mercado_data_provider | DEBUG | RTD: preco_ativo TOTS3=28.35 forçado com sucesso
src.infrastructure.providers.mercado_data_provider | DEBUG | RTD: Detalhes completos registrados para VALE3|VALET359 (Liquidez detectada)
src.infrastructure.providers.mercado_data_provider | DEBUG | RTD: preco_ativo VALE3=72.21 forçado com sucesso
src.infrastructure.providers.mercado_data_provider | DEBUG | RTD: Detalhes completos registrados para WEGE3|WEGEU473 (Liquidez detectada)
src.infrastructure.providers.mercado_data_provider | DEBUG | RTD: preco_ativo WEGE3=42.62 forçado com sucesso
src.infrastructure.providers.mercado_data_provider | DEBUG | RTD: Detalhes completos registrados para XPBR31|XPBRU790 (Liquidez detectada)
src.infrastructure.providers.mercado_data_provider | DEBUG | RTD: preco_ativo XPBR31=84.85 forçado com sucesso
src.infrastructure.providers.mercado_data_provider | DEBUG | RTD: Detalhes completos registrados para VAMO3|VAMOU40 (Liquidez detectada)
src.infrastructure.providers.mercado_data_provider | DEBUG | RTD: preco_ativo VAMO3=3.10 forçado com sucesso
src.infrastructure.providers.mercado_data_provider | DEBUG | RTD: Detalhes completos registrados para VALE3|VALEU746 (Liquidez detectada)
src.infrastructure.providers.mercado_data_provider | DEBUG | RTD: preco_ativo VALE3=72.21 forçado com sucesso
src.infrastructure.providers.mercado_data_provider | DEBUG | RTD: Detalhes completos registrados para WEGE3|WEGEX442 (Liquidez detectada)
src.infrastructure.providers.mercado_data_provider | DEBUG | RTD: preco_ativo WEGE3=42.62 forçado com sucesso
src.infrastructure.providers.mercado_data_provider | DEBUG | RTD: Detalhes completos registrados para USIM5|USIMS984W5 (Liquidez detectada)
src.infrastructure.providers.mercado_data_provider | DEBUG | RTD: preco_ativo USIM5=8.38 forçado com sucesso
src.infrastructure.providers.mercado_data_provider | DEBUG | RTD: Detalhes completos registrados para QUAL3|QUALU143 (Liquidez detectada)
src.infrastructure.providers.mercado_data_provider | DEBUG | RTD: preco_ativo QUAL3=1.49 forçado com sucesso
src.infrastructure.providers.mercado_data_provider | DEBUG | RTD: Detalhes completos registrados para VALE3|VALEU476 (Liquidez detectada)
src.infrastructure.providers.mercado_data_provider | DEBUG | RTD: preco_ativo VALE3=72.21 forçado com sucesso
src.infrastructure.providers.mercado_data_provider | DEBUG | RTD: Detalhes completos registrados para VBBR3|VBBRT377 (Liquidez detectada)
src.infrastructure.providers.mercado_data_provider | DEBUG | RTD: preco_ativo VBBR3=33.64 forçado com sucesso
src.infrastructure.providers.mercado_data_provider | DEBUG | RTD: Detalhes completos registrados para VALE3|VALET684W4 (Liquidez detectada)
src.infrastructure.providers.mercado_data_provider | DEBUG | RTD: preco_ativo VALE3=72.21 forçado com sucesso
src.infrastructure.providers.mercado_data_provider | DEBUG | RTD: Detalhes completos registrados para WEGE3|WEGET497 (Liquidez detectada)
src.infrastructure.providers.mercado_data_provider | DEBUG | RTD: preco_ativo WEGE3=42.62 forçado com sucesso
src.infrastructure.providers.mercado_data_provider | DEBUG | RTD: Detalhes completos registrados para VALE3|VALET299 (Liquidez detectada)
src.infrastructure.providers.mercado_data_provider | DEBUG | RTD: preco_ativo VALE3=72.21 forçado com sucesso
src.infrastructure.providers.mercado_data_provider | DEBUG | RTD: Detalhes completos registrados para SUZB3|SUZBT431W1 (Liquidez detectada)
src.infrastructure.providers.mercado_data_provider | DEBUG | RTD: preco_ativo SUZB3=41.47 forçado com sucesso
src.infrastructure.providers.mercado_data_provider | DEBUG | RTD: Detalhes completos registrados para TAEE11|TAEEU398 (Liquidez detectada)
src.infrastructure.providers.mercado_data_provider | DEBUG | RTD: preco_ativo TAEE11=41.16 forçado com sucesso
src.infrastructure.providers.mercado_data_provider | DEBUG | RTD: Detalhes completos registrados para VALE3|VALEX623 (Liquidez detectada)
src.infrastructure.providers.mercado_data_provider | DEBUG | RTD: preco_ativo VALE3=72.21 forçado com sucesso
src.infrastructure.providers.mercado_data_provider | DEBUG | RTD: Detalhes completos registrados para PRIO3|PRIOS630W5 (Liquidez detectada)
src.infrastructure.providers.mercado_data_provider | DEBUG | RTD: preco_ativo PRIO3=58.56 forçado com sucesso
src.infrastructure.providers.mercado_data_provider | DEBUG | RTD: Detalhes completos registrados para TOTS3|TOTST259 (Liquidez detectada)
src.infrastructure.providers.mercado_data_provider | DEBUG | RTD: preco_ativo TOTS3=28.35 forçado com sucesso
src.infrastructure.providers.mercado_data_provider | DEBUG | RTD: Detalhes completos registrados para SUZB3|SUZBT346 (Liquidez detectada)
src.infrastructure.providers.mercado_data_provider | DEBUG | RTD: preco_ativo SUZB3=41.47 forçado com sucesso
src.infrastructure.providers.mercado_data_provider | DEBUG | RTD: Detalhes completos registrados para VLID3|VLIDU162 (Liquidez detectada)
src.infrastructure.providers.mercado_data_provider | DEBUG | RTD: preco_ativo VLID3=17.61 forçado com sucesso
src.infrastructure.providers.mercado_data_provider | DEBUG | RTD: Detalhes completos registrados para SUZB3|SUZBU476 (Liquidez detectada)
src.infrastructure.providers.mercado_data_provider | DEBUG | RTD: preco_ativo SUZB3=41.47 forçado com sucesso
src.infrastructure.providers.mercado_data_provider | DEBUG | RTD: Detalhes completos registrados para XPBR31|XPBRT905 (Liquidez detectada)
src.infrastructure.providers.mercado_data_provider | DEBUG | RTD: preco_ativo XPBR31=84.85 forçado com sucesso
src.infrastructure.providers.mercado_data_provider | DEBUG | RTD: Detalhes completos registrados para WEGE3|WEGET430 (Liquidez detectada)
src.infrastructure.providers.mercado_data_provider | DEBUG | RTD: preco_ativo WEGE3=42.62 forçado com sucesso
src.infrastructure.providers.mercado_data_provider | DEBUG | RTD: Detalhes completos registrados para SUZB3|SUZBW363 (Liquidez detectada)
src.infrastructure.providers.mercado_data_provider | DEBUG | RTD: preco_ativo SUZB3=41.47 forçado com sucesso
src.infrastructure.providers.mercado_data_provider | DEBUG | RTD: Detalhes completos registrados para VBBR3|VBBRU259 (Liquidez detectada)
src.infrastructure.providers.mercado_data_provider | DEBUG | RTD: preco_ativo VBBR3=33.64 forçado com sucesso
src.infrastructure.providers.mercado_data_provider | DEBUG | RTD: Detalhes completos registrados para VALE3|VALET636W1 (Liquidez detectada)
src.infrastructure.providers.mercado_data_provider | DEBUG | RTD: preco_ativo VALE3=72.21 forçado com sucesso
src.infrastructure.providers.mercado_data_provider | DEBUG | RTD: Detalhes completos registrados para SANB11|SANBW25 (Liquidez detectada)
src.infrastructure.providers.mercado_data_provider | DEBUG | RTD: preco_ativo SANB11=27.24 forçado com sucesso
src.infrastructure.providers.mercado_data_provider | DEBUG | RTD: Detalhes completos registrados para TOTS3|TOTSU259 (Liquidez detectada)
src.infrastructure.providers.mercado_data_provider | DEBUG | RTD: preco_ativo TOTS3=28.35 forçado com sucesso
src.infrastructure.providers.mercado_data_provider | DEBUG | RTD: Detalhes completos registrados para TRIS3|TRIST405 (Liquidez detectada)
src.infrastructure.providers.mercado_data_provider | DEBUG | RTD: preco_ativo TRIS3=4.02 forçado com sucesso
src.infrastructure.providers.mercado_data_provider | DEBUG | RTD: Detalhes completos registrados para VULC3|VULCV127 (Liquidez detectada)
src.infrastructure.providers.mercado_data_provider | DEBUG | RTD: preco_ativo VULC3=14.04 forçado com sucesso
src.infrastructure.providers.mercado_data_provider | DEBUG | RTD: Detalhes completos registrados para TUPY3|TUPYT175 (Liquidez detectada)
src.infrastructure.providers.mercado_data_provider | DEBUG | RTD: preco_ativo TUPY3=15.33 forçado com sucesso
src.infrastructure.providers.mercado_data_provider | DEBUG | RTD: Detalhes completos registrados para TIMS3|TIMSU249 (Liquidez detectada)
src.infrastructure.providers.mercado_data_provider | DEBUG | RTD: preco_ativo TIMS3=22.42 forçado com sucesso
src.infrastructure.providers.mercado_data_provider | DEBUG | RTD: Detalhes completos registrados para VALE3|VALET800 (Liquidez detectada)
src.infrastructure.providers.mercado_data_provider | DEBUG | RTD: preco_ativo VALE3=72.21 forçado com sucesso
src.infrastructure.providers.mercado_data_provider | DEBUG | RTD: Detalhes completos registrados para TEND3|TENDT337 (Liquidez detectada)
src.infrastructure.providers.mercado_data_provider | DEBUG | RTD: preco_ativo TEND3=29.69 forçado com sucesso
src.infrastructure.providers.mercado_data_provider | DEBUG | RTD: Detalhes completos registrados para TOTS3|TOTSU249 (Liquidez detectada)
src.infrastructure.providers.mercado_data_provider | DEBUG | RTD: preco_ativo TOTS3=28.35 forçado com sucesso
src.infrastructure.providers.mercado_data_provider | DEBUG | RTD: Detalhes completos registrados para SAUD3|SAUDW120 (Liquidez detectada)
src.infrastructure.providers.mercado_data_provider | DEBUG | RTD: preco_ativo SAUD3=14.75 forçado com sucesso
src.infrastructure.providers.mercado_data_provider | DEBUG | RTD: Detalhes completos registrados para VALE3|VALET551W1 (Liquidez detectada)
src.infrastructure.providers.mercado_data_provider | DEBUG | RTD: preco_ativo VALE3=72.21 forçado com sucesso
src.infrastructure.providers.mercado_data_provider | DEBUG | RTD: Detalhes completos registrados para WEGE3|WEGEU310 (Liquidez detectada)
src.infrastructure.providers.mercado_data_provider | DEBUG | RTD: preco_ativo WEGE3=42.62 forçado com sucesso
src.infrastructure.providers.mercado_data_provider | DEBUG | RTD: Detalhes completos registrados para UGPA3|UGPAT267 (Liquidez detectada)
src.infrastructure.providers.mercado_data_provider | DEBUG | RTD: preco_ativo UGPA3=31.63 forçado com sucesso
src.infrastructure.providers.mercado_data_provider | DEBUG | RTD: Detalhes completos registrados para RIAA3|RIAAU598 (Liquidez detectada)
src.infrastructure.providers.mercado_data_provider | DEBUG | RTD: preco_ativo RIAA3=7.75 forçado com sucesso
src.infrastructure.providers.mercado_data_provider | DEBUG | RTD: Detalhes completos registrados para TOTS3|TOTST239 (Liquidez detectada)
src.infrastructure.providers.mercado_data_provider | DEBUG | RTD: preco_ativo TOTS3=28.35 forçado com sucesso
src.infrastructure.providers.mercado_data_provider | DEBUG | RTD: Detalhes completos registrados para VALE3|VALEX76 (Liquidez detectada)
src.infrastructure.providers.mercado_data_provider | DEBUG | RTD: preco_ativo VALE3=72.21 forçado com sucesso
src.infrastructure.providers.mercado_data_provider | DEBUG | RTD: Detalhes completos registrados para VALE3|VALEU500 (Liquidez detectada)
src.infrastructure.providers.mercado_data_provider | DEBUG | RTD: preco_ativo VALE3=72.21 forçado com sucesso
src.infrastructure.providers.mercado_data_provider | DEBUG | RTD: Detalhes completos registrados para VALE3|VALEU341 (Liquidez detectada)
src.infrastructure.providers.mercado_data_provider | DEBUG | RTD: preco_ativo VALE3=72.21 forçado com sucesso
src.infrastructure.providers.mercado_data_provider | DEBUG | RTD: Detalhes completos registrados para SANB11|SANBU195 (Liquidez detectada)
src.infrastructure.providers.mercado_data_provider | DEBUG | RTD: preco_ativo SANB11=27.24 forçado com sucesso
src.infrastructure.providers.mercado_data_provider | DEBUG | RTD: Detalhes completos registrados para VBBR3|VBBRT349 (Liquidez detectada)
src.infrastructure.providers.mercado_data_provider | DEBUG | RTD: preco_ativo VBBR3=33.64 forçado com sucesso
src.infrastructure.providers.mercado_data_provider | DEBUG | RTD: Detalhes completos registrados para USIM5|USIMU620 (Liquidez detectada)
src.infrastructure.providers.mercado_data_provider | DEBUG | RTD: preco_ativo USIM5=8.38 forçado com sucesso
src.infrastructure.providers.mercado_data_provider | DEBUG | RTD: Detalhes completos registrados para VALE3|VALET766W1 (Liquidez detectada)
src.infrastructure.providers.mercado_data_provider | DEBUG | RTD: preco_ativo VALE3=72.21 forçado com sucesso
src.infrastructure.providers.mercado_data_provider | DEBUG | RTD: Detalhes completos registrados para VIVT3|VIVTT336 (Liquidez detectada)
src.infrastructure.providers.mercado_data_provider | DEBUG | RTD: preco_ativo VIVT3=35.52 forçado com sucesso
src.infrastructure.providers.mercado_data_provider | DEBUG | RTD: Detalhes completos registrados para TUPY3|TUPYU145 (Liquidez detectada)
src.infrastructure.providers.mercado_data_provider | DEBUG | RTD: preco_ativo TUPY3=15.33 forçado com sucesso
src.infrastructure.providers.mercado_data_provider | DEBUG | RTD: Detalhes completos registrados para VALE3|VALET704W4 (Liquidez detectada)
src.infrastructure.providers.mercado_data_provider | DEBUG | RTD: preco_ativo VALE3=72.21 forçado com sucesso
src.infrastructure.providers.mercado_data_provider | DEBUG | RTD: Detalhes completos registrados para TEND3|TENDT272 (Liquidez detectada)
src.infrastructure.providers.mercado_data_provider | DEBUG | RTD: preco_ativo TEND3=29.69 forçado com sucesso
src.infrastructure.providers.mercado_data_provider | DEBUG | RTD: Detalhes completos registrados para TAEE11|TAEET361 (Liquidez detectada)
src.infrastructure.providers.mercado_data_provider | DEBUG | RTD: preco_ativo TAEE11=41.16 forçado com sucesso
src.infrastructure.providers.mercado_data_provider | DEBUG | RTD: Detalhes completos registrados para VAMO3|VAMOU216 (Liquidez detectada)
src.infrastructure.providers.mercado_data_provider | DEBUG | RTD: preco_ativo VAMO3=3.10 forçado com sucesso
src.infrastructure.providers.mercado_data_provider | DEBUG | RTD: Detalhes completos registrados para VALE3|VALET669 (Liquidez detectada)
src.infrastructure.providers.mercado_data_provider | DEBUG | RTD: preco_ativo VALE3=72.21 forçado com sucesso
src.infrastructure.providers.mercado_data_provider | DEBUG | RTD: Detalhes completos registrados para WEGE3|WEGEV435 (Liquidez detectada)
src.infrastructure.providers.mercado_data_provider | DEBUG | RTD: preco_ativo WEGE3=42.62 forçado com sucesso
src.infrastructure.providers.mercado_data_provider | DEBUG | RTD: Detalhes completos registrados para POSI3|POSIU405 (Liquidez detectada)
src.infrastructure.providers.mercado_data_provider | DEBUG | RTD: preco_ativo POSI3=3.75 forçado com sucesso
src.infrastructure.providers.mercado_data_provider | DEBUG | RTD: Detalhes completos registrados para SUZB3|SUZBS406W5 (Liquidez detectada)
src.infrastructure.providers.mercado_data_provider | DEBUG | RTD: preco_ativo SUZB3=41.47 forçado com sucesso
src.infrastructure.providers.mercado_data_provider | DEBUG | RTD: Detalhes completos registrados para USIM5|USIMT700 (Liquidez detectada)
src.infrastructure.providers.mercado_data_provider | DEBUG | RTD: preco_ativo USIM5=8.38 forçado com sucesso
src.infrastructure.providers.mercado_data_provider | DEBUG | RTD: Detalhes completos registrados para TIMS3|TIMSW15 (Liquidez detectada)
src.infrastructure.providers.mercado_data_provider | DEBUG | RTD: preco_ativo TIMS3=22.42 forçado com sucesso
src.infrastructure.providers.mercado_data_provider | DEBUG | RTD: Detalhes completos registrados para SUZB3|SUZBT376 (Liquidez detectada)
src.infrastructure.providers.mercado_data_provider | DEBUG | RTD: preco_ativo SUZB3=41.47 forçado com sucesso
src.infrastructure.providers.mercado_data_provider | DEBUG | RTD: Detalhes completos registrados para WEGE3|WEGEU402 (Liquidez detectada)
src.infrastructure.providers.mercado_data_provider | DEBUG | RTD: preco_ativo WEGE3=42.62 forçado com sucesso
src.infrastructure.providers.mercado_data_provider | DEBUG | RTD: Detalhes completos registrados para VALE3|VALET492 (Liquidez detectada)
src.infrastructure.providers.mercado_data_provider | DEBUG | RTD: preco_ativo VALE3=72.21 forçado com sucesso
src.infrastructure.providers.mercado_data_provider | DEBUG | RTD: Detalhes completos registrados para TAEE11|TAEEU420 (Liquidez detectada)
src.infrastructure.providers.mercado_data_provider | DEBUG | RTD: preco_ativo TAEE11=41.16 forçado com sucesso
src.infrastructure.providers.mercado_data_provider | DEBUG | RTD: Detalhes completos registrados para SANB11|SANBT280 (Liquidez detectada)
src.infrastructure.providers.mercado_data_provider | DEBUG | RTD: preco_ativo SANB11=27.24 forçado com sucesso
src.infrastructure.providers.mercado_data_provider | DEBUG | RTD: Detalhes completos registrados para TEND3|TENDT267 (Liquidez detectada)
src.infrastructure.providers.mercado_data_provider | DEBUG | RTD: preco_ativo TEND3=29.69 forçado com sucesso
src.infrastructure.providers.mercado_data_provider | DEBUG | RTD: Detalhes completos registrados para TAEE11|TAEEU343 (Liquidez detectada)
src.infrastructure.providers.mercado_data_provider | DEBUG | RTD: preco_ativo TAEE11=41.16 forçado com sucesso
src.infrastructure.providers.mercado_data_provider | DEBUG | RTD: Detalhes completos registrados para USIM5|USIMS115W5 (Liquidez detectada)
src.infrastructure.providers.mercado_data_provider | DEBUG | RTD: preco_ativo USIM5=8.38 forçado com sucesso
src.infrastructure.providers.mercado_data_provider | DEBUG | RTD: Detalhes completos registrados para UGPA3|UGPAU322 (Liquidez detectada)
src.infrastructure.providers.mercado_data_provider | DEBUG | RTD: preco_ativo UGPA3=31.63 forçado com sucesso
src.infrastructure.providers.mercado_data_provider | DEBUG | RTD: Detalhes completos registrados para VALE3|VALEW561 (Liquidez detectada)
src.infrastructure.providers.mercado_data_provider | DEBUG | RTD: preco_ativo VALE3=72.21 forçado com sucesso
src.infrastructure.providers.mercado_data_provider | DEBUG | RTD: Detalhes completos registrados para USIM5|USIMT640 (Liquidez detectada)
src.infrastructure.providers.mercado_data_provider | DEBUG | RTD: preco_ativo USIM5=8.38 forçado com sucesso
src.infrastructure.providers.mercado_data_provider | DEBUG | RTD: Detalhes completos registrados para VALE3|VALEU497 (Liquidez detectada)
src.infrastructure.providers.mercado_data_provider | DEBUG | RTD: preco_ativo VALE3=72.21 forçado com sucesso
src.infrastructure.providers.mercado_data_provider | DEBUG | RTD: Detalhes completos registrados para TAEE11|TAEEU333 (Liquidez detectada)
src.infrastructure.providers.mercado_data_provider | DEBUG | RTD: preco_ativo TAEE11=41.16 forçado com sucesso
src.infrastructure.providers.mercado_data_provider | DEBUG | RTD: Detalhes completos registrados para SUZB3|SUZBT426W1 (Liquidez detectada)
src.infrastructure.providers.mercado_data_provider | DEBUG | RTD: preco_ativo SUZB3=41.47 forçado com sucesso
src.infrastructure.providers.mercado_data_provider | DEBUG | RTD: Detalhes completos registrados para TTEN3|TTENT131 (Liquidez detectada)
src.infrastructure.providers.mercado_data_provider | DEBUG | RTD: preco_ativo TTEN3=15.02 forçado com sucesso
src.infrastructure.providers.mercado_data_provider | DEBUG | RTD: Detalhes completos registrados para VALE3|VALEU691 (Liquidez detectada)
src.infrastructure.providers.mercado_data_provider | DEBUG | RTD: preco_ativo VALE3=72.21 forçado com sucesso
src.infrastructure.providers.mercado_data_provider | DEBUG | RTD: Detalhes completos registrados para VALE3|VALEU566 (Liquidez detectada)
src.infrastructure.providers.mercado_data_provider | DEBUG | RTD: preco_ativo VALE3=72.21 forçado com sucesso
src.infrastructure.providers.mercado_data_provider | DEBUG | RTD: Detalhes completos registrados para UGPA3|UGPAU312 (Liquidez detectada)
src.infrastructure.providers.mercado_data_provider | DEBUG | RTD: preco_ativo UGPA3=31.63 forçado com sucesso
src.infrastructure.providers.mercado_data_provider | DEBUG | RTD: Detalhes completos registrados para XPBR31|XPBRT830 (Liquidez detectada)
src.infrastructure.providers.mercado_data_provider | DEBUG | RTD: preco_ativo XPBR31=84.85 forçado com sucesso
src.infrastructure.providers.mercado_data_provider | DEBUG | RTD: Detalhes completos registrados para USIM5|USIMS105W5 (Liquidez detectada)
src.infrastructure.providers.mercado_data_provider | DEBUG | RTD: preco_ativo USIM5=8.38 forçado com sucesso
src.infrastructure.providers.mercado_data_provider | DEBUG | RTD: Detalhes completos registrados para VIVT3|VIVTT287 (Liquidez detectada)
src.infrastructure.providers.mercado_data_provider | DEBUG | RTD: preco_ativo VIVT3=35.52 forçado com sucesso
src.infrastructure.providers.mercado_data_provider | DEBUG | RTD: Detalhes completos registrados para VALE3|VALEU486 (Liquidez detectada)
src.infrastructure.providers.mercado_data_provider | DEBUG | RTD: preco_ativo VALE3=72.21 forçado com sucesso
src.infrastructure.providers.mercado_data_provider | DEBUG | RTD: Detalhes completos registrados para SUZB3|SUZBU486 (Liquidez detectada)
src.infrastructure.providers.mercado_data_provider | DEBUG | RTD: preco_ativo SUZB3=41.47 forçado com sucesso
src.infrastructure.providers.mercado_data_provider | DEBUG | RTD: Detalhes completos registrados para VAMO3|VAMOX266 (Liquidez detectada)
src.infrastructure.providers.mercado_data_provider | DEBUG | RTD: preco_ativo VAMO3=3.10 forçado com sucesso
src.infrastructure.providers.mercado_data_provider | DEBUG | RTD: Detalhes completos registrados para VALE3|VALET554 (Liquidez detectada)
src.infrastructure.providers.mercado_data_provider | DEBUG | RTD: preco_ativo VALE3=72.21 forçado com sucesso
src.infrastructure.providers.mercado_data_provider | DEBUG | RTD: Detalhes completos registrados para SAPR11|SAPRU329 (Liquidez detectada)
src.infrastructure.providers.mercado_data_provider | DEBUG | RTD: preco_ativo SAPR11=36.30 forçado com sucesso
src.infrastructure.providers.mercado_data_provider | DEBUG | RTD: Detalhes completos registrados para PSSA3|PSSAT458 (Liquidez detectada)
src.infrastructure.providers.mercado_data_provider | DEBUG | RTD: preco_ativo PSSA3=53.34 forçado com sucesso
src.infrastructure.providers.mercado_data_provider | DEBUG | RTD: Detalhes completos registrados para VIVT3|VIVTT405 (Liquidez detectada)
src.infrastructure.providers.mercado_data_provider | DEBUG | RTD: preco_ativo VIVT3=35.52 forçado com sucesso
src.infrastructure.providers.mercado_data_provider | DEBUG | RTD: Detalhes completos registrados para ITSA4|ITSAM130 (Liquidez detectada)
src.infrastructure.providers.mercado_data_provider | DEBUG | RTD: preco_ativo ITSA4=13.58 forçado com sucesso
src.infrastructure.providers.mercado_data_provider | DEBUG | RTD: Detalhes completos registrados para PETR4|PETRV184 (Liquidez detectada)
src.infrastructure.providers.mercado_data_provider | DEBUG | RTD: preco_ativo PETR4=41.55 forçado com sucesso
src.infrastructure.providers.mercado_data_provider | DEBUG | RTD: Detalhes completos registrados para COGN3|COGNU244 (Liquidez detectada)
src.infrastructure.providers.mercado_data_provider | DEBUG | RTD: preco_ativo COGN3=2.15 forçado com sucesso
src.infrastructure.providers.mercado_data_provider | DEBUG | RTD: Detalhes completos registrados para SEER3|SEERT109 (Liquidez detectada)
src.infrastructure.providers.mercado_data_provider | DEBUG | RTD: preco_ativo SEER3=11.60 forçado com sucesso
src.infrastructure.providers.mercado_data_provider | DEBUG | RTD: Detalhes completos registrados para SBSP3|SBSPT302 (Liquidez detectada)
src.infrastructure.providers.mercado_data_provider | DEBUG | RTD: preco_ativo SBSP3=28.60 forçado com sucesso
src.infrastructure.providers.mercado_data_provider | DEBUG | RTD: Detalhes completos registrados para ENGI11|ENGIT488 (Liquidez detectada)
src.infrastructure.providers.mercado_data_provider | DEBUG | RTD: preco_ativo ENGI11=48.76 forçado com sucesso
src.infrastructure.providers.mercado_data_provider | DEBUG | RTD: Detalhes completos registrados para CEAB3|CEABT110 (Liquidez detectada)
src.infrastructure.providers.mercado_data_provider | DEBUG | RTD: preco_ativo CEAB3=9.35 forçado com sucesso
src.infrastructure.providers.mercado_data_provider | DEBUG | RTD: Detalhes completos registrados para INTB3|INTBT111 (Liquidez detectada)
src.infrastructure.providers.mercado_data_provider | DEBUG | RTD: preco_ativo INTB3=13.14 forçado com sucesso
src.infrastructure.providers.mercado_data_provider | DEBUG | RTD: Detalhes completos registrados para VIVA3|VIVAU151 (Liquidez detectada)
src.infrastructure.providers.mercado_data_provider | DEBUG | RTD: preco_ativo VIVA3=21.38 forçado com sucesso
src.infrastructure.providers.mercado_data_provider | DEBUG | RTD: Detalhes completos registrados para AZZA3|AZZAU202 (Liquidez detectada)
src.infrastructure.providers.mercado_data_provider | DEBUG | RTD: preco_ativo AZZA3=17.82 forçado com sucesso
src.infrastructure.providers.mercado_data_provider | DEBUG | RTD: Detalhes completos registrados para ITSA4|ITSAU138 (Liquidez detectada)
src.infrastructure.providers.mercado_data_provider | DEBUG | RTD: preco_ativo ITSA4=13.58 forçado com sucesso
src.infrastructure.providers.mercado_data_provider | DEBUG | RTD: Detalhes completos registrados para USIM5|USIMX650 (Liquidez detectada)
src.infrastructure.providers.mercado_data_provider | DEBUG | RTD: preco_ativo USIM5=8.38 forçado com sucesso
src.infrastructure.providers.mercado_data_provider | DEBUG | RTD: Detalhes completos registrados para PETR3|PETRT506 (Liquidez detectada)
src.infrastructure.providers.mercado_data_provider | DEBUG | RTD: preco_ativo PETR3=46.71 forçado com sucesso
src.infrastructure.providers.mercado_data_provider | DEBUG | RTD: Detalhes completos registrados para LREN3|LRENX220 (Liquidez detectada)
src.infrastructure.providers.mercado_data_provider | DEBUG | RTD: preco_ativo LREN3=13.20 forçado com sucesso
src.infrastructure.providers.mercado_data_provider | DEBUG | RTD: Detalhes completos registrados para SMAL11|SMALT106W1 (Liquidez detectada)
src.infrastructure.providers.mercado_data_provider | DEBUG | RTD: preco_ativo SMAL11=105.56 forçado com sucesso
src.infrastructure.providers.mercado_data_provider | DEBUG | RTD: Detalhes completos registrados para EQTL3|EQTLU414 (Liquidez detectada)
src.infrastructure.providers.mercado_data_provider | DEBUG | RTD: preco_ativo EQTL3=38.59 forçado com sucesso
src.infrastructure.providers.mercado_data_provider | DEBUG | RTD: Detalhes completos registrados para CXSE3|CXSET27 (Liquidez detectada)
src.infrastructure.providers.mercado_data_provider | DEBUG | RTD: preco_ativo CXSE3=22.22 forçado com sucesso
src.infrastructure.providers.mercado_data_provider | DEBUG | RTD: Detalhes completos registrados para HAPV3|HAPVT670 (Liquidez detectada)
src.infrastructure.providers.mercado_data_provider | DEBUG | RTD: preco_ativo HAPV3=11.19 forçado com sucesso
src.infrastructure.providers.mercado_data_provider | DEBUG | RTD: Detalhes completos registrados para POSI3|POSIU445 (Liquidez detectada)
src.infrastructure.providers.mercado_data_provider | DEBUG | RTD: preco_ativo POSI3=3.75 forçado com sucesso
src.infrastructure.providers.mercado_data_provider | DEBUG | RTD: Detalhes completos registrados para PRIO3|PRIOU350 (Liquidez detectada)
src.infrastructure.providers.mercado_data_provider | DEBUG | RTD: preco_ativo PRIO3=58.56 forçado com sucesso
src.infrastructure.providers.mercado_data_provider | DEBUG | RTD: Detalhes completos registrados para ITUB4|ITUBT475 (Liquidez detectada)
src.infrastructure.providers.mercado_data_provider | DEBUG | RTD: preco_ativo ITUB4=42.39 forçado com sucesso
src.infrastructure.providers.mercado_data_provider | DEBUG | RTD: Detalhes completos registrados para BRAV3|BRAVU180 (Liquidez detectada)
src.infrastructure.providers.mercado_data_provider | DEBUG | RTD: preco_ativo BRAV3=20.14 forçado com sucesso
src.infrastructure.providers.mercado_data_provider | DEBUG | RTD: Detalhes completos registrados para PETR4|PETRW344 (Liquidez detectada)
src.infrastructure.providers.mercado_data_provider | DEBUG | RTD: preco_ativo PETR4=41.55 forçado com sucesso
src.infrastructure.providers.mercado_data_provider | DEBUG | RTD: Detalhes completos registrados para MGLU3|MGLUM494 (Liquidez detectada)
src.infrastructure.providers.mercado_data_provider | DEBUG | RTD: preco_ativo MGLU3=4.85 forçado com sucesso
src.infrastructure.providers.mercado_data_provider | DEBUG | RTD: Detalhes completos registrados para NATU3|NATUT127 (Liquidez detectada)
src.infrastructure.providers.mercado_data_provider | DEBUG | RTD: preco_ativo NATU3=8.77 forçado com sucesso
src.infrastructure.providers.mercado_data_provider | DEBUG | RTD: Detalhes completos registrados para EMBJ3|EMBJU763 (Liquidez detectada)
src.infrastructure.providers.mercado_data_provider | DEBUG | RTD: preco_ativo EMBJ3=83.29 forçado com sucesso
src.infrastructure.providers.mercado_data_provider | DEBUG | RTD: Detalhes completos registrados para PRIO3|PRIOV580 (Liquidez detectada)
src.infrastructure.providers.mercado_data_provider | DEBUG | RTD: preco_ativo PRIO3=58.56 forçado com sucesso
src.infrastructure.providers.mercado_data_provider | DEBUG | RTD: Detalhes completos registrados para IRBR3|IRBRT556 (Liquidez detectada)
src.infrastructure.providers.mercado_data_provider | DEBUG | RTD: preco_ativo IRBR3=55.53 forçado com sucesso
src.infrastructure.providers.mercado_data_provider | DEBUG | RTD: Detalhes completos registrados para SMAL11|SMALU930 (Liquidez detectada)
src.infrastructure.providers.mercado_data_provider | DEBUG | RTD: preco_ativo SMAL11=105.56 forçado com sucesso
src.infrastructure.providers.mercado_data_provider | DEBUG | RTD: Detalhes completos registrados para SEER3|SEERU947 (Liquidez detectada)
src.infrastructure.providers.mercado_data_provider | DEBUG | RTD: preco_ativo SEER3=11.60 forçado com sucesso
src.infrastructure.providers.mercado_data_provider | DEBUG | RTD: Detalhes completos registrados para VALE3|VALET454 (Liquidez detectada)
src.infrastructure.providers.mercado_data_provider | DEBUG | RTD: preco_ativo VALE3=72.21 forçado com sucesso
src.infrastructure.providers.mercado_data_provider | DEBUG | RTD: Detalhes completos registrados para VALE3|VALEU439 (Liquidez detectada)
src.infrastructure.providers.mercado_data_provider | DEBUG | RTD: preco_ativo VALE3=72.21 forçado com sucesso
src.infrastructure.providers.mercado_data_provider | DEBUG | RTD: Detalhes completos registrados para EQTL3|EQTLW369 (Liquidez detectada)
src.infrastructure.providers.mercado_data_provider | DEBUG | RTD: preco_ativo EQTL3=38.59 forçado com sucesso
src.infrastructure.providers.mercado_data_provider | DEBUG | RTD: Detalhes completos registrados para CXSE3|CXSEU23 (Liquidez detectada)
src.infrastructure.providers.mercado_data_provider | DEBUG | RTD: preco_ativo CXSE3=22.22 forçado com sucesso
src.infrastructure.providers.mercado_data_provider | DEBUG | RTD: Detalhes completos registrados para RIAA3|RIAAU778 (Liquidez detectada)
src.infrastructure.providers.mercado_data_provider | DEBUG | RTD: preco_ativo RIAA3=7.75 forçado com sucesso
src.infrastructure.providers.mercado_data_provider | DEBUG | RTD: Detalhes completos registrados para PETR4|PETRT238W1 (Liquidez detectada)
src.infrastructure.providers.mercado_data_provider | DEBUG | RTD: preco_ativo PETR4=41.55 forçado com sucesso
src.infrastructure.providers.mercado_data_provider | DEBUG | RTD: Detalhes completos registrados para MBRF3|MBRFT153 (Liquidez detectada)
src.infrastructure.providers.mercado_data_provider | DEBUG | RTD: preco_ativo MBRF3=15.23 forçado com sucesso
src.infrastructure.providers.mercado_data_provider | DEBUG | RTD: Detalhes completos registrados para VBBR3|VBBRT307 (Liquidez detectada)
src.infrastructure.providers.mercado_data_provider | DEBUG | RTD: preco_ativo VBBR3=33.64 forçado com sucesso
src.infrastructure.providers.mercado_data_provider | DEBUG | RTD: Detalhes completos registrados para LREN3|LRENU163 (Liquidez detectada)
src.infrastructure.providers.mercado_data_provider | DEBUG | RTD: preco_ativo LREN3=13.20 forçado com sucesso
src.infrastructure.providers.mercado_data_provider | DEBUG | RTD: Detalhes completos registrados para VALE3|VALEV624 (Liquidez detectada)
src.infrastructure.providers.mercado_data_provider | DEBUG | RTD: preco_ativo VALE3=72.21 forçado com sucesso
src.infrastructure.providers.mercado_data_provider | DEBUG | RTD: Detalhes completos registrados para TOTS3|TOTSU227 (Liquidez detectada)
src.infrastructure.providers.mercado_data_provider | DEBUG | RTD: preco_ativo TOTS3=28.35 forçado com sucesso
src.infrastructure.providers.mercado_data_provider | DEBUG | RTD: Detalhes completos registrados para MGLU3|MGLUT481 (Liquidez detectada)
src.infrastructure.providers.mercado_data_provider | DEBUG | RTD: preco_ativo MGLU3=4.85 forçado com sucesso
src.infrastructure.providers.mercado_data_provider | DEBUG | RTD: Detalhes completos registrados para WEGE3|WEGET324 (Liquidez detectada)
src.infrastructure.providers.mercado_data_provider | DEBUG | RTD: preco_ativo WEGE3=42.62 forçado com sucesso
src.infrastructure.providers.mercado_data_provider | DEBUG | RTD: Detalhes completos registrados para VALE3|VALEU491 (Liquidez detectada)
src.infrastructure.providers.mercado_data_provider | DEBUG | RTD: preco_ativo VALE3=72.21 forçado com sucesso
src.infrastructure.providers.mercado_data_provider | DEBUG | RTD: Detalhes completos registrados para ITUB4|ITUBS416W5 (Liquidez detectada)
src.infrastructure.providers.mercado_data_provider | DEBUG | RTD: preco_ativo ITUB4=42.39 forçado com sucesso
src.infrastructure.providers.mercado_data_provider | DEBUG | RTD: Detalhes completos registrados para PETR4|PETRT247 (Liquidez detectada)
src.infrastructure.providers.mercado_data_provider | DEBUG | RTD: preco_ativo PETR4=41.55 forçado com sucesso
src.infrastructure.providers.mercado_data_provider | DEBUG | RTD: Detalhes completos registrados para HYPE3|HYPEU195 (Liquidez detectada)
src.infrastructure.providers.mercado_data_provider | DEBUG | RTD: preco_ativo HYPE3=20.11 forçado com sucesso
src.infrastructure.providers.mercado_data_provider | DEBUG | RTD: Detalhes completos registrados para EZTC3|EZTCU135 (Liquidez detectada)
src.infrastructure.providers.mercado_data_provider | DEBUG | RTD: preco_ativo EZTC3=11.63 forçado com sucesso
src.infrastructure.providers.mercado_data_provider | DEBUG | RTD: Detalhes completos registrados para WEGE3|WEGES352W5 (Liquidez detectada)
src.infrastructure.providers.mercado_data_provider | DEBUG | RTD: preco_ativo WEGE3=42.62 forçado com sucesso
src.infrastructure.providers.mercado_data_provider | DEBUG | RTD: Detalhes completos registrados para B3SA3|B3SAT111 (Liquidez detectada)
src.infrastructure.providers.mercado_data_provider | DEBUG | RTD: preco_ativo B3SA3=15.11 forçado com sucesso
src.infrastructure.providers.mercado_data_provider | DEBUG | RTD: Detalhes completos registrados para VALE3|VALET574 (Liquidez detectada)
src.infrastructure.providers.mercado_data_provider | DEBUG | RTD: preco_ativo VALE3=72.21 forçado com sucesso
src.infrastructure.providers.mercado_data_provider | DEBUG | RTD: Detalhes completos registrados para EMBJ3|EMBJU868 (Liquidez detectada)
src.infrastructure.providers.mercado_data_provider | DEBUG | RTD: preco_ativo EMBJ3=83.29 forçado com sucesso
src.infrastructure.providers.mercado_data_provider | DEBUG | RTD: Detalhes completos registrados para PETR4|PETRV363W2 (Liquidez detectada)
src.infrastructure.providers.mercado_data_provider | DEBUG | RTD: preco_ativo PETR4=41.55 forçado com sucesso
src.infrastructure.providers.mercado_data_provider | DEBUG | RTD: Detalhes completos registrados para FESA4|FESAT538 (Liquidez detectada)
src.infrastructure.providers.mercado_data_provider | DEBUG | RTD: preco_ativo FESA4=5.96 forçado com sucesso
src.infrastructure.providers.mercado_data_provider | DEBUG | RTD: Detalhes completos registrados para EMBJ3|EMBJU838 (Liquidez detectada)
src.infrastructure.providers.mercado_data_provider | DEBUG | RTD: preco_ativo EMBJ3=83.29 forçado com sucesso
src.infrastructure.providers.mercado_data_provider | DEBUG | RTD: Detalhes completos registrados para PETR4|PETRU379 (Liquidez detectada)
src.infrastructure.providers.mercado_data_provider | DEBUG | RTD: preco_ativo PETR4=41.55 forçado com sucesso
src.infrastructure.providers.mercado_data_provider | DEBUG | RTD: Detalhes completos registrados para B3SA3|B3SAU192 (Liquidez detectada)
src.infrastructure.providers.mercado_data_provider | DEBUG | RTD: preco_ativo B3SA3=15.11 forçado com sucesso
src.infrastructure.providers.mercado_data_provider | DEBUG | RTD: Detalhes completos registrados para BBSE3|BBSEU386 (Liquidez detectada)
src.infrastructure.providers.mercado_data_provider | DEBUG | RTD: preco_ativo BBSE3=41.15 forçado com sucesso
src.infrastructure.providers.mercado_data_provider | DEBUG | RTD: Detalhes completos registrados para LREN3|LRENT11 (Liquidez detectada)
src.infrastructure.providers.mercado_data_provider | DEBUG | RTD: preco_ativo LREN3=13.20 forçado com sucesso
src.infrastructure.providers.mercado_data_provider | DEBUG | RTD: Detalhes completos registrados para VALE3|VALEW710 (Liquidez detectada)
src.infrastructure.providers.mercado_data_provider | DEBUG | RTD: preco_ativo VALE3=72.21 forçado com sucesso
src.infrastructure.providers.mercado_data_provider | DEBUG | RTD: Detalhes completos registrados para VALE3|VALEU301 (Liquidez detectada)
src.infrastructure.providers.mercado_data_provider | DEBUG | RTD: preco_ativo VALE3=72.21 forçado com sucesso
src.infrastructure.providers.mercado_data_provider | DEBUG | RTD: Detalhes completos registrados para MGLU3|MGLUU455 (Liquidez detectada)
src.infrastructure.providers.mercado_data_provider | DEBUG | RTD: preco_ativo MGLU3=4.85 forçado com sucesso
src.infrastructure.providers.mercado_data_provider | DEBUG | RTD: Detalhes completos registrados para PETR4|PETRT447 (Liquidez detectada)
src.infrastructure.providers.mercado_data_provider | DEBUG | RTD: preco_ativo PETR4=41.55 forçado com sucesso
src.infrastructure.providers.mercado_data_provider | DEBUG | RTD: Detalhes completos registrados para PRIO3|PRIOU670 (Liquidez detectada)
src.infrastructure.providers.mercado_data_provider | DEBUG | RTD: preco_ativo PRIO3=58.56 forçado com sucesso
src.infrastructure.providers.mercado_data_provider | DEBUG | RTD: Detalhes completos registrados para EQTL3|EQTLV339 (Liquidez detectada)
src.infrastructure.providers.mercado_data_provider | DEBUG | RTD: preco_ativo EQTL3=38.59 forçado com sucesso
src.infrastructure.providers.mercado_data_provider | DEBUG | RTD: Detalhes completos registrados para PCAR3|PCARU300 (Liquidez detectada)
src.infrastructure.providers.mercado_data_provider | DEBUG | RTD: preco_ativo PCAR3=2.73 forçado com sucesso
src.infrastructure.providers.mercado_data_provider | DEBUG | RTD: Detalhes completos registrados para PETR4|PETRT492 (Liquidez detectada)
src.infrastructure.providers.mercado_data_provider | DEBUG | RTD: preco_ativo PETR4=41.55 forçado com sucesso
src.infrastructure.providers.mercado_data_provider | DEBUG | RTD: Detalhes completos registrados para TOTS3|TOTSX30 (Liquidez detectada)
src.infrastructure.providers.mercado_data_provider | DEBUG | RTD: preco_ativo TOTS3=28.35 forçado com sucesso
src.infrastructure.providers.mercado_data_provider | DEBUG | RTD: Detalhes completos registrados para CSMG3|CSMGT662W2 (Liquidez detectada)
src.infrastructure.providers.mercado_data_provider | DEBUG | RTD: preco_ativo CSMG3=63.21 forçado com sucesso
src.infrastructure.providers.mercado_data_provider | DEBUG | RTD: Detalhes completos registrados para CPFE3|CPFEU354 (Liquidez detectada)
src.infrastructure.providers.mercado_data_provider | DEBUG | RTD: preco_ativo CPFE3=46.39 forçado com sucesso
src.infrastructure.providers.mercado_data_provider | DEBUG | RTD: Detalhes completos registrados para ITSA4|ITSAU118 (Liquidez detectada)
src.infrastructure.providers.mercado_data_provider | DEBUG | RTD: preco_ativo ITSA4=13.58 forçado com sucesso
src.infrastructure.providers.mercado_data_provider | DEBUG | RTD: Detalhes completos registrados para CVCB3|CVCBU125 (Liquidez detectada)
src.infrastructure.providers.mercado_data_provider | DEBUG | RTD: preco_ativo CVCB3=1.14 forçado com sucesso
src.infrastructure.providers.mercado_data_provider | DEBUG | RTD: Detalhes completos registrados para AXIA3|AXIAT534 (Liquidez detectada)
src.infrastructure.providers.mercado_data_provider | DEBUG | RTD: preco_ativo AXIA3=50.19 forçado com sucesso
src.infrastructure.providers.mercado_data_provider | DEBUG | RTD: Detalhes completos registrados para ENEV3|ENEVU167 (Liquidez detectada)
src.infrastructure.providers.mercado_data_provider | DEBUG | RTD: preco_ativo ENEV3=25.41 forçado com sucesso
src.infrastructure.providers.mercado_data_provider | DEBUG | RTD: Detalhes completos registrados para ITUB4|ITUBT436 (Liquidez detectada)
src.infrastructure.providers.mercado_data_provider | DEBUG | RTD: preco_ativo ITUB4=42.39 forçado com sucesso
src.infrastructure.providers.mercado_data_provider | DEBUG | RTD: Detalhes completos registrados para CSNA3|CSNAT370W1 (Liquidez detectada)
src.infrastructure.providers.mercado_data_provider | DEBUG | RTD: preco_ativo CSNA3=5.07 forçado com sucesso
src.infrastructure.providers.mercado_data_provider | DEBUG | RTD: Detalhes completos registrados para ISAE4|ISAEW255 (Liquidez detectada)
src.infrastructure.providers.mercado_data_provider | DEBUG | RTD: preco_ativo ISAE4=28.01 forçado com sucesso
src.infrastructure.providers.mercado_data_provider | DEBUG | RTD: Detalhes completos registrados para RENT3|RENTT377 (Liquidez detectada)
src.infrastructure.providers.mercado_data_provider | DEBUG | RTD: preco_ativo RENT3=36.59 forçado com sucesso
src.infrastructure.providers.mercado_data_provider | DEBUG | RTD: Detalhes completos registrados para MGLU3|MGLUU315 (Liquidez detectada)
src.infrastructure.providers.mercado_data_provider | DEBUG | RTD: preco_ativo MGLU3=4.85 forçado com sucesso
src.infrastructure.providers.mercado_data_provider | DEBUG | RTD: Detalhes completos registrados para JHSF3|JHSFU878 (Liquidez detectada)
src.infrastructure.providers.mercado_data_provider | DEBUG | RTD: preco_ativo JHSF3=10.95 forçado com sucesso
src.infrastructure.providers.mercado_data_provider | DEBUG | RTD: Detalhes completos registrados para WEGE3|WEGEU418 (Liquidez detectada)
src.infrastructure.providers.mercado_data_provider | DEBUG | RTD: preco_ativo WEGE3=42.62 forçado com sucesso
src.infrastructure.providers.mercado_data_provider | DEBUG | RTD: Detalhes completos registrados para PRIO3|PRIOU345 (Liquidez detectada)
src.infrastructure.providers.mercado_data_provider | DEBUG | RTD: preco_ativo PRIO3=58.56 forçado com sucesso
src.infrastructure.providers.mercado_data_provider | DEBUG | RTD: Detalhes completos registrados para WEGE3|WEGES392W5 (Liquidez detectada)
src.infrastructure.providers.mercado_data_provider | DEBUG | RTD: preco_ativo WEGE3=42.62 forçado com sucesso
src.infrastructure.providers.mercado_data_provider | DEBUG | RTD: Detalhes completos registrados para ASAI3|ASAIT650 (Liquidez detectada)
src.infrastructure.providers.mercado_data_provider | DEBUG | RTD: preco_ativo ASAI3=8.17 forçado com sucesso
src.infrastructure.providers.mercado_data_provider | DEBUG | RTD: Detalhes completos registrados para WEGE3|WEGET429W1 (Liquidez detectada)
src.infrastructure.providers.mercado_data_provider | DEBUG | RTD: preco_ativo WEGE3=42.62 forçado com sucesso
src.infrastructure.providers.mercado_data_provider | DEBUG | RTD: Detalhes completos registrados para GGBR4|GGBRT266 (Liquidez detectada)
src.infrastructure.providers.mercado_data_provider | DEBUG | RTD: preco_ativo GGBR4=23.61 forçado com sucesso
src.infrastructure.providers.mercado_data_provider | DEBUG | RTD: Detalhes completos registrados para GMAT3|GMATT269 (Liquidez detectada)
src.infrastructure.providers.mercado_data_provider | DEBUG | RTD: preco_ativo GMAT3=3.82 forçado com sucesso
src.infrastructure.providers.mercado_data_provider | DEBUG | RTD: Detalhes completos registrados para SMAL11|SMALS102W5 (Liquidez detectada)
src.infrastructure.providers.mercado_data_provider | DEBUG | RTD: preco_ativo SMAL11=105.56 forçado com sucesso
src.infrastructure.providers.mercado_data_provider | DEBUG | RTD: Detalhes completos registrados para HYPE3|HYPEU167 (Liquidez detectada)
src.infrastructure.providers.mercado_data_provider | DEBUG | RTD: preco_ativo HYPE3=20.11 forçado com sucesso
src.infrastructure.providers.mercado_data_provider | DEBUG | RTD: Detalhes completos registrados para BEEF3|BEEFS366W5 (Liquidez detectada)
src.infrastructure.providers.mercado_data_provider | DEBUG | RTD: preco_ativo BEEF3=3.56 forçado com sucesso
src.infrastructure.providers.mercado_data_provider | DEBUG | RTD: Detalhes completos registrados para MULT3|MULTU293 (Liquidez detectada)
src.infrastructure.providers.mercado_data_provider | DEBUG | RTD: preco_ativo MULT3=28.08 forçado com sucesso
src.infrastructure.providers.mercado_data_provider | DEBUG | RTD: Detalhes completos registrados para SBSP3|SBSPT283W1 (Liquidez detectada)
src.infrastructure.providers.mercado_data_provider | DEBUG | RTD: preco_ativo SBSP3=28.60 forçado com sucesso
src.infrastructure.providers.mercado_data_provider | DEBUG | RTD: Detalhes completos registrados para VALE3|VALEW660 (Liquidez detectada)
src.infrastructure.providers.mercado_data_provider | DEBUG | RTD: preco_ativo VALE3=72.21 forçado com sucesso
src.infrastructure.providers.mercado_data_provider | DEBUG | RTD: Detalhes completos registrados para INTB3|INTBU133 (Liquidez detectada)
src.infrastructure.providers.mercado_data_provider | DEBUG | RTD: preco_ativo INTB3=13.14 forçado com sucesso
src.infrastructure.providers.mercado_data_provider | DEBUG | RTD: Detalhes completos registrados para DIRR3|DIRRU125 (Liquidez detectada)
src.infrastructure.providers.mercado_data_provider | DEBUG | RTD: preco_ativo DIRR3=11.53 forçado com sucesso
src.infrastructure.providers.mercado_data_provider | DEBUG | RTD: Detalhes completos registrados para PETR4|PETRX249 (Liquidez detectada)
src.infrastructure.providers.mercado_data_provider | DEBUG | RTD: preco_ativo PETR4=41.55 forçado com sucesso
src.infrastructure.providers.mercado_data_provider | DEBUG | RTD: Detalhes completos registrados para SUZB3|SUZBU466 (Liquidez detectada)
src.infrastructure.providers.mercado_data_provider | DEBUG | RTD: preco_ativo SUZB3=41.47 forçado com sucesso
src.infrastructure.providers.mercado_data_provider | DEBUG | RTD: Detalhes completos registrados para BBDC4|BBDCX126 (Liquidez detectada)
src.infrastructure.providers.mercado_data_provider | DEBUG | RTD: preco_ativo BBDC4=18.51 forçado com sucesso
src.infrastructure.providers.mercado_data_provider | DEBUG | RTD: Detalhes completos registrados para SBSP3|SBSPT212 (Liquidez detectada)
src.infrastructure.providers.mercado_data_provider | DEBUG | RTD: preco_ativo SBSP3=28.60 forçado com sucesso
src.infrastructure.providers.mercado_data_provider | DEBUG | RTD: Detalhes completos registrados para EGIE3|EGIES277W5 (Liquidez detectada)
src.infrastructure.providers.mercado_data_provider | DEBUG | RTD: preco_ativo EGIE3=30.17 forçado com sucesso
src.infrastructure.providers.mercado_data_provider | DEBUG | RTD: Detalhes completos registrados para LREN3|LRENT130 (Liquidez detectada)
src.infrastructure.providers.mercado_data_provider | DEBUG | RTD: preco_ativo LREN3=13.20 forçado com sucesso
src.infrastructure.providers.mercado_data_provider | DEBUG | RTD: Detalhes completos registrados para VBBR3|VBBRU372 (Liquidez detectada)
src.infrastructure.providers.mercado_data_provider | DEBUG | RTD: preco_ativo VBBR3=33.64 forçado com sucesso
src.infrastructure.providers.mercado_data_provider | DEBUG | RTD: Detalhes completos registrados para VALE3|VALEU796 (Liquidez detectada)
src.infrastructure.providers.mercado_data_provider | DEBUG | RTD: preco_ativo VALE3=72.21 forçado com sucesso
src.infrastructure.providers.mercado_data_provider | DEBUG | RTD: Detalhes completos registrados para CMIN3|CMINV451 (Liquidez detectada)
src.infrastructure.providers.mercado_data_provider | DEBUG | RTD: preco_ativo CMIN3=5.46 forçado com sucesso
src.infrastructure.providers.mercado_data_provider | DEBUG | RTD: Detalhes completos registrados para WEGE3|WEGES457W5 (Liquidez detectada)
src.infrastructure.providers.mercado_data_provider | DEBUG | RTD: preco_ativo WEGE3=42.62 forçado com sucesso
src.infrastructure.providers.mercado_data_provider | DEBUG | RTD: Detalhes completos registrados para EQTL3|EQTLU28 (Liquidez detectada)
src.infrastructure.providers.mercado_data_provider | DEBUG | RTD: preco_ativo EQTL3=38.59 forçado com sucesso
src.infrastructure.providers.mercado_data_provider | DEBUG | RTD: Detalhes completos registrados para MGLU3|MGLUU470 (Liquidez detectada)
src.infrastructure.providers.mercado_data_provider | DEBUG | RTD: preco_ativo MGLU3=4.85 forçado com sucesso
src.infrastructure.providers.mercado_data_provider | DEBUG | RTD: Detalhes completos registrados para RAIL3|RAILT130 (Liquidez detectada)
src.infrastructure.providers.mercado_data_provider | DEBUG | RTD: preco_ativo RAIL3=13.26 forçado com sucesso
src.infrastructure.providers.mercado_data_provider | DEBUG | RTD: Detalhes completos registrados para B3SA3|B3SAV160 (Liquidez detectada)
src.infrastructure.providers.mercado_data_provider | DEBUG | RTD: preco_ativo B3SA3=15.11 forçado com sucesso
src.infrastructure.providers.mercado_data_provider | DEBUG | RTD: Detalhes completos registrados para MGLU3|MGLUX435 (Liquidez detectada)
src.infrastructure.providers.mercado_data_provider | DEBUG | RTD: preco_ativo MGLU3=4.85 forçado com sucesso
src.infrastructure.providers.mercado_data_provider | DEBUG | RTD: Detalhes completos registrados para LOGG3|LOGGT17 (Liquidez detectada)
src.infrastructure.providers.mercado_data_provider | DEBUG | RTD: preco_ativo LOGG3=26.00 forçado com sucesso
src.infrastructure.providers.mercado_data_provider | DEBUG | RTD: Detalhes completos registrados para VALE3|VALEU444 (Liquidez detectada)
src.infrastructure.providers.mercado_data_provider | DEBUG | RTD: preco_ativo VALE3=72.21 forçado com sucesso
src.infrastructure.providers.mercado_data_provider | DEBUG | RTD: Detalhes completos registrados para PRIO3|PRIOU312 (Liquidez detectada)
src.infrastructure.providers.mercado_data_provider | DEBUG | RTD: preco_ativo PRIO3=58.56 forçado com sucesso
src.infrastructure.providers.mercado_data_provider | DEBUG | RTD: Detalhes completos registrados para RAIL3|RAILU833 (Liquidez detectada)
src.infrastructure.providers.mercado_data_provider | DEBUG | RTD: preco_ativo RAIL3=13.26 forçado com sucesso
src.infrastructure.providers.mercado_data_provider | DEBUG | RTD: Detalhes completos registrados para AXIA3|AXIAV375 (Liquidez detectada)
src.infrastructure.providers.mercado_data_provider | DEBUG | RTD: preco_ativo AXIA3=50.19 forçado com sucesso
src.infrastructure.providers.mercado_data_provider | DEBUG | RTD: Detalhes completos registrados para BBDC4|BBDCT18 (Liquidez detectada)
src.infrastructure.providers.mercado_data_provider | DEBUG | RTD: preco_ativo BBDC4=18.51 forçado com sucesso
src.infrastructure.providers.mercado_data_provider | DEBUG | RTD: Detalhes completos registrados para SANB11|SANBT295 (Liquidez detectada)
src.infrastructure.providers.mercado_data_provider | DEBUG | RTD: preco_ativo SANB11=27.24 forçado com sucesso
src.infrastructure.providers.mercado_data_provider | DEBUG | RTD: Detalhes completos registrados para LREN3|LRENT155 (Liquidez detectada)
src.infrastructure.providers.mercado_data_provider | DEBUG | RTD: preco_ativo LREN3=13.20 forçado com sucesso
src.infrastructure.providers.mercado_data_provider | DEBUG | RTD: Detalhes completos registrados para BBSE3|BBSEV356 (Liquidez detectada)
src.infrastructure.providers.mercado_data_provider | DEBUG | RTD: preco_ativo BBSE3=41.15 forçado com sucesso
src.infrastructure.providers.mercado_data_provider | DEBUG | RTD: Detalhes completos registrados para PETR4|PETRU489 (Liquidez detectada)
src.infrastructure.providers.mercado_data_provider | DEBUG | RTD: preco_ativo PETR4=41.55 forçado com sucesso
src.infrastructure.providers.mercado_data_provider | DEBUG | RTD: Detalhes completos registrados para VIVT3|VIVTV303 (Liquidez detectada)
src.infrastructure.providers.mercado_data_provider | DEBUG | RTD: preco_ativo VIVT3=35.52 forçado com sucesso
src.infrastructure.providers.mercado_data_provider | DEBUG | RTD: Detalhes completos registrados para PETR4|PETRT449W1 (Liquidez detectada)
src.infrastructure.providers.mercado_data_provider | DEBUG | RTD: preco_ativo PETR4=41.55 forçado com sucesso
src.infrastructure.providers.mercado_data_provider | DEBUG | RTD: Detalhes completos registrados para BBSE3|BBSEW400 (Liquidez detectada)
src.infrastructure.providers.mercado_data_provider | DEBUG | RTD: preco_ativo BBSE3=41.15 forçado com sucesso
src.infrastructure.providers.mercado_data_provider | DEBUG | RTD: Detalhes completos registrados para ANIM3|ANIMM20 (Liquidez detectada)
src.infrastructure.providers.mercado_data_provider | DEBUG | RTD: preco_ativo ANIM3=2.13 forçado com sucesso
src.infrastructure.providers.mercado_data_provider | DEBUG | RTD: Detalhes completos registrados para YDUQ3|YDUQT866 (Liquidez detectada)
src.infrastructure.providers.mercado_data_provider | DEBUG | RTD: preco_ativo YDUQ3=7.91 forçado com sucesso
src.infrastructure.providers.mercado_data_provider | DEBUG | RTD: Detalhes completos registrados para RECV3|RECVT124 (Liquidez detectada)
src.infrastructure.providers.mercado_data_provider | DEBUG | RTD: preco_ativo RECV3=10.32 forçado com sucesso
src.infrastructure.providers.mercado_data_provider | DEBUG | RTD: Detalhes completos registrados para VALE3|VALET399 (Liquidez detectada)
src.infrastructure.providers.mercado_data_provider | DEBUG | RTD: preco_ativo VALE3=72.21 forçado com sucesso
src.infrastructure.providers.mercado_data_provider | DEBUG | RTD: Detalhes completos registrados para MGLU3|MGLUT441 (Liquidez detectada)
src.infrastructure.providers.mercado_data_provider | DEBUG | RTD: preco_ativo MGLU3=4.85 forçado com sucesso
src.infrastructure.providers.mercado_data_provider | DEBUG | RTD: Detalhes completos registrados para CSMG3|CSMGT602W2 (Liquidez detectada)
src.infrastructure.providers.mercado_data_provider | DEBUG | RTD: preco_ativo CSMG3=63.21 forçado com sucesso
src.infrastructure.providers.mercado_data_provider | DEBUG | RTD: Detalhes completos registrados para ITUB4|ITUBT425W1 (Liquidez detectada)
src.infrastructure.providers.mercado_data_provider | DEBUG | RTD: preco_ativo ITUB4=42.39 forçado com sucesso
src.infrastructure.providers.mercado_data_provider | DEBUG | RTD: Detalhes completos registrados para ANIM3|ANIMV167 (Liquidez detectada)
src.infrastructure.providers.mercado_data_provider | DEBUG | RTD: preco_ativo ANIM3=2.13 forçado com sucesso
src.infrastructure.providers.mercado_data_provider | DEBUG | RTD: Detalhes completos registrados para CXSE3|CXSET191 (Liquidez detectada)
src.infrastructure.providers.mercado_data_provider | DEBUG | RTD: preco_ativo CXSE3=22.22 forçado com sucesso
src.infrastructure.providers.mercado_data_provider | DEBUG | RTD: Detalhes completos registrados para USIM5|USIMU630 (Liquidez detectada)
src.infrastructure.providers.mercado_data_provider | DEBUG | RTD: preco_ativo USIM5=8.38 forçado com sucesso
src.infrastructure.providers.mercado_data_provider | DEBUG | RTD: Detalhes completos registrados para EZTC3|EZTCU993 (Liquidez detectada)
src.infrastructure.providers.mercado_data_provider | DEBUG | RTD: preco_ativo EZTC3=11.63 forçado com sucesso
src.infrastructure.providers.mercado_data_provider | DEBUG | RTD: Detalhes completos registrados para CXSE3|CXSEU164 (Liquidez detectada)
src.infrastructure.providers.mercado_data_provider | DEBUG | RTD: preco_ativo CXSE3=22.22 forçado com sucesso
src.infrastructure.providers.mercado_data_provider | DEBUG | RTD: Detalhes completos registrados para PETR4|PETRU596 (Liquidez detectada)
src.infrastructure.providers.mercado_data_provider | DEBUG | RTD: preco_ativo PETR4=41.55 forçado com sucesso
src.infrastructure.providers.mercado_data_provider | DEBUG | RTD: Detalhes completos registrados para SUZB3|SUZBU363 (Liquidez detectada)
src.infrastructure.providers.mercado_data_provider | DEBUG | RTD: preco_ativo SUZB3=41.47 forçado com sucesso
src.infrastructure.providers.mercado_data_provider | DEBUG | RTD: Detalhes completos registrados para LEVE3|LEVET336 (Liquidez detectada)
src.infrastructure.providers.mercado_data_provider | DEBUG | RTD: preco_ativo LEVE3=31.36 forçado com sucesso
src.infrastructure.providers.mercado_data_provider | DEBUG | RTD: Detalhes completos registrados para RAIL3|RAILU953 (Liquidez detectada)
src.infrastructure.providers.mercado_data_provider | DEBUG | RTD: preco_ativo RAIL3=13.26 forçado com sucesso
src.infrastructure.providers.mercado_data_provider | DEBUG | RTD: Detalhes completos registrados para CSMG3|CSMGT552W2 (Liquidez detectada)
src.infrastructure.providers.mercado_data_provider | DEBUG | RTD: preco_ativo CSMG3=63.21 forçado com sucesso
src.infrastructure.providers.mercado_data_provider | DEBUG | RTD: Detalhes completos registrados para VULC3|VULCU145 (Liquidez detectada)
src.infrastructure.providers.mercado_data_provider | DEBUG | RTD: preco_ativo VULC3=14.04 forçado com sucesso
src.infrastructure.providers.mercado_data_provider | DEBUG | RTD: Detalhes completos registrados para VALE3|VALET444 (Liquidez detectada)
src.infrastructure.providers.mercado_data_provider | DEBUG | RTD: preco_ativo VALE3=72.21 forçado com sucesso
src.infrastructure.providers.mercado_data_provider | DEBUG | RTD: Detalhes completos registrados para EMBJ3|EMBJU513 (Liquidez detectada)
src.infrastructure.providers.mercado_data_provider | DEBUG | RTD: preco_ativo EMBJ3=83.29 forçado com sucesso
src.infrastructure.providers.mercado_data_provider | DEBUG | RTD: Detalhes completos registrados para BEEF3|BEEFU247 (Liquidez detectada)
src.infrastructure.providers.mercado_data_provider | DEBUG | RTD: preco_ativo BEEF3=3.56 forçado com sucesso
src.infrastructure.providers.mercado_data_provider | DEBUG | RTD: Detalhes completos registrados para EMBJ3|EMBJT833W1 (Liquidez detectada)
src.infrastructure.providers.mercado_data_provider | DEBUG | RTD: preco_ativo EMBJ3=83.29 forçado com sucesso
src.infrastructure.providers.mercado_data_provider | DEBUG | RTD: Detalhes completos registrados para BBAS3|BBASX190 (Liquidez detectada)
src.infrastructure.providers.mercado_data_provider | DEBUG | RTD: preco_ativo BBAS3=20.66 forçado com sucesso
src.infrastructure.providers.mercado_data_provider | DEBUG | RTD: Detalhes completos registrados para GOAU4|GOAUT11 (Liquidez detectada)
src.infrastructure.providers.mercado_data_provider | DEBUG | RTD: preco_ativo GOAU4=10.26 forçado com sucesso
src.infrastructure.providers.mercado_data_provider | DEBUG | RTD: Detalhes completos registrados para BBSE3|BBSEU404 (Liquidez detectada)
src.infrastructure.providers.mercado_data_provider | DEBUG | RTD: preco_ativo BBSE3=41.15 forçado com sucesso
src.infrastructure.providers.mercado_data_provider | DEBUG | RTD: Detalhes completos registrados para CSMG3|CSMGU675 (Liquidez detectada)
src.infrastructure.providers.mercado_data_provider | DEBUG | RTD: preco_ativo CSMG3=63.21 forçado com sucesso
src.infrastructure.providers.mercado_data_provider | DEBUG | RTD: Detalhes completos registrados para ITUB4|ITUBT410W1 (Liquidez detectada)
src.infrastructure.providers.mercado_data_provider | DEBUG | RTD: preco_ativo ITUB4=42.39 forçado com sucesso
src.infrastructure.providers.mercado_data_provider | DEBUG | RTD: Detalhes completos registrados para ENEV3|ENEVU250 (Liquidez detectada)
src.infrastructure.providers.mercado_data_provider | DEBUG | RTD: preco_ativo ENEV3=25.41 forçado com sucesso
src.infrastructure.providers.mercado_data_provider | DEBUG | RTD: Detalhes completos registrados para BBAS3|BBAST785 (Liquidez detectada)
src.infrastructure.providers.mercado_data_provider | DEBUG | RTD: preco_ativo BBAS3=20.66 forçado com sucesso
src.infrastructure.providers.mercado_data_provider | DEBUG | RTD: Detalhes completos registrados para ANIM3|ANIMT207 (Liquidez detectada)
src.infrastructure.providers.mercado_data_provider | DEBUG | RTD: preco_ativo ANIM3=2.13 forçado com sucesso
src.infrastructure.providers.mercado_data_provider | DEBUG | RTD: Detalhes completos registrados para AXIA3|AXIAU544 (Liquidez detectada)
src.infrastructure.providers.mercado_data_provider | DEBUG | RTD: preco_ativo AXIA3=50.19 forçado com sucesso
src.infrastructure.providers.mercado_data_provider | DEBUG | RTD: Detalhes completos registrados para CEAB3|CEABU722 (Liquidez detectada)
src.infrastructure.providers.mercado_data_provider | DEBUG | RTD: preco_ativo CEAB3=9.35 forçado com sucesso
src.infrastructure.providers.mercado_data_provider | DEBUG | RTD: Detalhes completos registrados para GOAU4|GOAUU865 (Liquidez detectada)
src.infrastructure.providers.mercado_data_provider | DEBUG | RTD: preco_ativo GOAU4=10.26 forçado com sucesso
src.infrastructure.providers.mercado_data_provider | DEBUG | RTD: Detalhes completos registrados para UGPA3|UGPAU217 (Liquidez detectada)
src.infrastructure.providers.mercado_data_provider | DEBUG | RTD: preco_ativo UGPA3=31.63 forçado com sucesso
src.infrastructure.providers.mercado_data_provider | DEBUG | RTD: Detalhes completos registrados para VULC3|VULCU105 (Liquidez detectada)
src.infrastructure.providers.mercado_data_provider | DEBUG | RTD: preco_ativo VULC3=14.04 forçado com sucesso
src.infrastructure.providers.mercado_data_provider | DEBUG | RTD: Detalhes completos registrados para DIRR3|DIRRT958 (Liquidez detectada)
src.infrastructure.providers.mercado_data_provider | DEBUG | RTD: preco_ativo DIRR3=11.53 forçado com sucesso
src.infrastructure.providers.mercado_data_provider | DEBUG | RTD: Detalhes completos registrados para PRIO3|PRIOT487 (Liquidez detectada)
src.infrastructure.providers.mercado_data_provider | DEBUG | RTD: preco_ativo PRIO3=58.56 forçado com sucesso
src.infrastructure.providers.mercado_data_provider | DEBUG | RTD: Detalhes completos registrados para JHSF3|JHSFU928 (Liquidez detectada)
src.infrastructure.providers.mercado_data_provider | DEBUG | RTD: preco_ativo JHSF3=10.95 forçado com sucesso
src.infrastructure.providers.mercado_data_provider | DEBUG | RTD: Detalhes completos registrados para USIM5|USIMU860 (Liquidez detectada)
src.infrastructure.providers.mercado_data_provider | DEBUG | RTD: preco_ativo USIM5=8.38 forçado com sucesso
src.infrastructure.providers.mercado_data_provider | DEBUG | RTD: Detalhes completos registrados para ALPA4|ALPAU130 (Liquidez detectada)
src.infrastructure.providers.mercado_data_provider | DEBUG | RTD: preco_ativo ALPA4=11.68 forçado com sucesso
src.infrastructure.providers.mercado_data_provider | DEBUG | RTD: Detalhes completos registrados para MULT3|MULTT223 (Liquidez detectada)
src.infrastructure.providers.mercado_data_provider | DEBUG | RTD: preco_ativo MULT3=28.08 forçado com sucesso
src.infrastructure.providers.mercado_data_provider | DEBUG | RTD: Detalhes completos registrados para BBSE3|BBSET356 (Liquidez detectada)
src.infrastructure.providers.mercado_data_provider | DEBUG | RTD: preco_ativo BBSE3=41.15 forçado com sucesso
src.infrastructure.providers.mercado_data_provider | DEBUG | RTD: Detalhes completos registrados para GGBR4|GGBRU255 (Liquidez detectada)
src.infrastructure.providers.mercado_data_provider | DEBUG | RTD: preco_ativo GGBR4=23.61 forçado com sucesso
src.infrastructure.providers.mercado_data_provider | DEBUG | RTD: Detalhes completos registrados para USIM5|USIMT724W1 (Liquidez detectada)
src.infrastructure.providers.mercado_data_provider | DEBUG | RTD: preco_ativo USIM5=8.38 forçado com sucesso
src.infrastructure.providers.mercado_data_provider | DEBUG | RTD: Detalhes completos registrados para B3SA3|B3SAU154 (Liquidez detectada)
src.infrastructure.providers.mercado_data_provider | DEBUG | RTD: preco_ativo B3SA3=15.11 forçado com sucesso
src.infrastructure.providers.mercado_data_provider | DEBUG | RTD: Detalhes completos registrados para MULT3|MULTU271 (Liquidez detectada)
src.infrastructure.providers.mercado_data_provider | DEBUG | RTD: preco_ativo MULT3=28.08 forçado com sucesso
src.infrastructure.providers.mercado_data_provider | DEBUG | RTD: Detalhes completos registrados para MOVI3|MOVIU873 (Liquidez detectada)
src.infrastructure.providers.mercado_data_provider | DEBUG | RTD: preco_ativo MOVI3=8.12 forçado com sucesso
src.infrastructure.providers.mercado_data_provider | DEBUG | RTD: Detalhes completos registrados para RDOR3|RDORU390 (Liquidez detectada)
src.infrastructure.providers.mercado_data_provider | DEBUG | RTD: preco_ativo RDOR3=33.29 forçado com sucesso
src.infrastructure.providers.mercado_data_provider | DEBUG | RTD: Detalhes completos registrados para EMBJ3|EMBJT308 (Liquidez detectada)
src.infrastructure.providers.mercado_data_provider | DEBUG | RTD: preco_ativo EMBJ3=83.29 forçado com sucesso
src.infrastructure.providers.mercado_data_provider | DEBUG | RTD: Detalhes completos registrados para IGTI11|IGTIU249 (Liquidez detectada)
src.infrastructure.providers.mercado_data_provider | DEBUG | RTD: preco_ativo IGTI11=24.57 forçado com sucesso
src.infrastructure.providers.mercado_data_provider | DEBUG | RTD: Detalhes completos registrados para SMAL11|SMALU109 (Liquidez detectada)
src.infrastructure.providers.mercado_data_provider | DEBUG | RTD: preco_ativo SMAL11=105.56 forçado com sucesso
src.infrastructure.providers.mercado_data_provider | DEBUG | RTD: Detalhes completos registrados para SMAL11|SMALS106W5 (Liquidez detectada)
src.infrastructure.providers.mercado_data_provider | DEBUG | RTD: preco_ativo SMAL11=105.56 forçado com sucesso
src.infrastructure.providers.mercado_data_provider | DEBUG | RTD: Detalhes completos registrados para PETR3|PETRU433 (Liquidez detectada)
src.infrastructure.providers.mercado_data_provider | DEBUG | RTD: preco_ativo PETR3=46.71 forçado com sucesso
src.infrastructure.providers.mercado_data_provider | DEBUG | RTD: Detalhes completos registrados para YDUQ3|YDUQU686 (Liquidez detectada)
src.infrastructure.providers.mercado_data_provider | DEBUG | RTD: preco_ativo YDUQ3=7.91 forçado com sucesso
src.infrastructure.providers.mercado_data_provider | DEBUG | RTD: Detalhes completos registrados para PETR4|PETRT408W1 (Liquidez detectada)
src.infrastructure.providers.mercado_data_provider | DEBUG | RTD: preco_ativo PETR4=41.55 forçado com sucesso
src.infrastructure.providers.mercado_data_provider | DEBUG | RTD: Detalhes completos registrados para WEGE3|WEGEV351W2 (Liquidez detectada)
src.infrastructure.providers.mercado_data_provider | DEBUG | RTD: preco_ativo WEGE3=42.62 forçado com sucesso
src.infrastructure.providers.mercado_data_provider | DEBUG | RTD: Detalhes completos registrados para JHSF3|JHSFX103 (Liquidez detectada)
src.infrastructure.providers.mercado_data_provider | DEBUG | RTD: preco_ativo JHSF3=10.95 forçado com sucesso
src.infrastructure.providers.mercado_data_provider | DEBUG | RTD: Detalhes completos registrados para XPBR31|XPBRU955 (Liquidez detectada)
src.infrastructure.providers.mercado_data_provider | DEBUG | RTD: preco_ativo XPBR31=84.85 forçado com sucesso
src.infrastructure.providers.mercado_data_provider | DEBUG | RTD: Detalhes completos registrados para BBDC3|BBDCT153 (Liquidez detectada)
src.infrastructure.providers.mercado_data_provider | DEBUG | RTD: preco_ativo BBDC3=16.10 forçado com sucesso
src.infrastructure.providers.mercado_data_provider | DEBUG | RTD: Detalhes completos registrados para CPFE3|CPFET469 (Liquidez detectada)
src.infrastructure.providers.mercado_data_provider | DEBUG | RTD: preco_ativo CPFE3=46.39 forçado com sucesso
src.infrastructure.providers.mercado_data_provider | DEBUG | RTD: Detalhes completos registrados para WEGE3|WEGEU453 (Liquidez detectada)
src.infrastructure.providers.mercado_data_provider | DEBUG | RTD: preco_ativo WEGE3=42.62 forçado com sucesso
src.infrastructure.providers.mercado_data_provider | DEBUG | RTD: Detalhes completos registrados para GGBR4|GGBRU282 (Liquidez detectada)
src.infrastructure.providers.mercado_data_provider | DEBUG | RTD: preco_ativo GGBR4=23.61 forçado com sucesso
src.infrastructure.providers.mercado_data_provider | DEBUG | RTD: Detalhes completos registrados para BBSE3|BBSEU329 (Liquidez detectada)
src.infrastructure.providers.mercado_data_provider | DEBUG | RTD: preco_ativo BBSE3=41.15 forçado com sucesso
src.infrastructure.providers.mercado_data_provider | DEBUG | RTD: Detalhes completos registrados para TOTS3|TOTST299 (Liquidez detectada)
src.infrastructure.providers.mercado_data_provider | DEBUG | RTD: preco_ativo TOTS3=28.35 forçado com sucesso
src.infrastructure.providers.mercado_data_provider | DEBUG | RTD: Detalhes completos registrados para ITUB4|ITUBU46 (Liquidez detectada)
src.infrastructure.providers.mercado_data_provider | DEBUG | RTD: preco_ativo ITUB4=42.39 forçado com sucesso
src.infrastructure.providers.mercado_data_provider | DEBUG | RTD: Detalhes completos registrados para PETR4|PETRS401W5 (Liquidez detectada)
src.infrastructure.providers.mercado_data_provider | DEBUG | RTD: preco_ativo PETR4=41.55 forçado com sucesso
src.infrastructure.providers.mercado_data_provider | DEBUG | RTD: Detalhes completos registrados para IGTI11|IGTIU244 (Liquidez detectada)
src.infrastructure.providers.mercado_data_provider | DEBUG | RTD: preco_ativo IGTI11=24.57 forçado com sucesso
src.infrastructure.providers.mercado_data_provider | DEBUG | RTD: Detalhes completos registrados para RAIL3|RAILU893 (Liquidez detectada)
src.infrastructure.providers.mercado_data_provider | DEBUG | RTD: preco_ativo RAIL3=13.26 forçado com sucesso
src.infrastructure.providers.mercado_data_provider | DEBUG | RTD: Detalhes completos registrados para GGBR4|GGBRU249 (Liquidez detectada)
src.infrastructure.providers.mercado_data_provider | DEBUG | RTD: preco_ativo GGBR4=23.61 forçado com sucesso
src.infrastructure.providers.mercado_data_provider | DEBUG | RTD: Detalhes completos registrados para IGTI11|IGTIT249 (Liquidez detectada)
src.infrastructure.providers.mercado_data_provider | DEBUG | RTD: preco_ativo IGTI11=24.57 forçado com sucesso
src.infrastructure.providers.mercado_data_provider | DEBUG | RTD: Detalhes completos registrados para WEGE3|WEGEU356 (Liquidez detectada)
src.infrastructure.providers.mercado_data_provider | DEBUG | RTD: preco_ativo WEGE3=42.62 forçado com sucesso
src.infrastructure.providers.mercado_data_provider | DEBUG | RTD: Detalhes completos registrados para AXIA3|AXIAV500 (Liquidez detectada)
src.infrastructure.providers.mercado_data_provider | DEBUG | RTD: preco_ativo AXIA3=50.19 forçado com sucesso
src.infrastructure.providers.mercado_data_provider | DEBUG | RTD: Detalhes completos registrados para VAMO3|VAMOV251 (Liquidez detectada)
src.infrastructure.providers.mercado_data_provider | DEBUG | RTD: preco_ativo VAMO3=3.10 forçado com sucesso
src.infrastructure.providers.mercado_data_provider | DEBUG | RTD: Detalhes completos registrados para EMBJ3|EMBJV793 (Liquidez detectada)
src.infrastructure.providers.mercado_data_provider | DEBUG | RTD: preco_ativo EMBJ3=83.29 forçado com sucesso
src.infrastructure.providers.mercado_data_provider | DEBUG | RTD: Detalhes completos registrados para VALE3|VALEV679 (Liquidez detectada)
src.infrastructure.providers.mercado_data_provider | DEBUG | RTD: preco_ativo VALE3=72.21 forçado com sucesso
src.infrastructure.providers.mercado_data_provider | DEBUG | RTD: Detalhes completos registrados para EMBJ3|EMBJT323 (Liquidez detectada)
src.infrastructure.providers.mercado_data_provider | DEBUG | RTD: preco_ativo EMBJ3=83.29 forçado com sucesso
src.infrastructure.providers.mercado_data_provider | DEBUG | RTD: Detalhes completos registrados para BRKM5|BRKMT730 (Liquidez detectada)
src.infrastructure.providers.mercado_data_provider | DEBUG | RTD: preco_ativo BRKM5=5.84 forçado com sucesso
src.infrastructure.providers.mercado_data_provider | DEBUG | RTD: Detalhes completos registrados para PETR4|PETRT396W1 (Liquidez detectada)
src.infrastructure.providers.mercado_data_provider | DEBUG | RTD: preco_ativo PETR4=41.55 forçado com sucesso
src.infrastructure.providers.mercado_data_provider | DEBUG | RTD: Detalhes completos registrados para SMAL11|SMALS940W5 (Liquidez detectada)
src.infrastructure.providers.mercado_data_provider | DEBUG | RTD: preco_ativo SMAL11=105.56 forçado com sucesso
src.infrastructure.providers.mercado_data_provider | DEBUG | RTD: Detalhes completos registrados para SUZB3|SUZBV413 (Liquidez detectada)
src.infrastructure.providers.mercado_data_provider | DEBUG | RTD: preco_ativo SUZB3=41.47 forçado com sucesso
src.infrastructure.providers.mercado_data_provider | DEBUG | RTD: Detalhes completos registrados para LEVE3|LEVEU278 (Liquidez detectada)
src.infrastructure.providers.mercado_data_provider | DEBUG | RTD: preco_ativo LEVE3=31.36 forçado com sucesso
src.infrastructure.providers.mercado_data_provider | DEBUG | RTD: Detalhes completos registrados para ECOR3|ECORT634 (Liquidez detectada)
src.infrastructure.providers.mercado_data_provider | DEBUG | RTD: preco_ativo ECOR3=6.74 forçado com sucesso
src.infrastructure.providers.mercado_data_provider | DEBUG | RTD: Detalhes completos registrados para FLRY3|FLRYU136 (Liquidez detectada)
src.infrastructure.providers.mercado_data_provider | DEBUG | RTD: preco_ativo FLRY3=16.46 forçado com sucesso
src.infrastructure.providers.mercado_data_provider | DEBUG | RTD: Detalhes completos registrados para CSNA3|CSNAV480 (Liquidez detectada)
src.infrastructure.providers.mercado_data_provider | DEBUG | RTD: preco_ativo CSNA3=5.07 forçado com sucesso
src.infrastructure.providers.mercado_data_provider | DEBUG | RTD: Detalhes completos registrados para CVCB3|CVCBU165 (Liquidez detectada)
src.infrastructure.providers.mercado_data_provider | DEBUG | RTD: preco_ativo CVCB3=1.14 forçado com sucesso
src.infrastructure.providers.mercado_data_provider | DEBUG | RTD: Detalhes completos registrados para MDIA3|MDIAT130 (Liquidez detectada)
src.infrastructure.providers.mercado_data_provider | DEBUG | RTD: preco_ativo MDIA3=17.62 forçado com sucesso
src.infrastructure.providers.mercado_data_provider | DEBUG | RTD: Detalhes completos registrados para RDOR3|RDORU320 (Liquidez detectada)
src.infrastructure.providers.mercado_data_provider | DEBUG | RTD: preco_ativo RDOR3=33.29 forçado com sucesso
src.infrastructure.providers.mercado_data_provider | DEBUG | RTD: Detalhes completos registrados para RDOR3|RDORT356 (Liquidez detectada)
src.infrastructure.providers.mercado_data_provider | DEBUG | RTD: preco_ativo RDOR3=33.29 forçado com sucesso
src.infrastructure.providers.mercado_data_provider | DEBUG | RTD: Detalhes completos registrados para EQTL3|EQTLU359 (Liquidez detectada)
src.infrastructure.providers.mercado_data_provider | DEBUG | RTD: preco_ativo EQTL3=38.59 forçado com sucesso
src.infrastructure.providers.mercado_data_provider | DEBUG | RTD: Detalhes completos registrados para BBSE3|BBSEU415 (Liquidez detectada)
src.infrastructure.providers.mercado_data_provider | DEBUG | RTD: preco_ativo BBSE3=41.15 forçado com sucesso
src.infrastructure.providers.mercado_data_provider | DEBUG | RTD: Detalhes completos registrados para BEEF3|BEEFT325 (Liquidez detectada)
src.infrastructure.providers.mercado_data_provider | DEBUG | RTD: preco_ativo BEEF3=3.56 forçado com sucesso
src.infrastructure.providers.mercado_data_provider | DEBUG | RTD: Detalhes completos registrados para PSSA3|PSSAT498 (Liquidez detectada)
src.infrastructure.providers.mercado_data_provider | DEBUG | RTD: preco_ativo PSSA3=53.34 forçado com sucesso
src.infrastructure.providers.mercado_data_provider | DEBUG | RTD: Detalhes completos registrados para AXIA3|AXIAU487 (Liquidez detectada)
src.infrastructure.providers.mercado_data_provider | DEBUG | RTD: preco_ativo AXIA3=50.19 forçado com sucesso
src.infrastructure.providers.mercado_data_provider | DEBUG | RTD: Detalhes completos registrados para USIM5|USIMU135 (Liquidez detectada)
src.infrastructure.providers.mercado_data_provider | DEBUG | RTD: preco_ativo USIM5=8.38 forçado com sucesso
src.infrastructure.providers.mercado_data_provider | DEBUG | RTD: Detalhes completos registrados para EZTC3|EZTCU933 (Liquidez detectada)
src.infrastructure.providers.mercado_data_provider | DEBUG | RTD: preco_ativo EZTC3=11.63 forçado com sucesso
src.infrastructure.providers.mercado_data_provider | DEBUG | RTD: Detalhes completos registrados para SBSP3|SBSPU232 (Liquidez detectada)
src.infrastructure.providers.mercado_data_provider | DEBUG | RTD: preco_ativo SBSP3=28.60 forçado com sucesso
src.infrastructure.providers.mercado_data_provider | DEBUG | RTD: Detalhes completos registrados para RENT3|RENTT353 (Liquidez detectada)
src.infrastructure.providers.mercado_data_provider | DEBUG | RTD: preco_ativo RENT3=36.59 forçado com sucesso
src.infrastructure.providers.mercado_data_provider | DEBUG | RTD: Detalhes completos registrados para IGTI11|IGTIU284 (Liquidez detectada)
src.infrastructure.providers.mercado_data_provider | DEBUG | RTD: preco_ativo IGTI11=24.57 forçado com sucesso
src.infrastructure.providers.mercado_data_provider | DEBUG | RTD: Detalhes completos registrados para ISAE4|ISAET286 (Liquidez detectada)
src.infrastructure.providers.mercado_data_provider | DEBUG | RTD: preco_ativo ISAE4=28.01 forçado com sucesso
src.infrastructure.providers.mercado_data_provider | DEBUG | RTD: Detalhes completos registrados para EQTL3|EQTLS364W5 (Liquidez detectada)
src.infrastructure.providers.mercado_data_provider | DEBUG | RTD: preco_ativo EQTL3=38.59 forçado com sucesso
src.infrastructure.providers.mercado_data_provider | DEBUG | RTD: Detalhes completos registrados para HAPV3|HAPVT770 (Liquidez detectada)
src.infrastructure.providers.mercado_data_provider | DEBUG | RTD: preco_ativo HAPV3=11.19 forçado com sucesso
src.infrastructure.providers.mercado_data_provider | DEBUG | RTD: Detalhes completos registrados para PETR4|PETRU606 (Liquidez detectada)
src.infrastructure.providers.mercado_data_provider | DEBUG | RTD: preco_ativo PETR4=41.55 forçado com sucesso
src.infrastructure.providers.mercado_data_provider | DEBUG | RTD: Detalhes completos registrados para BBAS3|BBAST184W4 (Liquidez detectada)
src.infrastructure.providers.mercado_data_provider | DEBUG | RTD: preco_ativo BBAS3=20.66 forçado com sucesso
src.infrastructure.providers.mercado_data_provider | DEBUG | RTD: Detalhes completos registrados para CSNA3|CSNAU430 (Liquidez detectada)
src.infrastructure.providers.mercado_data_provider | DEBUG | RTD: preco_ativo CSNA3=5.07 forçado com sucesso
src.infrastructure.providers.mercado_data_provider | DEBUG | RTD: Detalhes completos registrados para HYPE3|HYPET18 (Liquidez detectada)
src.infrastructure.providers.mercado_data_provider | DEBUG | RTD: preco_ativo HYPE3=20.11 forçado com sucesso
src.infrastructure.providers.mercado_data_provider | DEBUG | RTD: Detalhes completos registrados para SUZB3|SUZBT436 (Liquidez detectada)
src.infrastructure.providers.mercado_data_provider | DEBUG | RTD: preco_ativo SUZB3=41.47 forçado com sucesso
src.infrastructure.providers.mercado_data_provider | DEBUG | RTD: Detalhes completos registrados para IRBR3|IRBRU561 (Liquidez detectada)
src.infrastructure.providers.mercado_data_provider | DEBUG | RTD: preco_ativo IRBR3=55.53 forçado com sucesso
src.infrastructure.providers.mercado_data_provider | DEBUG | RTD: Detalhes completos registrados para PRIO3|PRIOU495 (Liquidez detectada)
src.infrastructure.providers.mercado_data_provider | DEBUG | RTD: preco_ativo PRIO3=58.56 forçado com sucesso
src.infrastructure.providers.mercado_data_provider | DEBUG | RTD: Detalhes completos registrados para BRAP4|BRAPU164 (Liquidez detectada)
src.infrastructure.providers.mercado_data_provider | DEBUG | RTD: preco_ativo BRAP4=20.82 forçado com sucesso
src.infrastructure.providers.mercado_data_provider | DEBUG | RTD: Detalhes completos registrados para CSMG3|CSMGT528 (Liquidez detectada)
src.infrastructure.providers.mercado_data_provider | DEBUG | RTD: preco_ativo CSMG3=63.21 forçado com sucesso
src.infrastructure.providers.mercado_data_provider | DEBUG | RTD: Detalhes completos registrados para ITSA4|ITSAT160 (Liquidez detectada)
src.infrastructure.providers.mercado_data_provider | DEBUG | RTD: preco_ativo ITSA4=13.58 forçado com sucesso
src.infrastructure.providers.mercado_data_provider | DEBUG | RTD: Detalhes completos registrados para CSAN3|CSANS350W5 (Liquidez detectada)
src.infrastructure.providers.mercado_data_provider | DEBUG | RTD: preco_ativo CSAN3=3.77 forçado com sucesso
src.infrastructure.providers.mercado_data_provider | DEBUG | RTD: Detalhes completos registrados para CSNA3|CSNAT857 (Liquidez detectada)
src.infrastructure.providers.mercado_data_provider | DEBUG | RTD: preco_ativo CSNA3=5.07 forçado com sucesso
src.infrastructure.providers.mercado_data_provider | DEBUG | RTD: Detalhes completos registrados para CAML3|CAMLT402 (Liquidez detectada)
src.infrastructure.providers.mercado_data_provider | DEBUG | RTD: preco_ativo CAML3=4.24 forçado com sucesso
src.infrastructure.providers.mercado_data_provider | DEBUG | RTD: Detalhes completos registrados para PETR4|PETRT251 (Liquidez detectada)
src.infrastructure.providers.mercado_data_provider | DEBUG | RTD: preco_ativo PETR4=41.55 forçado com sucesso
src.infrastructure.providers.mercado_data_provider | DEBUG | RTD: Detalhes completos registrados para RENT3|RENTU338 (Liquidez detectada)
src.infrastructure.providers.mercado_data_provider | DEBUG | RTD: preco_ativo RENT3=36.59 forçado com sucesso
src.infrastructure.providers.mercado_data_provider | DEBUG | RTD: Detalhes completos registrados para AXIA3|AXIAU495 (Liquidez detectada)
src.infrastructure.providers.mercado_data_provider | DEBUG | RTD: preco_ativo AXIA3=50.19 forçado com sucesso
src.infrastructure.providers.mercado_data_provider | DEBUG | RTD: Detalhes completos registrados para COGN3|COGNT188 (Liquidez detectada)
src.infrastructure.providers.mercado_data_provider | DEBUG | RTD: preco_ativo COGN3=2.15 forçado com sucesso
src.infrastructure.providers.mercado_data_provider | DEBUG | RTD: Detalhes completos registrados para TAEE11|TAEET352 (Liquidez detectada)
src.infrastructure.providers.mercado_data_provider | DEBUG | RTD: preco_ativo TAEE11=41.16 forçado com sucesso
src.infrastructure.providers.mercado_data_provider | DEBUG | RTD: Detalhes completos registrados para WEGE3|WEGET457W1 (Liquidez detectada)
src.infrastructure.providers.mercado_data_provider | DEBUG | RTD: preco_ativo WEGE3=42.62 forçado com sucesso
src.infrastructure.providers.mercado_data_provider | DEBUG | RTD: Detalhes completos registrados para AZZA3|AZZAU165 (Liquidez detectada)
src.infrastructure.providers.mercado_data_provider | DEBUG | RTD: preco_ativo AZZA3=17.82 forçado com sucesso
src.infrastructure.providers.mercado_data_provider | DEBUG | RTD: Detalhes completos registrados para BBSE3|BBSEU331 (Liquidez detectada)
src.infrastructure.providers.mercado_data_provider | DEBUG | RTD: preco_ativo BBSE3=41.15 forçado com sucesso
src.infrastructure.providers.mercado_data_provider | DEBUG | RTD: Detalhes completos registrados para VALE3|VALET756W1 (Liquidez detectada)
src.infrastructure.providers.mercado_data_provider | DEBUG | RTD: preco_ativo VALE3=72.21 forçado com sucesso
src.infrastructure.providers.mercado_data_provider | DEBUG | RTD: Detalhes completos registrados para YDUQ3|YDUQU946 (Liquidez detectada)
src.infrastructure.providers.mercado_data_provider | DEBUG | RTD: preco_ativo YDUQ3=7.91 forçado com sucesso
src.infrastructure.providers.mercado_data_provider | DEBUG | RTD: Detalhes completos registrados para BPAC11|BPACU511 (Liquidez detectada)
src.infrastructure.providers.mercado_data_provider | DEBUG | RTD: preco_ativo BPAC11=55.56 forçado com sucesso
src.infrastructure.providers.mercado_data_provider | DEBUG | RTD: Detalhes completos registrados para EQTL3|EQTLV389 (Liquidez detectada)
src.infrastructure.providers.mercado_data_provider | DEBUG | RTD: preco_ativo EQTL3=38.59 forçado com sucesso
src.infrastructure.providers.mercado_data_provider | DEBUG | RTD: Detalhes completos registrados para PSSA3|PSSAU549 (Liquidez detectada)
src.infrastructure.providers.mercado_data_provider | DEBUG | RTD: preco_ativo PSSA3=53.34 forçado com sucesso
src.infrastructure.providers.mercado_data_provider | DEBUG | RTD: Detalhes completos registrados para CEAB3|CEABU90 (Liquidez detectada)
src.infrastructure.providers.mercado_data_provider | DEBUG | RTD: preco_ativo CEAB3=9.35 forçado com sucesso
src.infrastructure.providers.mercado_data_provider | DEBUG | RTD: Detalhes completos registrados para BPAC11|BPACT625 (Liquidez detectada)
src.infrastructure.providers.mercado_data_provider | DEBUG | RTD: preco_ativo BPAC11=55.56 forçado com sucesso
src.infrastructure.providers.mercado_data_provider | DEBUG | RTD: Detalhes completos registrados para VALE3|VALET694W4 (Liquidez detectada)
src.infrastructure.providers.mercado_data_provider | DEBUG | RTD: preco_ativo VALE3=72.21 forçado com sucesso
src.infrastructure.providers.mercado_data_provider | DEBUG | RTD: Detalhes completos registrados para MULT3|MULTT228 (Liquidez detectada)
src.infrastructure.providers.mercado_data_provider | DEBUG | RTD: preco_ativo MULT3=28.08 forçado com sucesso
src.infrastructure.providers.mercado_data_provider | DEBUG | RTD: Detalhes completos registrados para VALE3|VALEU326 (Liquidez detectada)
src.infrastructure.providers.mercado_data_provider | DEBUG | RTD: preco_ativo VALE3=72.21 forçado com sucesso
src.infrastructure.providers.mercado_data_provider | DEBUG | RTD: Detalhes completos registrados para ALUP11|ALUPT316 (Liquidez detectada)
src.infrastructure.providers.mercado_data_provider | DEBUG | RTD: preco_ativo ALUP11=33.07 forçado com sucesso
src.infrastructure.providers.mercado_data_provider | DEBUG | RTD: Detalhes completos registrados para INTB3|INTBU138 (Liquidez detectada)
src.infrastructure.providers.mercado_data_provider | DEBUG | RTD: preco_ativo INTB3=13.14 forçado com sucesso
src.infrastructure.providers.mercado_data_provider | DEBUG | RTD: Detalhes completos registrados para PETR4|PETRX419 (Liquidez detectada)
src.infrastructure.providers.mercado_data_provider | DEBUG | RTD: preco_ativo PETR4=41.55 forçado com sucesso
src.infrastructure.providers.mercado_data_provider | DEBUG | RTD: Detalhes completos registrados para EGIE3|EGIEU332 (Liquidez detectada)
src.infrastructure.providers.mercado_data_provider | DEBUG | RTD: preco_ativo EGIE3=30.17 forçado com sucesso
src.infrastructure.providers.mercado_data_provider | DEBUG | RTD: Detalhes completos registrados para B3SA3|B3SAU132 (Liquidez detectada)
src.infrastructure.providers.mercado_data_provider | DEBUG | RTD: preco_ativo B3SA3=15.11 forçado com sucesso
src.infrastructure.providers.mercado_data_provider | DEBUG | RTD: Detalhes completos registrados para CVCB3|CVCBU450 (Liquidez detectada)
src.infrastructure.providers.mercado_data_provider | DEBUG | RTD: preco_ativo CVCB3=1.14 forçado com sucesso
src.infrastructure.providers.mercado_data_provider | DEBUG | RTD: Detalhes completos registrados para RAPT4|RAPTU380 (Liquidez detectada)
src.infrastructure.providers.mercado_data_provider | DEBUG | RTD: preco_ativo RAPT4=4.63 forçado com sucesso
src.infrastructure.providers.mercado_data_provider | DEBUG | RTD: Detalhes completos registrados para UGPA3|UGPAT245 (Liquidez detectada)
src.infrastructure.providers.mercado_data_provider | DEBUG | RTD: preco_ativo UGPA3=31.63 forçado com sucesso
src.infrastructure.providers.mercado_data_provider | DEBUG | RTD: Detalhes completos registrados para CSAN3|CSANT330 (Liquidez detectada)
src.infrastructure.providers.mercado_data_provider | DEBUG | RTD: preco_ativo CSAN3=3.77 forçado com sucesso
src.infrastructure.providers.mercado_data_provider | DEBUG | RTD: Detalhes completos registrados para EMBJ3|EMBJT613 (Liquidez detectada)
src.infrastructure.providers.mercado_data_provider | DEBUG | RTD: preco_ativo EMBJ3=83.29 forçado com sucesso
src.infrastructure.providers.mercado_data_provider | DEBUG | RTD: Detalhes completos registrados para B3SA3|B3SAX140 (Liquidez detectada)
src.infrastructure.providers.mercado_data_provider | DEBUG | RTD: preco_ativo B3SA3=15.11 forçado com sucesso
src.infrastructure.providers.mercado_data_provider | DEBUG | RTD: Detalhes completos registrados para MGLU3|MGLUU385 (Liquidez detectada)
src.infrastructure.providers.mercado_data_provider | DEBUG | RTD: preco_ativo MGLU3=4.85 forçado com sucesso
src.infrastructure.providers.mercado_data_provider | DEBUG | RTD: Detalhes completos registrados para GGBR4|GGBRT196W1 (Liquidez detectada)
src.infrastructure.providers.mercado_data_provider | DEBUG | RTD: preco_ativo GGBR4=23.61 forçado com sucesso
src.infrastructure.providers.mercado_data_provider | DEBUG | RTD: Detalhes completos registrados para AUAU3|AUAUT342 (Liquidez detectada)
src.infrastructure.providers.mercado_data_provider | DEBUG | RTD: preco_ativo AUAU3=3.10 forçado com sucesso
src.infrastructure.providers.mercado_data_provider | DEBUG | RTD: Detalhes completos registrados para EMBJ3|EMBJU873 (Liquidez detectada)
src.infrastructure.providers.mercado_data_provider | DEBUG | RTD: preco_ativo EMBJ3=83.29 forçado com sucesso
src.infrastructure.providers.mercado_data_provider | DEBUG | RTD: Detalhes completos registrados para BEEF3|BEEFS346W5 (Liquidez detectada)
src.infrastructure.providers.mercado_data_provider | DEBUG | RTD: preco_ativo BEEF3=3.56 forçado com sucesso
src.infrastructure.providers.mercado_data_provider | DEBUG | RTD: Detalhes completos registrados para PETR4|PETRT577 (Liquidez detectada)
src.infrastructure.providers.mercado_data_provider | DEBUG | RTD: preco_ativo PETR4=41.55 forçado com sucesso
src.infrastructure.providers.mercado_data_provider | DEBUG | RTD: Detalhes completos registrados para WEGE3|WEGEV355 (Liquidez detectada)
src.infrastructure.providers.mercado_data_provider | DEBUG | RTD: preco_ativo WEGE3=42.62 forçado com sucesso
src.infrastructure.providers.mercado_data_provider | DEBUG | RTD: Detalhes completos registrados para RAIL3|RAILU155 (Liquidez detectada)
src.infrastructure.providers.mercado_data_provider | DEBUG | RTD: preco_ativo RAIL3=13.26 forçado com sucesso
src.infrastructure.providers.mercado_data_provider | DEBUG | RTD: Detalhes completos registrados para BPAC11|BPACU661 (Liquidez detectada)
src.infrastructure.providers.mercado_data_provider | DEBUG | RTD: preco_ativo BPAC11=55.56 forçado com sucesso
src.infrastructure.providers.mercado_data_provider | DEBUG | RTD: Detalhes completos registrados para PRIO3|PRIOT495 (Liquidez detectada)
src.infrastructure.providers.mercado_data_provider | DEBUG | RTD: preco_ativo PRIO3=58.56 forçado com sucesso
src.infrastructure.providers.mercado_data_provider | DEBUG | RTD: Detalhes completos registrados para CYRE3|CYREU212 (Liquidez detectada)
src.infrastructure.providers.mercado_data_provider | DEBUG | RTD: preco_ativo CYRE3=21.00 forçado com sucesso
src.infrastructure.providers.mercado_data_provider | DEBUG | RTD: Detalhes completos registrados para USIM5|USIMT132 (Liquidez detectada)
src.infrastructure.providers.mercado_data_provider | DEBUG | RTD: preco_ativo USIM5=8.38 forçado com sucesso
src.infrastructure.providers.mercado_data_provider | DEBUG | RTD: Detalhes completos registrados para UGPA3|UGPAT260 (Liquidez detectada)
src.infrastructure.providers.mercado_data_provider | DEBUG | RTD: preco_ativo UGPA3=31.63 forçado com sucesso
src.infrastructure.providers.mercado_data_provider | DEBUG | RTD: Detalhes completos registrados para PETR4|PETRM372 (Liquidez detectada)
src.infrastructure.providers.mercado_data_provider | DEBUG | RTD: preco_ativo PETR4=41.55 forçado com sucesso
src.infrastructure.providers.mercado_data_provider | DEBUG | RTD: Detalhes completos registrados para RENT3|RENTT350 (Liquidez detectada)
src.infrastructure.providers.mercado_data_provider | DEBUG | RTD: preco_ativo RENT3=36.59 forçado com sucesso
src.infrastructure.providers.mercado_data_provider | DEBUG | RTD: Detalhes completos registrados para ASAI3|ASAIU930 (Liquidez detectada)
src.infrastructure.providers.mercado_data_provider | DEBUG | RTD: preco_ativo ASAI3=8.17 forçado com sucesso
src.infrastructure.providers.mercado_data_provider | DEBUG | RTD: Detalhes completos registrados para PSSA3|PSSAU456 (Liquidez detectada)
src.infrastructure.providers.mercado_data_provider | DEBUG | RTD: preco_ativo PSSA3=53.34 forçado com sucesso
src.infrastructure.providers.mercado_data_provider | DEBUG | RTD: Detalhes completos registrados para AZZA3|AZZAT175 (Liquidez detectada)
src.infrastructure.providers.mercado_data_provider | DEBUG | RTD: preco_ativo AZZA3=17.82 forçado com sucesso
src.infrastructure.providers.mercado_data_provider | DEBUG | RTD: Detalhes completos registrados para LWSA3|LWSAU440 (Liquidez detectada)
src.infrastructure.providers.mercado_data_provider | DEBUG | RTD: preco_ativo LWSA3=3.73 forçado com sucesso
src.infrastructure.providers.mercado_data_provider | DEBUG | RTD: Detalhes completos registrados para DXCO3|DXCOT500 (Liquidez detectada)
src.infrastructure.providers.mercado_data_provider | DEBUG | RTD: preco_ativo DXCO3=4.96 forçado com sucesso
src.infrastructure.providers.mercado_data_provider | DEBUG | RTD: Detalhes completos registrados para EMBJ3|EMBJT898 (Liquidez detectada)
src.infrastructure.providers.mercado_data_provider | DEBUG | RTD: preco_ativo EMBJ3=83.29 forçado com sucesso
src.infrastructure.providers.mercado_data_provider | DEBUG | RTD: Detalhes completos registrados para CVCB3|CVCBU140 (Liquidez detectada)
src.infrastructure.providers.mercado_data_provider | DEBUG | RTD: preco_ativo CVCB3=1.14 forçado com sucesso
src.infrastructure.providers.mercado_data_provider | DEBUG | RTD: Detalhes completos registrados para GMAT3|GMATT419 (Liquidez detectada)
src.infrastructure.providers.mercado_data_provider | DEBUG | RTD: preco_ativo GMAT3=3.82 forçado com sucesso
src.infrastructure.providers.mercado_data_provider | DEBUG | RTD: Detalhes completos registrados para PETR4|PETRV404 (Liquidez detectada)
src.infrastructure.providers.mercado_data_provider | DEBUG | RTD: preco_ativo PETR4=41.55 forçado com sucesso
src.infrastructure.providers.mercado_data_provider | DEBUG | RTD: Detalhes completos registrados para VALE3|VALEU487 (Liquidez detectada)
src.infrastructure.providers.mercado_data_provider | DEBUG | RTD: preco_ativo VALE3=72.21 forçado com sucesso
src.infrastructure.providers.mercado_data_provider | DEBUG | RTD: Detalhes completos registrados para WEGE3|WEGEW49 (Liquidez detectada)
src.infrastructure.providers.mercado_data_provider | DEBUG | RTD: preco_ativo WEGE3=42.62 forçado com sucesso
src.infrastructure.providers.mercado_data_provider | DEBUG | RTD: Detalhes completos registrados para BPAC11|BPACU401 (Liquidez detectada)
src.infrastructure.providers.mercado_data_provider | DEBUG | RTD: preco_ativo BPAC11=55.56 forçado com sucesso
src.infrastructure.providers.mercado_data_provider | DEBUG | RTD: Detalhes completos registrados para CMIN3|CMINX700 (Liquidez detectada)
src.infrastructure.providers.mercado_data_provider | DEBUG | RTD: preco_ativo CMIN3=5.46 forçado com sucesso
src.infrastructure.providers.mercado_data_provider | DEBUG | RTD: Detalhes completos registrados para RAPT4|RAPTT430 (Liquidez detectada)
src.infrastructure.providers.mercado_data_provider | DEBUG | RTD: preco_ativo RAPT4=4.63 forçado com sucesso
src.infrastructure.providers.mercado_data_provider | DEBUG | RTD: Detalhes completos registrados para FLRY3|FLRYU144 (Liquidez detectada)
src.infrastructure.providers.mercado_data_provider | DEBUG | RTD: preco_ativo FLRY3=16.46 forçado com sucesso
src.infrastructure.providers.mercado_data_provider | DEBUG | RTD: Detalhes completos registrados para EMBJ3|EMBJT363 (Liquidez detectada)
src.infrastructure.providers.mercado_data_provider | DEBUG | RTD: preco_ativo EMBJ3=83.29 forçado com sucesso
src.infrastructure.providers.mercado_data_provider | DEBUG | RTD: Detalhes completos registrados para MGLU3|MGLUU690 (Liquidez detectada)
src.infrastructure.providers.mercado_data_provider | DEBUG | RTD: preco_ativo MGLU3=4.85 forçado com sucesso
src.infrastructure.providers.mercado_data_provider | DEBUG | RTD: Detalhes completos registrados para ECOR3|ECORU489 (Liquidez detectada)
src.infrastructure.providers.mercado_data_provider | DEBUG | RTD: preco_ativo ECOR3=6.74 forçado com sucesso
src.infrastructure.providers.mercado_data_provider | DEBUG | RTD: Detalhes completos registrados para BBAS3|BBASU181 (Liquidez detectada)
src.infrastructure.providers.mercado_data_provider | DEBUG | RTD: preco_ativo BBAS3=20.66 forçado com sucesso
src.infrastructure.providers.mercado_data_provider | DEBUG | RTD: Detalhes completos registrados para CSMG3|CSMGU570 (Liquidez detectada)
src.infrastructure.providers.mercado_data_provider | DEBUG | RTD: preco_ativo CSMG3=63.21 forçado com sucesso
src.infrastructure.providers.mercado_data_provider | DEBUG | RTD: Detalhes completos registrados para SLCE3|SLCET127 (Liquidez detectada)
src.infrastructure.providers.mercado_data_provider | DEBUG | RTD: preco_ativo SLCE3=13.63 forçado com sucesso
src.infrastructure.providers.mercado_data_provider | DEBUG | RTD: Detalhes completos registrados para ITUB4|ITUBW436 (Liquidez detectada)
src.infrastructure.providers.mercado_data_provider | DEBUG | RTD: preco_ativo ITUB4=42.39 forçado com sucesso
src.infrastructure.providers.mercado_data_provider | DEBUG | RTD: Detalhes completos registrados para PETR3|PETRU46 (Liquidez detectada)
src.infrastructure.providers.mercado_data_provider | DEBUG | RTD: preco_ativo PETR3=46.71 forçado com sucesso
src.infrastructure.providers.mercado_data_provider | DEBUG | RTD: Detalhes completos registrados para PSSA3|PSSAM479 (Liquidez detectada)
src.infrastructure.providers.mercado_data_provider | DEBUG | RTD: preco_ativo PSSA3=53.34 forçado com sucesso
src.infrastructure.providers.mercado_data_provider | DEBUG | RTD: Detalhes completos registrados para RAPT4|RAPTU505 (Liquidez detectada)
src.infrastructure.providers.mercado_data_provider | DEBUG | RTD: preco_ativo RAPT4=4.63 forçado com sucesso
src.infrastructure.providers.mercado_data_provider | DEBUG | RTD: Detalhes completos registrados para VAMO3|VAMOU220 (Liquidez detectada)
src.infrastructure.providers.mercado_data_provider | DEBUG | RTD: preco_ativo VAMO3=3.10 forçado com sucesso
src.infrastructure.providers.mercado_data_provider | DEBUG | RTD: Detalhes completos registrados para ITUB4|ITUBT392 (Liquidez detectada)
src.infrastructure.providers.mercado_data_provider | DEBUG | RTD: preco_ativo ITUB4=42.39 forçado com sucesso
src.infrastructure.providers.mercado_data_provider | DEBUG | RTD: Detalhes completos registrados para EMBJ3|EMBJU509 (Liquidez detectada)
src.infrastructure.providers.mercado_data_provider | DEBUG | RTD: preco_ativo EMBJ3=83.29 forçado com sucesso
src.infrastructure.providers.mercado_data_provider | DEBUG | RTD: Detalhes completos registrados para SUZB3|SUZBS443W5 (Liquidez detectada)
src.infrastructure.providers.mercado_data_provider | DEBUG | RTD: preco_ativo SUZB3=41.47 forçado com sucesso
src.infrastructure.providers.mercado_data_provider | DEBUG | RTD: Detalhes completos registrados para USIM5|USIMT980 (Liquidez detectada)
src.infrastructure.providers.mercado_data_provider | DEBUG | RTD: preco_ativo USIM5=8.38 forçado com sucesso
src.infrastructure.providers.mercado_data_provider | DEBUG | RTD: Detalhes completos registrados para CEAB3|CEABT812 (Liquidez detectada)
src.infrastructure.providers.mercado_data_provider | DEBUG | RTD: preco_ativo CEAB3=9.35 forçado com sucesso
src.infrastructure.providers.mercado_data_provider | DEBUG | RTD: Detalhes completos registrados para PRIO3|PRIOX485 (Liquidez detectada)
src.infrastructure.providers.mercado_data_provider | DEBUG | RTD: preco_ativo PRIO3=58.56 forçado com sucesso
src.infrastructure.providers.mercado_data_provider | DEBUG | RTD: Detalhes completos registrados para SAPR11|SAPRT375 (Liquidez detectada)
src.infrastructure.providers.mercado_data_provider | DEBUG | RTD: preco_ativo SAPR11=36.30 forçado com sucesso
src.infrastructure.providers.mercado_data_provider | DEBUG | RTD: Detalhes completos registrados para EQTL3|EQTLT399 (Liquidez detectada)
src.infrastructure.providers.mercado_data_provider | DEBUG | RTD: preco_ativo EQTL3=38.59 forçado com sucesso
src.infrastructure.providers.mercado_data_provider | DEBUG | RTD: Detalhes completos registrados para WEGE3|WEGEW376 (Liquidez detectada)
src.infrastructure.providers.mercado_data_provider | DEBUG | RTD: preco_ativo WEGE3=42.62 forçado com sucesso
src.infrastructure.providers.mercado_data_provider | DEBUG | RTD: Detalhes completos registrados para PRIO3|PRIOU325 (Liquidez detectada)
src.infrastructure.providers.mercado_data_provider | DEBUG | RTD: preco_ativo PRIO3=58.56 forçado com sucesso
src.infrastructure.providers.mercado_data_provider | DEBUG | RTD: Detalhes completos registrados para EQTL3|EQTLU292 (Liquidez detectada)
src.infrastructure.providers.mercado_data_provider | DEBUG | RTD: preco_ativo EQTL3=38.59 forçado com sucesso
src.infrastructure.providers.mercado_data_provider | DEBUG | RTD: Detalhes completos registrados para MBRF3|MBRFU132 (Liquidez detectada)
src.infrastructure.providers.mercado_data_provider | DEBUG | RTD: preco_ativo MBRF3=15.23 forçado com sucesso
src.infrastructure.providers.mercado_data_provider | DEBUG | RTD: Detalhes completos registrados para VALE3|VALET469 (Liquidez detectada)
src.infrastructure.providers.mercado_data_provider | DEBUG | RTD: preco_ativo VALE3=72.21 forçado com sucesso
src.infrastructure.providers.mercado_data_provider | DEBUG | RTD: Detalhes completos registrados para SUZB3|SUZBT361 (Liquidez detectada)
src.infrastructure.providers.mercado_data_provider | DEBUG | RTD: preco_ativo SUZB3=41.47 forçado com sucesso
src.infrastructure.providers.mercado_data_provider | DEBUG | RTD: Detalhes completos registrados para EQTL3|EQTLT414 (Liquidez detectada)
src.infrastructure.providers.mercado_data_provider | DEBUG | RTD: preco_ativo EQTL3=38.59 forçado com sucesso
src.infrastructure.providers.mercado_data_provider | DEBUG | RTD: Detalhes completos registrados para PETR4|PETRT363 (Liquidez detectada)
src.infrastructure.providers.mercado_data_provider | DEBUG | RTD: preco_ativo PETR4=41.55 forçado com sucesso
src.infrastructure.providers.mercado_data_provider | DEBUG | RTD: Detalhes completos registrados para SUZB3|SUZBT301 (Liquidez detectada)
src.infrastructure.providers.mercado_data_provider | DEBUG | RTD: preco_ativo SUZB3=41.47 forçado com sucesso
src.infrastructure.providers.mercado_data_provider | DEBUG | RTD: Detalhes completos registrados para VAMO3|VAMOU196 (Liquidez detectada)
src.infrastructure.providers.mercado_data_provider | DEBUG | RTD: preco_ativo VAMO3=3.10 forçado com sucesso
src.infrastructure.providers.mercado_data_provider | DEBUG | RTD: Detalhes completos registrados para PETR4|PETRT482 (Liquidez detectada)
src.infrastructure.providers.mercado_data_provider | DEBUG | RTD: preco_ativo PETR4=41.55 forçado com sucesso
src.infrastructure.providers.mercado_data_provider | DEBUG | RTD: Detalhes completos registrados para RDOR3|RDORU405 (Liquidez detectada)
src.infrastructure.providers.mercado_data_provider | DEBUG | RTD: preco_ativo RDOR3=33.29 forçado com sucesso
src.infrastructure.providers.mercado_data_provider | DEBUG | RTD: Detalhes completos registrados para EMBJ3|EMBJT703W1 (Liquidez detectada)
src.infrastructure.providers.mercado_data_provider | DEBUG | RTD: preco_ativo EMBJ3=83.29 forçado com sucesso
src.infrastructure.providers.mercado_data_provider | DEBUG | RTD: Detalhes completos registrados para SUZB3|SUZBT458 (Liquidez detectada)
src.infrastructure.providers.mercado_data_provider | DEBUG | RTD: preco_ativo SUZB3=41.47 forçado com sucesso
src.infrastructure.providers.mercado_data_provider | DEBUG | RTD: Detalhes completos registrados para VALE3|VALET904 (Liquidez detectada)
src.infrastructure.providers.mercado_data_provider | DEBUG | RTD: preco_ativo VALE3=72.21 forçado com sucesso
src.infrastructure.providers.mercado_data_provider | DEBUG | RTD: Detalhes completos registrados para AURE3|AUREU774 (Liquidez detectada)
src.infrastructure.providers.mercado_data_provider | DEBUG | RTD: preco_ativo AURE3=11.27 forçado com sucesso
src.infrastructure.providers.mercado_data_provider | DEBUG | RTD: Detalhes completos registrados para RDOR3|RDORV339 (Liquidez detectada)
src.infrastructure.providers.mercado_data_provider | DEBUG | RTD: preco_ativo RDOR3=33.29 forçado com sucesso
src.infrastructure.providers.mercado_data_provider | DEBUG | RTD: Detalhes completos registrados para BBAS3|BBAST190W1 (Liquidez detectada)
src.infrastructure.providers.mercado_data_provider | DEBUG | RTD: preco_ativo BBAS3=20.66 forçado com sucesso
src.infrastructure.providers.mercado_data_provider | DEBUG | RTD: Detalhes completos registrados para USIM5|USIMU730 (Liquidez detectada)
src.infrastructure.providers.mercado_data_provider | DEBUG | RTD: preco_ativo USIM5=8.38 forçado com sucesso
src.infrastructure.providers.mercado_data_provider | DEBUG | RTD: Detalhes completos registrados para BBAS3|BBASU244 (Liquidez detectada)
src.infrastructure.providers.mercado_data_provider | DEBUG | RTD: preco_ativo BBAS3=20.66 forçado com sucesso
src.infrastructure.providers.mercado_data_provider | DEBUG | RTD: Detalhes completos registrados para EMBJ3|EMBJV663 (Liquidez detectada)
src.infrastructure.providers.mercado_data_provider | DEBUG | RTD: preco_ativo EMBJ3=83.29 forçado com sucesso
src.infrastructure.providers.mercado_data_provider | DEBUG | RTD: Detalhes completos registrados para GGBR4|GGBRV195 (Liquidez detectada)
src.infrastructure.providers.mercado_data_provider | DEBUG | RTD: preco_ativo GGBR4=23.61 forçado com sucesso
src.infrastructure.providers.mercado_data_provider | DEBUG | RTD: Detalhes completos registrados para EMBJ3|EMBJU825 (Liquidez detectada)
src.infrastructure.providers.mercado_data_provider | DEBUG | RTD: preco_ativo EMBJ3=83.29 forçado com sucesso
src.infrastructure.providers.mercado_data_provider | DEBUG | RTD: Detalhes completos registrados para VALE3|VALET519 (Liquidez detectada)
src.infrastructure.providers.mercado_data_provider | DEBUG | RTD: preco_ativo VALE3=72.21 forçado com sucesso
src.infrastructure.providers.mercado_data_provider | DEBUG | RTD: Detalhes completos registrados para BEEF3|BEEFU327 (Liquidez detectada)
src.infrastructure.providers.mercado_data_provider | DEBUG | RTD: preco_ativo BEEF3=3.56 forçado com sucesso
src.infrastructure.providers.mercado_data_provider | DEBUG | RTD: Detalhes completos registrados para KEPL3|KEPLT586 (Liquidez detectada)
src.infrastructure.providers.mercado_data_provider | DEBUG | RTD: preco_ativo KEPL3=6.33 forçado com sucesso
src.infrastructure.providers.mercado_data_provider | DEBUG | RTD: Detalhes completos registrados para ITUB4|ITUBU497 (Liquidez detectada)
src.infrastructure.providers.mercado_data_provider | DEBUG | RTD: preco_ativo ITUB4=42.39 forçado com sucesso
src.infrastructure.providers.mercado_data_provider | DEBUG | RTD: Detalhes completos registrados para LREN3|LRENT109W1 (Liquidez detectada)
src.infrastructure.providers.mercado_data_provider | DEBUG | RTD: preco_ativo LREN3=13.20 forçado com sucesso
src.infrastructure.providers.mercado_data_provider | DEBUG | RTD: Detalhes completos registrados para VALE3|VALET474 (Liquidez detectada)
src.infrastructure.providers.mercado_data_provider | DEBUG | RTD: preco_ativo VALE3=72.21 forçado com sucesso
src.infrastructure.providers.mercado_data_provider | DEBUG | RTD: Detalhes completos registrados para BBDC4|BBDCV179 (Liquidez detectada)
src.infrastructure.providers.mercado_data_provider | DEBUG | RTD: preco_ativo BBDC4=18.51 forçado com sucesso
src.infrastructure.providers.mercado_data_provider | DEBUG | RTD: Detalhes completos registrados para UNIP6|UNIPX650 (Liquidez detectada)
src.infrastructure.providers.mercado_data_provider | DEBUG | RTD: preco_ativo UNIP6=60.97 forçado com sucesso
src.infrastructure.providers.mercado_data_provider | DEBUG | RTD: Detalhes completos registrados para CURY3|CURYU354 (Liquidez detectada)
src.infrastructure.providers.mercado_data_provider | DEBUG | RTD: preco_ativo CURY3=29.63 forçado com sucesso
src.infrastructure.providers.mercado_data_provider | DEBUG | RTD: Detalhes completos registrados para CYRE3|CYREU192 (Liquidez detectada)
src.infrastructure.providers.mercado_data_provider | DEBUG | RTD: preco_ativo CYRE3=21.00 forçado com sucesso
src.infrastructure.providers.mercado_data_provider | DEBUG | RTD: Detalhes completos registrados para USIM5|USIMU720 (Liquidez detectada)
src.infrastructure.providers.mercado_data_provider | DEBUG | RTD: preco_ativo USIM5=8.38 forçado com sucesso
src.infrastructure.providers.mercado_data_provider | DEBUG | RTD: Detalhes completos registrados para EMBJ3|EMBJT375 (Liquidez detectada)
src.infrastructure.providers.mercado_data_provider | DEBUG | RTD: preco_ativo EMBJ3=83.29 forçado com sucesso
src.infrastructure.providers.mercado_data_provider | DEBUG | RTD: Detalhes completos registrados para USIM5|USIMS824W5 (Liquidez detectada)
src.infrastructure.providers.mercado_data_provider | DEBUG | RTD: preco_ativo USIM5=8.38 forçado com sucesso
src.infrastructure.providers.mercado_data_provider | DEBUG | RTD: Detalhes completos registrados para PRIO3|PRIOX500 (Liquidez detectada)
src.infrastructure.providers.mercado_data_provider | DEBUG | RTD: preco_ativo PRIO3=58.56 forçado com sucesso
src.infrastructure.providers.mercado_data_provider | DEBUG | RTD: Detalhes completos registrados para EQTL3|EQTLT317 (Liquidez detectada)
src.infrastructure.providers.mercado_data_provider | DEBUG | RTD: preco_ativo EQTL3=38.59 forçado com sucesso
src.infrastructure.providers.mercado_data_provider | DEBUG | RTD: Detalhes completos registrados para CEAB3|CEABT100 (Liquidez detectada)
src.infrastructure.providers.mercado_data_provider | DEBUG | RTD: preco_ativo CEAB3=9.35 forçado com sucesso
src.infrastructure.providers.mercado_data_provider | DEBUG | RTD: Detalhes completos registrados para TEND3|TENDT242 (Liquidez detectada)
src.infrastructure.providers.mercado_data_provider | DEBUG | RTD: preco_ativo TEND3=29.69 forçado com sucesso
src.infrastructure.providers.mercado_data_provider | DEBUG | RTD: Detalhes completos registrados para VAMO3|VAMOX256 (Liquidez detectada)
src.infrastructure.providers.mercado_data_provider | DEBUG | RTD: preco_ativo VAMO3=3.10 forçado com sucesso
src.infrastructure.providers.mercado_data_provider | DEBUG | RTD: Detalhes completos registrados para GGBR4|GGBRU214 (Liquidez detectada)
src.infrastructure.providers.mercado_data_provider | DEBUG | RTD: preco_ativo GGBR4=23.61 forçado com sucesso
src.infrastructure.providers.mercado_data_provider | DEBUG | RTD: Detalhes completos registrados para PETR4|PETRX384 (Liquidez detectada)
src.infrastructure.providers.mercado_data_provider | DEBUG | RTD: preco_ativo PETR4=41.55 forçado com sucesso
src.infrastructure.providers.mercado_data_provider | DEBUG | RTD: Detalhes completos registrados para USIM5|USIMS744W5 (Liquidez detectada)
src.infrastructure.providers.mercado_data_provider | DEBUG | RTD: preco_ativo USIM5=8.38 forçado com sucesso
src.infrastructure.providers.mercado_data_provider | DEBUG | RTD: Detalhes completos registrados para AXIA3|AXIAT45 (Liquidez detectada)
src.infrastructure.providers.mercado_data_provider | DEBUG | RTD: preco_ativo AXIA3=50.19 forçado com sucesso
src.infrastructure.providers.mercado_data_provider | DEBUG | RTD: Detalhes completos registrados para HYPE3|HYPET210 (Liquidez detectada)
src.infrastructure.providers.mercado_data_provider | DEBUG | RTD: preco_ativo HYPE3=20.11 forçado com sucesso
src.infrastructure.providers.mercado_data_provider | DEBUG | RTD: Detalhes completos registrados para USIM5|USIMT540 (Liquidez detectada)
src.infrastructure.providers.mercado_data_provider | DEBUG | RTD: preco_ativo USIM5=8.38 forçado com sucesso
src.infrastructure.providers.mercado_data_provider | DEBUG | RTD: Detalhes completos registrados para SBSP3|SBSPT292 (Liquidez detectada)
src.infrastructure.providers.mercado_data_provider | DEBUG | RTD: preco_ativo SBSP3=28.60 forçado com sucesso
src.infrastructure.providers.mercado_data_provider | DEBUG | RTD: Detalhes completos registrados para SEER3|SEERU119 (Liquidez detectada)
src.infrastructure.providers.mercado_data_provider | DEBUG | RTD: preco_ativo SEER3=11.60 forçado com sucesso
src.infrastructure.providers.mercado_data_provider | DEBUG | RTD: Detalhes completos registrados para TOTS3|TOTST287 (Liquidez detectada)
src.infrastructure.providers.mercado_data_provider | DEBUG | RTD: preco_ativo TOTS3=28.35 forçado com sucesso
src.ui.desktop.monitor_worker | INFO | Manutenção: novos books + prioridades em 1.02s
src.ui.desktop.monitor_worker | INFO | Ciclo: monitor=8.798s colar=0.000s cal=0.000s box=0.000s manut=1.026s mpp=0.000s total=9.824s
src.infrastructure.providers.mercado_data_provider | DEBUG | Varredura: _chaves_com_book=9305 _chaves_detalhes=9305
src.infrastructure.providers.mercado_data_provider | INFO | Varredura(F): monitor=38476 book=9305 | reg=0.000 ref=0.008 var=0.651 total=0.659 | inst_map=0.000 | onda2=1652(0.136) onda1=0(0.000) cab_skip=7653 status=0.311
src.application.use_cases.monitor_oportunidades | INFO | PipelineTracker BOX/SBTH: 9305 -> 9305 (viaveis=0)
src.application.use_cases.monitor_colares_calendario | INFO | PipelineTracker (COLLAR_CALENDARIO): 9305 -> 108
src.application.use_cases.monitor_colares_calendario | WARNING | CollarCal STATS: {'total': 9305, 'sem_vencimento': 0, 'sem_codigos': 0, 'sem_dias': 0, 'sem_strike': 0, 'sem_strike_registrado': 0, 'sem_ocp_ovd': 0, 'sem_ocp_registrado': 0, 'sem_ovd_registrado': 0, 'sem_preco': 1169, 'sem_qul': 1389, 'calls': 103, 'puts': 5, 'fora_dte': 586, 'fora_ativo': 6053}
src.ui.desktop.monitor_worker | INFO | Ciclo: monitor=9.248s colar=0.000s cal=0.138s box=0.000s manut=0.000s mpp=0.000s total=9.386s
src.infrastructure.providers.mercado_data_provider | DEBUG | Varredura: _chaves_com_book=9305 _chaves_detalhes=9305
src.infrastructure.providers.mercado_data_provider | INFO | Varredura(F): monitor=38476 book=9305 | reg=0.000 ref=0.005 var=0.643 total=0.648 | inst_map=0.000 | onda2=65(0.004) onda1=0(0.000) cab_skip=9240 status=0.384
src.application.use_cases.monitor_oportunidades | INFO | PipelineTracker BOX/SBTH: 9305 -> 9305 (viaveis=0)
src.infrastructure.providers.mercado_data_provider | DEBUG | RTD: Detalhes completos registrados para TAEE11|TAEEX365 (Liquidez detectada)
src.infrastructure.providers.mercado_data_provider | DEBUG | RTD: preco_ativo TAEE11=41.16 forçado com sucesso
src.infrastructure.providers.mercado_data_provider | DEBUG | RTD: Detalhes completos registrados para TIMS3|TIMSU234 (Liquidez detectada)
src.infrastructure.providers.mercado_data_provider | DEBUG | RTD: preco_ativo TIMS3=22.42 forçado com sucesso
src.infrastructure.providers.mercado_data_provider | DEBUG | RTD: Detalhes completos registrados para WEGE3|WEGES407W5 (Liquidez detectada)
src.infrastructure.providers.mercado_data_provider | DEBUG | RTD: preco_ativo WEGE3=42.62 forçado com sucesso
src.infrastructure.providers.mercado_data_provider | DEBUG | RTD: Detalhes completos registrados para WEGE3|WEGEX397 (Liquidez detectada)
src.infrastructure.providers.mercado_data_provider | DEBUG | RTD: preco_ativo WEGE3=42.62 forçado com sucesso
src.infrastructure.providers.mercado_data_provider | DEBUG | RTD: Detalhes completos registrados para VALE3|VALEV369 (Liquidez detectada)
src.infrastructure.providers.mercado_data_provider | DEBUG | RTD: preco_ativo VALE3=72.21 forçado com sucesso
src.infrastructure.providers.mercado_data_provider | DEBUG | RTD: Detalhes completos registrados para WEGE3|WEGET407W1 (Liquidez detectada)
src.infrastructure.providers.mercado_data_provider | DEBUG | RTD: preco_ativo WEGE3=42.62 forçado com sucesso
src.infrastructure.providers.mercado_data_provider | DEBUG | RTD: Detalhes completos registrados para WEGE3|WEGET404W1 (Liquidez detectada)
src.infrastructure.providers.mercado_data_provider | DEBUG | RTD: preco_ativo WEGE3=42.62 forçado com sucesso
src.infrastructure.providers.mercado_data_provider | DEBUG | RTD: Detalhes completos registrados para VALE3|VALET824 (Liquidez detectada)
src.infrastructure.providers.mercado_data_provider | DEBUG | RTD: preco_ativo VALE3=72.21 forçado com sucesso
src.infrastructure.providers.mercado_data_provider | DEBUG | RTD: Detalhes completos registrados para VALE3|VALEU801 (Liquidez detectada)
src.infrastructure.providers.mercado_data_provider | DEBUG | RTD: preco_ativo VALE3=72.21 forçado com sucesso
src.infrastructure.providers.mercado_data_provider | DEBUG | RTD: Detalhes completos registrados para VALE3|VALET724W4 (Liquidez detectada)
src.infrastructure.providers.mercado_data_provider | DEBUG | RTD: preco_ativo VALE3=72.21 forçado com sucesso
src.infrastructure.providers.mercado_data_provider | DEBUG | RTD: Detalhes completos registrados para TAEE11|TAEET416 (Liquidez detectada)
src.infrastructure.providers.mercado_data_provider | DEBUG | RTD: preco_ativo TAEE11=41.16 forçado com sucesso
src.infrastructure.providers.mercado_data_provider | DEBUG | RTD: Detalhes completos registrados para VULC3|VULCT112 (Liquidez detectada)
src.infrastructure.providers.mercado_data_provider | DEBUG | RTD: preco_ativo VULC3=14.04 forçado com sucesso
src.infrastructure.providers.mercado_data_provider | DEBUG | RTD: Detalhes completos registrados para SUZB3|SUZBS426W5 (Liquidez detectada)
src.infrastructure.providers.mercado_data_provider | DEBUG | RTD: preco_ativo SUZB3=41.47 forçado com sucesso
src.infrastructure.providers.mercado_data_provider | DEBUG | RTD: Detalhes completos registrados para VBBR3|VBBRT30 (Liquidez detectada)
src.infrastructure.providers.mercado_data_provider | DEBUG | RTD: preco_ativo VBBR3=33.64 forçado com sucesso
src.infrastructure.providers.mercado_data_provider | DEBUG | RTD: Detalhes completos registrados para TAEE11|TAEEU411W2 (Liquidez detectada)
src.infrastructure.providers.mercado_data_provider | DEBUG | RTD: preco_ativo TAEE11=41.16 forçado com sucesso
src.infrastructure.providers.mercado_data_provider | DEBUG | RTD: Detalhes completos registrados para USIM5|USIMU870 (Liquidez detectada)
src.infrastructure.providers.mercado_data_provider | DEBUG | RTD: preco_ativo USIM5=8.38 forçado com sucesso
src.infrastructure.providers.mercado_data_provider | DEBUG | RTD: Detalhes completos registrados para VALE3|VALET661W1 (Liquidez detectada)
src.infrastructure.providers.mercado_data_provider | DEBUG | RTD: preco_ativo VALE3=72.21 forçado com sucesso
src.infrastructure.providers.mercado_data_provider | DEBUG | RTD: Detalhes completos registrados para TAEE11|TAEEU371W2 (Liquidez detectada)
src.infrastructure.providers.mercado_data_provider | DEBUG | RTD: preco_ativo TAEE11=41.16 forçado com sucesso
src.infrastructure.providers.mercado_data_provider | DEBUG | RTD: Detalhes completos registrados para VALE3|VALEU499 (Liquidez detectada)
src.infrastructure.providers.mercado_data_provider | DEBUG | RTD: preco_ativo VALE3=72.21 forçado com sucesso
src.infrastructure.providers.mercado_data_provider | DEBUG | RTD: Detalhes completos registrados para UGPA3|UGPAU212 (Liquidez detectada)
src.infrastructure.providers.mercado_data_provider | DEBUG | RTD: preco_ativo UGPA3=31.63 forçado com sucesso
src.infrastructure.providers.mercado_data_provider | DEBUG | RTD: Detalhes completos registrados para WEGE3|WEGES357W5 (Liquidez detectada)
src.infrastructure.providers.mercado_data_provider | DEBUG | RTD: preco_ativo WEGE3=42.62 forçado com sucesso
src.infrastructure.providers.mercado_data_provider | DEBUG | RTD: Detalhes completos registrados para SUZB3|SUZBT408W1 (Liquidez detectada)
src.infrastructure.providers.mercado_data_provider | DEBUG | RTD: preco_ativo SUZB3=41.47 forçado com sucesso
src.infrastructure.providers.mercado_data_provider | DEBUG | RTD: Detalhes completos registrados para VALE3|VALEV607 (Liquidez detectada)
src.infrastructure.providers.mercado_data_provider | DEBUG | RTD: preco_ativo VALE3=72.21 forçado com sucesso
src.infrastructure.providers.mercado_data_provider | DEBUG | RTD: Detalhes completos registrados para VALE3|VALEX77 (Liquidez detectada)
src.infrastructure.providers.mercado_data_provider | DEBUG | RTD: preco_ativo VALE3=72.21 forçado com sucesso
src.infrastructure.providers.mercado_data_provider | DEBUG | RTD: Detalhes completos registrados para VULC3|VULCU152 (Liquidez detectada)
src.infrastructure.providers.mercado_data_provider | DEBUG | RTD: preco_ativo VULC3=14.04 forçado com sucesso
src.infrastructure.providers.mercado_data_provider | DEBUG | RTD: Detalhes completos registrados para TOTS3|TOTST217 (Liquidez detectada)
src.infrastructure.providers.mercado_data_provider | DEBUG | RTD: preco_ativo TOTS3=28.35 forçado com sucesso
src.infrastructure.providers.mercado_data_provider | DEBUG | RTD: Detalhes completos registrados para VALE3|VALEU791 (Liquidez detectada)
src.infrastructure.providers.mercado_data_provider | DEBUG | RTD: preco_ativo VALE3=72.21 forçado com sucesso
src.infrastructure.providers.mercado_data_provider | DEBUG | RTD: Detalhes completos registrados para VALE3|VALET631W1 (Liquidez detectada)
src.infrastructure.providers.mercado_data_provider | DEBUG | RTD: preco_ativo VALE3=72.21 forçado com sucesso
src.infrastructure.providers.mercado_data_provider | DEBUG | RTD: Detalhes completos registrados para SUZB3|SUZBU393 (Liquidez detectada)
src.infrastructure.providers.mercado_data_provider | DEBUG | RTD: preco_ativo SUZB3=41.47 forçado com sucesso
src.infrastructure.providers.mercado_data_provider | DEBUG | RTD: Detalhes completos registrados para SUZB3|SUZBS441W5 (Liquidez detectada)
src.infrastructure.providers.mercado_data_provider | DEBUG | RTD: preco_ativo SUZB3=41.47 forçado com sucesso
src.infrastructure.providers.mercado_data_provider | DEBUG | RTD: Detalhes completos registrados para USIM5|USIMT105 (Liquidez detectada)
src.infrastructure.providers.mercado_data_provider | DEBUG | RTD: preco_ativo USIM5=8.38 forçado com sucesso
src.infrastructure.providers.mercado_data_provider | DEBUG | RTD: Detalhes completos registrados para SUZB3|SUZBU493 (Liquidez detectada)
src.infrastructure.providers.mercado_data_provider | DEBUG | RTD: preco_ativo SUZB3=41.47 forçado com sucesso
src.infrastructure.providers.mercado_data_provider | DEBUG | RTD: Detalhes completos registrados para VALE3|VALET621W1 (Liquidez detectada)
src.infrastructure.providers.mercado_data_provider | DEBUG | RTD: preco_ativo VALE3=72.21 forçado com sucesso
src.infrastructure.providers.mercado_data_provider | DEBUG | RTD: Detalhes completos registrados para VALE3|VALET919 (Liquidez detectada)
src.infrastructure.providers.mercado_data_provider | DEBUG | RTD: preco_ativo VALE3=72.21 forçado com sucesso
src.infrastructure.providers.mercado_data_provider | DEBUG | RTD: Detalhes completos registrados para TUPY3|TUPYU175 (Liquidez detectada)
src.infrastructure.providers.mercado_data_provider | DEBUG | RTD: preco_ativo TUPY3=15.33 forçado com sucesso
src.infrastructure.providers.mercado_data_provider | DEBUG | RTD: Detalhes completos registrados para VALE3|VALEU936 (Liquidez detectada)
src.infrastructure.providers.mercado_data_provider | DEBUG | RTD: preco_ativo VALE3=72.21 forçado com sucesso
src.infrastructure.providers.mercado_data_provider | DEBUG | RTD: Detalhes completos registrados para XPBR31|XPBRU940 (Liquidez detectada)
src.infrastructure.providers.mercado_data_provider | DEBUG | RTD: preco_ativo XPBR31=84.85 forçado com sucesso
src.infrastructure.providers.mercado_data_provider | DEBUG | RTD: Detalhes completos registrados para VALE3|VALEU876 (Liquidez detectada)
src.infrastructure.providers.mercado_data_provider | DEBUG | RTD: preco_ativo VALE3=72.21 forçado com sucesso
src.infrastructure.providers.mercado_data_provider | DEBUG | RTD: Detalhes completos registrados para SUZB3|SUZBW368 (Liquidez detectada)
src.infrastructure.providers.mercado_data_provider | DEBUG | RTD: preco_ativo SUZB3=41.47 forçado com sucesso
src.infrastructure.providers.mercado_data_provider | DEBUG | RTD: Detalhes completos registrados para VALE3|VALEV664 (Liquidez detectada)
src.infrastructure.providers.mercado_data_provider | DEBUG | RTD: preco_ativo VALE3=72.21 forçado com sucesso
src.infrastructure.providers.mercado_data_provider | DEBUG | RTD: Detalhes completos registrados para VLID3|VLIDT162 (Liquidez detectada)
src.infrastructure.providers.mercado_data_provider | DEBUG | RTD: preco_ativo VLID3=17.61 forçado com sucesso
src.infrastructure.providers.mercado_data_provider | DEBUG | RTD: Detalhes completos registrados para TUPY3|TUPYU160 (Liquidez detectada)
src.infrastructure.providers.mercado_data_provider | DEBUG | RTD: preco_ativo TUPY3=15.33 forçado com sucesso
src.infrastructure.providers.mercado_data_provider | DEBUG | RTD: Detalhes completos registrados para WEGE3|WEGEU371 (Liquidez detectada)
src.infrastructure.providers.mercado_data_provider | DEBUG | RTD: preco_ativo WEGE3=42.62 forçado com sucesso
src.infrastructure.providers.mercado_data_provider | DEBUG | RTD: Detalhes completos registrados para SUZB3|SUZBT396 (Liquidez detectada)
src.infrastructure.providers.mercado_data_provider | DEBUG | RTD: preco_ativo SUZB3=41.47 forçado com sucesso
src.infrastructure.providers.mercado_data_provider | DEBUG | RTD: Detalhes completos registrados para SUZB3|SUZBT451 (Liquidez detectada)
src.infrastructure.providers.mercado_data_provider | DEBUG | RTD: preco_ativo SUZB3=41.47 forçado com sucesso
src.infrastructure.providers.mercado_data_provider | DEBUG | RTD: Detalhes completos registrados para USIM5|USIMU990 (Liquidez detectada)
src.infrastructure.providers.mercado_data_provider | DEBUG | RTD: preco_ativo USIM5=8.38 forçado com sucesso
src.infrastructure.providers.mercado_data_provider | DEBUG | RTD: Detalhes completos registrados para VAMO3|VAMOT281 (Liquidez detectada)
src.infrastructure.providers.mercado_data_provider | DEBUG | RTD: preco_ativo VAMO3=3.10 forçado com sucesso
src.infrastructure.providers.mercado_data_provider | DEBUG | RTD: Detalhes completos registrados para TEND3|TENDU340 (Liquidez detectada)
src.infrastructure.providers.mercado_data_provider | DEBUG | RTD: preco_ativo TEND3=29.69 forçado com sucesso
src.infrastructure.providers.mercado_data_provider | DEBUG | RTD: Detalhes completos registrados para TEND3|TENDT310 (Liquidez detectada)
src.infrastructure.providers.mercado_data_provider | DEBUG | RTD: preco_ativo TEND3=29.69 forçado com sucesso
src.infrastructure.providers.mercado_data_provider | DEBUG | RTD: Detalhes completos registrados para WEGE3|WEGET390 (Liquidez detectada)
src.infrastructure.providers.mercado_data_provider | DEBUG | RTD: preco_ativo WEGE3=42.62 forçado com sucesso
src.infrastructure.providers.mercado_data_provider | DEBUG | RTD: Detalhes completos registrados para VALE3|VALEX72 (Liquidez detectada)
src.infrastructure.providers.mercado_data_provider | DEBUG | RTD: preco_ativo VALE3=72.21 forçado com sucesso
src.infrastructure.providers.mercado_data_provider | DEBUG | RTD: Detalhes completos registrados para USIM5|USIMT560 (Liquidez detectada)
src.infrastructure.providers.mercado_data_provider | DEBUG | RTD: preco_ativo USIM5=8.38 forçado com sucesso
src.infrastructure.providers.mercado_data_provider | DEBUG | RTD: Detalhes completos registrados para VALE3|VALET784 (Liquidez detectada)
src.infrastructure.providers.mercado_data_provider | DEBUG | RTD: preco_ativo VALE3=72.21 forçado com sucesso
src.infrastructure.providers.mercado_data_provider | DEBUG | RTD: Detalhes completos registrados para TUPY3|TUPYW110 (Liquidez detectada)
src.infrastructure.providers.mercado_data_provider | DEBUG | RTD: preco_ativo TUPY3=15.33 forçado com sucesso
src.infrastructure.providers.mercado_data_provider | DEBUG | RTD: Detalhes completos registrados para VALE3|VALEV699 (Liquidez detectada)
src.infrastructure.providers.mercado_data_provider | DEBUG | RTD: preco_ativo VALE3=72.21 forçado com sucesso
src.infrastructure.providers.mercado_data_provider | DEBUG | RTD: Detalhes completos registrados para VBBR3|VBBRU277 (Liquidez detectada)
src.infrastructure.providers.mercado_data_provider | DEBUG | RTD: preco_ativo VBBR3=33.64 forçado com sucesso
src.infrastructure.providers.mercado_data_provider | DEBUG | RTD: Detalhes completos registrados para VALE3|VALET539 (Liquidez detectada)
src.infrastructure.providers.mercado_data_provider | DEBUG | RTD: preco_ativo VALE3=72.21 forçado com sucesso
src.infrastructure.providers.mercado_data_provider | DEBUG | RTD: Detalhes completos registrados para VULC3|VULCU127 (Liquidez detectada)
src.infrastructure.providers.mercado_data_provider | DEBUG | RTD: preco_ativo VULC3=14.04 forçado com sucesso
src.infrastructure.providers.mercado_data_provider | DEBUG | RTD: Detalhes completos registrados para VULC3|VULCU137 (Liquidez detectada)
src.infrastructure.providers.mercado_data_provider | DEBUG | RTD: preco_ativo VULC3=14.04 forçado com sucesso
src.infrastructure.providers.mercado_data_provider | DEBUG | RTD: Detalhes completos registrados para VALE3|VALET714W4 (Liquidez detectada)
src.infrastructure.providers.mercado_data_provider | DEBUG | RTD: preco_ativo VALE3=72.21 forçado com sucesso
src.infrastructure.providers.mercado_data_provider | DEBUG | RTD: Detalhes completos registrados para VALE3|VALEU48 (Liquidez detectada)
src.infrastructure.providers.mercado_data_provider | DEBUG | RTD: preco_ativo VALE3=72.21 forçado com sucesso
src.infrastructure.providers.mercado_data_provider | DEBUG | RTD: Detalhes completos registrados para TOTS3|TOTSU201 (Liquidez detectada)
src.infrastructure.providers.mercado_data_provider | DEBUG | RTD: preco_ativo TOTS3=28.35 forçado com sucesso
src.infrastructure.providers.mercado_data_provider | DEBUG | RTD: Detalhes completos registrados para VALE3|VALEV689 (Liquidez detectada)
src.infrastructure.providers.mercado_data_provider | DEBUG | RTD: preco_ativo VALE3=72.21 forçado com sucesso
src.infrastructure.providers.mercado_data_provider | DEBUG | RTD: Detalhes completos registrados para VLID3|VLIDT182 (Liquidez detectada)
src.infrastructure.providers.mercado_data_provider | DEBUG | RTD: preco_ativo VLID3=17.61 forçado com sucesso
src.infrastructure.providers.mercado_data_provider | DEBUG | RTD: Detalhes completos registrados para VALE3|VALET854 (Liquidez detectada)
src.infrastructure.providers.mercado_data_provider | DEBUG | RTD: preco_ativo VALE3=72.21 forçado com sucesso
src.infrastructure.providers.mercado_data_provider | DEBUG | RTD: Detalhes completos registrados para VBBR3|VBBRU282 (Liquidez detectada)
src.infrastructure.providers.mercado_data_provider | DEBUG | RTD: preco_ativo VBBR3=33.64 forçado com sucesso
src.infrastructure.providers.mercado_data_provider | DEBUG | RTD: Detalhes completos registrados para TAEE11|TAEET405 (Liquidez detectada)
src.infrastructure.providers.mercado_data_provider | DEBUG | RTD: preco_ativo TAEE11=41.16 forçado com sucesso
src.infrastructure.providers.mercado_data_provider | DEBUG | RTD: Detalhes completos registrados para VALE3|VALEU474 (Liquidez detectada)
src.infrastructure.providers.mercado_data_provider | DEBUG | RTD: preco_ativo VALE3=72.21 forçado com sucesso
src.infrastructure.providers.mercado_data_provider | DEBUG | RTD: Detalhes completos registrados para VALE3|VALEU50 (Liquidez detectada)
src.infrastructure.providers.mercado_data_provider | DEBUG | RTD: preco_ativo VALE3=72.21 forçado com sucesso
src.infrastructure.providers.mercado_data_provider | DEBUG | RTD: Detalhes completos registrados para WEGE3|WEGET450 (Liquidez detectada)
src.infrastructure.providers.mercado_data_provider | DEBUG | RTD: preco_ativo WEGE3=42.62 forçado com sucesso
src.infrastructure.providers.mercado_data_provider | DEBUG | RTD: Detalhes completos registrados para SUZB3|SUZBW361 (Liquidez detectada)
src.infrastructure.providers.mercado_data_provider | DEBUG | RTD: preco_ativo SUZB3=41.47 forçado com sucesso
src.infrastructure.providers.mercado_data_provider | DEBUG | RTD: Detalhes completos registrados para VIVA3|VIVAU20 (Liquidez detectada)
src.infrastructure.providers.mercado_data_provider | DEBUG | RTD: preco_ativo VIVA3=21.38 forçado com sucesso
src.infrastructure.providers.mercado_data_provider | DEBUG | RTD: Detalhes completos registrados para VALE3|VALET524 (Liquidez detectada)
src.infrastructure.providers.mercado_data_provider | DEBUG | RTD: preco_ativo VALE3=72.21 forçado com sucesso
src.infrastructure.providers.mercado_data_provider | DEBUG | RTD: Detalhes completos registrados para VIVA3|VIVAT246 (Liquidez detectada)
src.infrastructure.providers.mercado_data_provider | DEBUG | RTD: preco_ativo VIVA3=21.38 forçado com sucesso
src.infrastructure.providers.mercado_data_provider | DEBUG | RTD: Detalhes completos registrados para WEGE3|WEGEU305 (Liquidez detectada)
src.infrastructure.providers.mercado_data_provider | DEBUG | RTD: preco_ativo WEGE3=42.62 forçado com sucesso
src.infrastructure.providers.mercado_data_provider | DEBUG | RTD: Detalhes completos registrados para VALE3|VALEU321 (Liquidez detectada)
src.infrastructure.providers.mercado_data_provider | DEBUG | RTD: preco_ativo VALE3=72.21 forçado com sucesso
src.infrastructure.providers.mercado_data_provider | DEBUG | RTD: Detalhes completos registrados para VBBR3|VBBRU249 (Liquidez detectada)
src.infrastructure.providers.mercado_data_provider | DEBUG | RTD: preco_ativo VBBR3=33.64 forçado com sucesso
src.infrastructure.providers.mercado_data_provider | DEBUG | RTD: Detalhes completos registrados para SUZB3|SUZBS403W5 (Liquidez detectada)
src.infrastructure.providers.mercado_data_provider | DEBUG | RTD: preco_ativo SUZB3=41.47 forçado com sucesso
src.infrastructure.providers.mercado_data_provider | DEBUG | RTD: Detalhes completos registrados para VALE3|VALEW841 (Liquidez detectada)
src.infrastructure.providers.mercado_data_provider | DEBUG | RTD: preco_ativo VALE3=72.21 forçado com sucesso
src.infrastructure.providers.mercado_data_provider | DEBUG | RTD: Detalhes completos registrados para VALE3|VALEU886 (Liquidez detectada)
src.infrastructure.providers.mercado_data_provider | DEBUG | RTD: preco_ativo VALE3=72.21 forçado com sucesso
src.infrastructure.providers.mercado_data_provider | DEBUG | RTD: Detalhes completos registrados para VALE3|VALET439 (Liquidez detectada)
src.infrastructure.providers.mercado_data_provider | DEBUG | RTD: preco_ativo VALE3=72.21 forçado com sucesso
src.infrastructure.providers.mercado_data_provider | DEBUG | RTD: Detalhes completos registrados para TEND3|TENDU322 (Liquidez detectada)
src.infrastructure.providers.mercado_data_provider | DEBUG | RTD: preco_ativo TEND3=29.69 forçado com sucesso
src.infrastructure.providers.mercado_data_provider | DEBUG | RTD: Detalhes completos registrados para VLID3|VLIDT157 (Liquidez detectada)
src.infrastructure.providers.mercado_data_provider | DEBUG | RTD: preco_ativo VLID3=17.61 forçado com sucesso
src.infrastructure.providers.mercado_data_provider | DEBUG | RTD: Detalhes completos registrados para VALE3|VALEU696 (Liquidez detectada)
src.infrastructure.providers.mercado_data_provider | DEBUG | RTD: preco_ativo VALE3=72.21 forçado com sucesso
src.infrastructure.providers.mercado_data_provider | DEBUG | RTD: Detalhes completos registrados para VAMO3|VAMOU280 (Liquidez detectada)
src.infrastructure.providers.mercado_data_provider | DEBUG | RTD: preco_ativo VAMO3=3.10 forçado com sucesso
src.infrastructure.providers.mercado_data_provider | DEBUG | RTD: Detalhes completos registrados para VBBR3|VBBRU299 (Liquidez detectada)
src.infrastructure.providers.mercado_data_provider | DEBUG | RTD: preco_ativo VBBR3=33.64 forçado com sucesso
src.infrastructure.providers.mercado_data_provider | DEBUG | RTD: Detalhes completos registrados para VALE3|VALET339 (Liquidez detectada)
src.infrastructure.providers.mercado_data_provider | DEBUG | RTD: preco_ativo VALE3=72.21 forçado com sucesso
src.infrastructure.providers.mercado_data_provider | DEBUG | RTD: Detalhes completos registrados para TAEE11|TAEEU418 (Liquidez detectada)
src.infrastructure.providers.mercado_data_provider | DEBUG | RTD: preco_ativo TAEE11=41.16 forçado com sucesso
src.infrastructure.providers.mercado_data_provider | DEBUG | RTD: Detalhes completos registrados para USIM5|USIMT135 (Liquidez detectada)
src.infrastructure.providers.mercado_data_provider | DEBUG | RTD: preco_ativo USIM5=8.38 forçado com sucesso
src.infrastructure.providers.mercado_data_provider | DEBUG | RTD: Detalhes completos registrados para VIVT3|VIVTT348 (Liquidez detectada)
src.infrastructure.providers.mercado_data_provider | DEBUG | RTD: preco_ativo VIVT3=35.52 forçado com sucesso
src.infrastructure.providers.mercado_data_provider | DEBUG | RTD: Detalhes completos registrados para VIVT3|VIVTU312 (Liquidez detectada)
src.infrastructure.providers.mercado_data_provider | DEBUG | RTD: preco_ativo VIVT3=35.52 forçado com sucesso
src.infrastructure.providers.mercado_data_provider | DEBUG | RTD: Detalhes completos registrados para WEGE3|WEGEU426 (Liquidez detectada)
src.infrastructure.providers.mercado_data_provider | DEBUG | RTD: preco_ativo WEGE3=42.62 forçado com sucesso
src.infrastructure.providers.mercado_data_provider | DEBUG | RTD: Detalhes completos registrados para VALE3|VALEX844 (Liquidez detectada)
src.infrastructure.providers.mercado_data_provider | DEBUG | RTD: preco_ativo VALE3=72.21 forçado com sucesso
src.infrastructure.providers.mercado_data_provider | DEBUG | RTD: Detalhes completos registrados para SUZB3|SUZBT298 (Liquidez detectada)
src.infrastructure.providers.mercado_data_provider | DEBUG | RTD: preco_ativo SUZB3=41.47 forçado com sucesso
src.infrastructure.providers.mercado_data_provider | DEBUG | RTD: Detalhes completos registrados para VALE3|VALEU506 (Liquidez detectada)
src.infrastructure.providers.mercado_data_provider | DEBUG | RTD: preco_ativo VALE3=72.21 forçado com sucesso
src.infrastructure.providers.mercado_data_provider | DEBUG | RTD: Detalhes completos registrados para TAEE11|TAEEU391W2 (Liquidez detectada)
src.infrastructure.providers.mercado_data_provider | DEBUG | RTD: preco_ativo TAEE11=41.16 forçado com sucesso
src.infrastructure.providers.mercado_data_provider | DEBUG | RTD: Detalhes completos registrados para VALE3|VALEU881 (Liquidez detectada)
src.infrastructure.providers.mercado_data_provider | DEBUG | RTD: preco_ativo VALE3=72.21 forçado com sucesso
src.infrastructure.providers.mercado_data_provider | DEBUG | RTD: Detalhes completos registrados para VALE3|VALEU484 (Liquidez detectada)
src.infrastructure.providers.mercado_data_provider | DEBUG | RTD: preco_ativo VALE3=72.21 forçado com sucesso
src.infrastructure.providers.mercado_data_provider | DEBUG | RTD: Detalhes completos registrados para USIM5|USIMU850 (Liquidez detectada)
src.infrastructure.providers.mercado_data_provider | DEBUG | RTD: preco_ativo USIM5=8.38 forçado com sucesso
src.infrastructure.providers.mercado_data_provider | DEBUG | RTD: Detalhes completos registrados para VBBR3|VBBRT357 (Liquidez detectada)
src.infrastructure.providers.mercado_data_provider | DEBUG | RTD: preco_ativo VBBR3=33.64 forçado com sucesso
src.infrastructure.providers.mercado_data_provider | DEBUG | RTD: Detalhes completos registrados para YDUQ3|YDUQV746 (Liquidez detectada)
src.infrastructure.providers.mercado_data_provider | DEBUG | RTD: preco_ativo YDUQ3=7.91 forçado com sucesso
src.infrastructure.providers.mercado_data_provider | DEBUG | RTD: Detalhes completos registrados para TAEE11|TAEET427 (Liquidez detectada)
src.infrastructure.providers.mercado_data_provider | DEBUG | RTD: preco_ativo TAEE11=41.16 forçado com sucesso
src.infrastructure.providers.mercado_data_provider | DEBUG | RTD: Detalhes completos registrados para VALE3|VALET244 (Liquidez detectada)
src.infrastructure.providers.mercado_data_provider | DEBUG | RTD: preco_ativo VALE3=72.21 forçado com sucesso
src.infrastructure.providers.mercado_data_provider | DEBUG | RTD: Detalhes completos registrados para TEND3|TENDU362 (Liquidez detectada)
src.infrastructure.providers.mercado_data_provider | DEBUG | RTD: preco_ativo TEND3=29.69 forçado com sucesso
src.infrastructure.providers.mercado_data_provider | DEBUG | RTD: Detalhes completos registrados para VALE3|VALEU479 (Liquidez detectada)
src.infrastructure.providers.mercado_data_provider | DEBUG | RTD: preco_ativo VALE3=72.21 forçado com sucesso
src.infrastructure.providers.mercado_data_provider | DEBUG | RTD: Detalhes completos registrados para WEGE3|WEGEU406 (Liquidez detectada)
src.infrastructure.providers.mercado_data_provider | DEBUG | RTD: preco_ativo WEGE3=42.62 forçado com sucesso
src.infrastructure.providers.mercado_data_provider | DEBUG | RTD: Detalhes completos registrados para SUZB3|SUZBW373 (Liquidez detectada)
src.infrastructure.providers.mercado_data_provider | DEBUG | RTD: preco_ativo SUZB3=41.47 forçado com sucesso
src.infrastructure.providers.mercado_data_provider | DEBUG | RTD: Detalhes completos registrados para TAEE11|TAEEW401 (Liquidez detectada)
src.infrastructure.providers.mercado_data_provider | DEBUG | RTD: preco_ativo TAEE11=41.16 forçado com sucesso
src.infrastructure.providers.mercado_data_provider | DEBUG | RTD: Detalhes completos registrados para TOTS3|TOTST252 (Liquidez detectada)
src.infrastructure.providers.mercado_data_provider | DEBUG | RTD: preco_ativo TOTS3=28.35 forçado com sucesso
src.infrastructure.providers.mercado_data_provider | DEBUG | RTD: Detalhes completos registrados para VIVT3|VIVTT358 (Liquidez detectada)
src.infrastructure.providers.mercado_data_provider | DEBUG | RTD: preco_ativo VIVT3=35.52 forçado com sucesso
src.infrastructure.providers.mercado_data_provider | DEBUG | RTD: Detalhes completos registrados para USIM5|USIMT894W1 (Liquidez detectada)
src.infrastructure.providers.mercado_data_provider | DEBUG | RTD: preco_ativo USIM5=8.38 forçado com sucesso
src.infrastructure.providers.mercado_data_provider | DEBUG | RTD: Detalhes completos registrados para VULC3|VULCU110 (Liquidez detectada)
src.infrastructure.providers.mercado_data_provider | DEBUG | RTD: preco_ativo VULC3=14.04 forçado com sucesso
src.infrastructure.providers.mercado_data_provider | DEBUG | RTD: Detalhes completos registrados para VALE3|VALEU526 (Liquidez detectada)
src.infrastructure.providers.mercado_data_provider | DEBUG | RTD: preco_ativo VALE3=72.21 forçado com sucesso
src.infrastructure.providers.mercado_data_provider | DEBUG | RTD: Detalhes completos registrados para VBBR3|VBBRT317 (Liquidez detectada)
src.infrastructure.providers.mercado_data_provider | DEBUG | RTD: preco_ativo VBBR3=33.64 forçado com sucesso
src.infrastructure.providers.mercado_data_provider | DEBUG | RTD: Detalhes completos registrados para JHSF3|JHSFU868 (Liquidez detectada)
src.infrastructure.providers.mercado_data_provider | DEBUG | RTD: preco_ativo JHSF3=10.95 forçado com sucesso
src.infrastructure.providers.mercado_data_provider | DEBUG | RTD: Detalhes completos registrados para ITUB4|ITUBT390W1 (Liquidez detectada)
src.infrastructure.providers.mercado_data_provider | DEBUG | RTD: preco_ativo ITUB4=42.39 forçado com sucesso
src.infrastructure.providers.mercado_data_provider | DEBUG | RTD: Detalhes completos registrados para CSNA3|CSNAT347 (Liquidez detectada)
src.infrastructure.providers.mercado_data_provider | DEBUG | RTD: preco_ativo CSNA3=5.07 forçado com sucesso
src.infrastructure.providers.mercado_data_provider | DEBUG | RTD: Detalhes completos registrados para WEGE3|WEGEU461 (Liquidez detectada)
src.infrastructure.providers.mercado_data_provider | DEBUG | RTD: preco_ativo WEGE3=42.62 forçado com sucesso
src.infrastructure.providers.mercado_data_provider | DEBUG | RTD: Detalhes completos registrados para BBSE3|BBSET369 (Liquidez detectada)
src.infrastructure.providers.mercado_data_provider | DEBUG | RTD: preco_ativo BBSE3=41.15 forçado com sucesso
src.infrastructure.providers.mercado_data_provider | DEBUG | RTD: Detalhes completos registrados para PETR4|PETRM395 (Liquidez detectada)
src.infrastructure.providers.mercado_data_provider | DEBUG | RTD: preco_ativo PETR4=41.55 forçado com sucesso
src.infrastructure.providers.mercado_data_provider | DEBUG | RTD: Detalhes completos registrados para BPAC11|BPACV49 (Liquidez detectada)
src.infrastructure.providers.mercado_data_provider | DEBUG | RTD: preco_ativo BPAC11=55.56 forçado com sucesso
src.infrastructure.providers.mercado_data_provider | DEBUG | RTD: Detalhes completos registrados para WEGE3|WEGET445 (Liquidez detectada)
src.infrastructure.providers.mercado_data_provider | DEBUG | RTD: preco_ativo WEGE3=42.62 forçado com sucesso
src.infrastructure.providers.mercado_data_provider | DEBUG | RTD: Detalhes completos registrados para PRIO3|PRIOT492W1 (Liquidez detectada)
src.infrastructure.providers.mercado_data_provider | DEBUG | RTD: preco_ativo PRIO3=58.56 forçado com sucesso
src.infrastructure.providers.mercado_data_provider | DEBUG | RTD: Detalhes completos registrados para PETR4|PETRU36 (Liquidez detectada)
src.infrastructure.providers.mercado_data_provider | DEBUG | RTD: preco_ativo PETR4=41.55 forçado com sucesso
src.infrastructure.providers.mercado_data_provider | DEBUG | RTD: Detalhes completos registrados para PETR4|PETRT527 (Liquidez detectada)
src.infrastructure.providers.mercado_data_provider | DEBUG | RTD: preco_ativo PETR4=41.55 forçado com sucesso
src.infrastructure.providers.mercado_data_provider | DEBUG | RTD: Detalhes completos registrados para CEAB3|CEABM90 (Liquidez detectada)
src.infrastructure.providers.mercado_data_provider | DEBUG | RTD: preco_ativo CEAB3=9.35 forçado com sucesso
src.infrastructure.providers.mercado_data_provider | DEBUG | RTD: Detalhes completos registrados para PETR4|PETRU3 (Liquidez detectada)
src.infrastructure.providers.mercado_data_provider | DEBUG | RTD: preco_ativo PETR4=41.55 forçado com sucesso
src.infrastructure.providers.mercado_data_provider | DEBUG | RTD: Detalhes completos registrados para EMBJ3|EMBJT905 (Liquidez detectada)
src.infrastructure.providers.mercado_data_provider | DEBUG | RTD: preco_ativo EMBJ3=83.29 forçado com sucesso
src.infrastructure.providers.mercado_data_provider | DEBUG | RTD: Detalhes completos registrados para PETR4|PETRT267 (Liquidez detectada)
src.infrastructure.providers.mercado_data_provider | DEBUG | RTD: preco_ativo PETR4=41.55 forçado com sucesso
src.infrastructure.providers.mercado_data_provider | DEBUG | RTD: Detalhes completos registrados para EQTL3|EQTLT402W1 (Liquidez detectada)
src.infrastructure.providers.mercado_data_provider | DEBUG | RTD: preco_ativo EQTL3=38.59 forçado com sucesso
src.infrastructure.providers.mercado_data_provider | DEBUG | RTD: Detalhes completos registrados para MGLU3|MGLUT476 (Liquidez detectada)
src.infrastructure.providers.mercado_data_provider | DEBUG | RTD: preco_ativo MGLU3=4.85 forçado com sucesso
src.infrastructure.providers.mercado_data_provider | DEBUG | RTD: Detalhes completos registrados para SEER3|SEERU967 (Liquidez detectada)
src.infrastructure.providers.mercado_data_provider | DEBUG | RTD: preco_ativo SEER3=11.60 forçado com sucesso
src.infrastructure.providers.mercado_data_provider | DEBUG | RTD: Detalhes completos registrados para AZZA3|AZZAU190 (Liquidez detectada)
src.infrastructure.providers.mercado_data_provider | DEBUG | RTD: preco_ativo AZZA3=17.82 forçado com sucesso
src.infrastructure.providers.mercado_data_provider | DEBUG | RTD: Detalhes completos registrados para GGBR4|GGBRT268 (Liquidez detectada)
src.infrastructure.providers.mercado_data_provider | DEBUG | RTD: preco_ativo GGBR4=23.61 forçado com sucesso
src.infrastructure.providers.mercado_data_provider | DEBUG | RTD: Detalhes completos registrados para GMAT3|GMATT394 (Liquidez detectada)
src.infrastructure.providers.mercado_data_provider | DEBUG | RTD: preco_ativo GMAT3=3.82 forçado com sucesso
src.infrastructure.providers.mercado_data_provider | DEBUG | RTD: Detalhes completos registrados para ITUB4|ITUBU373 (Liquidez detectada)
src.infrastructure.providers.mercado_data_provider | DEBUG | RTD: preco_ativo ITUB4=42.39 forçado com sucesso
src.infrastructure.providers.mercado_data_provider | DEBUG | RTD: Detalhes completos registrados para VALE3|VALET686W2 (Liquidez detectada)
src.infrastructure.providers.mercado_data_provider | DEBUG | RTD: preco_ativo VALE3=72.21 forçado com sucesso
src.infrastructure.providers.mercado_data_provider | DEBUG | RTD: Detalhes completos registrados para RENT3|RENTU345 (Liquidez detectada)
src.infrastructure.providers.mercado_data_provider | DEBUG | RTD: preco_ativo RENT3=36.59 forçado com sucesso
src.infrastructure.providers.mercado_data_provider | DEBUG | RTD: Detalhes completos registrados para PETR4|PETRT331W1 (Liquidez detectada)
src.infrastructure.providers.mercado_data_provider | DEBUG | RTD: preco_ativo PETR4=41.55 forçado com sucesso
src.infrastructure.providers.mercado_data_provider | DEBUG | RTD: Detalhes completos registrados para MBRF3|MBRFT113 (Liquidez detectada)
src.infrastructure.providers.mercado_data_provider | DEBUG | RTD: preco_ativo MBRF3=15.23 forçado com sucesso
src.infrastructure.providers.mercado_data_provider | DEBUG | RTD: Detalhes completos registrados para SUZB3|SUZBT433 (Liquidez detectada)
src.infrastructure.providers.mercado_data_provider | DEBUG | RTD: preco_ativo SUZB3=41.47 forçado com sucesso
src.infrastructure.providers.mercado_data_provider | DEBUG | RTD: Detalhes completos registrados para SUZB3|SUZBT428 (Liquidez detectada)
src.infrastructure.providers.mercado_data_provider | DEBUG | RTD: preco_ativo SUZB3=41.47 forçado com sucesso
src.infrastructure.providers.mercado_data_provider | DEBUG | RTD: Detalhes completos registrados para BEEF3|BEEFS336W5 (Liquidez detectada)
src.infrastructure.providers.mercado_data_provider | DEBUG | RTD: preco_ativo BEEF3=3.56 forçado com sucesso
src.infrastructure.providers.mercado_data_provider | DEBUG | RTD: Detalhes completos registrados para ITUB4|ITUBU402 (Liquidez detectada)
src.infrastructure.providers.mercado_data_provider | DEBUG | RTD: preco_ativo ITUB4=42.39 forçado com sucesso
src.infrastructure.providers.mercado_data_provider | DEBUG | RTD: Detalhes completos registrados para CEAB3|CEABU822 (Liquidez detectada)
src.infrastructure.providers.mercado_data_provider | DEBUG | RTD: preco_ativo CEAB3=9.35 forçado com sucesso
src.infrastructure.providers.mercado_data_provider | DEBUG | RTD: Detalhes completos registrados para VAMO3|VAMOT356 (Liquidez detectada)
src.infrastructure.providers.mercado_data_provider | DEBUG | RTD: preco_ativo VAMO3=3.10 forçado com sucesso
src.infrastructure.providers.mercado_data_provider | DEBUG | RTD: Detalhes completos registrados para CSAN3|CSANT490 (Liquidez detectada)
src.infrastructure.providers.mercado_data_provider | DEBUG | RTD: preco_ativo CSAN3=3.77 forçado com sucesso
src.infrastructure.providers.mercado_data_provider | DEBUG | RTD: Detalhes completos registrados para LJQQ3|LJQQU120 (Liquidez detectada)
src.infrastructure.providers.mercado_data_provider | DEBUG | RTD: preco_ativo LJQQ3=1.14 forçado com sucesso
src.infrastructure.providers.mercado_data_provider | DEBUG | RTD: Detalhes completos registrados para BBDC3|BBDCT157 (Liquidez detectada)
src.infrastructure.providers.mercado_data_provider | DEBUG | RTD: preco_ativo BBDC3=16.10 forçado com sucesso
src.infrastructure.providers.mercado_data_provider | DEBUG | RTD: Detalhes completos registrados para HAPV3|HAPVT720 (Liquidez detectada)
src.infrastructure.providers.mercado_data_provider | DEBUG | RTD: preco_ativo HAPV3=11.19 forçado com sucesso
src.infrastructure.providers.mercado_data_provider | DEBUG | RTD: Detalhes completos registrados para SAPR11|SAPRT296 (Liquidez detectada)
src.infrastructure.providers.mercado_data_provider | DEBUG | RTD: preco_ativo SAPR11=36.30 forçado com sucesso
src.infrastructure.providers.mercado_data_provider | DEBUG | RTD: Detalhes completos registrados para MBRF3|MBRFU172 (Liquidez detectada)
src.infrastructure.providers.mercado_data_provider | DEBUG | RTD: preco_ativo MBRF3=15.23 forçado com sucesso
src.infrastructure.providers.mercado_data_provider | DEBUG | RTD: Detalhes completos registrados para CSNA3|CSNAT577 (Liquidez detectada)
src.infrastructure.providers.mercado_data_provider | DEBUG | RTD: preco_ativo CSNA3=5.07 forçado com sucesso
src.infrastructure.providers.mercado_data_provider | DEBUG | RTD: Detalhes completos registrados para WEGE3|WEGET352 (Liquidez detectada)
src.infrastructure.providers.mercado_data_provider | DEBUG | RTD: preco_ativo WEGE3=42.62 forçado com sucesso
src.infrastructure.providers.mercado_data_provider | DEBUG | RTD: Detalhes completos registrados para SBFG3|SBFGU935 (Liquidez detectada)
src.infrastructure.providers.mercado_data_provider | DEBUG | RTD: preco_ativo SBFG3=9.41 forçado com sucesso
src.infrastructure.providers.mercado_data_provider | DEBUG | RTD: Detalhes completos registrados para JHSF3|JHSFU122 (Liquidez detectada)
src.infrastructure.providers.mercado_data_provider | DEBUG | RTD: preco_ativo JHSF3=10.95 forçado com sucesso
src.infrastructure.providers.mercado_data_provider | DEBUG | RTD: Detalhes completos registrados para WEGE3|WEGET437W1 (Liquidez detectada)
src.infrastructure.providers.mercado_data_provider | DEBUG | RTD: preco_ativo WEGE3=42.62 forçado com sucesso
src.infrastructure.providers.mercado_data_provider | DEBUG | RTD: Detalhes completos registrados para LEVE3|LEVET323 (Liquidez detectada)
src.infrastructure.providers.mercado_data_provider | DEBUG | RTD: preco_ativo LEVE3=31.36 forçado com sucesso
src.infrastructure.providers.mercado_data_provider | DEBUG | RTD: Detalhes completos registrados para CPFE3|CPFEU439 (Liquidez detectada)
src.infrastructure.providers.mercado_data_provider | DEBUG | RTD: preco_ativo CPFE3=46.39 forçado com sucesso
src.infrastructure.providers.mercado_data_provider | DEBUG | RTD: Detalhes completos registrados para HYPE3|HYPEU171 (Liquidez detectada)
src.infrastructure.providers.mercado_data_provider | DEBUG | RTD: preco_ativo HYPE3=20.11 forçado com sucesso
src.infrastructure.providers.mercado_data_provider | DEBUG | RTD: Detalhes completos registrados para GGBR4|GGBRT191 (Liquidez detectada)
src.infrastructure.providers.mercado_data_provider | DEBUG | RTD: preco_ativo GGBR4=23.61 forçado com sucesso
src.infrastructure.providers.mercado_data_provider | DEBUG | RTD: Detalhes completos registrados para PETR4|PETRT212 (Liquidez detectada)
src.infrastructure.providers.mercado_data_provider | DEBUG | RTD: preco_ativo PETR4=41.55 forçado com sucesso
src.infrastructure.providers.mercado_data_provider | DEBUG | RTD: Detalhes completos registrados para ITUB4|ITUBT451 (Liquidez detectada)
src.infrastructure.providers.mercado_data_provider | DEBUG | RTD: preco_ativo ITUB4=42.39 forçado com sucesso
src.infrastructure.providers.mercado_data_provider | DEBUG | RTD: Detalhes completos registrados para BBDC4|BBDCU170 (Liquidez detectada)
src.infrastructure.providers.mercado_data_provider | DEBUG | RTD: preco_ativo BBDC4=18.51 forçado com sucesso
src.infrastructure.providers.mercado_data_provider | DEBUG | RTD: Detalhes completos registrados para BMGB4|BMGBU270 (Liquidez detectada)
src.infrastructure.providers.mercado_data_provider | DEBUG | RTD: preco_ativo BMGB4=5.21 forçado com sucesso
src.infrastructure.providers.mercado_data_provider | DEBUG | RTD: Detalhes completos registrados para TAEE11|TAEEU440 (Liquidez detectada)
src.infrastructure.providers.mercado_data_provider | DEBUG | RTD: preco_ativo TAEE11=41.16 forçado com sucesso
src.infrastructure.providers.mercado_data_provider | DEBUG | RTD: Detalhes completos registrados para TOTS3|TOTSU319 (Liquidez detectada)
src.infrastructure.providers.mercado_data_provider | DEBUG | RTD: preco_ativo TOTS3=28.35 forçado com sucesso
src.infrastructure.providers.mercado_data_provider | DEBUG | RTD: Detalhes completos registrados para ENEV3|ENEVT202 (Liquidez detectada)
src.infrastructure.providers.mercado_data_provider | DEBUG | RTD: preco_ativo ENEV3=25.41 forçado com sucesso
src.infrastructure.providers.mercado_data_provider | DEBUG | RTD: Detalhes completos registrados para SUZB3|SUZBT413W1 (Liquidez detectada)
src.infrastructure.providers.mercado_data_provider | DEBUG | RTD: preco_ativo SUZB3=41.47 forçado com sucesso
src.infrastructure.providers.mercado_data_provider | DEBUG | RTD: Detalhes completos registrados para GOAU4|GOAUT987 (Liquidez detectada)
src.infrastructure.providers.mercado_data_provider | DEBUG | RTD: preco_ativo GOAU4=10.26 forçado com sucesso
src.infrastructure.providers.mercado_data_provider | DEBUG | RTD: Detalhes completos registrados para CSAN3|CSANT470 (Liquidez detectada)
src.infrastructure.providers.mercado_data_provider | DEBUG | RTD: preco_ativo CSAN3=3.77 forçado com sucesso
src.infrastructure.providers.mercado_data_provider | DEBUG | RTD: Detalhes completos registrados para JHSF3|JHSFU124 (Liquidez detectada)
src.infrastructure.providers.mercado_data_provider | DEBUG | RTD: preco_ativo JHSF3=10.95 forçado com sucesso
src.infrastructure.providers.mercado_data_provider | DEBUG | RTD: Detalhes completos registrados para CURY3|CURYT282 (Liquidez detectada)
src.infrastructure.providers.mercado_data_provider | DEBUG | RTD: preco_ativo CURY3=29.63 forçado com sucesso
src.infrastructure.providers.mercado_data_provider | DEBUG | RTD: Detalhes completos registrados para PSSA3|PSSAT581 (Liquidez detectada)
src.infrastructure.providers.mercado_data_provider | DEBUG | RTD: preco_ativo PSSA3=53.34 forçado com sucesso
src.infrastructure.providers.mercado_data_provider | DEBUG | RTD: Detalhes completos registrados para CSMG3|CSMGT533 (Liquidez detectada)
src.infrastructure.providers.mercado_data_provider | DEBUG | RTD: preco_ativo CSMG3=63.21 forçado com sucesso
src.infrastructure.providers.mercado_data_provider | DEBUG | RTD: Detalhes completos registrados para SMAL11|SMALT114 (Liquidez detectada)
src.infrastructure.providers.mercado_data_provider | DEBUG | RTD: preco_ativo SMAL11=105.56 forçado com sucesso
src.infrastructure.providers.mercado_data_provider | DEBUG | RTD: Detalhes completos registrados para TOTS3|TOTSU274 (Liquidez detectada)
src.infrastructure.providers.mercado_data_provider | DEBUG | RTD: preco_ativo TOTS3=28.35 forçado com sucesso
src.infrastructure.providers.mercado_data_provider | DEBUG | RTD: Detalhes completos registrados para ITUB4|ITUBU301 (Liquidez detectada)
src.infrastructure.providers.mercado_data_provider | DEBUG | RTD: preco_ativo ITUB4=42.39 forçado com sucesso
src.infrastructure.providers.mercado_data_provider | DEBUG | RTD: Detalhes completos registrados para BPAC11|BPACT456 (Liquidez detectada)
src.infrastructure.providers.mercado_data_provider | DEBUG | RTD: preco_ativo BPAC11=55.56 forçado com sucesso
src.infrastructure.providers.mercado_data_provider | DEBUG | RTD: Detalhes completos registrados para AUAU3|AUAUU462 (Liquidez detectada)
src.infrastructure.providers.mercado_data_provider | DEBUG | RTD: preco_ativo AUAU3=3.10 forçado com sucesso
src.infrastructure.providers.mercado_data_provider | DEBUG | RTD: Detalhes completos registrados para RENT3|RENTT367 (Liquidez detectada)
src.infrastructure.providers.mercado_data_provider | DEBUG | RTD: preco_ativo RENT3=36.59 forçado com sucesso
src.infrastructure.providers.mercado_data_provider | DEBUG | RTD: Detalhes completos registrados para GGBR4|GGBRS216W5 (Liquidez detectada)
src.infrastructure.providers.mercado_data_provider | DEBUG | RTD: preco_ativo GGBR4=23.61 forçado com sucesso
src.infrastructure.providers.mercado_data_provider | DEBUG | RTD: Detalhes completos registrados para CSAN3|CSANT395 (Liquidez detectada)
src.infrastructure.providers.mercado_data_provider | DEBUG | RTD: preco_ativo CSAN3=3.77 forçado com sucesso
src.infrastructure.providers.mercado_data_provider | DEBUG | RTD: Detalhes completos registrados para RENT3|RENTU435 (Liquidez detectada)
src.infrastructure.providers.mercado_data_provider | DEBUG | RTD: preco_ativo RENT3=36.59 forçado com sucesso
src.infrastructure.providers.mercado_data_provider | DEBUG | RTD: Detalhes completos registrados para PETR4|PETRT352 (Liquidez detectada)
src.infrastructure.providers.mercado_data_provider | DEBUG | RTD: preco_ativo PETR4=41.55 forçado com sucesso
src.infrastructure.providers.mercado_data_provider | DEBUG | RTD: Detalhes completos registrados para SMAL11|SMALU107 (Liquidez detectada)
src.infrastructure.providers.mercado_data_provider | DEBUG | RTD: preco_ativo SMAL11=105.56 forçado com sucesso
src.infrastructure.providers.mercado_data_provider | DEBUG | RTD: Detalhes completos registrados para VALE3|VALET681W2 (Liquidez detectada)
src.infrastructure.providers.mercado_data_provider | DEBUG | RTD: preco_ativo VALE3=72.21 forçado com sucesso
src.infrastructure.providers.mercado_data_provider | DEBUG | RTD: Detalhes completos registrados para EMBJ3|EMBJT693 (Liquidez detectada)
src.infrastructure.providers.mercado_data_provider | DEBUG | RTD: preco_ativo EMBJ3=83.29 forçado com sucesso
src.infrastructure.providers.mercado_data_provider | DEBUG | RTD: Detalhes completos registrados para POSI3|POSIT275 (Liquidez detectada)
src.infrastructure.providers.mercado_data_provider | DEBUG | RTD: preco_ativo POSI3=3.75 forçado com sucesso
src.infrastructure.providers.mercado_data_provider | DEBUG | RTD: Detalhes completos registrados para SUZB3|SUZBS431W5 (Liquidez detectada)
src.infrastructure.providers.mercado_data_provider | DEBUG | RTD: preco_ativo SUZB3=41.47 forçado com sucesso
src.infrastructure.providers.mercado_data_provider | DEBUG | RTD: Detalhes completos registrados para SBSP3|SBSPX145 (Liquidez detectada)
src.infrastructure.providers.mercado_data_provider | DEBUG | RTD: preco_ativo SBSP3=28.60 forçado com sucesso
src.infrastructure.providers.mercado_data_provider | DEBUG | RTD: Detalhes completos registrados para EMBJ3|EMBJS663W5 (Liquidez detectada)
src.infrastructure.providers.mercado_data_provider | DEBUG | RTD: preco_ativo EMBJ3=83.29 forçado com sucesso
src.infrastructure.providers.mercado_data_provider | DEBUG | RTD: Detalhes completos registrados para EMBJ3|EMBJT493 (Liquidez detectada)
src.infrastructure.providers.mercado_data_provider | DEBUG | RTD: preco_ativo EMBJ3=83.29 forçado com sucesso
src.infrastructure.providers.mercado_data_provider | DEBUG | RTD: Detalhes completos registrados para CMIG4|CMIGT123 (Liquidez detectada)
src.infrastructure.providers.mercado_data_provider | DEBUG | RTD: preco_ativo CMIG4=11.03 forçado com sucesso
src.infrastructure.providers.mercado_data_provider | DEBUG | RTD: Detalhes completos registrados para HAPV3|HAPVU137 (Liquidez detectada)
src.infrastructure.providers.mercado_data_provider | DEBUG | RTD: preco_ativo HAPV3=11.19 forçado com sucesso
src.infrastructure.providers.mercado_data_provider | DEBUG | RTD: Detalhes completos registrados para CYRE3|CYREU150 (Liquidez detectada)
src.infrastructure.providers.mercado_data_provider | DEBUG | RTD: preco_ativo CYRE3=21.00 forçado com sucesso
src.infrastructure.providers.mercado_data_provider | DEBUG | RTD: Detalhes completos registrados para GRND3|GRNDU360 (Liquidez detectada)
src.infrastructure.providers.mercado_data_provider | DEBUG | RTD: preco_ativo GRND3=3.76 forçado com sucesso
src.infrastructure.providers.mercado_data_provider | DEBUG | RTD: Detalhes completos registrados para TAEE11|TAEEU401W2 (Liquidez detectada)
src.infrastructure.providers.mercado_data_provider | DEBUG | RTD: preco_ativo TAEE11=41.16 forçado com sucesso
src.infrastructure.providers.mercado_data_provider | DEBUG | RTD: Detalhes completos registrados para PRIO3|PRIOU720 (Liquidez detectada)
src.infrastructure.providers.mercado_data_provider | DEBUG | RTD: preco_ativo PRIO3=58.56 forçado com sucesso
src.infrastructure.providers.mercado_data_provider | DEBUG | RTD: Detalhes completos registrados para VALE3|VALEW741 (Liquidez detectada)
src.infrastructure.providers.mercado_data_provider | DEBUG | RTD: preco_ativo VALE3=72.21 forçado com sucesso
src.infrastructure.providers.mercado_data_provider | DEBUG | RTD: Detalhes completos registrados para COGN3|COGNU149 (Liquidez detectada)
src.infrastructure.providers.mercado_data_provider | DEBUG | RTD: preco_ativo COGN3=2.15 forçado com sucesso
src.infrastructure.providers.mercado_data_provider | DEBUG | RTD: Detalhes completos registrados para AUAU3|AUAUT267 (Liquidez detectada)
src.infrastructure.providers.mercado_data_provider | DEBUG | RTD: preco_ativo AUAU3=3.10 forçado com sucesso
src.infrastructure.providers.mercado_data_provider | DEBUG | RTD: Detalhes completos registrados para CXSE3|CXSEU224 (Liquidez detectada)
src.infrastructure.providers.mercado_data_provider | DEBUG | RTD: preco_ativo CXSE3=22.22 forçado com sucesso
src.infrastructure.providers.mercado_data_provider | DEBUG | RTD: Detalhes completos registrados para TAEE11|TAEEU378W2 (Liquidez detectada)
src.infrastructure.providers.mercado_data_provider | DEBUG | RTD: preco_ativo TAEE11=41.16 forçado com sucesso
src.infrastructure.providers.mercado_data_provider | DEBUG | RTD: Detalhes completos registrados para ENEV3|ENEVU225 (Liquidez detectada)
src.infrastructure.providers.mercado_data_provider | DEBUG | RTD: preco_ativo ENEV3=25.41 forçado com sucesso
src.infrastructure.providers.mercado_data_provider | DEBUG | RTD: Detalhes completos registrados para CYRE3|CYRET218 (Liquidez detectada)
src.infrastructure.providers.mercado_data_provider | DEBUG | RTD: preco_ativo CYRE3=21.00 forçado com sucesso
src.infrastructure.providers.mercado_data_provider | DEBUG | RTD: Detalhes completos registrados para ITUB4|ITUBU327 (Liquidez detectada)
src.infrastructure.providers.mercado_data_provider | DEBUG | RTD: preco_ativo ITUB4=42.39 forçado com sucesso
src.infrastructure.providers.mercado_data_provider | DEBUG | RTD: Detalhes completos registrados para BPAC11|BPACU491 (Liquidez detectada)
src.infrastructure.providers.mercado_data_provider | DEBUG | RTD: preco_ativo BPAC11=55.56 forçado com sucesso
src.infrastructure.providers.mercado_data_provider | DEBUG | RTD: Detalhes completos registrados para PETR4|PETRU356 (Liquidez detectada)
src.infrastructure.providers.mercado_data_provider | DEBUG | RTD: preco_ativo PETR4=41.55 forçado com sucesso
src.infrastructure.providers.mercado_data_provider | DEBUG | RTD: Detalhes completos registrados para VBBR3|VBBRU377 (Liquidez detectada)
src.infrastructure.providers.mercado_data_provider | DEBUG | RTD: preco_ativo VBBR3=33.64 forçado com sucesso
src.infrastructure.providers.mercado_data_provider | DEBUG | RTD: Detalhes completos registrados para ENEV3|ENEVT187 (Liquidez detectada)
src.infrastructure.providers.mercado_data_provider | DEBUG | RTD: preco_ativo ENEV3=25.41 forçado com sucesso
src.infrastructure.providers.mercado_data_provider | DEBUG | RTD: Detalhes completos registrados para GGBR4|GGBRU167 (Liquidez detectada)
src.infrastructure.providers.mercado_data_provider | DEBUG | RTD: preco_ativo GGBR4=23.61 forçado com sucesso
src.infrastructure.providers.mercado_data_provider | DEBUG | RTD: Detalhes completos registrados para VIVA3|VIVAT200 (Liquidez detectada)
src.infrastructure.providers.mercado_data_provider | DEBUG | RTD: preco_ativo VIVA3=21.38 forçado com sucesso
src.infrastructure.providers.mercado_data_provider | DEBUG | RTD: Detalhes completos registrados para HAPV3|HAPVT365 (Liquidez detectada)
src.infrastructure.providers.mercado_data_provider | DEBUG | RTD: preco_ativo HAPV3=11.19 forçado com sucesso
src.infrastructure.providers.mercado_data_provider | DEBUG | RTD: Detalhes completos registrados para EGIE3|EGIEU312 (Liquidez detectada)
src.infrastructure.providers.mercado_data_provider | DEBUG | RTD: preco_ativo EGIE3=30.17 forçado com sucesso
src.infrastructure.providers.mercado_data_provider | DEBUG | RTD: Detalhes completos registrados para CPFE3|CPFET399 (Liquidez detectada)
src.infrastructure.providers.mercado_data_provider | DEBUG | RTD: preco_ativo CPFE3=46.39 forçado com sucesso
src.infrastructure.providers.mercado_data_provider | DEBUG | RTD: Detalhes completos registrados para TOTS3|TOTSU212 (Liquidez detectada)
src.infrastructure.providers.mercado_data_provider | DEBUG | RTD: preco_ativo TOTS3=28.35 forçado com sucesso
src.infrastructure.providers.mercado_data_provider | DEBUG | RTD: Detalhes completos registrados para GGBR4|GGBRT168 (Liquidez detectada)
src.infrastructure.providers.mercado_data_provider | DEBUG | RTD: preco_ativo GGBR4=23.61 forçado com sucesso
src.infrastructure.providers.mercado_data_provider | DEBUG | RTD: Detalhes completos registrados para GGBR4|GGBRS211W5 (Liquidez detectada)
src.infrastructure.providers.mercado_data_provider | DEBUG | RTD: preco_ativo GGBR4=23.61 forçado com sucesso
src.infrastructure.providers.mercado_data_provider | DEBUG | RTD: Detalhes completos registrados para POMO4|POMOT80 (Liquidez detectada)
src.infrastructure.providers.mercado_data_provider | DEBUG | RTD: preco_ativo POMO4=5.10 forçado com sucesso
src.infrastructure.providers.mercado_data_provider | DEBUG | RTD: Detalhes completos registrados para EQTL3|EQTLT347W1 (Liquidez detectada)
src.infrastructure.providers.mercado_data_provider | DEBUG | RTD: preco_ativo EQTL3=38.59 forçado com sucesso
src.infrastructure.providers.mercado_data_provider | DEBUG | RTD: Detalhes completos registrados para USIM5|USIMT784W1 (Liquidez detectada)
src.infrastructure.providers.mercado_data_provider | DEBUG | RTD: preco_ativo USIM5=8.38 forçado com sucesso
src.infrastructure.providers.mercado_data_provider | DEBUG | RTD: Detalhes completos registrados para BBSE3|BBSET389 (Liquidez detectada)
src.infrastructure.providers.mercado_data_provider | DEBUG | RTD: preco_ativo BBSE3=41.15 forçado com sucesso
src.infrastructure.providers.mercado_data_provider | DEBUG | RTD: Detalhes completos registrados para HYPE3|HYPEU200 (Liquidez detectada)
src.infrastructure.providers.mercado_data_provider | DEBUG | RTD: preco_ativo HYPE3=20.11 forçado com sucesso
src.infrastructure.providers.mercado_data_provider | DEBUG | RTD: Detalhes completos registrados para CSMG3|CSMGT673 (Liquidez detectada)
src.infrastructure.providers.mercado_data_provider | DEBUG | RTD: preco_ativo CSMG3=63.21 forçado com sucesso
src.infrastructure.providers.mercado_data_provider | DEBUG | RTD: Detalhes completos registrados para HAPV3|HAPVU820 (Liquidez detectada)
src.infrastructure.providers.mercado_data_provider | DEBUG | RTD: preco_ativo HAPV3=11.19 forçado com sucesso
src.infrastructure.providers.mercado_data_provider | DEBUG | RTD: Detalhes completos registrados para MRVE3|MRVEU380 (Liquidez detectada)
src.infrastructure.providers.mercado_data_provider | DEBUG | RTD: preco_ativo MRVE3=4.53 forçado com sucesso
src.infrastructure.providers.mercado_data_provider | DEBUG | RTD: Detalhes completos registrados para MOVI3|MOVIU803 (Liquidez detectada)
src.infrastructure.providers.mercado_data_provider | DEBUG | RTD: preco_ativo MOVI3=8.12 forçado com sucesso
src.infrastructure.providers.mercado_data_provider | DEBUG | RTD: Detalhes completos registrados para BRKM5|BRKMT510 (Liquidez detectada)
src.infrastructure.providers.mercado_data_provider | DEBUG | RTD: preco_ativo BRKM5=5.84 forçado com sucesso
src.infrastructure.providers.mercado_data_provider | DEBUG | RTD: Detalhes completos registrados para ITUB4|ITUBV422 (Liquidez detectada)
src.infrastructure.providers.mercado_data_provider | DEBUG | RTD: preco_ativo ITUB4=42.39 forçado com sucesso
src.infrastructure.providers.mercado_data_provider | DEBUG | RTD: Detalhes completos registrados para AXIA3|AXIAT2 (Liquidez detectada)
src.infrastructure.providers.mercado_data_provider | DEBUG | RTD: preco_ativo AXIA3=50.19 forçado com sucesso
src.infrastructure.providers.mercado_data_provider | DEBUG | RTD: Detalhes completos registrados para BMGB4|BMGBT501 (Liquidez detectada)
src.infrastructure.providers.mercado_data_provider | DEBUG | RTD: preco_ativo BMGB4=5.21 forçado com sucesso
src.infrastructure.providers.mercado_data_provider | DEBUG | RTD: Detalhes completos registrados para AURE3|AURET914 (Liquidez detectada)
src.infrastructure.providers.mercado_data_provider | DEBUG | RTD: preco_ativo AURE3=11.27 forçado com sucesso
src.infrastructure.providers.mercado_data_provider | DEBUG | RTD: Detalhes completos registrados para TEND3|TENDT262 (Liquidez detectada)
src.infrastructure.providers.mercado_data_provider | DEBUG | RTD: preco_ativo TEND3=29.69 forçado com sucesso
src.infrastructure.providers.mercado_data_provider | DEBUG | RTD: Detalhes completos registrados para VBBR3|VBBRT28 (Liquidez detectada)
src.infrastructure.providers.mercado_data_provider | DEBUG | RTD: preco_ativo VBBR3=33.64 forçado com sucesso
src.infrastructure.providers.mercado_data_provider | DEBUG | RTD: Detalhes completos registrados para EMBJ3|EMBJS653W5 (Liquidez detectada)
src.infrastructure.providers.mercado_data_provider | DEBUG | RTD: preco_ativo EMBJ3=83.29 forçado com sucesso
src.infrastructure.providers.mercado_data_provider | DEBUG | RTD: Detalhes completos registrados para BPAC11|BPACS511W5 (Liquidez detectada)
src.infrastructure.providers.mercado_data_provider | DEBUG | RTD: preco_ativo BPAC11=55.56 forçado com sucesso
src.infrastructure.providers.mercado_data_provider | DEBUG | RTD: Detalhes completos registrados para ITSA4|ITSAU108 (Liquidez detectada)
src.infrastructure.providers.mercado_data_provider | DEBUG | RTD: preco_ativo ITSA4=13.58 forçado com sucesso
src.infrastructure.providers.mercado_data_provider | DEBUG | RTD: Detalhes completos registrados para COGN3|COGNT203 (Liquidez detectada)
src.infrastructure.providers.mercado_data_provider | DEBUG | RTD: preco_ativo COGN3=2.15 forçado com sucesso
src.infrastructure.providers.mercado_data_provider | DEBUG | RTD: Detalhes completos registrados para ITUB4|ITUBT387W1 (Liquidez detectada)
src.infrastructure.providers.mercado_data_provider | DEBUG | RTD: preco_ativo ITUB4=42.39 forçado com sucesso
src.infrastructure.providers.mercado_data_provider | DEBUG | RTD: Detalhes completos registrados para CSMG3|CSMGU643 (Liquidez detectada)
src.infrastructure.providers.mercado_data_provider | DEBUG | RTD: preco_ativo CSMG3=63.21 forçado com sucesso
src.infrastructure.providers.mercado_data_provider | DEBUG | RTD: Detalhes completos registrados para SUZB3|SUZBT483 (Liquidez detectada)
src.infrastructure.providers.mercado_data_provider | DEBUG | RTD: preco_ativo SUZB3=41.47 forçado com sucesso
src.infrastructure.providers.mercado_data_provider | DEBUG | RTD: Detalhes completos registrados para ITUB4|ITUBT39 (Liquidez detectada)
src.infrastructure.providers.mercado_data_provider | DEBUG | RTD: preco_ativo ITUB4=42.39 forçado com sucesso
src.infrastructure.providers.mercado_data_provider | DEBUG | RTD: Detalhes completos registrados para WEGE3|WEGET380 (Liquidez detectada)
src.infrastructure.providers.mercado_data_provider | DEBUG | RTD: preco_ativo WEGE3=42.62 forçado com sucesso
src.infrastructure.providers.mercado_data_provider | DEBUG | RTD: Detalhes completos registrados para ANIM3|ANIMU217 (Liquidez detectada)
src.infrastructure.providers.mercado_data_provider | DEBUG | RTD: preco_ativo ANIM3=2.13 forçado com sucesso
src.infrastructure.providers.mercado_data_provider | DEBUG | RTD: Detalhes completos registrados para BBDC3|BBDCV5 (Liquidez detectada)
src.infrastructure.providers.mercado_data_provider | DEBUG | RTD: preco_ativo BBDC3=16.10 forçado com sucesso
src.infrastructure.providers.mercado_data_provider | DEBUG | RTD: Detalhes completos registrados para PETR4|PETRT547 (Liquidez detectada)
src.infrastructure.providers.mercado_data_provider | DEBUG | RTD: preco_ativo PETR4=41.55 forçado com sucesso
src.infrastructure.providers.mercado_data_provider | DEBUG | RTD: Detalhes completos registrados para PETR3|PETRU337 (Liquidez detectada)
src.infrastructure.providers.mercado_data_provider | DEBUG | RTD: preco_ativo PETR3=46.71 forçado com sucesso
src.infrastructure.providers.mercado_data_provider | DEBUG | RTD: Detalhes completos registrados para LREN3|LRENM172 (Liquidez detectada)
src.infrastructure.providers.mercado_data_provider | DEBUG | RTD: preco_ativo LREN3=13.20 forçado com sucesso
src.infrastructure.providers.mercado_data_provider | DEBUG | RTD: Detalhes completos registrados para IRBR3|IRBRU443 (Liquidez detectada)
src.infrastructure.providers.mercado_data_provider | DEBUG | RTD: preco_ativo IRBR3=55.53 forçado com sucesso
src.infrastructure.providers.mercado_data_provider | DEBUG | RTD: Detalhes completos registrados para SUZB3|SUZBU423 (Liquidez detectada)
src.infrastructure.providers.mercado_data_provider | DEBUG | RTD: preco_ativo SUZB3=41.47 forçado com sucesso
src.infrastructure.providers.mercado_data_provider | DEBUG | RTD: Detalhes completos registrados para CMIG4|CMIGT108W2 (Liquidez detectada)
src.infrastructure.providers.mercado_data_provider | DEBUG | RTD: preco_ativo CMIG4=11.03 forçado com sucesso
src.infrastructure.providers.mercado_data_provider | DEBUG | RTD: Detalhes completos registrados para VIVA3|VIVAU176 (Liquidez detectada)
src.infrastructure.providers.mercado_data_provider | DEBUG | RTD: preco_ativo VIVA3=21.38 forçado com sucesso
src.infrastructure.providers.mercado_data_provider | DEBUG | RTD: Detalhes completos registrados para MOTV3|MOTVU159 (Liquidez detectada)
src.infrastructure.providers.mercado_data_provider | DEBUG | RTD: preco_ativo MOTV3=14.32 forçado com sucesso
src.infrastructure.providers.mercado_data_provider | DEBUG | RTD: Detalhes completos registrados para CPFE3|CPFET464 (Liquidez detectada)
src.infrastructure.providers.mercado_data_provider | DEBUG | RTD: preco_ativo CPFE3=46.39 forçado com sucesso
src.infrastructure.providers.mercado_data_provider | DEBUG | RTD: Detalhes completos registrados para USIM5|USIMS884W5 (Liquidez detectada)
src.infrastructure.providers.mercado_data_provider | DEBUG | RTD: preco_ativo USIM5=8.38 forçado com sucesso
src.infrastructure.providers.mercado_data_provider | DEBUG | RTD: Detalhes completos registrados para MRVE3|MRVEU510 (Liquidez detectada)
src.infrastructure.providers.mercado_data_provider | DEBUG | RTD: preco_ativo MRVE3=4.53 forçado com sucesso
src.infrastructure.providers.mercado_data_provider | DEBUG | RTD: Detalhes completos registrados para YDUQ3|YDUQT846 (Liquidez detectada)
src.infrastructure.providers.mercado_data_provider | DEBUG | RTD: preco_ativo YDUQ3=7.91 forçado com sucesso
src.infrastructure.providers.mercado_data_provider | DEBUG | RTD: Detalhes completos registrados para JHSF3|JHSFU758 (Liquidez detectada)
src.infrastructure.providers.mercado_data_provider | DEBUG | RTD: preco_ativo JHSF3=10.95 forçado com sucesso
src.infrastructure.providers.mercado_data_provider | DEBUG | RTD: Detalhes completos registrados para SAPR11|SAPRU331 (Liquidez detectada)
src.infrastructure.providers.mercado_data_provider | DEBUG | RTD: preco_ativo SAPR11=36.30 forçado com sucesso
src.infrastructure.providers.mercado_data_provider | DEBUG | RTD: Detalhes completos registrados para SMAL11|SMALS138W5 (Liquidez detectada)
src.infrastructure.providers.mercado_data_provider | DEBUG | RTD: preco_ativo SMAL11=105.56 forçado com sucesso
src.infrastructure.providers.mercado_data_provider | DEBUG | RTD: Detalhes completos registrados para TIMS3|TIMSU168 (Liquidez detectada)
src.infrastructure.providers.mercado_data_provider | DEBUG | RTD: preco_ativo TIMS3=22.42 forçado com sucesso
src.infrastructure.providers.mercado_data_provider | DEBUG | RTD: Detalhes completos registrados para IRBR3|IRBRT461 (Liquidez detectada)
src.infrastructure.providers.mercado_data_provider | DEBUG | RTD: preco_ativo IRBR3=55.53 forçado com sucesso
src.infrastructure.providers.mercado_data_provider | DEBUG | RTD: Detalhes completos registrados para CXSE3|CXSET19 (Liquidez detectada)
src.infrastructure.providers.mercado_data_provider | DEBUG | RTD: preco_ativo CXSE3=22.22 forçado com sucesso
src.infrastructure.providers.mercado_data_provider | DEBUG | RTD: Detalhes completos registrados para CVCB3|CVCBU110 (Liquidez detectada)
src.infrastructure.providers.mercado_data_provider | DEBUG | RTD: preco_ativo CVCB3=1.14 forçado com sucesso
src.infrastructure.providers.mercado_data_provider | DEBUG | RTD: Detalhes completos registrados para TEND3|TENDU352 (Liquidez detectada)
src.infrastructure.providers.mercado_data_provider | DEBUG | RTD: preco_ativo TEND3=29.69 forçado com sucesso
src.infrastructure.providers.mercado_data_provider | DEBUG | RTD: Detalhes completos registrados para TOTS3|TOTST284 (Liquidez detectada)
src.infrastructure.providers.mercado_data_provider | DEBUG | RTD: preco_ativo TOTS3=28.35 forçado com sucesso
src.infrastructure.providers.mercado_data_provider | DEBUG | RTD: Detalhes completos registrados para CMIG4|CMIGT107 (Liquidez detectada)
src.infrastructure.providers.mercado_data_provider | DEBUG | RTD: preco_ativo CMIG4=11.03 forçado com sucesso
src.infrastructure.providers.mercado_data_provider | DEBUG | RTD: Detalhes completos registrados para PRIO3|PRIOU395 (Liquidez detectada)
src.infrastructure.providers.mercado_data_provider | DEBUG | RTD: preco_ativo PRIO3=58.56 forçado com sucesso
src.infrastructure.providers.mercado_data_provider | DEBUG | RTD: Detalhes completos registrados para EZTC3|EZTCT813 (Liquidez detectada)
src.infrastructure.providers.mercado_data_provider | DEBUG | RTD: preco_ativo EZTC3=11.63 forçado com sucesso
src.infrastructure.providers.mercado_data_provider | DEBUG | RTD: Detalhes completos registrados para SLCE3|SLCET139 (Liquidez detectada)
src.infrastructure.providers.mercado_data_provider | DEBUG | RTD: preco_ativo SLCE3=13.63 forçado com sucesso
src.infrastructure.providers.mercado_data_provider | DEBUG | RTD: Detalhes completos registrados para HYPE3|HYPEU243 (Liquidez detectada)
src.infrastructure.providers.mercado_data_provider | DEBUG | RTD: preco_ativo HYPE3=20.11 forçado com sucesso
src.infrastructure.providers.mercado_data_provider | DEBUG | RTD: Detalhes completos registrados para KLBN11|KLBNT136 (Liquidez detectada)
src.infrastructure.providers.mercado_data_provider | DEBUG | RTD: preco_ativo KLBN11=17.43 forçado com sucesso
src.infrastructure.providers.mercado_data_provider | DEBUG | RTD: Detalhes completos registrados para AXIA3|AXIAS440W5 (Liquidez detectada)
src.infrastructure.providers.mercado_data_provider | DEBUG | RTD: preco_ativo AXIA3=50.19 forçado com sucesso
src.infrastructure.providers.mercado_data_provider | DEBUG | RTD: Detalhes completos registrados para ITSA4|ITSAT121 (Liquidez detectada)
src.infrastructure.providers.mercado_data_provider | DEBUG | RTD: preco_ativo ITSA4=13.58 forçado com sucesso
src.infrastructure.providers.mercado_data_provider | DEBUG | RTD: Detalhes completos registrados para VIVA3|VIVAU181 (Liquidez detectada)
src.infrastructure.providers.mercado_data_provider | DEBUG | RTD: preco_ativo VIVA3=21.38 forçado com sucesso
src.infrastructure.providers.mercado_data_provider | DEBUG | RTD: Detalhes completos registrados para LEVE3|LEVET288 (Liquidez detectada)
src.infrastructure.providers.mercado_data_provider | DEBUG | RTD: preco_ativo LEVE3=31.36 forçado com sucesso
src.infrastructure.providers.mercado_data_provider | DEBUG | RTD: Detalhes completos registrados para UNIP6|UNIPT48 (Liquidez detectada)
src.infrastructure.providers.mercado_data_provider | DEBUG | RTD: preco_ativo UNIP6=60.97 forçado com sucesso
src.infrastructure.providers.mercado_data_provider | DEBUG | RTD: Detalhes completos registrados para BRAV3|BRAVU150 (Liquidez detectada)
src.infrastructure.providers.mercado_data_provider | DEBUG | RTD: preco_ativo BRAV3=20.14 forçado com sucesso
src.infrastructure.providers.mercado_data_provider | DEBUG | RTD: Detalhes completos registrados para XPBR31|XPBRT895 (Liquidez detectada)
src.infrastructure.providers.mercado_data_provider | DEBUG | RTD: preco_ativo XPBR31=84.85 forçado com sucesso
src.infrastructure.providers.mercado_data_provider | DEBUG | RTD: Detalhes completos registrados para ANIM3|ANIMT177 (Liquidez detectada)
src.infrastructure.providers.mercado_data_provider | DEBUG | RTD: preco_ativo ANIM3=2.13 forçado com sucesso
src.infrastructure.providers.mercado_data_provider | DEBUG | RTD: Detalhes completos registrados para VIVT3|VIVTU302 (Liquidez detectada)
src.infrastructure.providers.mercado_data_provider | DEBUG | RTD: preco_ativo VIVT3=35.52 forçado com sucesso
src.infrastructure.providers.mercado_data_provider | DEBUG | RTD: Detalhes completos registrados para BPAC11|BPACT571W1 (Liquidez detectada)
src.infrastructure.providers.mercado_data_provider | DEBUG | RTD: preco_ativo BPAC11=55.56 forçado com sucesso
src.infrastructure.providers.mercado_data_provider | DEBUG | RTD: Detalhes completos registrados para CPFE3|CPFET437 (Liquidez detectada)
src.infrastructure.providers.mercado_data_provider | DEBUG | RTD: preco_ativo CPFE3=46.39 forçado com sucesso
src.infrastructure.providers.mercado_data_provider | DEBUG | RTD: Detalhes completos registrados para TOTS3|TOTSU267 (Liquidez detectada)
src.infrastructure.providers.mercado_data_provider | DEBUG | RTD: preco_ativo TOTS3=28.35 forçado com sucesso
src.infrastructure.providers.mercado_data_provider | DEBUG | RTD: Detalhes completos registrados para VIVT3|VIVTT338 (Liquidez detectada)
src.infrastructure.providers.mercado_data_provider | DEBUG | RTD: preco_ativo VIVT3=35.52 forçado com sucesso
src.infrastructure.providers.mercado_data_provider | DEBUG | RTD: Detalhes completos registrados para RDOR3|RDORU388 (Liquidez detectada)
src.infrastructure.providers.mercado_data_provider | DEBUG | RTD: preco_ativo RDOR3=33.34 forçado com sucesso
src.infrastructure.providers.mercado_data_provider | DEBUG | RTD: Detalhes completos registrados para BEEF3|BEEFT367 (Liquidez detectada)
src.infrastructure.providers.mercado_data_provider | DEBUG | RTD: preco_ativo BEEF3=3.56 forçado com sucesso
src.infrastructure.providers.mercado_data_provider | DEBUG | RTD: Detalhes completos registrados para PETR4|PETRV338W2 (Liquidez detectada)
src.infrastructure.providers.mercado_data_provider | DEBUG | RTD: preco_ativo PETR4=41.55 forçado com sucesso
src.infrastructure.providers.mercado_data_provider | DEBUG | RTD: Detalhes completos registrados para BPAC11|BPACU456 (Liquidez detectada)
src.infrastructure.providers.mercado_data_provider | DEBUG | RTD: preco_ativo BPAC11=55.56 forçado com sucesso
src.infrastructure.providers.mercado_data_provider | DEBUG | RTD: Detalhes completos registrados para UGPA3|UGPAT247 (Liquidez detectada)
src.infrastructure.providers.mercado_data_provider | DEBUG | RTD: preco_ativo UGPA3=31.63 forçado com sucesso
src.infrastructure.providers.mercado_data_provider | DEBUG | RTD: Detalhes completos registrados para CYRE3|CYRET153 (Liquidez detectada)
src.infrastructure.providers.mercado_data_provider | DEBUG | RTD: preco_ativo CYRE3=21.00 forçado com sucesso
src.infrastructure.providers.mercado_data_provider | DEBUG | RTD: Detalhes completos registrados para TOTS3|TOTSU317 (Liquidez detectada)
src.infrastructure.providers.mercado_data_provider | DEBUG | RTD: preco_ativo TOTS3=28.35 forçado com sucesso
src.infrastructure.providers.mercado_data_provider | DEBUG | RTD: Detalhes completos registrados para SMAL11|SMALS114W5 (Liquidez detectada)
src.infrastructure.providers.mercado_data_provider | DEBUG | RTD: preco_ativo SMAL11=105.56 forçado com sucesso
src.infrastructure.providers.mercado_data_provider | DEBUG | RTD: Detalhes completos registrados para EMBJ3|EMBJU833 (Liquidez detectada)
src.infrastructure.providers.mercado_data_provider | DEBUG | RTD: preco_ativo EMBJ3=83.29 forçado com sucesso
src.infrastructure.providers.mercado_data_provider | DEBUG | RTD: Detalhes completos registrados para BBAS3|BBASU254 (Liquidez detectada)
src.infrastructure.providers.mercado_data_provider | DEBUG | RTD: preco_ativo BBAS3=20.66 forçado com sucesso
src.infrastructure.providers.mercado_data_provider | DEBUG | RTD: Detalhes completos registrados para EMBJ3|EMBJT870W1 (Liquidez detectada)
src.infrastructure.providers.mercado_data_provider | DEBUG | RTD: preco_ativo EMBJ3=83.29 forçado com sucesso
src.infrastructure.providers.mercado_data_provider | DEBUG | RTD: Detalhes completos registrados para JHSF3|JHSFU114 (Liquidez detectada)
src.infrastructure.providers.mercado_data_provider | DEBUG | RTD: preco_ativo JHSF3=10.95 forçado com sucesso
src.infrastructure.providers.mercado_data_provider | DEBUG | RTD: Detalhes completos registrados para TEND3|TENDT300 (Liquidez detectada)
src.infrastructure.providers.mercado_data_provider | DEBUG | RTD: preco_ativo TEND3=29.69 forçado com sucesso
src.infrastructure.providers.mercado_data_provider | DEBUG | RTD: Detalhes completos registrados para EMBJ3|EMBJU693 (Liquidez detectada)
src.infrastructure.providers.mercado_data_provider | DEBUG | RTD: preco_ativo EMBJ3=83.29 forçado com sucesso
src.infrastructure.providers.mercado_data_provider | DEBUG | RTD: Detalhes completos registrados para GGBR4|GGBRT231W1 (Liquidez detectada)
src.infrastructure.providers.mercado_data_provider | DEBUG | RTD: preco_ativo GGBR4=23.61 forçado com sucesso
src.infrastructure.providers.mercado_data_provider | DEBUG | RTD: Detalhes completos registrados para ITUB4|ITUBS407W5 (Liquidez detectada)
src.infrastructure.providers.mercado_data_provider | DEBUG | RTD: preco_ativo ITUB4=42.39 forçado com sucesso
src.infrastructure.providers.mercado_data_provider | DEBUG | RTD: Detalhes completos registrados para MRVE3|MRVEU440 (Liquidez detectada)
src.infrastructure.providers.mercado_data_provider | DEBUG | RTD: preco_ativo MRVE3=4.53 forçado com sucesso
src.infrastructure.providers.mercado_data_provider | DEBUG | RTD: Detalhes completos registrados para BBSE3|BBSET341 (Liquidez detectada)
src.infrastructure.providers.mercado_data_provider | DEBUG | RTD: preco_ativo BBSE3=41.15 forçado com sucesso
src.infrastructure.providers.mercado_data_provider | DEBUG | RTD: Detalhes completos registrados para MGLU3|MGLUU780 (Liquidez detectada)
src.infrastructure.providers.mercado_data_provider | DEBUG | RTD: preco_ativo MGLU3=4.85 forçado com sucesso
src.infrastructure.providers.mercado_data_provider | DEBUG | RTD: Detalhes completos registrados para USIM5|USIMU740 (Liquidez detectada)
src.infrastructure.providers.mercado_data_provider | DEBUG | RTD: preco_ativo USIM5=8.38 forçado com sucesso
src.infrastructure.providers.mercado_data_provider | DEBUG | RTD: Detalhes completos registrados para BBAS3|BBAST156W1 (Liquidez detectada)
src.infrastructure.providers.mercado_data_provider | DEBUG | RTD: preco_ativo BBAS3=20.66 forçado com sucesso
src.infrastructure.providers.mercado_data_provider | DEBUG | RTD: Detalhes completos registrados para ECOR3|ECORT644 (Liquidez detectada)
src.infrastructure.providers.mercado_data_provider | DEBUG | RTD: preco_ativo ECOR3=6.74 forçado com sucesso
src.infrastructure.providers.mercado_data_provider | DEBUG | RTD: Detalhes completos registrados para YDUQ3|YDUQU606 (Liquidez detectada)
src.infrastructure.providers.mercado_data_provider | DEBUG | RTD: preco_ativo YDUQ3=7.91 forçado com sucesso
src.infrastructure.providers.mercado_data_provider | DEBUG | RTD: Detalhes completos registrados para CSAN3|CSANT335 (Liquidez detectada)
src.infrastructure.providers.mercado_data_provider | DEBUG | RTD: preco_ativo CSAN3=3.77 forçado com sucesso
src.infrastructure.providers.mercado_data_provider | DEBUG | RTD: Detalhes completos registrados para HAPV3|HAPVT117W2 (Liquidez detectada)
src.infrastructure.providers.mercado_data_provider | DEBUG | RTD: preco_ativo HAPV3=11.19 forçado com sucesso
src.infrastructure.providers.mercado_data_provider | DEBUG | RTD: Detalhes completos registrados para VIVA3|VIVAT190 (Liquidez detectada)
src.infrastructure.providers.mercado_data_provider | DEBUG | RTD: preco_ativo VIVA3=21.38 forçado com sucesso
src.infrastructure.providers.mercado_data_provider | DEBUG | RTD: Detalhes completos registrados para BBAS3|BBAST967 (Liquidez detectada)
src.infrastructure.providers.mercado_data_provider | DEBUG | RTD: preco_ativo BBAS3=20.66 forçado com sucesso
src.infrastructure.providers.mercado_data_provider | DEBUG | RTD: Detalhes completos registrados para ENEV3|ENEVT220 (Liquidez detectada)
src.infrastructure.providers.mercado_data_provider | DEBUG | RTD: preco_ativo ENEV3=25.41 forçado com sucesso
src.infrastructure.providers.mercado_data_provider | DEBUG | RTD: Detalhes completos registrados para XPBR31|XPBRT810 (Liquidez detectada)
src.infrastructure.providers.mercado_data_provider | DEBUG | RTD: preco_ativo XPBR31=84.85 forçado com sucesso
src.infrastructure.providers.mercado_data_provider | DEBUG | RTD: Detalhes completos registrados para EQTL3|EQTLT377W1 (Liquidez detectada)
src.infrastructure.providers.mercado_data_provider | DEBUG | RTD: preco_ativo EQTL3=38.59 forçado com sucesso
src.infrastructure.providers.mercado_data_provider | DEBUG | RTD: Detalhes completos registrados para ITUB4|ITUBU399 (Liquidez detectada)
src.infrastructure.providers.mercado_data_provider | DEBUG | RTD: preco_ativo ITUB4=42.39 forçado com sucesso
src.infrastructure.providers.mercado_data_provider | DEBUG | RTD: Detalhes completos registrados para YDUQ3|YDUQU836 (Liquidez detectada)
src.infrastructure.providers.mercado_data_provider | DEBUG | RTD: preco_ativo YDUQ3=7.91 forçado com sucesso
src.infrastructure.providers.mercado_data_provider | DEBUG | RTD: Detalhes completos registrados para CSAN3|CSANU420 (Liquidez detectada)
src.infrastructure.providers.mercado_data_provider | DEBUG | RTD: preco_ativo CSAN3=3.77 forçado com sucesso
src.infrastructure.providers.mercado_data_provider | DEBUG | RTD: Detalhes completos registrados para TEND3|TENDT227 (Liquidez detectada)
src.infrastructure.providers.mercado_data_provider | DEBUG | RTD: preco_ativo TEND3=29.69 forçado com sucesso
src.infrastructure.providers.mercado_data_provider | DEBUG | RTD: Detalhes completos registrados para SUZB3|SUZBV416 (Liquidez detectada)
src.infrastructure.providers.mercado_data_provider | DEBUG | RTD: preco_ativo SUZB3=41.47 forçado com sucesso
src.infrastructure.providers.mercado_data_provider | DEBUG | RTD: Detalhes completos registrados para SUZB3|SUZBU471 (Liquidez detectada)
src.infrastructure.providers.mercado_data_provider | DEBUG | RTD: preco_ativo SUZB3=41.47 forçado com sucesso
src.infrastructure.providers.mercado_data_provider | DEBUG | RTD: Detalhes completos registrados para ITSA4|ITSAV145 (Liquidez detectada)
src.infrastructure.providers.mercado_data_provider | DEBUG | RTD: preco_ativo ITSA4=13.58 forçado com sucesso
src.infrastructure.providers.mercado_data_provider | DEBUG | RTD: Detalhes completos registrados para SBSP3|SBSPU277 (Liquidez detectada)
src.infrastructure.providers.mercado_data_provider | DEBUG | RTD: preco_ativo SBSP3=28.60 forçado com sucesso
src.infrastructure.providers.mercado_data_provider | DEBUG | RTD: Detalhes completos registrados para WEGE3|WEGES372W5 (Liquidez detectada)
src.infrastructure.providers.mercado_data_provider | DEBUG | RTD: preco_ativo WEGE3=42.62 forçado com sucesso
src.infrastructure.providers.mercado_data_provider | DEBUG | RTD: Detalhes completos registrados para VALE3|VALET279 (Liquidez detectada)
src.infrastructure.providers.mercado_data_provider | DEBUG | RTD: preco_ativo VALE3=72.21 forçado com sucesso
src.infrastructure.providers.mercado_data_provider | DEBUG | RTD: Detalhes completos registrados para CMIG4|CMIGT110W1 (Liquidez detectada)
src.infrastructure.providers.mercado_data_provider | DEBUG | RTD: preco_ativo CMIG4=11.03 forçado com sucesso
src.infrastructure.providers.mercado_data_provider | DEBUG | RTD: Detalhes completos registrados para CPLE3|CPLET125 (Liquidez detectada)
src.infrastructure.providers.mercado_data_provider | DEBUG | RTD: preco_ativo CPLE3=14.63 forçado com sucesso
src.infrastructure.providers.mercado_data_provider | DEBUG | RTD: Detalhes completos registrados para BBAS3|BBAST205 (Liquidez detectada)
src.infrastructure.providers.mercado_data_provider | DEBUG | RTD: preco_ativo BBAS3=20.66 forçado com sucesso
src.infrastructure.providers.mercado_data_provider | DEBUG | RTD: Detalhes completos registrados para GMAT3|GMATT329 (Liquidez detectada)
src.infrastructure.providers.mercado_data_provider | DEBUG | RTD: preco_ativo GMAT3=3.82 forçado com sucesso
src.infrastructure.providers.mercado_data_provider | DEBUG | RTD: Detalhes completos registrados para GGBR4|GGBRT256 (Liquidez detectada)
src.infrastructure.providers.mercado_data_provider | DEBUG | RTD: preco_ativo GGBR4=23.61 forçado com sucesso
src.infrastructure.providers.mercado_data_provider | DEBUG | RTD: Detalhes completos registrados para TUPY3|TUPYU170 (Liquidez detectada)
src.infrastructure.providers.mercado_data_provider | DEBUG | RTD: preco_ativo TUPY3=15.33 forçado com sucesso
src.infrastructure.providers.mercado_data_provider | DEBUG | RTD: Detalhes completos registrados para AUAU3|AUAUT307 (Liquidez detectada)
src.infrastructure.providers.mercado_data_provider | DEBUG | RTD: preco_ativo AUAU3=3.10 forçado com sucesso
src.infrastructure.providers.mercado_data_provider | DEBUG | RTD: Detalhes completos registrados para PETR4|PETRT416W4 (Liquidez detectada)
src.infrastructure.providers.mercado_data_provider | DEBUG | RTD: preco_ativo PETR4=41.55 forçado com sucesso
src.infrastructure.providers.mercado_data_provider | DEBUG | RTD: Detalhes completos registrados para AXIA3|AXIAT14 (Liquidez detectada)
src.infrastructure.providers.mercado_data_provider | DEBUG | RTD: preco_ativo AXIA3=50.19 forçado com sucesso
src.infrastructure.providers.mercado_data_provider | DEBUG | RTD: Detalhes completos registrados para PETR4|PETRM360 (Liquidez detectada)
src.infrastructure.providers.mercado_data_provider | DEBUG | RTD: preco_ativo PETR4=41.55 forçado com sucesso
src.infrastructure.providers.mercado_data_provider | DEBUG | RTD: Detalhes completos registrados para GGBR4|GGBRS226W5 (Liquidez detectada)
src.infrastructure.providers.mercado_data_provider | DEBUG | RTD: preco_ativo GGBR4=23.61 forçado com sucesso
src.infrastructure.providers.mercado_data_provider | DEBUG | RTD: Detalhes completos registrados para BPAC11|BPACU426 (Liquidez detectada)
src.infrastructure.providers.mercado_data_provider | DEBUG | RTD: preco_ativo BPAC11=55.56 forçado com sucesso
src.infrastructure.providers.mercado_data_provider | DEBUG | RTD: Detalhes completos registrados para ANIM3|ANIMT272 (Liquidez detectada)
src.infrastructure.providers.mercado_data_provider | DEBUG | RTD: preco_ativo ANIM3=2.13 forçado com sucesso
src.infrastructure.providers.mercado_data_provider | DEBUG | RTD: Detalhes completos registrados para AZZA3|AZZAT145 (Liquidez detectada)
src.infrastructure.providers.mercado_data_provider | DEBUG | RTD: preco_ativo AZZA3=17.82 forçado com sucesso
src.infrastructure.providers.mercado_data_provider | DEBUG | RTD: Detalhes completos registrados para ECOR3|ECORT624 (Liquidez detectada)
src.infrastructure.providers.mercado_data_provider | DEBUG | RTD: preco_ativo ECOR3=6.74 forçado com sucesso
src.infrastructure.providers.mercado_data_provider | DEBUG | RTD: Detalhes completos registrados para ITUB4|ITUBT422 (Liquidez detectada)
src.infrastructure.providers.mercado_data_provider | DEBUG | RTD: preco_ativo ITUB4=42.39 forçado com sucesso
src.infrastructure.providers.mercado_data_provider | DEBUG | RTD: Detalhes completos registrados para CPFE3|CPFEU384 (Liquidez detectada)
src.infrastructure.providers.mercado_data_provider | DEBUG | RTD: preco_ativo CPFE3=46.39 forçado com sucesso
src.infrastructure.providers.mercado_data_provider | DEBUG | RTD: Detalhes completos registrados para BRAP4|BRAPT224 (Liquidez detectada)
src.infrastructure.providers.mercado_data_provider | DEBUG | RTD: preco_ativo BRAP4=20.82 forçado com sucesso
src.infrastructure.providers.mercado_data_provider | DEBUG | RTD: Detalhes completos registrados para CSAN3|CSANU440 (Liquidez detectada)
src.infrastructure.providers.mercado_data_provider | DEBUG | RTD: preco_ativo CSAN3=3.77 forçado com sucesso
src.infrastructure.providers.mercado_data_provider | DEBUG | RTD: Detalhes completos registrados para PETR4|PETRW452 (Liquidez detectada)
src.infrastructure.providers.mercado_data_provider | DEBUG | RTD: preco_ativo PETR4=41.55 forçado com sucesso
src.infrastructure.providers.mercado_data_provider | DEBUG | RTD: Detalhes completos registrados para EMBJ3|EMBJX83 (Liquidez detectada)
src.infrastructure.providers.mercado_data_provider | DEBUG | RTD: preco_ativo EMBJ3=83.29 forçado com sucesso
src.infrastructure.providers.mercado_data_provider | DEBUG | RTD: Detalhes completos registrados para SMAL11|SMALT118 (Liquidez detectada)
src.infrastructure.providers.mercado_data_provider | DEBUG | RTD: preco_ativo SMAL11=105.56 forçado com sucesso
src.infrastructure.providers.mercado_data_provider | DEBUG | RTD: Detalhes completos registrados para SLCE3|SLCEU135 (Liquidez detectada)
src.infrastructure.providers.mercado_data_provider | DEBUG | RTD: preco_ativo SLCE3=13.63 forçado com sucesso
src.infrastructure.providers.mercado_data_provider | DEBUG | RTD: Detalhes completos registrados para VULC3|VULCU995 (Liquidez detectada)
src.infrastructure.providers.mercado_data_provider | DEBUG | RTD: preco_ativo VULC3=14.04 forçado com sucesso
src.infrastructure.providers.mercado_data_provider | DEBUG | RTD: Detalhes completos registrados para HAPV3|HAPVU910 (Liquidez detectada)
src.infrastructure.providers.mercado_data_provider | DEBUG | RTD: preco_ativo HAPV3=11.19 forçado com sucesso
src.infrastructure.providers.mercado_data_provider | DEBUG | RTD: Detalhes completos registrados para BPAC11|BPACU486 (Liquidez detectada)
src.infrastructure.providers.mercado_data_provider | DEBUG | RTD: preco_ativo BPAC11=55.56 forçado com sucesso
src.infrastructure.providers.mercado_data_provider | DEBUG | RTD: Detalhes completos registrados para CSMG3|CSMGT563 (Liquidez detectada)
src.infrastructure.providers.mercado_data_provider | DEBUG | RTD: preco_ativo CSMG3=63.21 forçado com sucesso
src.infrastructure.providers.mercado_data_provider | DEBUG | RTD: Detalhes completos registrados para ASAI3|ASAIU630 (Liquidez detectada)
src.infrastructure.providers.mercado_data_provider | DEBUG | RTD: preco_ativo ASAI3=8.17 forçado com sucesso
src.infrastructure.providers.mercado_data_provider | DEBUG | RTD: Detalhes completos registrados para ALUP11|ALUPU323 (Liquidez detectada)
src.infrastructure.providers.mercado_data_provider | DEBUG | RTD: preco_ativo ALUP11=33.07 forçado com sucesso
src.infrastructure.providers.mercado_data_provider | DEBUG | RTD: Detalhes completos registrados para RAPT4|RAPTU435 (Liquidez detectada)
src.infrastructure.providers.mercado_data_provider | DEBUG | RTD: preco_ativo RAPT4=4.63 forçado com sucesso
src.infrastructure.providers.mercado_data_provider | DEBUG | RTD: Detalhes completos registrados para VALE3|VALES760W5 (Liquidez detectada)
src.infrastructure.providers.mercado_data_provider | DEBUG | RTD: preco_ativo VALE3=72.21 forçado com sucesso
src.infrastructure.providers.mercado_data_provider | DEBUG | RTD: Detalhes completos registrados para BRSR6|BRSRT149 (Liquidez detectada)
src.infrastructure.providers.mercado_data_provider | DEBUG | RTD: preco_ativo BRSR6=14.16 forçado com sucesso
src.infrastructure.providers.mercado_data_provider | DEBUG | RTD: Detalhes completos registrados para PETR3|PETRU347 (Liquidez detectada)
src.infrastructure.providers.mercado_data_provider | DEBUG | RTD: preco_ativo PETR3=46.71 forçado com sucesso
src.infrastructure.providers.mercado_data_provider | DEBUG | RTD: Detalhes completos registrados para PETR4|PETRW412 (Liquidez detectada)
src.infrastructure.providers.mercado_data_provider | DEBUG | RTD: preco_ativo PETR4=41.55 forçado com sucesso
src.infrastructure.providers.mercado_data_provider | DEBUG | RTD: Detalhes completos registrados para EGIE3|EGIET312W1 (Liquidez detectada)
src.infrastructure.providers.mercado_data_provider | DEBUG | RTD: preco_ativo EGIE3=30.17 forçado com sucesso
src.infrastructure.providers.mercado_data_provider | DEBUG | RTD: Detalhes completos registrados para CMIG4|CMIGT924 (Liquidez detectada)
src.infrastructure.providers.mercado_data_provider | DEBUG | RTD: preco_ativo CMIG4=11.03 forçado com sucesso
src.infrastructure.providers.mercado_data_provider | DEBUG | RTD: Detalhes completos registrados para PETR4|PETRT227 (Liquidez detectada)
src.infrastructure.providers.mercado_data_provider | DEBUG | RTD: preco_ativo PETR4=41.55 forçado com sucesso
src.infrastructure.providers.mercado_data_provider | DEBUG | RTD: Detalhes completos registrados para BEEF3|BEEFS356W5 (Liquidez detectada)
src.infrastructure.providers.mercado_data_provider | DEBUG | RTD: preco_ativo BEEF3=3.56 forçado com sucesso
src.infrastructure.providers.mercado_data_provider | DEBUG | RTD: Detalhes completos registrados para SMFT3|SMFTU184 (Liquidez detectada)
src.infrastructure.providers.mercado_data_provider | DEBUG | RTD: preco_ativo SMFT3=19.94 forçado com sucesso
src.infrastructure.providers.mercado_data_provider | DEBUG | RTD: Detalhes completos registrados para HYPE3|HYPEU213 (Liquidez detectada)
src.infrastructure.providers.mercado_data_provider | DEBUG | RTD: preco_ativo HYPE3=20.11 forçado com sucesso
src.infrastructure.providers.mercado_data_provider | DEBUG | RTD: Detalhes completos registrados para ITSA4|ITSAW114 (Liquidez detectada)
src.infrastructure.providers.mercado_data_provider | DEBUG | RTD: preco_ativo ITSA4=13.58 forçado com sucesso
src.infrastructure.providers.mercado_data_provider | DEBUG | RTD: Detalhes completos registrados para EQTL3|EQTLU387 (Liquidez detectada)
src.infrastructure.providers.mercado_data_provider | DEBUG | RTD: preco_ativo EQTL3=38.59 forçado com sucesso
src.infrastructure.providers.mercado_data_provider | DEBUG | RTD: Detalhes completos registrados para EQTL3|EQTLU332 (Liquidez detectada)
src.infrastructure.providers.mercado_data_provider | DEBUG | RTD: preco_ativo EQTL3=38.59 forçado com sucesso
src.infrastructure.providers.mercado_data_provider | DEBUG | RTD: Detalhes completos registrados para MULT3|MULTT248 (Liquidez detectada)
src.infrastructure.providers.mercado_data_provider | DEBUG | RTD: preco_ativo MULT3=28.08 forçado com sucesso
src.infrastructure.providers.mercado_data_provider | DEBUG | RTD: Detalhes completos registrados para PETR4|PETRV35 (Liquidez detectada)
src.infrastructure.providers.mercado_data_provider | DEBUG | RTD: preco_ativo PETR4=41.55 forçado com sucesso
src.infrastructure.providers.mercado_data_provider | DEBUG | RTD: Detalhes completos registrados para PETR4|PETRT268W2 (Liquidez detectada)
src.infrastructure.providers.mercado_data_provider | DEBUG | RTD: preco_ativo PETR4=41.55 forçado com sucesso
src.infrastructure.providers.mercado_data_provider | DEBUG | RTD: Detalhes completos registrados para WEGE3|WEGEU366 (Liquidez detectada)
src.infrastructure.providers.mercado_data_provider | DEBUG | RTD: preco_ativo WEGE3=42.62 forçado com sucesso
src.infrastructure.providers.mercado_data_provider | DEBUG | RTD: Detalhes completos registrados para BPAC11|BPACU374 (Liquidez detectada)
src.infrastructure.providers.mercado_data_provider | DEBUG | RTD: preco_ativo BPAC11=55.56 forçado com sucesso
src.infrastructure.providers.mercado_data_provider | DEBUG | RTD: Detalhes completos registrados para WEGE3|WEGES427W5 (Liquidez detectada)
src.infrastructure.providers.mercado_data_provider | DEBUG | RTD: preco_ativo WEGE3=42.62 forçado com sucesso
src.infrastructure.providers.mercado_data_provider | DEBUG | RTD: Detalhes completos registrados para RDOR3|RDORT381 (Liquidez detectada)
src.infrastructure.providers.mercado_data_provider | DEBUG | RTD: preco_ativo RDOR3=33.34 forçado com sucesso
src.infrastructure.providers.mercado_data_provider | DEBUG | RTD: Detalhes completos registrados para VIVT3|VIVTT297 (Liquidez detectada)
src.infrastructure.providers.mercado_data_provider | DEBUG | RTD: preco_ativo VIVT3=35.52 forçado com sucesso
src.infrastructure.providers.mercado_data_provider | DEBUG | RTD: Detalhes completos registrados para VBBR3|VBBRU322 (Liquidez detectada)
src.infrastructure.providers.mercado_data_provider | DEBUG | RTD: preco_ativo VBBR3=33.64 forçado com sucesso
src.infrastructure.providers.mercado_data_provider | DEBUG | RTD: Detalhes completos registrados para HYPE3|HYPET200 (Liquidez detectada)
src.infrastructure.providers.mercado_data_provider | DEBUG | RTD: preco_ativo HYPE3=20.11 forçado com sucesso
src.infrastructure.providers.mercado_data_provider | DEBUG | RTD: Detalhes completos registrados para AXIA3|AXIAT494 (Liquidez detectada)
src.infrastructure.providers.mercado_data_provider | DEBUG | RTD: preco_ativo AXIA3=50.19 forçado com sucesso
src.infrastructure.providers.mercado_data_provider | DEBUG | RTD: Detalhes completos registrados para SAPR11|SAPRU379 (Liquidez detectada)
src.infrastructure.providers.mercado_data_provider | DEBUG | RTD: preco_ativo SAPR11=36.30 forçado com sucesso
src.infrastructure.providers.mercado_data_provider | DEBUG | RTD: Detalhes completos registrados para IGTI11|IGTIT201 (Liquidez detectada)
src.infrastructure.providers.mercado_data_provider | DEBUG | RTD: preco_ativo IGTI11=24.57 forçado com sucesso
src.infrastructure.providers.mercado_data_provider | DEBUG | RTD: Detalhes completos registrados para PRIO3|PRIOT600W1 (Liquidez detectada)
src.infrastructure.providers.mercado_data_provider | DEBUG | RTD: preco_ativo PRIO3=58.56 forçado com sucesso
src.infrastructure.providers.mercado_data_provider | DEBUG | RTD: Detalhes completos registrados para CMIG4|CMIGU107 (Liquidez detectada)
src.infrastructure.providers.mercado_data_provider | DEBUG | RTD: preco_ativo CMIG4=11.03 forçado com sucesso
src.infrastructure.providers.mercado_data_provider | DEBUG | RTD: Detalhes completos registrados para RDOR3|RDORT250 (Liquidez detectada)
src.infrastructure.providers.mercado_data_provider | DEBUG | RTD: preco_ativo RDOR3=33.34 forçado com sucesso
src.infrastructure.providers.mercado_data_provider | DEBUG | RTD: Detalhes completos registrados para PETR4|PETRV401 (Liquidez detectada)
src.infrastructure.providers.mercado_data_provider | DEBUG | RTD: preco_ativo PETR4=41.55 forçado com sucesso
src.infrastructure.providers.mercado_data_provider | DEBUG | RTD: Detalhes completos registrados para PRIO3|PRIOT560W1 (Liquidez detectada)
src.infrastructure.providers.mercado_data_provider | DEBUG | RTD: preco_ativo PRIO3=58.56 forçado com sucesso
src.infrastructure.providers.mercado_data_provider | DEBUG | RTD: Detalhes completos registrados para BRAV3|BRAVV22 (Liquidez detectada)
src.infrastructure.providers.mercado_data_provider | DEBUG | RTD: preco_ativo BRAV3=20.14 forçado com sucesso
src.infrastructure.providers.mercado_data_provider | DEBUG | RTD: Detalhes completos registrados para SBSP3|SBSPW248 (Liquidez detectada)
src.infrastructure.providers.mercado_data_provider | DEBUG | RTD: preco_ativo SBSP3=28.60 forçado com sucesso
src.infrastructure.providers.mercado_data_provider | DEBUG | RTD: Detalhes completos registrados para BEEF3|BEEFT397 (Liquidez detectada)
src.infrastructure.providers.mercado_data_provider | DEBUG | RTD: preco_ativo BEEF3=3.56 forçado com sucesso
src.infrastructure.providers.mercado_data_provider | DEBUG | RTD: Detalhes completos registrados para IGTI11|IGTIT246 (Liquidez detectada)
src.infrastructure.providers.mercado_data_provider | DEBUG | RTD: preco_ativo IGTI11=24.57 forçado com sucesso
src.infrastructure.providers.mercado_data_provider | DEBUG | RTD: Detalhes completos registrados para RAPT4|RAPTT385 (Liquidez detectada)
src.infrastructure.providers.mercado_data_provider | DEBUG | RTD: preco_ativo RAPT4=4.63 forçado com sucesso
src.infrastructure.providers.mercado_data_provider | DEBUG | RTD: Detalhes completos registrados para IGTI11|IGTIT274 (Liquidez detectada)
src.infrastructure.providers.mercado_data_provider | DEBUG | RTD: preco_ativo IGTI11=24.57 forçado com sucesso
src.infrastructure.providers.mercado_data_provider | DEBUG | RTD: Detalhes completos registrados para RIAA3|RIAAU718 (Liquidez detectada)
src.infrastructure.providers.mercado_data_provider | DEBUG | RTD: preco_ativo RIAA3=7.75 forçado com sucesso
src.infrastructure.providers.mercado_data_provider | DEBUG | RTD: Detalhes completos registrados para HAPV3|HAPVU105 (Liquidez detectada)
src.infrastructure.providers.mercado_data_provider | DEBUG | RTD: preco_ativo HAPV3=11.19 forçado com sucesso
src.infrastructure.providers.mercado_data_provider | DEBUG | RTD: Detalhes completos registrados para MGLU3|MGLUT355W1 (Liquidez detectada)
src.infrastructure.providers.mercado_data_provider | DEBUG | RTD: preco_ativo MGLU3=4.85 forçado com sucesso
src.infrastructure.providers.mercado_data_provider | DEBUG | RTD: Detalhes completos registrados para LWSA3|LWSAT390 (Liquidez detectada)
src.infrastructure.providers.mercado_data_provider | DEBUG | RTD: preco_ativo LWSA3=3.73 forçado com sucesso
src.infrastructure.providers.mercado_data_provider | DEBUG | RTD: Detalhes completos registrados para PRIO3|PRIOV600 (Liquidez detectada)
src.infrastructure.providers.mercado_data_provider | DEBUG | RTD: preco_ativo PRIO3=58.56 forçado com sucesso
src.infrastructure.providers.mercado_data_provider | DEBUG | RTD: Detalhes completos registrados para BBSE3|BBSEU374 (Liquidez detectada)
src.infrastructure.providers.mercado_data_provider | DEBUG | RTD: preco_ativo BBSE3=41.15 forçado com sucesso
src.infrastructure.providers.mercado_data_provider | DEBUG | RTD: Detalhes completos registrados para LREN3|LRENU937 (Liquidez detectada)
src.infrastructure.providers.mercado_data_provider | DEBUG | RTD: preco_ativo LREN3=13.20 forçado com sucesso
src.infrastructure.providers.mercado_data_provider | DEBUG | RTD: Detalhes completos registrados para SUZB3|SUZBT406W1 (Liquidez detectada)
src.infrastructure.providers.mercado_data_provider | DEBUG | RTD: preco_ativo SUZB3=41.47 forçado com sucesso
src.infrastructure.providers.mercado_data_provider | DEBUG | RTD: Detalhes completos registrados para BBAS3|BBAST735 (Liquidez detectada)
src.infrastructure.providers.mercado_data_provider | DEBUG | RTD: preco_ativo BBAS3=20.66 forçado com sucesso
src.infrastructure.providers.mercado_data_provider | DEBUG | RTD: Detalhes completos registrados para PETR4|PETRX259 (Liquidez detectada)
src.infrastructure.providers.mercado_data_provider | DEBUG | RTD: preco_ativo PETR4=41.55 forçado com sucesso
src.infrastructure.providers.mercado_data_provider | DEBUG | RTD: Detalhes completos registrados para PETR4|PETRV437 (Liquidez detectada)
src.infrastructure.providers.mercado_data_provider | DEBUG | RTD: preco_ativo PETR4=41.55 forçado com sucesso
src.infrastructure.providers.mercado_data_provider | DEBUG | RTD: Detalhes completos registrados para BRAV3|BRAVU106 (Liquidez detectada)
src.infrastructure.providers.mercado_data_provider | DEBUG | RTD: preco_ativo BRAV3=20.14 forçado com sucesso
src.infrastructure.providers.mercado_data_provider | DEBUG | RTD: Detalhes completos registrados para MOVI3|MOVIW77 (Liquidez detectada)
src.infrastructure.providers.mercado_data_provider | DEBUG | RTD: preco_ativo MOVI3=8.12 forçado com sucesso
src.infrastructure.providers.mercado_data_provider | DEBUG | RTD: Detalhes completos registrados para BBSE3|BBSEU349 (Liquidez detectada)
src.infrastructure.providers.mercado_data_provider | DEBUG | RTD: preco_ativo BBSE3=41.15 forçado com sucesso
src.infrastructure.providers.mercado_data_provider | DEBUG | RTD: Detalhes completos registrados para BBAS3|BBAST191W2 (Liquidez detectada)
src.infrastructure.providers.mercado_data_provider | DEBUG | RTD: preco_ativo BBAS3=20.66 forçado com sucesso
src.infrastructure.providers.mercado_data_provider | DEBUG | RTD: Detalhes completos registrados para SUZB3|SUZBT343 (Liquidez detectada)
src.infrastructure.providers.mercado_data_provider | DEBUG | RTD: preco_ativo SUZB3=41.47 forçado com sucesso
src.infrastructure.providers.mercado_data_provider | DEBUG | RTD: Detalhes completos registrados para MBRF3|MBRFU157 (Liquidez detectada)
src.infrastructure.providers.mercado_data_provider | DEBUG | RTD: preco_ativo MBRF3=15.23 forçado com sucesso
src.infrastructure.providers.mercado_data_provider | DEBUG | RTD: Detalhes completos registrados para SMAL11|SMALT134W1 (Liquidez detectada)
src.infrastructure.providers.mercado_data_provider | DEBUG | RTD: preco_ativo SMAL11=105.56 forçado com sucesso
src.infrastructure.providers.mercado_data_provider | DEBUG | RTD: Detalhes completos registrados para PETR4|PETRU621 (Liquidez detectada)
src.infrastructure.providers.mercado_data_provider | DEBUG | RTD: preco_ativo PETR4=41.55 forçado com sucesso
src.infrastructure.providers.mercado_data_provider | DEBUG | RTD: Detalhes completos registrados para SMAL11|SMALT995 (Liquidez detectada)
src.infrastructure.providers.mercado_data_provider | DEBUG | RTD: preco_ativo SMAL11=105.56 forçado com sucesso
src.infrastructure.providers.mercado_data_provider | DEBUG | RTD: Detalhes completos registrados para EQTL3|EQTLT347 (Liquidez detectada)
src.infrastructure.providers.mercado_data_provider | DEBUG | RTD: preco_ativo EQTL3=38.59 forçado com sucesso
src.infrastructure.providers.mercado_data_provider | DEBUG | RTD: Detalhes completos registrados para CSMG3|CSMGT562W2 (Liquidez detectada)
src.infrastructure.providers.mercado_data_provider | DEBUG | RTD: preco_ativo CSMG3=63.21 forçado com sucesso
src.infrastructure.providers.mercado_data_provider | DEBUG | RTD: Detalhes completos registrados para PETR4|PETRU274 (Liquidez detectada)
src.infrastructure.providers.mercado_data_provider | DEBUG | RTD: preco_ativo PETR4=41.55 forçado com sucesso
src.infrastructure.providers.mercado_data_provider | DEBUG | RTD: Detalhes completos registrados para USIM5|USIMT115 (Liquidez detectada)
src.infrastructure.providers.mercado_data_provider | DEBUG | RTD: preco_ativo USIM5=8.38 forçado com sucesso
src.infrastructure.providers.mercado_data_provider | DEBUG | RTD: Detalhes completos registrados para PRIO3|PRIOU497 (Liquidez detectada)
src.infrastructure.providers.mercado_data_provider | DEBUG | RTD: preco_ativo PRIO3=58.56 forçado com sucesso
src.infrastructure.providers.mercado_data_provider | DEBUG | RTD: Detalhes completos registrados para BRAP4|BRAPT214 (Liquidez detectada)
src.infrastructure.providers.mercado_data_provider | DEBUG | RTD: preco_ativo BRAP4=20.82 forçado com sucesso
src.infrastructure.providers.mercado_data_provider | DEBUG | RTD: Detalhes completos registrados para BRAV3|BRAVU172 (Liquidez detectada)
src.infrastructure.providers.mercado_data_provider | DEBUG | RTD: preco_ativo BRAV3=20.14 forçado com sucesso
src.infrastructure.providers.mercado_data_provider | DEBUG | RTD: Detalhes completos registrados para EMBJ3|EMBJT285 (Liquidez detectada)
src.infrastructure.providers.mercado_data_provider | DEBUG | RTD: preco_ativo EMBJ3=83.29 forçado com sucesso
src.infrastructure.providers.mercado_data_provider | DEBUG | RTD: Detalhes completos registrados para SAPR11|SAPRU344 (Liquidez detectada)
src.infrastructure.providers.mercado_data_provider | DEBUG | RTD: preco_ativo SAPR11=36.30 forçado com sucesso
src.infrastructure.providers.mercado_data_provider | DEBUG | RTD: Detalhes completos registrados para EMBJ3|EMBJT428 (Liquidez detectada)
src.infrastructure.providers.mercado_data_provider | DEBUG | RTD: preco_ativo EMBJ3=83.29 forçado com sucesso
src.infrastructure.providers.mercado_data_provider | DEBUG | RTD: Detalhes completos registrados para BBDC4|BBDCU184 (Liquidez detectada)
src.infrastructure.providers.mercado_data_provider | DEBUG | RTD: preco_ativo BBDC4=18.51 forçado com sucesso
src.infrastructure.providers.mercado_data_provider | DEBUG | RTD: Detalhes completos registrados para EZTC3|EZTCU931 (Liquidez detectada)
src.infrastructure.providers.mercado_data_provider | DEBUG | RTD: preco_ativo EZTC3=11.63 forçado com sucesso
src.infrastructure.providers.mercado_data_provider | DEBUG | RTD: Detalhes completos registrados para XPBR31|XPBRU910 (Liquidez detectada)
src.infrastructure.providers.mercado_data_provider | DEBUG | RTD: preco_ativo XPBR31=84.85 forçado com sucesso
src.infrastructure.providers.mercado_data_provider | DEBUG | RTD: Detalhes completos registrados para BBSE3|BBSET331 (Liquidez detectada)
src.infrastructure.providers.mercado_data_provider | DEBUG | RTD: preco_ativo BBSE3=41.15 forçado com sucesso
src.infrastructure.providers.mercado_data_provider | DEBUG | RTD: Detalhes completos registrados para DXCO3|DXCOT435 (Liquidez detectada)
src.infrastructure.providers.mercado_data_provider | DEBUG | RTD: preco_ativo DXCO3=4.96 forçado com sucesso
src.infrastructure.providers.mercado_data_provider | DEBUG | RTD: Detalhes completos registrados para PCAR3|PCARM30 (Liquidez detectada)
src.infrastructure.providers.mercado_data_provider | DEBUG | RTD: preco_ativo PCAR3=2.73 forçado com sucesso
src.infrastructure.providers.mercado_data_provider | DEBUG | RTD: Detalhes completos registrados para QUAL3|QUALU113 (Liquidez detectada)
src.infrastructure.providers.mercado_data_provider | DEBUG | RTD: preco_ativo QUAL3=1.49 forçado com sucesso
src.infrastructure.providers.mercado_data_provider | DEBUG | RTD: Detalhes completos registrados para EGIE3|EGIES287W5 (Liquidez detectada)
src.infrastructure.providers.mercado_data_provider | DEBUG | RTD: preco_ativo EGIE3=30.17 forçado com sucesso
src.infrastructure.providers.mercado_data_provider | DEBUG | RTD: Detalhes completos registrados para CPFE3|CPFEU484 (Liquidez detectada)
src.infrastructure.providers.mercado_data_provider | DEBUG | RTD: preco_ativo CPFE3=46.39 forçado com sucesso
src.infrastructure.providers.mercado_data_provider | DEBUG | RTD: Detalhes completos registrados para B3SA3|B3SAU159 (Liquidez detectada)
src.infrastructure.providers.mercado_data_provider | DEBUG | RTD: preco_ativo B3SA3=15.11 forçado com sucesso
src.infrastructure.providers.mercado_data_provider | DEBUG | RTD: Detalhes completos registrados para ISAE4|ISAET244 (Liquidez detectada)
src.infrastructure.providers.mercado_data_provider | DEBUG | RTD: preco_ativo ISAE4=28.01 forçado com sucesso
src.infrastructure.providers.mercado_data_provider | DEBUG | RTD: Detalhes completos registrados para SLCE3|SLCET129 (Liquidez detectada)
src.infrastructure.providers.mercado_data_provider | DEBUG | RTD: preco_ativo SLCE3=13.63 forçado com sucesso
src.infrastructure.providers.mercado_data_provider | DEBUG | RTD: Detalhes completos registrados para CXSE3|CXSET131 (Liquidez detectada)
src.infrastructure.providers.mercado_data_provider | DEBUG | RTD: preco_ativo CXSE3=22.22 forçado com sucesso
src.infrastructure.providers.mercado_data_provider | DEBUG | RTD: Detalhes completos registrados para RIAA3|RIAAT778 (Liquidez detectada)
src.infrastructure.providers.mercado_data_provider | DEBUG | RTD: preco_ativo RIAA3=7.75 forçado com sucesso
src.infrastructure.providers.mercado_data_provider | DEBUG | RTD: Detalhes completos registrados para SUZB3|SUZBU461 (Liquidez detectada)
src.infrastructure.providers.mercado_data_provider | DEBUG | RTD: preco_ativo SUZB3=41.47 forçado com sucesso
src.infrastructure.providers.mercado_data_provider | DEBUG | RTD: Detalhes completos registrados para USIM5|USIMT750 (Liquidez detectada)
src.infrastructure.providers.mercado_data_provider | DEBUG | RTD: preco_ativo USIM5=8.38 forçado com sucesso
src.infrastructure.providers.mercado_data_provider | DEBUG | RTD: Detalhes completos registrados para SMFT3|SMFTT198 (Liquidez detectada)
src.infrastructure.providers.mercado_data_provider | DEBUG | RTD: preco_ativo SMFT3=19.94 forçado com sucesso
src.infrastructure.providers.mercado_data_provider | DEBUG | RTD: Detalhes completos registrados para VALE3|VALET329 (Liquidez detectada)
src.infrastructure.providers.mercado_data_provider | DEBUG | RTD: preco_ativo VALE3=72.21 forçado com sucesso
src.infrastructure.providers.mercado_data_provider | DEBUG | RTD: Detalhes completos registrados para SEER3|SEERU129 (Liquidez detectada)
src.infrastructure.providers.mercado_data_provider | DEBUG | RTD: preco_ativo SEER3=11.60 forçado com sucesso
src.infrastructure.providers.mercado_data_provider | DEBUG | RTD: Detalhes completos registrados para IRBR3|IRBRS533W5 (Liquidez detectada)
src.infrastructure.providers.mercado_data_provider | DEBUG | RTD: preco_ativo IRBR3=55.53 forçado com sucesso
src.infrastructure.providers.mercado_data_provider | DEBUG | RTD: Detalhes completos registrados para EMBJ3|EMBJV718 (Liquidez detectada)
src.infrastructure.providers.mercado_data_provider | DEBUG | RTD: preco_ativo EMBJ3=83.29 forçado com sucesso
src.infrastructure.providers.mercado_data_provider | DEBUG | RTD: Detalhes completos registrados para CVCB3|CVCBU115 (Liquidez detectada)
src.infrastructure.providers.mercado_data_provider | DEBUG | RTD: preco_ativo CVCB3=1.14 forçado com sucesso
src.infrastructure.providers.mercado_data_provider | DEBUG | RTD: Detalhes completos registrados para ITUB4|ITUBU494 (Liquidez detectada)
src.infrastructure.providers.mercado_data_provider | DEBUG | RTD: preco_ativo ITUB4=42.39 forçado com sucesso
src.infrastructure.providers.mercado_data_provider | DEBUG | RTD: Detalhes completos registrados para JHSF3|JHSFU102 (Liquidez detectada)
src.infrastructure.providers.mercado_data_provider | DEBUG | RTD: preco_ativo JHSF3=10.95 forçado com sucesso
src.infrastructure.providers.mercado_data_provider | DEBUG | RTD: Detalhes completos registrados para PETR4|PETRT266W2 (Liquidez detectada)
src.infrastructure.providers.mercado_data_provider | DEBUG | RTD: preco_ativo PETR4=41.55 forçado com sucesso
src.infrastructure.providers.mercado_data_provider | DEBUG | RTD: Detalhes completos registrados para VIVA3|VIVAU156 (Liquidez detectada)
src.infrastructure.providers.mercado_data_provider | DEBUG | RTD: preco_ativo VIVA3=21.38 forçado com sucesso
src.infrastructure.providers.mercado_data_provider | DEBUG | RTD: Detalhes completos registrados para VBBR3|VBBRU297 (Liquidez detectada)
src.infrastructure.providers.mercado_data_provider | DEBUG | RTD: preco_ativo VBBR3=33.64 forçado com sucesso
src.infrastructure.providers.mercado_data_provider | DEBUG | RTD: Detalhes completos registrados para ECOR3|ECORU544 (Liquidez detectada)
src.infrastructure.providers.mercado_data_provider | DEBUG | RTD: preco_ativo ECOR3=6.74 forçado com sucesso
src.infrastructure.providers.mercado_data_provider | DEBUG | RTD: Detalhes completos registrados para POMO4|POMOU589 (Liquidez detectada)
src.infrastructure.providers.mercado_data_provider | DEBUG | RTD: preco_ativo POMO4=5.10 forçado com sucesso
src.infrastructure.providers.mercado_data_provider | DEBUG | RTD: Detalhes completos registrados para EQTL3|EQTLT362 (Liquidez detectada)
src.infrastructure.providers.mercado_data_provider | DEBUG | RTD: preco_ativo EQTL3=38.59 forçado com sucesso
src.infrastructure.providers.mercado_data_provider | DEBUG | RTD: Detalhes completos registrados para VIVT3|VIVTT356 (Liquidez detectada)
src.infrastructure.providers.mercado_data_provider | DEBUG | RTD: preco_ativo VIVT3=35.52 forçado com sucesso
src.infrastructure.providers.mercado_data_provider | DEBUG | RTD: Detalhes completos registrados para RAPT4|RAPTU470 (Liquidez detectada)
src.infrastructure.providers.mercado_data_provider | DEBUG | RTD: preco_ativo RAPT4=4.63 forçado com sucesso
src.infrastructure.providers.mercado_data_provider | DEBUG | RTD: Detalhes completos registrados para CVCB3|CVCBT110 (Liquidez detectada)
src.infrastructure.providers.mercado_data_provider | DEBUG | RTD: preco_ativo CVCB3=1.14 forçado com sucesso
src.infrastructure.providers.mercado_data_provider | DEBUG | RTD: Detalhes completos registrados para GOAU4|GOAUU815 (Liquidez detectada)
src.infrastructure.providers.mercado_data_provider | DEBUG | RTD: preco_ativo GOAU4=10.26 forçado com sucesso
src.infrastructure.providers.mercado_data_provider | DEBUG | RTD: Detalhes completos registrados para MOVI3|MOVIU913 (Liquidez detectada)
src.infrastructure.providers.mercado_data_provider | DEBUG | RTD: preco_ativo MOVI3=8.12 forçado com sucesso
src.infrastructure.providers.mercado_data_provider | DEBUG | RTD: Detalhes completos registrados para SEER3|SEERU114 (Liquidez detectada)
src.infrastructure.providers.mercado_data_provider | DEBUG | RTD: preco_ativo SEER3=11.60 forçado com sucesso
src.infrastructure.providers.mercado_data_provider | DEBUG | RTD: Detalhes completos registrados para ISAE4|ISAET296 (Liquidez detectada)
src.infrastructure.providers.mercado_data_provider | DEBUG | RTD: preco_ativo ISAE4=28.01 forçado com sucesso
src.infrastructure.providers.mercado_data_provider | DEBUG | RTD: Detalhes completos registrados para SLCE3|SLCEU152 (Liquidez detectada)
src.infrastructure.providers.mercado_data_provider | DEBUG | RTD: preco_ativo SLCE3=13.63 forçado com sucesso
src.infrastructure.providers.mercado_data_provider | DEBUG | RTD: Detalhes completos registrados para LREN3|LRENU105 (Liquidez detectada)
src.infrastructure.providers.mercado_data_provider | DEBUG | RTD: preco_ativo LREN3=13.20 forçado com sucesso
src.infrastructure.providers.mercado_data_provider | DEBUG | RTD: Detalhes completos registrados para TEND3|TENDT285 (Liquidez detectada)
src.infrastructure.providers.mercado_data_provider | DEBUG | RTD: preco_ativo TEND3=29.69 forçado com sucesso
src.infrastructure.providers.mercado_data_provider | DEBUG | RTD: Detalhes completos registrados para ITUB4|ITUBS332W5 (Liquidez detectada)
src.infrastructure.providers.mercado_data_provider | DEBUG | RTD: preco_ativo ITUB4=42.39 forçado com sucesso
src.infrastructure.providers.mercado_data_provider | DEBUG | RTD: Detalhes completos registrados para ITUB4|ITUBU36 (Liquidez detectada)
src.infrastructure.providers.mercado_data_provider | DEBUG | RTD: preco_ativo ITUB4=42.39 forçado com sucesso
src.infrastructure.providers.mercado_data_provider | DEBUG | RTD: Detalhes completos registrados para SUZB3|SUZBU443 (Liquidez detectada)
src.infrastructure.providers.mercado_data_provider | DEBUG | RTD: preco_ativo SUZB3=41.47 forçado com sucesso
src.infrastructure.providers.mercado_data_provider | DEBUG | RTD: Detalhes completos registrados para VALE3|VALET736W2 (Liquidez detectada)
src.infrastructure.providers.mercado_data_provider | DEBUG | RTD: preco_ativo VALE3=72.21 forçado com sucesso
src.infrastructure.providers.mercado_data_provider | DEBUG | RTD: Detalhes completos registrados para SBFG3|SBFGU875 (Liquidez detectada)
src.infrastructure.providers.mercado_data_provider | DEBUG | RTD: preco_ativo SBFG3=9.41 forçado com sucesso
src.infrastructure.providers.mercado_data_provider | DEBUG | RTD: Detalhes completos registrados para PRIO3|PRIOU480 (Liquidez detectada)
src.infrastructure.providers.mercado_data_provider | DEBUG | RTD: preco_ativo PRIO3=58.56 forçado com sucesso
src.infrastructure.providers.mercado_data_provider | DEBUG | RTD: Detalhes completos registrados para BRAV3|BRAVT148 (Liquidez detectada)
src.infrastructure.providers.mercado_data_provider | DEBUG | RTD: preco_ativo BRAV3=20.14 forçado com sucesso
src.infrastructure.providers.mercado_data_provider | DEBUG | RTD: Detalhes completos registrados para HYPE3|HYPEU196 (Liquidez detectada)
src.infrastructure.providers.mercado_data_provider | DEBUG | RTD: preco_ativo HYPE3=20.11 forçado com sucesso
src.infrastructure.providers.mercado_data_provider | DEBUG | RTD: Detalhes completos registrados para USIM5|USIMU670 (Liquidez detectada)
src.infrastructure.providers.mercado_data_provider | DEBUG | RTD: preco_ativo USIM5=8.38 forçado com sucesso
src.infrastructure.providers.mercado_data_provider | DEBUG | RTD: Detalhes completos registrados para MOVI3|MOVIU973 (Liquidez detectada)
src.infrastructure.providers.mercado_data_provider | DEBUG | RTD: preco_ativo MOVI3=8.12 forçado com sucesso
src.infrastructure.providers.mercado_data_provider | DEBUG | RTD: Detalhes completos registrados para MULT3|MULTT294 (Liquidez detectada)
src.infrastructure.providers.mercado_data_provider | DEBUG | RTD: preco_ativo MULT3=28.08 forçado com sucesso
src.infrastructure.providers.mercado_data_provider | DEBUG | RTD: Detalhes completos registrados para PRIO3|PRIOT382 (Liquidez detectada)
src.infrastructure.providers.mercado_data_provider | DEBUG | RTD: preco_ativo PRIO3=58.56 forçado com sucesso
src.infrastructure.providers.mercado_data_provider | DEBUG | RTD: Detalhes completos registrados para CSMG3|CSMGU488 (Liquidez detectada)
src.infrastructure.providers.mercado_data_provider | DEBUG | RTD: preco_ativo CSMG3=63.21 forçado com sucesso
src.infrastructure.providers.mercado_data_provider | DEBUG | RTD: Detalhes completos registrados para ITUB4|ITUBU444 (Liquidez detectada)
src.infrastructure.providers.mercado_data_provider | DEBUG | RTD: preco_ativo ITUB4=42.39 forçado com sucesso
src.infrastructure.providers.mercado_data_provider | DEBUG | RTD: Detalhes completos registrados para MDIA3|MDIAT155 (Liquidez detectada)
src.infrastructure.providers.mercado_data_provider | DEBUG | RTD: preco_ativo MDIA3=17.62 forçado com sucesso
src.infrastructure.providers.mercado_data_provider | DEBUG | RTD: Detalhes completos registrados para NATU3|NATUU960 (Liquidez detectada)
src.infrastructure.providers.mercado_data_provider | DEBUG | RTD: preco_ativo NATU3=8.77 forçado com sucesso
src.infrastructure.providers.mercado_data_provider | DEBUG | RTD: Detalhes completos registrados para PRIO3|PRIOU412 (Liquidez detectada)
src.infrastructure.providers.mercado_data_provider | DEBUG | RTD: preco_ativo PRIO3=58.56 forçado com sucesso
src.infrastructure.providers.mercado_data_provider | DEBUG | RTD: Detalhes completos registrados para PETR4|PETRM327 (Liquidez detectada)
src.infrastructure.providers.mercado_data_provider | DEBUG | RTD: preco_ativo PETR4=41.55 forçado com sucesso
src.infrastructure.providers.mercado_data_provider | DEBUG | RTD: Detalhes completos registrados para MBRF3|MBRFT989 (Liquidez detectada)
src.infrastructure.providers.mercado_data_provider | DEBUG | RTD: preco_ativo MBRF3=15.23 forçado com sucesso
src.infrastructure.providers.mercado_data_provider | DEBUG | RTD: Detalhes completos registrados para IRBR3|IRBRX399 (Liquidez detectada)
src.infrastructure.providers.mercado_data_provider | DEBUG | RTD: preco_ativo IRBR3=55.53 forçado com sucesso
src.infrastructure.providers.mercado_data_provider | DEBUG | RTD: Detalhes completos registrados para PETR4|PETRU279 (Liquidez detectada)
src.infrastructure.providers.mercado_data_provider | DEBUG | RTD: preco_ativo PETR4=41.55 forçado com sucesso
src.infrastructure.providers.mercado_data_provider | DEBUG | RTD: Detalhes completos registrados para AUAU3|AUAUT297 (Liquidez detectada)
src.infrastructure.providers.mercado_data_provider | DEBUG | RTD: preco_ativo AUAU3=3.10 forçado com sucesso
src.infrastructure.providers.mercado_data_provider | DEBUG | RTD: Detalhes completos registrados para HAPV3|HAPVT760 (Liquidez detectada)
src.infrastructure.providers.mercado_data_provider | DEBUG | RTD: preco_ativo HAPV3=11.19 forçado com sucesso
src.infrastructure.providers.mercado_data_provider | DEBUG | RTD: Detalhes completos registrados para BPAC11|BPACT530 (Liquidez detectada)
src.infrastructure.providers.mercado_data_provider | DEBUG | RTD: preco_ativo BPAC11=55.56 forçado com sucesso
src.infrastructure.providers.mercado_data_provider | DEBUG | RTD: Detalhes completos registrados para JHSF3|JHSFU818 (Liquidez detectada)
src.infrastructure.providers.mercado_data_provider | DEBUG | RTD: preco_ativo JHSF3=10.95 forçado com sucesso
src.infrastructure.providers.mercado_data_provider | DEBUG | RTD: Detalhes completos registrados para RADL3|RADLT195 (Liquidez detectada)
src.infrastructure.providers.mercado_data_provider | DEBUG | RTD: preco_ativo RADL3=18.46 forçado com sucesso
src.infrastructure.providers.mercado_data_provider | DEBUG | RTD: Detalhes completos registrados para NATU3|NATUT990 (Liquidez detectada)
src.infrastructure.providers.mercado_data_provider | DEBUG | RTD: preco_ativo NATU3=8.77 forçado com sucesso
src.infrastructure.providers.mercado_data_provider | DEBUG | RTD: Detalhes completos registrados para ALUP11|ALUPU313 (Liquidez detectada)
src.infrastructure.providers.mercado_data_provider | DEBUG | RTD: preco_ativo ALUP11=33.07 forçado com sucesso
src.infrastructure.providers.mercado_data_provider | DEBUG | RTD: Detalhes completos registrados para HAPV3|HAPVS105W5 (Liquidez detectada)
src.infrastructure.providers.mercado_data_provider | DEBUG | RTD: preco_ativo HAPV3=11.19 forçado com sucesso
src.infrastructure.providers.mercado_data_provider | DEBUG | RTD: Detalhes completos registrados para PETR4|PETRT229 (Liquidez detectada)
src.infrastructure.providers.mercado_data_provider | DEBUG | RTD: preco_ativo PETR4=41.55 forçado com sucesso
src.infrastructure.providers.mercado_data_provider | DEBUG | RTD: Detalhes completos registrados para VALE3|VALEU4 (Liquidez detectada)
src.infrastructure.providers.mercado_data_provider | DEBUG | RTD: preco_ativo VALE3=72.21 forçado com sucesso
src.infrastructure.providers.mercado_data_provider | DEBUG | RTD: Detalhes completos registrados para HYPE3|HYPET170 (Liquidez detectada)
src.infrastructure.providers.mercado_data_provider | DEBUG | RTD: preco_ativo HYPE3=20.11 forçado com sucesso
src.infrastructure.providers.mercado_data_provider | DEBUG | RTD: Detalhes completos registrados para PETR4|PETRV347 (Liquidez detectada)
src.infrastructure.providers.mercado_data_provider | DEBUG | RTD: preco_ativo PETR4=41.55 forçado com sucesso
src.infrastructure.providers.mercado_data_provider | DEBUG | RTD: Detalhes completos registrados para BBAS3|BBAST155 (Liquidez detectada)
src.infrastructure.providers.mercado_data_provider | DEBUG | RTD: preco_ativo BBAS3=20.66 forçado com sucesso
src.infrastructure.providers.mercado_data_provider | DEBUG | RTD: Detalhes completos registrados para ISAE4|ISAEU252 (Liquidez detectada)
src.infrastructure.providers.mercado_data_provider | DEBUG | RTD: preco_ativo ISAE4=28.01 forçado com sucesso
src.infrastructure.providers.mercado_data_provider | DEBUG | RTD: Detalhes completos registrados para XPBR31|XPBRT880 (Liquidez detectada)
src.infrastructure.providers.mercado_data_provider | DEBUG | RTD: preco_ativo XPBR31=84.85 forçado com sucesso
src.infrastructure.providers.mercado_data_provider | DEBUG | RTD: Detalhes completos registrados para CSMG3|CSMGT500 (Liquidez detectada)
src.infrastructure.providers.mercado_data_provider | DEBUG | RTD: preco_ativo CSMG3=63.21 forçado com sucesso
src.ui.desktop.monitor_worker | INFO | Manutenção: novos books + prioridades em 0.62s
src.ui.desktop.monitor_worker | INFO | Ciclo: monitor=8.187s colar=0.000s cal=0.000s box=0.000s manut=0.623s mpp=0.000s total=8.811s
src.infrastructure.providers.mercado_data_provider | DEBUG | Varredura: _chaves_com_book=9805 _chaves_detalhes=9805
src.infrastructure.providers.mercado_data_provider | INFO | Varredura(F): monitor=38476 book=9805 | reg=0.000 ref=0.006 var=0.395 total=0.401 | inst_map=0.000 | onda2=698(0.028) onda1=0(0.000) cab_skip=9107 status=0.253
src.application.use_cases.monitor_oportunidades | INFO | PipelineTracker BOX/SBTH: 9805 -> 9805 (viaveis=0)
src.ui.desktop.monitor_worker | INFO | Ciclo: monitor=4.691s colar=0.000s cal=0.000s box=0.000s manut=0.000s mpp=0.000s total=4.691s
src.infrastructure.providers.mercado_data_provider | DEBUG | Varredura: _chaves_com_book=9805 _chaves_detalhes=9805
src.infrastructure.providers.mercado_data_provider | DEBUG | Varredura: sem_preco=0 sem_dados_rtd=1 chaves_com_book=9805
src.infrastructure.providers.mercado_data_provider | INFO | Varredura(G): monitor=38476 book=9804 | reg=0.000 ref=0.004 var=0.254 total=0.258 | inst_map=0.003 | onda2=363(0.015) onda1=0(0.000) cab_skip=9442 status=0.185
src.application.use_cases.monitor_oportunidades | INFO | PipelineTracker BOX/SBTH: 9804 -> 9804 (viaveis=0)
src.application.use_cases.monitor_colares_calendario | INFO | PipelineTracker (COLLAR_CALENDARIO): 9804 -> 145
src.application.use_cases.monitor_colares_calendario | DEBUG | CollarCal PETR4: calls=2 puts=0
src.application.use_cases.monitor_colares_calendario | DEBUG | CollarCal PETR4 call: PETRH314 strike=30.36 dte=31 ocp=11.3700
src.application.use_cases.monitor_colares_calendario | DEBUG | CollarCal PETR4 call: PETRH317 strike=30.61 dte=31 ocp=11.2100
urllib3.connectionpool | DEBUG | Starting new HTTPS connection (1): opcoes.net.br:443
urllib3.connectionpool | DEBUG | https://opcoes.net.br:443 "GET /api/v1?z=178465451&r0t=QuotesHistoryByAsset&r0p.assets_ids=ITUB4&r0p.timeframe=Day HTTP/1.1" 200 None
urllib3.connectionpool | DEBUG | Starting new HTTPS connection (1): opcoes.net.br:443
urllib3.connectionpool | DEBUG | https://opcoes.net.br:443 "GET /api/v1?z=178465451&r0t=QuotesHistoryByAsset&r0p.assets_ids=ITSA4&r0p.timeframe=Day HTTP/1.1" 200 None
src.infrastructure.providers.mercado_data_provider | DEBUG | RTD: Detalhes completos registrados para VIVA3|VIVAU226 (Liquidez detectada)
src.infrastructure.providers.mercado_data_provider | DEBUG | RTD: preco_ativo VIVA3=21.38 forçado com sucesso
src.infrastructure.providers.mercado_data_provider | DEBUG | RTD: Detalhes completos registrados para TUPY3|TUPYU140 (Liquidez detectada)
src.infrastructure.providers.mercado_data_provider | DEBUG | RTD: preco_ativo TUPY3=15.33 forçado com sucesso
src.infrastructure.providers.mercado_data_provider | DEBUG | RTD: Detalhes completos registrados para VALE3|VALES750W5 (Liquidez detectada)
src.infrastructure.providers.mercado_data_provider | DEBUG | RTD: preco_ativo VALE3=72.21 forçado com sucesso
src.infrastructure.providers.mercado_data_provider | DEBUG | RTD: Detalhes completos registrados para VLID3|VLIDT179 (Liquidez detectada)
src.infrastructure.providers.mercado_data_provider | DEBUG | RTD: preco_ativo VLID3=17.61 forçado com sucesso
src.infrastructure.providers.mercado_data_provider | DEBUG | RTD: Detalhes completos registrados para VLID3|VLIDT142 (Liquidez detectada)
src.infrastructure.providers.mercado_data_provider | DEBUG | RTD: preco_ativo VLID3=17.61 forçado com sucesso
src.infrastructure.providers.mercado_data_provider | DEBUG | RTD: Detalhes completos registrados para VBBR3|VBBRU252 (Liquidez detectada)
src.infrastructure.providers.mercado_data_provider | DEBUG | RTD: preco_ativo VBBR3=33.64 forçado com sucesso
src.infrastructure.providers.mercado_data_provider | DEBUG | RTD: Detalhes completos registrados para USIM5|USIMW680 (Liquidez detectada)
src.infrastructure.providers.mercado_data_provider | DEBUG | RTD: preco_ativo USIM5=8.38 forçado com sucesso
src.infrastructure.providers.mercado_data_provider | DEBUG | RTD: Detalhes completos registrados para VALE3|VALET726W1 (Liquidez detectada)
src.infrastructure.providers.mercado_data_provider | DEBUG | RTD: preco_ativo VALE3=72.21 forçado com sucesso
src.infrastructure.providers.mercado_data_provider | DEBUG | RTD: Detalhes completos registrados para SUZB3|SUZBT373 (Liquidez detectada)
src.infrastructure.providers.mercado_data_provider | DEBUG | RTD: preco_ativo SUZB3=41.47 forçado com sucesso
src.infrastructure.providers.mercado_data_provider | DEBUG | RTD: Detalhes completos registrados para SUZB3|SUZBW351 (Liquidez detectada)
src.infrastructure.providers.mercado_data_provider | DEBUG | RTD: preco_ativo SUZB3=41.47 forçado com sucesso
src.infrastructure.providers.mercado_data_provider | DEBUG | RTD: Detalhes completos registrados para VBBR3|VBBRT292 (Liquidez detectada)
src.infrastructure.providers.mercado_data_provider | DEBUG | RTD: preco_ativo VBBR3=33.64 forçado com sucesso
src.infrastructure.providers.mercado_data_provider | DEBUG | RTD: Detalhes completos registrados para TOTS3|TOTSU284 (Liquidez detectada)
src.infrastructure.providers.mercado_data_provider | DEBUG | RTD: preco_ativo TOTS3=28.35 forçado com sucesso
src.infrastructure.providers.mercado_data_provider | DEBUG | RTD: Detalhes completos registrados para VIVA3|VIVAU206 (Liquidez detectada)
src.infrastructure.providers.mercado_data_provider | DEBUG | RTD: preco_ativo VIVA3=21.38 forçado com sucesso
src.infrastructure.providers.mercado_data_provider | DEBUG | RTD: Detalhes completos registrados para USIM5|USIMU11 (Liquidez detectada)
src.infrastructure.providers.mercado_data_provider | DEBUG | RTD: preco_ativo USIM5=8.38 forçado com sucesso
src.infrastructure.providers.mercado_data_provider | DEBUG | RTD: Detalhes completos registrados para YDUQ3|YDUQU966 (Liquidez detectada)
src.infrastructure.providers.mercado_data_provider | DEBUG | RTD: preco_ativo YDUQ3=7.92 forçado com sucesso
src.infrastructure.providers.mercado_data_provider | DEBUG | RTD: Detalhes completos registrados para VULC3|VULCW17 (Liquidez detectada)
src.infrastructure.providers.mercado_data_provider | DEBUG | RTD: preco_ativo VULC3=14.04 forçado com sucesso
src.infrastructure.providers.mercado_data_provider | DEBUG | RTD: Detalhes completos registrados para VALE3|VALET369 (Liquidez detectada)
src.infrastructure.providers.mercado_data_provider | DEBUG | RTD: preco_ativo VALE3=72.21 forçado com sucesso
src.infrastructure.providers.mercado_data_provider | DEBUG | RTD: Detalhes completos registrados para SUZB3|SUZBT356 (Liquidez detectada)
src.infrastructure.providers.mercado_data_provider | DEBUG | RTD: preco_ativo SUZB3=41.47 forçado com sucesso
src.infrastructure.providers.mercado_data_provider | DEBUG | RTD: Detalhes completos registrados para VALE3|VALEV694 (Liquidez detectada)
src.infrastructure.providers.mercado_data_provider | DEBUG | RTD: preco_ativo VALE3=72.21 forçado com sucesso
src.infrastructure.providers.mercado_data_provider | DEBUG | RTD: Detalhes completos registrados para TIMS3|TIMSU188 (Liquidez detectada)
src.infrastructure.providers.mercado_data_provider | DEBUG | RTD: preco_ativo TIMS3=22.41 forçado com sucesso
src.infrastructure.providers.mercado_data_provider | DEBUG | RTD: Detalhes completos registrados para TAEE11|TAEET411 (Liquidez detectada)
src.infrastructure.providers.mercado_data_provider | DEBUG | RTD: preco_ativo TAEE11=41.16 forçado com sucesso
src.infrastructure.providers.mercado_data_provider | DEBUG | RTD: Detalhes completos registrados para UGPA3|UGPAX230 (Liquidez detectada)
src.infrastructure.providers.mercado_data_provider | DEBUG | RTD: preco_ativo UGPA3=31.63 forçado com sucesso
src.infrastructure.providers.mercado_data_provider | DEBUG | RTD: Detalhes completos registrados para VALE3|VALEU366 (Liquidez detectada)
src.infrastructure.providers.mercado_data_provider | DEBUG | RTD: preco_ativo VALE3=72.21 forçado com sucesso
src.infrastructure.providers.mercado_data_provider | DEBUG | RTD: Detalhes completos registrados para UGPA3|UGPAU292 (Liquidez detectada)
src.infrastructure.providers.mercado_data_provider | DEBUG | RTD: preco_ativo UGPA3=31.63 forçado com sucesso
src.infrastructure.providers.mercado_data_provider | DEBUG | RTD: Detalhes completos registrados para VALE3|VALEU921 (Liquidez detectada)
src.infrastructure.providers.mercado_data_provider | DEBUG | RTD: preco_ativo VALE3=72.21 forçado com sucesso
src.infrastructure.providers.mercado_data_provider | DEBUG | RTD: Detalhes completos registrados para SUZB3|SUZBU413 (Liquidez detectada)
src.infrastructure.providers.mercado_data_provider | DEBUG | RTD: preco_ativo SUZB3=41.47 forçado com sucesso
src.infrastructure.providers.mercado_data_provider | DEBUG | RTD: Detalhes completos registrados para TAEE11|TAEEM320 (Liquidez detectada)
src.infrastructure.providers.mercado_data_provider | DEBUG | RTD: preco_ativo TAEE11=41.16 forçado com sucesso
src.infrastructure.providers.mercado_data_provider | DEBUG | RTD: Detalhes completos registrados para XPBR31|XPBRU830 (Liquidez detectada)
src.infrastructure.providers.mercado_data_provider | DEBUG | RTD: preco_ativo XPBR31=84.85 forçado com sucesso
src.infrastructure.providers.mercado_data_provider | DEBUG | RTD: Detalhes completos registrados para UGPA3|UGPAU287 (Liquidez detectada)
src.infrastructure.providers.mercado_data_provider | DEBUG | RTD: preco_ativo UGPA3=31.63 forçado com sucesso
src.infrastructure.providers.mercado_data_provider | DEBUG | RTD: Detalhes completos registrados para UGPA3|UGPAT215 (Liquidez detectada)
src.infrastructure.providers.mercado_data_provider | DEBUG | RTD: preco_ativo UGPA3=31.63 forçado com sucesso
src.infrastructure.providers.mercado_data_provider | DEBUG | RTD: Detalhes completos registrados para VALE3|VALEU226 (Liquidez detectada)
src.infrastructure.providers.mercado_data_provider | DEBUG | RTD: preco_ativo VALE3=72.21 forçado com sucesso
src.infrastructure.providers.mercado_data_provider | DEBUG | RTD: Detalhes completos registrados para VALE3|VALEU551 (Liquidez detectada)
src.infrastructure.providers.mercado_data_provider | DEBUG | RTD: preco_ativo VALE3=72.21 forçado com sucesso
src.infrastructure.providers.mercado_data_provider | DEBUG | RTD: Detalhes completos registrados para UNIP6|UNIPX48 (Liquidez detectada)
src.infrastructure.providers.mercado_data_provider | DEBUG | RTD: preco_ativo UNIP6=60.97 forçado com sucesso
src.infrastructure.providers.mercado_data_provider | DEBUG | RTD: Detalhes completos registrados para TAEE11|TAEET390 (Liquidez detectada)
src.infrastructure.providers.mercado_data_provider | DEBUG | RTD: preco_ativo TAEE11=41.16 forçado com sucesso
src.infrastructure.providers.mercado_data_provider | DEBUG | RTD: Detalhes completos registrados para TUPY3|TUPYW130 (Liquidez detectada)
src.infrastructure.providers.mercado_data_provider | DEBUG | RTD: preco_ativo TUPY3=15.33 forçado com sucesso
src.infrastructure.providers.mercado_data_provider | DEBUG | RTD: Detalhes completos registrados para SUZB3|SUZBT303 (Liquidez detectada)
src.infrastructure.providers.mercado_data_provider | DEBUG | RTD: preco_ativo SUZB3=41.47 forçado com sucesso
src.infrastructure.providers.mercado_data_provider | DEBUG | RTD: Detalhes completos registrados para UNIP6|UNIPV48 (Liquidez detectada)
src.infrastructure.providers.mercado_data_provider | DEBUG | RTD: preco_ativo UNIP6=60.97 forçado com sucesso
src.infrastructure.providers.mercado_data_provider | DEBUG | RTD: Detalhes completos registrados para USIM5|USIMT130 (Liquidez detectada)
src.infrastructure.providers.mercado_data_provider | DEBUG | RTD: preco_ativo USIM5=8.38 forçado com sucesso
src.infrastructure.providers.mercado_data_provider | DEBUG | RTD: Detalhes completos registrados para VALE3|VALET679W4 (Liquidez detectada)
src.infrastructure.providers.mercado_data_provider | DEBUG | RTD: preco_ativo VALE3=72.21 forçado com sucesso
src.infrastructure.providers.mercado_data_provider | DEBUG | RTD: Detalhes completos registrados para VALE3|VALEU381 (Liquidez detectada)
src.infrastructure.providers.mercado_data_provider | DEBUG | RTD: preco_ativo VALE3=72.21 forçado com sucesso
src.infrastructure.providers.mercado_data_provider | DEBUG | RTD: Detalhes completos registrados para VIVA3|VIVAU236 (Liquidez detectada)
src.infrastructure.providers.mercado_data_provider | DEBUG | RTD: preco_ativo VIVA3=21.38 forçado com sucesso
src.infrastructure.providers.mercado_data_provider | DEBUG | RTD: Detalhes completos registrados para VALE3|VALEU911 (Liquidez detectada)
src.infrastructure.providers.mercado_data_provider | DEBUG | RTD: preco_ativo VALE3=72.21 forçado com sucesso
src.infrastructure.providers.mercado_data_provider | DEBUG | RTD: Detalhes completos registrados para VULC3|VULCU120 (Liquidez detectada)
src.infrastructure.providers.mercado_data_provider | DEBUG | RTD: preco_ativo VULC3=14.04 forçado com sucesso
src.infrastructure.providers.mercado_data_provider | DEBUG | RTD: Detalhes completos registrados para USIM5|USIMU920 (Liquidez detectada)
src.infrastructure.providers.mercado_data_provider | DEBUG | RTD: preco_ativo USIM5=8.38 forçado com sucesso
src.infrastructure.providers.mercado_data_provider | DEBUG | RTD: Detalhes completos registrados para VBBR3|VBBRU329 (Liquidez detectada)
src.infrastructure.providers.mercado_data_provider | DEBUG | RTD: preco_ativo VBBR3=33.64 forçado com sucesso
src.infrastructure.providers.mercado_data_provider | DEBUG | RTD: Detalhes completos registrados para UGPA3|UGPAU275 (Liquidez detectada)
src.infrastructure.providers.mercado_data_provider | DEBUG | RTD: preco_ativo UGPA3=31.63 forçado com sucesso
src.infrastructure.providers.mercado_data_provider | DEBUG | RTD: Detalhes completos registrados para VALE3|VALET754 (Liquidez detectada)
src.infrastructure.providers.mercado_data_provider | DEBUG | RTD: preco_ativo VALE3=72.21 forçado com sucesso
src.infrastructure.providers.mercado_data_provider | DEBUG | RTD: Detalhes completos registrados para SUZB3|SUZBT366 (Liquidez detectada)
src.infrastructure.providers.mercado_data_provider | DEBUG | RTD: preco_ativo SUZB3=41.47 forçado com sucesso
src.infrastructure.providers.mercado_data_provider | DEBUG | RTD: Detalhes completos registrados para WEGE3|WEGET362 (Liquidez detectada)
src.infrastructure.providers.mercado_data_provider | DEBUG | RTD: preco_ativo WEGE3=42.62 forçado com sucesso
src.infrastructure.providers.mercado_data_provider | DEBUG | RTD: Detalhes completos registrados para USIM5|USIMT12 (Liquidez detectada)
src.infrastructure.providers.mercado_data_provider | DEBUG | RTD: preco_ativo USIM5=8.38 forçado com sucesso
src.infrastructure.providers.mercado_data_provider | DEBUG | RTD: Detalhes completos registrados para VIVA3|VIVAT215 (Liquidez detectada)
src.infrastructure.providers.mercado_data_provider | DEBUG | RTD: preco_ativo VIVA3=21.38 forçado com sucesso
src.infrastructure.providers.mercado_data_provider | DEBUG | RTD: Detalhes completos registrados para USIM5|USIMT770 (Liquidez detectada)
src.infrastructure.providers.mercado_data_provider | DEBUG | RTD: preco_ativo USIM5=8.38 forçado com sucesso
src.infrastructure.providers.mercado_data_provider | DEBUG | RTD: Detalhes completos registrados para VALE3|VALET494 (Liquidez detectada)
src.infrastructure.providers.mercado_data_provider | DEBUG | RTD: preco_ativo VALE3=72.21 forçado com sucesso
src.infrastructure.providers.mercado_data_provider | DEBUG | RTD: Detalhes completos registrados para UGPA3|UGPAU357 (Liquidez detectada)
src.infrastructure.providers.mercado_data_provider | DEBUG | RTD: preco_ativo UGPA3=31.63 forçado com sucesso
src.infrastructure.providers.mercado_data_provider | DEBUG | RTD: Detalhes completos registrados para VALE3|VALEU640 (Liquidez detectada)
src.infrastructure.providers.mercado_data_provider | DEBUG | RTD: preco_ativo VALE3=72.21 forçado com sucesso
src.infrastructure.providers.mercado_data_provider | DEBUG | RTD: Detalhes completos registrados para TEND3|TENDT330 (Liquidez detectada)
src.infrastructure.providers.mercado_data_provider | DEBUG | RTD: preco_ativo TEND3=29.69 forçado com sucesso
src.infrastructure.providers.mercado_data_provider | DEBUG | RTD: Detalhes completos registrados para VALE3|VALET534 (Liquidez detectada)
src.infrastructure.providers.mercado_data_provider | DEBUG | RTD: preco_ativo VALE3=72.21 forçado com sucesso
src.infrastructure.providers.mercado_data_provider | DEBUG | RTD: Detalhes completos registrados para VALE3|VALEV629 (Liquidez detectada)
src.infrastructure.providers.mercado_data_provider | DEBUG | RTD: preco_ativo VALE3=72.21 forçado com sucesso
src.infrastructure.providers.mercado_data_provider | DEBUG | RTD: Detalhes completos registrados para WEGE3|WEGES382W5 (Liquidez detectada)
src.infrastructure.providers.mercado_data_provider | DEBUG | RTD: preco_ativo WEGE3=42.62 forçado com sucesso
src.infrastructure.providers.mercado_data_provider | DEBUG | RTD: Detalhes completos registrados para VALE3|VALET349 (Liquidez detectada)
src.infrastructure.providers.mercado_data_provider | DEBUG | RTD: preco_ativo VALE3=72.21 forçado com sucesso
src.infrastructure.providers.mercado_data_provider | DEBUG | RTD: Detalhes completos registrados para VBBR3|VBBRU289 (Liquidez detectada)
src.infrastructure.providers.mercado_data_provider | DEBUG | RTD: preco_ativo VBBR3=33.64 forçado com sucesso
src.infrastructure.providers.mercado_data_provider | DEBUG | RTD: Detalhes completos registrados para VALE3|VALET794 (Liquidez detectada)
src.infrastructure.providers.mercado_data_provider | DEBUG | RTD: preco_ativo VALE3=72.21 forçado com sucesso
src.infrastructure.providers.mercado_data_provider | DEBUG | RTD: Detalhes completos registrados para VBBR3|VBBRT257 (Liquidez detectada)
src.infrastructure.providers.mercado_data_provider | DEBUG | RTD: preco_ativo VBBR3=33.64 forçado com sucesso
src.infrastructure.providers.mercado_data_provider | DEBUG | RTD: Detalhes completos registrados para VBBR3|VBBRU367 (Liquidez detectada)
src.infrastructure.providers.mercado_data_provider | DEBUG | RTD: preco_ativo VBBR3=33.64 forçado com sucesso
src.infrastructure.providers.mercado_data_provider | DEBUG | RTD: Detalhes completos registrados para USIM5|USIMT884W1 (Liquidez detectada)
src.infrastructure.providers.mercado_data_provider | DEBUG | RTD: preco_ativo USIM5=8.38 forçado com sucesso
src.infrastructure.providers.mercado_data_provider | DEBUG | RTD: Detalhes completos registrados para WEGE3|WEGET452W1 (Liquidez detectada)
src.infrastructure.providers.mercado_data_provider | DEBUG | RTD: preco_ativo WEGE3=42.62 forçado com sucesso
src.infrastructure.providers.mercado_data_provider | DEBUG | RTD: Detalhes completos registrados para USIM5|USIMT804W1 (Liquidez detectada)
src.infrastructure.providers.mercado_data_provider | DEBUG | RTD: preco_ativo USIM5=8.38 forçado com sucesso
src.infrastructure.providers.mercado_data_provider | DEBUG | RTD: Detalhes completos registrados para WEGE3|WEGET487 (Liquidez detectada)
src.infrastructure.providers.mercado_data_provider | DEBUG | RTD: preco_ativo WEGE3=42.62 forçado com sucesso
src.infrastructure.providers.mercado_data_provider | DEBUG | RTD: Detalhes completos registrados para TOTS3|TOTSX424 (Liquidez detectada)
src.infrastructure.providers.mercado_data_provider | DEBUG | RTD: preco_ativo TOTS3=28.35 forçado com sucesso
src.infrastructure.providers.mercado_data_provider | DEBUG | RTD: Detalhes completos registrados para VALE3|VALEU386 (Liquidez detectada)
src.infrastructure.providers.mercado_data_provider | DEBUG | RTD: preco_ativo VALE3=72.21 forçado com sucesso
src.infrastructure.providers.mercado_data_provider | DEBUG | RTD: Detalhes completos registrados para VBBR3|VBBRU334 (Liquidez detectada)
src.infrastructure.providers.mercado_data_provider | DEBUG | RTD: preco_ativo VBBR3=33.64 forçado com sucesso
src.infrastructure.providers.mercado_data_provider | DEBUG | RTD: Detalhes completos registrados para VULC3|VULCT145 (Liquidez detectada)
src.infrastructure.providers.mercado_data_provider | DEBUG | RTD: preco_ativo VULC3=14.04 forçado com sucesso
src.infrastructure.providers.mercado_data_provider | DEBUG | RTD: Detalhes completos registrados para TOTS3|TOTST262 (Liquidez detectada)
src.infrastructure.providers.mercado_data_provider | DEBUG | RTD: preco_ativo TOTS3=28.35 forçado com sucesso
src.infrastructure.providers.mercado_data_provider | DEBUG | RTD: Detalhes completos registrados para XPBR31|XPBRU980 (Liquidez detectada)
src.infrastructure.providers.mercado_data_provider | DEBUG | RTD: preco_ativo XPBR31=84.85 forçado com sucesso
src.infrastructure.providers.mercado_data_provider | DEBUG | RTD: Detalhes completos registrados para WEGE3|WEGEV390 (Liquidez detectada)
src.infrastructure.providers.mercado_data_provider | DEBUG | RTD: preco_ativo WEGE3=42.62 forçado com sucesso
src.infrastructure.providers.mercado_data_provider | DEBUG | RTD: Detalhes completos registrados para TOTS3|TOTSU269 (Liquidez detectada)
src.infrastructure.providers.mercado_data_provider | DEBUG | RTD: preco_ativo TOTS3=28.35 forçado com sucesso
src.infrastructure.providers.mercado_data_provider | DEBUG | RTD: Detalhes completos registrados para VALE3|VALET729 (Liquidez detectada)
src.infrastructure.providers.mercado_data_provider | DEBUG | RTD: preco_ativo VALE3=72.21 forçado com sucesso
src.infrastructure.providers.mercado_data_provider | DEBUG | RTD: Detalhes completos registrados para VBBR3|VBBRT329 (Liquidez detectada)
src.infrastructure.providers.mercado_data_provider | DEBUG | RTD: preco_ativo VBBR3=33.64 forçado com sucesso
src.infrastructure.providers.mercado_data_provider | DEBUG | RTD: Detalhes completos registrados para USIM5|USIMU112 (Liquidez detectada)
src.infrastructure.providers.mercado_data_provider | DEBUG | RTD: preco_ativo USIM5=8.38 forçado com sucesso
src.infrastructure.providers.mercado_data_provider | DEBUG | RTD: Detalhes completos registrados para HAPV3|HAPVT340 (Liquidez detectada)
src.infrastructure.providers.mercado_data_provider | DEBUG | RTD: preco_ativo HAPV3=11.19 forçado com sucesso
src.infrastructure.providers.mercado_data_provider | DEBUG | RTD: Detalhes completos registrados para VIVT3|VIVTT343 (Liquidez detectada)
src.infrastructure.providers.mercado_data_provider | DEBUG | RTD: preco_ativo VIVT3=35.52 forçado com sucesso
src.infrastructure.providers.mercado_data_provider | DEBUG | RTD: Detalhes completos registrados para WEGE3|WEGES417W5 (Liquidez detectada)
src.infrastructure.providers.mercado_data_provider | DEBUG | RTD: preco_ativo WEGE3=42.62 forçado com sucesso
src.infrastructure.providers.mercado_data_provider | DEBUG | RTD: Detalhes completos registrados para VALE3|VALET719 (Liquidez detectada)
src.infrastructure.providers.mercado_data_provider | DEBUG | RTD: preco_ativo VALE3=72.21 forçado com sucesso
src.infrastructure.providers.mercado_data_provider | DEBUG | RTD: Detalhes completos registrados para VALE3|VALEV740 (Liquidez detectada)
src.infrastructure.providers.mercado_data_provider | DEBUG | RTD: preco_ativo VALE3=72.21 forçado com sucesso
src.infrastructure.providers.mercado_data_provider | DEBUG | RTD: Detalhes completos registrados para VIVA3|VIVAT251 (Liquidez detectada)
src.infrastructure.providers.mercado_data_provider | DEBUG | RTD: preco_ativo VIVA3=21.38 forçado com sucesso
src.infrastructure.providers.mercado_data_provider | DEBUG | RTD: Detalhes completos registrados para SUZB3|SUZBS433W5 (Liquidez detectada)
src.infrastructure.providers.mercado_data_provider | DEBUG | RTD: preco_ativo SUZB3=41.47 forçado com sucesso
src.infrastructure.providers.mercado_data_provider | DEBUG | RTD: Detalhes completos registrados para VALE3|VALEU446 (Liquidez detectada)
src.infrastructure.providers.mercado_data_provider | DEBUG | RTD: preco_ativo VALE3=72.21 forçado com sucesso
src.infrastructure.providers.mercado_data_provider | DEBUG | RTD: Detalhes completos registrados para VALE3|VALET616W1 (Liquidez detectada)
src.infrastructure.providers.mercado_data_provider | DEBUG | RTD: preco_ativo VALE3=72.21 forçado com sucesso
src.infrastructure.providers.mercado_data_provider | DEBUG | RTD: Detalhes completos registrados para USIM5|USIMV790 (Liquidez detectada)
src.infrastructure.providers.mercado_data_provider | DEBUG | RTD: preco_ativo USIM5=8.38 forçado com sucesso
src.infrastructure.providers.mercado_data_provider | DEBUG | RTD: Detalhes completos registrados para VALE3|VALES810W5 (Liquidez detectada)
src.infrastructure.providers.mercado_data_provider | DEBUG | RTD: preco_ativo VALE3=72.21 forçado com sucesso
src.infrastructure.providers.mercado_data_provider | DEBUG | RTD: Detalhes completos registrados para VBBR3|VBBRU38 (Liquidez detectada)
src.infrastructure.providers.mercado_data_provider | DEBUG | RTD: preco_ativo VBBR3=33.64 forçado com sucesso
src.infrastructure.providers.mercado_data_provider | DEBUG | RTD: Detalhes completos registrados para SUZB3|SUZBT413 (Liquidez detectada)
src.infrastructure.providers.mercado_data_provider | DEBUG | RTD: preco_ativo SUZB3=41.47 forçado com sucesso
src.infrastructure.providers.mercado_data_provider | DEBUG | RTD: Detalhes completos registrados para VALE3|VALET734W4 (Liquidez detectada)
src.infrastructure.providers.mercado_data_provider | DEBUG | RTD: preco_ativo VALE3=72.21 forçado com sucesso
src.infrastructure.providers.mercado_data_provider | DEBUG | RTD: Detalhes completos registrados para VIVA3|VIVAU241 (Liquidez detectada)
src.infrastructure.providers.mercado_data_provider | DEBUG | RTD: preco_ativo VIVA3=21.38 forçado com sucesso
src.infrastructure.providers.mercado_data_provider | DEBUG | RTD: Detalhes completos registrados para WEGE3|WEGEV445 (Liquidez detectada)
src.infrastructure.providers.mercado_data_provider | DEBUG | RTD: preco_ativo WEGE3=42.62 forçado com sucesso
src.infrastructure.providers.mercado_data_provider | DEBUG | RTD: Detalhes completos registrados para WEGE3|WEGET409W1 (Liquidez detectada)
src.infrastructure.providers.mercado_data_provider | DEBUG | RTD: preco_ativo WEGE3=42.62 forçado com sucesso
src.infrastructure.providers.mercado_data_provider | DEBUG | RTD: Detalhes completos registrados para VALE3|VALEX723 (Liquidez detectada)
src.infrastructure.providers.mercado_data_provider | DEBUG | RTD: preco_ativo VALE3=72.21 forçado com sucesso
src.infrastructure.providers.mercado_data_provider | DEBUG | RTD: Detalhes completos registrados para TOTS3|TOTST214 (Liquidez detectada)
src.infrastructure.providers.mercado_data_provider | DEBUG | RTD: preco_ativo TOTS3=28.35 forçado com sucesso
src.infrastructure.providers.mercado_data_provider | DEBUG | RTD: Detalhes completos registrados para WEGE3|WEGET447W1 (Liquidez detectada)
src.infrastructure.providers.mercado_data_provider | DEBUG | RTD: preco_ativo WEGE3=42.62 forçado com sucesso
src.infrastructure.providers.mercado_data_provider | DEBUG | RTD: Detalhes completos registrados para XPBR31|XPBRT805 (Liquidez detectada)
src.infrastructure.providers.mercado_data_provider | DEBUG | RTD: preco_ativo XPBR31=84.85 forçado com sucesso
src.infrastructure.providers.mercado_data_provider | DEBUG | RTD: Detalhes completos registrados para USIM5|USIMU560 (Liquidez detectada)
src.infrastructure.providers.mercado_data_provider | DEBUG | RTD: preco_ativo USIM5=8.38 forçado com sucesso
src.infrastructure.providers.mercado_data_provider | DEBUG | RTD: Detalhes completos registrados para YDUQ3|YDUQU756 (Liquidez detectada)
src.infrastructure.providers.mercado_data_provider | DEBUG | RTD: preco_ativo YDUQ3=7.92 forçado com sucesso
src.infrastructure.providers.mercado_data_provider | DEBUG | RTD: Detalhes completos registrados para VALE3|VALEV730 (Liquidez detectada)
src.infrastructure.providers.mercado_data_provider | DEBUG | RTD: preco_ativo VALE3=72.21 forçado com sucesso
src.infrastructure.providers.mercado_data_provider | DEBUG | RTD: Detalhes completos registrados para CYRE3|CYREU145 (Liquidez detectada)
src.infrastructure.providers.mercado_data_provider | DEBUG | RTD: preco_ativo CYRE3=21.08 forçado com sucesso
src.infrastructure.providers.mercado_data_provider | DEBUG | RTD: Detalhes completos registrados para PETR4|PETRW403 (Liquidez detectada)
src.infrastructure.providers.mercado_data_provider | DEBUG | RTD: preco_ativo PETR4=41.59 forçado com sucesso
src.infrastructure.providers.mercado_data_provider | DEBUG | RTD: Detalhes completos registrados para BRAP4|BRAPV179 (Liquidez detectada)
src.infrastructure.providers.mercado_data_provider | DEBUG | RTD: preco_ativo BRAP4=20.82 forçado com sucesso
src.infrastructure.providers.mercado_data_provider | DEBUG | RTD: Detalhes completos registrados para PRIO3|PRIOT695 (Liquidez detectada)
src.infrastructure.providers.mercado_data_provider | DEBUG | RTD: preco_ativo PRIO3=58.56 forçado com sucesso
src.infrastructure.providers.mercado_data_provider | DEBUG | RTD: Detalhes completos registrados para PETR4|PETRU459 (Liquidez detectada)
src.infrastructure.providers.mercado_data_provider | DEBUG | RTD: preco_ativo PETR4=41.59 forçado com sucesso
src.infrastructure.providers.mercado_data_provider | DEBUG | RTD: Detalhes completos registrados para CEAB3|CEABT105 (Liquidez detectada)
src.infrastructure.providers.mercado_data_provider | DEBUG | RTD: preco_ativo CEAB3=9.35 forçado com sucesso
src.ui.desktop.monitor_worker | INFO | Manutenção: novos books + prioridades em 0.25s
src.ui.desktop.monitor_worker | INFO | Ciclo: monitor=8.983s colar=0.000s cal=1.956s box=0.000s manut=0.252s mpp=0.000s total=11.191s
src.infrastructure.providers.mercado_data_provider | DEBUG | Varredura: _chaves_com_book=9914 _chaves_detalhes=9914
src.infrastructure.providers.mercado_data_provider | DEBUG | Varredura: sem_preco=0 sem_dados_rtd=4 chaves_com_book=9914
src.infrastructure.providers.mercado_data_provider | INFO | Varredura(F): monitor=38476 book=9910 | reg=0.000 ref=0.036 var=0.471 total=0.507 | inst_map=0.000 | onda2=1058(0.072) onda1=0(0.000) cab_skip=8856 status=0.289
src.application.use_cases.monitor_oportunidades | INFO | PipelineTracker BOX/SBTH: 9910 -> 9910 (viaveis=0)
src.ui.desktop.monitor_worker | INFO | Ciclo: monitor=9.461s colar=0.000s cal=0.000s box=0.000s manut=0.000s mpp=0.000s total=9.461s
src.infrastructure.providers.mercado_data_provider | DEBUG | Varredura: _chaves_com_book=9914 _chaves_detalhes=9914
src.infrastructure.providers.mercado_data_provider | DEBUG | Varredura: sem_preco=0 sem_dados_rtd=4 chaves_com_book=9914
src.infrastructure.providers.mercado_data_provider | INFO | Varredura(F): monitor=38476 book=9910 | reg=0.000 ref=0.013 var=0.272 total=0.285 | inst_map=0.000 | onda2=769(0.030) onda1=0(0.000) cab_skip=9145 status=0.196
src.application.use_cases.monitor_oportunidades | INFO | PipelineTracker BOX/SBTH: 9910 -> 9910 (viaveis=0)
src.infrastructure.providers.mercado_data_provider | DEBUG | RTD: Detalhes completos registrados para TOTS3|TOTSU289 (Liquidez detectada)
src.infrastructure.providers.mercado_data_provider | DEBUG | RTD: preco_ativo TOTS3=28.35 forçado com sucesso
src.infrastructure.providers.mercado_data_provider | DEBUG | RTD: Detalhes completos registrados para VIVA3|VIVAU253 (Liquidez detectada)
src.infrastructure.providers.mercado_data_provider | DEBUG | RTD: preco_ativo VIVA3=21.38 forçado com sucesso
src.infrastructure.providers.mercado_data_provider | DEBUG | RTD: Detalhes completos registrados para VALE3|VALEX683 (Liquidez detectada)
src.infrastructure.providers.mercado_data_provider | DEBUG | RTD: preco_ativo VALE3=72.21 forçado com sucesso
src.infrastructure.providers.mercado_data_provider | DEBUG | RTD: Detalhes completos registrados para VLID3|VLIDT174 (Liquidez detectada)
src.infrastructure.providers.mercado_data_provider | DEBUG | RTD: preco_ativo VLID3=17.61 forçado com sucesso
src.infrastructure.providers.mercado_data_provider | DEBUG | RTD: Detalhes completos registrados para VAMO3|VAMOT266 (Liquidez detectada)
src.infrastructure.providers.mercado_data_provider | DEBUG | RTD: preco_ativo VAMO3=3.10 forçado com sucesso
src.infrastructure.providers.mercado_data_provider | DEBUG | RTD: Detalhes completos registrados para SUZB3|SUZBW366 (Liquidez detectada)
src.infrastructure.providers.mercado_data_provider | DEBUG | RTD: preco_ativo SUZB3=41.47 forçado com sucesso
src.infrastructure.providers.mercado_data_provider | DEBUG | RTD: Detalhes completos registrados para TRIS3|TRISM700 (Liquidez detectada)
src.infrastructure.providers.mercado_data_provider | DEBUG | RTD: preco_ativo TRIS3=4.02 forçado com sucesso
src.infrastructure.providers.mercado_data_provider | DEBUG | RTD: Detalhes completos registrados para YDUQ3|YDUQT726 (Liquidez detectada)
src.infrastructure.providers.mercado_data_provider | DEBUG | RTD: preco_ativo YDUQ3=7.92 forçado com sucesso
src.infrastructure.providers.mercado_data_provider | DEBUG | RTD: Detalhes completos registrados para VALE3|VALES640W5 (Liquidez detectada)
src.infrastructure.providers.mercado_data_provider | DEBUG | RTD: preco_ativo VALE3=72.21 forçado com sucesso
src.infrastructure.providers.mercado_data_provider | DEBUG | RTD: Detalhes completos registrados para TAEE11|TAEEU390 (Liquidez detectada)
src.infrastructure.providers.mercado_data_provider | DEBUG | RTD: preco_ativo TAEE11=41.16 forçado com sucesso
src.infrastructure.providers.mercado_data_provider | DEBUG | RTD: Detalhes completos registrados para VALE3|VALET879 (Liquidez detectada)
src.infrastructure.providers.mercado_data_provider | DEBUG | RTD: preco_ativo VALE3=72.21 forçado com sucesso
src.infrastructure.providers.mercado_data_provider | DEBUG | RTD: Detalhes completos registrados para TOTS3|TOTSU262 (Liquidez detectada)
src.infrastructure.providers.mercado_data_provider | DEBUG | RTD: preco_ativo TOTS3=28.35 forçado com sucesso
src.infrastructure.providers.mercado_data_provider | DEBUG | RTD: Detalhes completos registrados para VALE3|VALEU316 (Liquidez detectada)
src.infrastructure.providers.mercado_data_provider | DEBUG | RTD: preco_ativo VALE3=72.21 forçado com sucesso
src.infrastructure.providers.mercado_data_provider | DEBUG | RTD: Detalhes completos registrados para TUPY3|TUPYT115 (Liquidez detectada)
src.infrastructure.providers.mercado_data_provider | DEBUG | RTD: preco_ativo TUPY3=15.33 forçado com sucesso
src.infrastructure.providers.mercado_data_provider | DEBUG | RTD: Detalhes completos registrados para TAEE11|TAEEU391 (Liquidez detectada)
src.infrastructure.providers.mercado_data_provider | DEBUG | RTD: preco_ativo TAEE11=41.16 forçado com sucesso
src.infrastructure.providers.mercado_data_provider | DEBUG | RTD: Detalhes completos registrados para XPBR31|XPBRU820 (Liquidez detectada)
src.infrastructure.providers.mercado_data_provider | DEBUG | RTD: preco_ativo XPBR31=84.85 forçado com sucesso
src.infrastructure.providers.mercado_data_provider | DEBUG | RTD: Detalhes completos registrados para WEGE3|WEGEU347 (Liquidez detectada)
src.infrastructure.providers.mercado_data_provider | DEBUG | RTD: preco_ativo WEGE3=42.59 forçado com sucesso
src.infrastructure.providers.mercado_data_provider | DEBUG | RTD: Detalhes completos registrados para TOTS3|TOTSU307 (Liquidez detectada)
src.infrastructure.providers.mercado_data_provider | DEBUG | RTD: preco_ativo TOTS3=28.35 forçado com sucesso
src.infrastructure.providers.mercado_data_provider | DEBUG | RTD: Detalhes completos registrados para VALE3|VALET804 (Liquidez detectada)
src.infrastructure.providers.mercado_data_provider | DEBUG | RTD: preco_ativo VALE3=72.21 forçado com sucesso
src.infrastructure.providers.mercado_data_provider | DEBUG | RTD: Detalhes completos registrados para USIM5|USIMW899 (Liquidez detectada)
src.infrastructure.providers.mercado_data_provider | DEBUG | RTD: preco_ativo USIM5=8.38 forçado com sucesso
src.infrastructure.providers.mercado_data_provider | DEBUG | RTD: Detalhes completos registrados para VULC3|VULCU102 (Liquidez detectada)
src.infrastructure.providers.mercado_data_provider | DEBUG | RTD: preco_ativo VULC3=14.04 forçado com sucesso
src.infrastructure.providers.mercado_data_provider | DEBUG | RTD: Detalhes completos registrados para TEND3|TENDU360 (Liquidez detectada)
src.infrastructure.providers.mercado_data_provider | DEBUG | RTD: preco_ativo TEND3=29.69 forçado com sucesso
src.infrastructure.providers.mercado_data_provider | DEBUG | RTD: Detalhes completos registrados para TOTS3|TOTST267 (Liquidez detectada)
src.infrastructure.providers.mercado_data_provider | DEBUG | RTD: preco_ativo TOTS3=28.35 forçado com sucesso
src.infrastructure.providers.mercado_data_provider | DEBUG | RTD: Detalhes completos registrados para VALE3|VALET914 (Liquidez detectada)
src.infrastructure.providers.mercado_data_provider | DEBUG | RTD: preco_ativo VALE3=72.21 forçado com sucesso
src.infrastructure.providers.mercado_data_provider | DEBUG | RTD: Detalhes completos registrados para VALE3|VALEU49 (Liquidez detectada)
src.infrastructure.providers.mercado_data_provider | DEBUG | RTD: preco_ativo VALE3=72.21 forçado com sucesso
src.infrastructure.providers.mercado_data_provider | DEBUG | RTD: Detalhes completos registrados para VALE3|VALEU281 (Liquidez detectada)
src.infrastructure.providers.mercado_data_provider | DEBUG | RTD: preco_ativo VALE3=72.21 forçado com sucesso
src.infrastructure.providers.mercado_data_provider | DEBUG | RTD: Detalhes completos registrados para WEGE3|WEGEU431 (Liquidez detectada)
src.infrastructure.providers.mercado_data_provider | DEBUG | RTD: preco_ativo WEGE3=42.59 forçado com sucesso
src.infrastructure.providers.mercado_data_provider | DEBUG | RTD: Detalhes completos registrados para VALE3|VALEU291 (Liquidez detectada)
src.infrastructure.providers.mercado_data_provider | DEBUG | RTD: preco_ativo VALE3=72.21 forçado com sucesso
src.infrastructure.providers.mercado_data_provider | DEBUG | RTD: Detalhes completos registrados para VALE3|VALEU396 (Liquidez detectada)
src.infrastructure.providers.mercado_data_provider | DEBUG | RTD: preco_ativo VALE3=72.21 forçado com sucesso
src.infrastructure.providers.mercado_data_provider | DEBUG | RTD: Detalhes completos registrados para TAEE11|TAEEU416W2 (Liquidez detectada)
src.infrastructure.providers.mercado_data_provider | DEBUG | RTD: preco_ativo TAEE11=41.16 forçado com sucesso
src.infrastructure.providers.mercado_data_provider | DEBUG | RTD: Detalhes completos registrados para TASA4|TASAT429 (Liquidez detectada)
src.infrastructure.providers.mercado_data_provider | DEBUG | RTD: preco_ativo TASA4=4.74 forçado com sucesso
src.infrastructure.providers.mercado_data_provider | DEBUG | RTD: Detalhes completos registrados para TEND3|TENDU295 (Liquidez detectada)
src.infrastructure.providers.mercado_data_provider | DEBUG | RTD: preco_ativo TEND3=29.69 forçado com sucesso
src.infrastructure.providers.mercado_data_provider | DEBUG | RTD: Detalhes completos registrados para XPBR31|XPBRT720 (Liquidez detectada)
src.infrastructure.providers.mercado_data_provider | DEBUG | RTD: preco_ativo XPBR31=84.85 forçado com sucesso
src.infrastructure.providers.mercado_data_provider | DEBUG | RTD: Detalhes completos registrados para USIM5|USIMT660 (Liquidez detectada)
src.infrastructure.providers.mercado_data_provider | DEBUG | RTD: preco_ativo USIM5=8.38 forçado com sucesso
src.infrastructure.providers.mercado_data_provider | DEBUG | RTD: Detalhes completos registrados para USIM5|USIMU142 (Liquidez detectada)
src.infrastructure.providers.mercado_data_provider | DEBUG | RTD: preco_ativo USIM5=8.38 forçado com sucesso
src.infrastructure.providers.mercado_data_provider | DEBUG | RTD: Detalhes completos registrados para TEND3|TENDT260 (Liquidez detectada)
src.infrastructure.providers.mercado_data_provider | DEBUG | RTD: preco_ativo TEND3=29.69 forçado com sucesso
src.infrastructure.providers.mercado_data_provider | DEBUG | RTD: Detalhes completos registrados para SUZB3|SUZBT386W1 (Liquidez detectada)
src.infrastructure.providers.mercado_data_provider | DEBUG | RTD: preco_ativo SUZB3=41.47 forçado com sucesso
src.infrastructure.providers.mercado_data_provider | DEBUG | RTD: Detalhes completos registrados para VALE3|VALET309 (Liquidez detectada)
src.infrastructure.providers.mercado_data_provider | DEBUG | RTD: preco_ativo VALE3=72.21 forçado com sucesso
src.infrastructure.providers.mercado_data_provider | DEBUG | RTD: Detalhes completos registrados para WEGE3|WEGET402W1 (Liquidez detectada)
src.infrastructure.providers.mercado_data_provider | DEBUG | RTD: preco_ativo WEGE3=42.59 forçado com sucesso
src.infrastructure.providers.mercado_data_provider | DEBUG | RTD: Detalhes completos registrados para VALE3|VALEU741 (Liquidez detectada)
src.infrastructure.providers.mercado_data_provider | DEBUG | RTD: preco_ativo VALE3=72.21 forçado com sucesso
src.infrastructure.providers.mercado_data_provider | DEBUG | RTD: Detalhes completos registrados para UGPA3|UGPAU257 (Liquidez detectada)
src.infrastructure.providers.mercado_data_provider | DEBUG | RTD: preco_ativo UGPA3=31.63 forçado com sucesso
src.infrastructure.providers.mercado_data_provider | DEBUG | RTD: Detalhes completos registrados para TEND3|TENDU297 (Liquidez detectada)
src.infrastructure.providers.mercado_data_provider | DEBUG | RTD: preco_ativo TEND3=29.69 forçado com sucesso
src.infrastructure.providers.mercado_data_provider | DEBUG | RTD: Detalhes completos registrados para VBBR3|VBBRT334 (Liquidez detectada)
src.infrastructure.providers.mercado_data_provider | DEBUG | RTD: preco_ativo VBBR3=33.64 forçado com sucesso
src.infrastructure.providers.mercado_data_provider | DEBUG | RTD: Detalhes completos registrados para YDUQ3|YDUQU726 (Liquidez detectada)
src.infrastructure.providers.mercado_data_provider | DEBUG | RTD: preco_ativo YDUQ3=7.92 forçado com sucesso
src.infrastructure.providers.mercado_data_provider | DEBUG | RTD: Detalhes completos registrados para XPBR31|XPBRT610 (Liquidez detectada)
src.infrastructure.providers.mercado_data_provider | DEBUG | RTD: preco_ativo XPBR31=84.85 forçado com sucesso
src.infrastructure.providers.mercado_data_provider | DEBUG | RTD: Detalhes completos registrados para WEGE3|WEGEV431 (Liquidez detectada)
src.infrastructure.providers.mercado_data_provider | DEBUG | RTD: preco_ativo WEGE3=42.59 forçado com sucesso
src.infrastructure.providers.mercado_data_provider | DEBUG | RTD: Detalhes completos registrados para TEND3|TENDT237 (Liquidez detectada)
src.infrastructure.providers.mercado_data_provider | DEBUG | RTD: preco_ativo TEND3=29.69 forçado com sucesso
src.infrastructure.providers.mercado_data_provider | DEBUG | RTD: Detalhes completos registrados para TAEE11|TAEEV380 (Liquidez detectada)
src.infrastructure.providers.mercado_data_provider | DEBUG | RTD: preco_ativo TAEE11=41.16 forçado com sucesso
src.infrastructure.providers.mercado_data_provider | DEBUG | RTD: Detalhes completos registrados para WEGE3|WEGET415 (Liquidez detectada)
src.infrastructure.providers.mercado_data_provider | DEBUG | RTD: preco_ativo WEGE3=42.59 forçado com sucesso
src.infrastructure.providers.mercado_data_provider | DEBUG | RTD: Detalhes completos registrados para VIVT3|VIVTT351 (Liquidez detectada)
src.infrastructure.providers.mercado_data_provider | DEBUG | RTD: preco_ativo VIVT3=35.51 forçado com sucesso
src.infrastructure.providers.mercado_data_provider | DEBUG | RTD: Detalhes completos registrados para VIVT3|VIVTT313 (Liquidez detectada)
src.infrastructure.providers.mercado_data_provider | DEBUG | RTD: preco_ativo VIVT3=35.51 forçado com sucesso
src.infrastructure.providers.mercado_data_provider | DEBUG | RTD: Detalhes completos registrados para TOTS3|TOTST317 (Liquidez detectada)
src.infrastructure.providers.mercado_data_provider | DEBUG | RTD: preco_ativo TOTS3=28.35 forçado com sucesso
src.infrastructure.providers.mercado_data_provider | DEBUG | RTD: Detalhes completos registrados para VALE3|VALET639 (Liquidez detectada)
src.infrastructure.providers.mercado_data_provider | DEBUG | RTD: preco_ativo VALE3=72.21 forçado com sucesso
src.infrastructure.providers.mercado_data_provider | DEBUG | RTD: Detalhes completos registrados para SUZB3|SUZBS413W5 (Liquidez detectada)
src.infrastructure.providers.mercado_data_provider | DEBUG | RTD: preco_ativo SUZB3=41.47 forçado com sucesso
src.infrastructure.providers.mercado_data_provider | DEBUG | RTD: Detalhes completos registrados para VIVA3|VIVAU191 (Liquidez detectada)
src.infrastructure.providers.mercado_data_provider | DEBUG | RTD: preco_ativo VIVA3=21.38 forçado com sucesso
src.infrastructure.providers.mercado_data_provider | DEBUG | RTD: Detalhes completos registrados para VULC3|VULCU132 (Liquidez detectada)
src.infrastructure.providers.mercado_data_provider | DEBUG | RTD: preco_ativo VULC3=14.04 forçado com sucesso
src.infrastructure.providers.mercado_data_provider | DEBUG | RTD: Detalhes completos registrados para WEGE3|WEGET385 (Liquidez detectada)
src.infrastructure.providers.mercado_data_provider | DEBUG | RTD: preco_ativo WEGE3=42.59 forçado com sucesso
src.infrastructure.providers.mercado_data_provider | DEBUG | RTD: Detalhes completos registrados para VULC3|VULCU112 (Liquidez detectada)
src.infrastructure.providers.mercado_data_provider | DEBUG | RTD: preco_ativo VULC3=14.04 forçado com sucesso
src.infrastructure.providers.mercado_data_provider | DEBUG | RTD: Detalhes completos registrados para VIVT3|VIVTU340 (Liquidez detectada)
src.infrastructure.providers.mercado_data_provider | DEBUG | RTD: preco_ativo VIVT3=35.51 forçado com sucesso
src.infrastructure.providers.mercado_data_provider | DEBUG | RTD: Detalhes completos registrados para TIMS3|TIMSV189 (Liquidez detectada)
src.infrastructure.providers.mercado_data_provider | DEBUG | RTD: preco_ativo TIMS3=22.41 forçado com sucesso
src.infrastructure.providers.mercado_data_provider | DEBUG | RTD: Detalhes completos registrados para VIVA3|VIVAT188 (Liquidez detectada)
src.infrastructure.providers.mercado_data_provider | DEBUG | RTD: preco_ativo VIVA3=21.38 forçado com sucesso
src.infrastructure.providers.mercado_data_provider | DEBUG | RTD: Detalhes completos registrados para VULC3|VULCM17 (Liquidez detectada)
src.infrastructure.providers.mercado_data_provider | DEBUG | RTD: preco_ativo VULC3=14.04 forçado com sucesso
src.infrastructure.providers.mercado_data_provider | DEBUG | RTD: Detalhes completos registrados para TOTS3|TOTSU377 (Liquidez detectada)
src.infrastructure.providers.mercado_data_provider | DEBUG | RTD: preco_ativo TOTS3=28.35 forçado com sucesso
src.infrastructure.providers.mercado_data_provider | DEBUG | RTD: Detalhes completos registrados para UGPA3|UGPAU302 (Liquidez detectada)
src.infrastructure.providers.mercado_data_provider | DEBUG | RTD: preco_ativo UGPA3=31.63 forçado com sucesso
src.infrastructure.providers.mercado_data_provider | DEBUG | RTD: Detalhes completos registrados para SUZB3|SUZBS436W5 (Liquidez detectada)
src.infrastructure.providers.mercado_data_provider | DEBUG | RTD: preco_ativo SUZB3=41.47 forçado com sucesso
src.infrastructure.providers.mercado_data_provider | DEBUG | RTD: Detalhes completos registrados para WIZC3|WIZCT712 (Liquidez detectada)
src.infrastructure.providers.mercado_data_provider | DEBUG | RTD: preco_ativo WIZC3=8.26 forçado com sucesso
src.infrastructure.providers.mercado_data_provider | DEBUG | RTD: Detalhes completos registrados para VALE3|VALET701W1 (Liquidez detectada)
src.infrastructure.providers.mercado_data_provider | DEBUG | RTD: preco_ativo VALE3=72.21 forçado com sucesso
src.infrastructure.providers.mercado_data_provider | DEBUG | RTD: Detalhes completos registrados para WEGE3|WEGEU438 (Liquidez detectada)
src.infrastructure.providers.mercado_data_provider | DEBUG | RTD: preco_ativo WEGE3=42.59 forçado com sucesso
src.infrastructure.providers.mercado_data_provider | DEBUG | RTD: Detalhes completos registrados para SUZB3|SUZBV345 (Liquidez detectada)
src.infrastructure.providers.mercado_data_provider | DEBUG | RTD: preco_ativo SUZB3=41.47 forçado com sucesso
src.infrastructure.providers.mercado_data_provider | DEBUG | RTD: Detalhes completos registrados para TEND3|TENDT317 (Liquidez detectada)
src.infrastructure.providers.mercado_data_provider | DEBUG | RTD: preco_ativo TEND3=29.69 forçado com sucesso
src.infrastructure.providers.mercado_data_provider | DEBUG | RTD: Detalhes completos registrados para WEGE3|WEGEU372 (Liquidez detectada)
src.infrastructure.providers.mercado_data_provider | DEBUG | RTD: preco_ativo WEGE3=42.59 forçado com sucesso
src.infrastructure.providers.mercado_data_provider | DEBUG | RTD: Detalhes completos registrados para VIVA3|VIVAT185 (Liquidez detectada)
src.infrastructure.providers.mercado_data_provider | DEBUG | RTD: preco_ativo VIVA3=21.38 forçado com sucesso
src.infrastructure.providers.mercado_data_provider | DEBUG | RTD: Detalhes completos registrados para WIZC3|WIZCT600 (Liquidez detectada)
src.infrastructure.providers.mercado_data_provider | DEBUG | RTD: preco_ativo WIZC3=8.26 forçado com sucesso
src.infrastructure.providers.mercado_data_provider | DEBUG | RTD: Detalhes completos registrados para WEGE3|WEGEX530 (Liquidez detectada)
src.infrastructure.providers.mercado_data_provider | DEBUG | RTD: preco_ativo WEGE3=42.59 forçado com sucesso
src.infrastructure.providers.mercado_data_provider | DEBUG | RTD: Detalhes completos registrados para XPBR31|XPBRT940 (Liquidez detectada)
src.infrastructure.providers.mercado_data_provider | DEBUG | RTD: preco_ativo XPBR31=84.85 forçado com sucesso
src.infrastructure.providers.mercado_data_provider | DEBUG | RTD: Detalhes completos registrados para WEGE3|WEGES447W5 (Liquidez detectada)
src.infrastructure.providers.mercado_data_provider | DEBUG | RTD: preco_ativo WEGE3=42.59 forçado com sucesso
src.infrastructure.providers.mercado_data_provider | DEBUG | RTD: Detalhes completos registrados para SUZB3|SUZBT351 (Liquidez detectada)
src.infrastructure.providers.mercado_data_provider | DEBUG | RTD: preco_ativo SUZB3=41.47 forçado com sucesso
src.infrastructure.providers.mercado_data_provider | DEBUG | RTD: Detalhes completos registrados para VALE3|VALEU866 (Liquidez detectada)
src.infrastructure.providers.mercado_data_provider | DEBUG | RTD: preco_ativo VALE3=72.21 forçado com sucesso
src.infrastructure.providers.mercado_data_provider | DEBUG | RTD: Detalhes completos registrados para SUZB3|SUZBT388W1 (Liquidez detectada)
src.infrastructure.providers.mercado_data_provider | DEBUG | RTD: preco_ativo SUZB3=41.47 forçado com sucesso
src.infrastructure.providers.mercado_data_provider | DEBUG | RTD: Detalhes completos registrados para VALE3|VALET761W2 (Liquidez detectada)
src.infrastructure.providers.mercado_data_provider | DEBUG | RTD: preco_ativo VALE3=72.21 forçado com sucesso
src.infrastructure.providers.mercado_data_provider | DEBUG | RTD: Detalhes completos registrados para VALE3|VALET746W2 (Liquidez detectada)
src.infrastructure.providers.mercado_data_provider | DEBUG | RTD: preco_ativo VALE3=72.21 forçado com sucesso
src.infrastructure.providers.mercado_data_provider | DEBUG | RTD: Detalhes completos registrados para WEGE3|WEGET427W1 (Liquidez detectada)
src.infrastructure.providers.mercado_data_provider | DEBUG | RTD: preco_ativo WEGE3=42.59 forçado com sucesso
src.infrastructure.providers.mercado_data_provider | DEBUG | RTD: Detalhes completos registrados para TEND3|TENDU332 (Liquidez detectada)
src.infrastructure.providers.mercado_data_provider | DEBUG | RTD: preco_ativo TEND3=29.69 forçado com sucesso
src.infrastructure.providers.mercado_data_provider | DEBUG | RTD: Detalhes completos registrados para VBBR3|VBBRU354 (Liquidez detectada)
src.infrastructure.providers.mercado_data_provider | DEBUG | RTD: preco_ativo VBBR3=33.64 forçado com sucesso
src.infrastructure.providers.mercado_data_provider | DEBUG | RTD: Detalhes completos registrados para VALE3|VALEV379 (Liquidez detectada)
src.infrastructure.providers.mercado_data_provider | DEBUG | RTD: preco_ativo VALE3=72.21 forçado com sucesso
src.infrastructure.providers.mercado_data_provider | DEBUG | RTD: Detalhes completos registrados para TEND3|TENDU190 (Liquidez detectada)
src.infrastructure.providers.mercado_data_provider | DEBUG | RTD: preco_ativo TEND3=29.69 forçado com sucesso
src.infrastructure.providers.mercado_data_provider | DEBUG | RTD: Detalhes completos registrados para XPBR31|XPBRU79 (Liquidez detectada)
src.infrastructure.providers.mercado_data_provider | DEBUG | RTD: preco_ativo XPBR31=84.85 forçado com sucesso
src.infrastructure.providers.mercado_data_provider | DEBUG | RTD: Detalhes completos registrados para SUZB3|SUZBT431 (Liquidez detectada)
src.infrastructure.providers.mercado_data_provider | DEBUG | RTD: preco_ativo SUZB3=41.47 forçado com sucesso
src.infrastructure.providers.mercado_data_provider | DEBUG | RTD: Detalhes completos registrados para VALE3|VALEV651W1 (Liquidez detectada)
src.infrastructure.providers.mercado_data_provider | DEBUG | RTD: preco_ativo VALE3=72.21 forçado com sucesso
src.infrastructure.providers.mercado_data_provider | DEBUG | RTD: Detalhes completos registrados para TEND3|TENDT345 (Liquidez detectada)
src.infrastructure.providers.mercado_data_provider | DEBUG | RTD: preco_ativo TEND3=29.69 forçado com sucesso
src.infrastructure.providers.mercado_data_provider | DEBUG | RTD: Detalhes completos registrados para VIVT3|VIVTU343 (Liquidez detectada)
src.infrastructure.providers.mercado_data_provider | DEBUG | RTD: preco_ativo VIVT3=35.51 forçado com sucesso
src.infrastructure.providers.mercado_data_provider | DEBUG | RTD: Detalhes completos registrados para UGPA3|UGPAU222 (Liquidez detectada)
src.infrastructure.providers.mercado_data_provider | DEBUG | RTD: preco_ativo UGPA3=31.63 forçado com sucesso
src.infrastructure.providers.mercado_data_provider | DEBUG | RTD: Detalhes completos registrados para USIM5|USIMT914W1 (Liquidez detectada)
src.infrastructure.providers.mercado_data_provider | DEBUG | RTD: preco_ativo USIM5=8.38 forçado com sucesso
src.infrastructure.providers.mercado_data_provider | DEBUG | RTD: Detalhes completos registrados para VALE3|VALET424 (Liquidez detectada)
src.infrastructure.providers.mercado_data_provider | DEBUG | RTD: preco_ativo VALE3=72.21 forçado com sucesso
src.infrastructure.providers.mercado_data_provider | DEBUG | RTD: Detalhes completos registrados para VBBR3|VBBRT267 (Liquidez detectada)
src.infrastructure.providers.mercado_data_provider | DEBUG | RTD: preco_ativo VBBR3=33.64 forçado com sucesso
src.infrastructure.providers.mercado_data_provider | DEBUG | RTD: Detalhes completos registrados para TOTS3|TOTSU30 (Liquidez detectada)
src.infrastructure.providers.mercado_data_provider | DEBUG | RTD: preco_ativo TOTS3=28.35 forçado com sucesso
src.infrastructure.providers.mercado_data_provider | DEBUG | RTD: Detalhes completos registrados para VALE3|VALET789W4 (Liquidez detectada)
src.infrastructure.providers.mercado_data_provider | DEBUG | RTD: preco_ativo VALE3=72.21 forçado com sucesso
src.infrastructure.providers.mercado_data_provider | DEBUG | RTD: Detalhes completos registrados para VALE3|VALEV830 (Liquidez detectada)
src.infrastructure.providers.mercado_data_provider | DEBUG | RTD: preco_ativo VALE3=72.21 forçado com sucesso
src.infrastructure.providers.mercado_data_provider | DEBUG | RTD: Detalhes completos registrados para SUZB3|SUZBU453 (Liquidez detectada)
src.infrastructure.providers.mercado_data_provider | DEBUG | RTD: preco_ativo SUZB3=41.47 forçado com sucesso
src.infrastructure.providers.mercado_data_provider | DEBUG | RTD: Detalhes completos registrados para VALE3|VALEU761 (Liquidez detectada)
src.infrastructure.providers.mercado_data_provider | DEBUG | RTD: preco_ativo VALE3=72.21 forçado com sucesso
src.infrastructure.providers.mercado_data_provider | DEBUG | RTD: Detalhes completos registrados para WEGE3|WEGES412W5 (Liquidez detectada)
src.infrastructure.providers.mercado_data_provider | DEBUG | RTD: preco_ativo WEGE3=42.59 forçado com sucesso
src.infrastructure.providers.mercado_data_provider | DEBUG | RTD: Detalhes completos registrados para TEND3|TENDT325 (Liquidez detectada)
src.infrastructure.providers.mercado_data_provider | DEBUG | RTD: preco_ativo TEND3=29.69 forçado com sucesso
src.infrastructure.providers.mercado_data_provider | DEBUG | RTD: Detalhes completos registrados para VALE3|VALEV614 (Liquidez detectada)
src.infrastructure.providers.mercado_data_provider | DEBUG | RTD: preco_ativo VALE3=72.21 forçado com sucesso
src.infrastructure.providers.mercado_data_provider | DEBUG | RTD: Detalhes completos registrados para VIVT3|VIVTU382 (Liquidez detectada)
src.infrastructure.providers.mercado_data_provider | DEBUG | RTD: preco_ativo VIVT3=35.51 forçado com sucesso
src.infrastructure.providers.mercado_data_provider | DEBUG | RTD: Detalhes completos registrados para WEGE3|WEGES387W5 (Liquidez detectada)
src.infrastructure.providers.mercado_data_provider | DEBUG | RTD: preco_ativo WEGE3=42.59 forçado com sucesso
src.infrastructure.providers.mercado_data_provider | DEBUG | RTD: Detalhes completos registrados para XPBR31|XPBRT870 (Liquidez detectada)
src.infrastructure.providers.mercado_data_provider | DEBUG | RTD: preco_ativo XPBR31=84.85 forçado com sucesso
src.infrastructure.providers.mercado_data_provider | DEBUG | RTD: Detalhes completos registrados para YDUQ3|YDUQU886 (Liquidez detectada)
src.infrastructure.providers.mercado_data_provider | DEBUG | RTD: preco_ativo YDUQ3=7.92 forçado com sucesso
src.infrastructure.providers.mercado_data_provider | DEBUG | RTD: Detalhes completos registrados para WEGE3|WEGEU436 (Liquidez detectada)
src.infrastructure.providers.mercado_data_provider | DEBUG | RTD: preco_ativo WEGE3=42.59 forçado com sucesso
src.infrastructure.providers.mercado_data_provider | DEBUG | RTD: Detalhes completos registrados para VIVA3|VIVAU221 (Liquidez detectada)
src.infrastructure.providers.mercado_data_provider | DEBUG | RTD: preco_ativo VIVA3=21.38 forçado com sucesso
src.infrastructure.providers.mercado_data_provider | DEBUG | RTD: Detalhes completos registrados para TAEE11|TAEET353 (Liquidez detectada)
src.infrastructure.providers.mercado_data_provider | DEBUG | RTD: preco_ativo TAEE11=41.16 forçado com sucesso
src.infrastructure.providers.mercado_data_provider | DEBUG | RTD: Detalhes completos registrados para WEGE3|WEGEU396 (Liquidez detectada)
src.infrastructure.providers.mercado_data_provider | DEBUG | RTD: preco_ativo WEGE3=42.59 forçado com sucesso
src.infrastructure.providers.mercado_data_provider | DEBUG | RTD: Detalhes completos registrados para TEND3|TENDT295 (Liquidez detectada)
src.infrastructure.providers.mercado_data_provider | DEBUG | RTD: preco_ativo TEND3=29.69 forçado com sucesso
src.infrastructure.providers.mercado_data_provider | DEBUG | RTD: Detalhes completos registrados para VALE3|VALET716W2 (Liquidez detectada)
src.infrastructure.providers.mercado_data_provider | DEBUG | RTD: preco_ativo VALE3=72.21 forçado com sucesso
src.infrastructure.providers.mercado_data_provider | DEBUG | RTD: Detalhes completos registrados para VBBR3|VBBRT359 (Liquidez detectada)
src.infrastructure.providers.mercado_data_provider | DEBUG | RTD: preco_ativo VBBR3=33.64 forçado com sucesso
src.infrastructure.providers.mercado_data_provider | DEBUG | RTD: Detalhes completos registrados para VALE3|VALEU546 (Liquidez detectada)
src.infrastructure.providers.mercado_data_provider | DEBUG | RTD: preco_ativo VALE3=72.21 forçado com sucesso
src.infrastructure.providers.mercado_data_provider | DEBUG | RTD: Detalhes completos registrados para VAMO3|VAMOT50 (Liquidez detectada)
src.infrastructure.providers.mercado_data_provider | DEBUG | RTD: preco_ativo VAMO3=3.10 forçado com sucesso
src.infrastructure.providers.mercado_data_provider | DEBUG | RTD: Detalhes completos registrados para WEGE3|WEGET465 (Liquidez detectada)
src.infrastructure.providers.mercado_data_provider | DEBUG | RTD: preco_ativo WEGE3=42.59 forçado com sucesso
src.infrastructure.providers.mercado_data_provider | DEBUG | RTD: Detalhes completos registrados para SUZB3|SUZBT396W1 (Liquidez detectada)
src.infrastructure.providers.mercado_data_provider | DEBUG | RTD: preco_ativo SUZB3=41.47 forçado com sucesso
src.infrastructure.providers.mercado_data_provider | DEBUG | RTD: Detalhes completos registrados para TAEE11|TAEEU400 (Liquidez detectada)
src.infrastructure.providers.mercado_data_provider | DEBUG | RTD: preco_ativo TAEE11=41.16 forçado com sucesso
src.infrastructure.providers.mercado_data_provider | DEBUG | RTD: Detalhes completos registrados para TUPY3|TUPYT142 (Liquidez detectada)
src.infrastructure.providers.mercado_data_provider | DEBUG | RTD: preco_ativo TUPY3=15.33 forçado com sucesso
src.ui.desktop.monitor_worker | INFO | Manutenção: novos books + prioridades em 0.11s
src.ui.desktop.monitor_worker | INFO | Ciclo: monitor=4.977s colar=0.000s cal=0.000s box=0.000s manut=0.110s mpp=0.000s total=5.086s
src.infrastructure.providers.mercado_data_provider | DEBUG | Varredura: _chaves_com_book=10034 _chaves_detalhes=10034
src.infrastructure.providers.mercado_data_provider | DEBUG | Varredura: sem_preco=0 sem_dados_rtd=5 chaves_com_book=10034
src.infrastructure.providers.mercado_data_provider | INFO | Varredura(F): monitor=38476 book=10029 | reg=0.000 ref=0.008 var=0.223 total=0.231 | inst_map=0.000 | onda2=997(0.031) onda1=0(0.000) cab_skip=9037 status=0.159
src.application.use_cases.monitor_oportunidades | INFO | PipelineTracker BOX/SBTH: 10029 -> 10029 (viaveis=0)
src.application.use_cases.monitor_colares_calendario | INFO | PipelineTracker (COLLAR_CALENDARIO): 10029 -> 157
src.application.use_cases.monitor_colares_calendario | DEBUG | CollarCal PETR4: calls=3 puts=0
src.application.use_cases.monitor_colares_calendario | DEBUG | CollarCal PETR4 call: PETRH314 strike=30.36 dte=31 ocp=11.3700
src.application.use_cases.monitor_colares_calendario | DEBUG | CollarCal PETR4 call: PETRH317 strike=30.61 dte=31 ocp=11.2100
src.application.use_cases.monitor_colares_calendario | DEBUG | CollarCal PETR4 call: PETRH302 strike=29.11 dte=31 ocp=12.0600
src.ui.desktop.monitor_worker | INFO | Ciclo: monitor=4.212s colar=0.000s cal=0.256s box=0.000s manut=0.000s mpp=0.000s total=4.468s
src.infrastructure.providers.mercado_data_provider | DEBUG | Varredura: _chaves_com_book=10034 _chaves_detalhes=10034
src.infrastructure.providers.mercado_data_provider | DEBUG | Varredura: sem_preco=0 sem_dados_rtd=6 chaves_com_book=10034
src.infrastructure.providers.mercado_data_provider | INFO | Varredura(F): monitor=38476 book=10028 | reg=0.000 ref=0.012 var=0.227 total=0.239 | inst_map=0.000 | onda2=1249(0.039) onda1=0(0.000) cab_skip=8785 status=0.156
src.application.use_cases.monitor_oportunidades | INFO | PipelineTracker BOX/SBTH: 10028 -> 10028 (viaveis=0)
src.infrastructure.providers.mercado_data_provider | DEBUG | RTD: Detalhes completos registrados para SUZB3|SUZBX378 (Liquidez detectada)
src.infrastructure.providers.mercado_data_provider | DEBUG | RTD: preco_ativo SUZB3=41.47 forçado com sucesso
src.infrastructure.providers.mercado_data_provider | DEBUG | RTD: Detalhes completos registrados para TAEE11|TAEET40 (Liquidez detectada)
src.infrastructure.providers.mercado_data_provider | DEBUG | RTD: preco_ativo TAEE11=41.19 forçado com sucesso
src.infrastructure.providers.mercado_data_provider | DEBUG | RTD: Detalhes completos registrados para SUZB3|SUZBU428 (Liquidez detectada)
src.infrastructure.providers.mercado_data_provider | DEBUG | RTD: preco_ativo SUZB3=41.47 forçado com sucesso
src.infrastructure.providers.mercado_data_provider | DEBUG | RTD: Detalhes completos registrados para VALE3|VALEU781 (Liquidez detectada)
src.infrastructure.providers.mercado_data_provider | DEBUG | RTD: preco_ativo VALE3=72.21 forçado com sucesso
src.infrastructure.providers.mercado_data_provider | DEBUG | RTD: Detalhes completos registrados para YDUQ3|YDUQU716 (Liquidez detectada)
src.infrastructure.providers.mercado_data_provider | DEBUG | RTD: preco_ativo YDUQ3=7.92 forçado com sucesso
src.infrastructure.providers.mercado_data_provider | DEBUG | RTD: Detalhes completos registrados para VIVT3|VIVTT373 (Liquidez detectada)
src.infrastructure.providers.mercado_data_provider | DEBUG | RTD: preco_ativo VIVT3=35.51 forçado com sucesso
src.infrastructure.providers.mercado_data_provider | DEBUG | RTD: Detalhes completos registrados para XPBR31|XPBRU100 (Liquidez detectada)
src.infrastructure.providers.mercado_data_provider | DEBUG | RTD: preco_ativo XPBR31=84.85 forçado com sucesso
src.infrastructure.providers.mercado_data_provider | DEBUG | RTD: Detalhes completos registrados para VBBR3|VBBRT324 (Liquidez detectada)
src.infrastructure.providers.mercado_data_provider | DEBUG | RTD: preco_ativo VBBR3=33.64 forçado com sucesso
src.infrastructure.providers.mercado_data_provider | DEBUG | RTD: Detalhes completos registrados para XPBR31|XPBRU985 (Liquidez detectada)
src.infrastructure.providers.mercado_data_provider | DEBUG | RTD: preco_ativo XPBR31=84.85 forçado com sucesso
src.infrastructure.providers.mercado_data_provider | DEBUG | RTD: Detalhes completos registrados para TAEE11|TAEEU403W2 (Liquidez detectada)
src.infrastructure.providers.mercado_data_provider | DEBUG | RTD: preco_ativo TAEE11=41.19 forçado com sucesso
src.infrastructure.providers.mercado_data_provider | DEBUG | RTD: Detalhes completos registrados para VALE3|VALET734 (Liquidez detectada)
src.infrastructure.providers.mercado_data_provider | DEBUG | RTD: preco_ativo VALE3=72.21 forçado com sucesso
src.infrastructure.providers.mercado_data_provider | DEBUG | RTD: Detalhes completos registrados para YDUQ3|YDUQU776 (Liquidez detectada)
src.infrastructure.providers.mercado_data_provider | DEBUG | RTD: preco_ativo YDUQ3=7.92 forçado com sucesso
src.infrastructure.providers.mercado_data_provider | DEBUG | RTD: Detalhes completos registrados para WEGE3|WEGEU350 (Liquidez detectada)
src.infrastructure.providers.mercado_data_provider | DEBUG | RTD: preco_ativo WEGE3=42.59 forçado com sucesso
src.infrastructure.providers.mercado_data_provider | DEBUG | RTD: Detalhes completos registrados para VIVA3|VIVAU196 (Liquidez detectada)
src.infrastructure.providers.mercado_data_provider | DEBUG | RTD: preco_ativo VIVA3=21.38 forçado com sucesso
src.infrastructure.providers.mercado_data_provider | DEBUG | RTD: Detalhes completos registrados para TAEE11|TAEEV256 (Liquidez detectada)
src.infrastructure.providers.mercado_data_provider | DEBUG | RTD: preco_ativo TAEE11=41.19 forçado com sucesso
src.infrastructure.providers.mercado_data_provider | DEBUG | RTD: Detalhes completos registrados para TAEE11|TAEEU363W2 (Liquidez detectada)
src.infrastructure.providers.mercado_data_provider | DEBUG | RTD: preco_ativo TAEE11=41.19 forçado com sucesso
src.infrastructure.providers.mercado_data_provider | DEBUG | RTD: Detalhes completos registrados para TIMS3|TIMST204 (Liquidez detectada)
src.infrastructure.providers.mercado_data_provider | DEBUG | RTD: preco_ativo TIMS3=22.41 forçado com sucesso
src.infrastructure.providers.mercado_data_provider | DEBUG | RTD: Detalhes completos registrados para VBBR3|VBBRT255 (Liquidez detectada)
src.infrastructure.providers.mercado_data_provider | DEBUG | RTD: preco_ativo VBBR3=33.64 forçado com sucesso
src.infrastructure.providers.mercado_data_provider | DEBUG | RTD: Detalhes completos registrados para WEGE3|WEGEX412 (Liquidez detectada)
src.infrastructure.providers.mercado_data_provider | DEBUG | RTD: preco_ativo WEGE3=42.59 forçado com sucesso
src.infrastructure.providers.mercado_data_provider | DEBUG | RTD: Detalhes completos registrados para XPBR31|XPBRT820 (Liquidez detectada)
src.infrastructure.providers.mercado_data_provider | DEBUG | RTD: preco_ativo XPBR31=84.85 forçado com sucesso
src.infrastructure.providers.mercado_data_provider | DEBUG | RTD: Detalhes completos registrados para VALE3|VALET760 (Liquidez detectada)
src.infrastructure.providers.mercado_data_provider | DEBUG | RTD: preco_ativo VALE3=72.21 forçado com sucesso
src.infrastructure.providers.mercado_data_provider | DEBUG | RTD: Detalhes completos registrados para VALE3|VALET364 (Liquidez detectada)
src.infrastructure.providers.mercado_data_provider | DEBUG | RTD: preco_ativo VALE3=72.21 forçado com sucesso
src.infrastructure.providers.mercado_data_provider | DEBUG | RTD: Detalhes completos registrados para TIMS3|TIMSU228 (Liquidez detectada)
src.infrastructure.providers.mercado_data_provider | DEBUG | RTD: preco_ativo TIMS3=22.41 forçado com sucesso
src.infrastructure.providers.mercado_data_provider | DEBUG | RTD: Detalhes completos registrados para TTEN3|TTENT151 (Liquidez detectada)
src.infrastructure.providers.mercado_data_provider | DEBUG | RTD: preco_ativo TTEN3=15.02 forçado com sucesso
src.infrastructure.providers.mercado_data_provider | DEBUG | RTD: Detalhes completos registrados para SUZB3|SUZBU303 (Liquidez detectada)
src.infrastructure.providers.mercado_data_provider | DEBUG | RTD: preco_ativo SUZB3=41.47 forçado com sucesso
src.infrastructure.providers.mercado_data_provider | DEBUG | RTD: Detalhes completos registrados para SUZB3|SUZBU361 (Liquidez detectada)
src.infrastructure.providers.mercado_data_provider | DEBUG | RTD: preco_ativo SUZB3=41.47 forçado com sucesso
src.infrastructure.providers.mercado_data_provider | DEBUG | RTD: Detalhes completos registrados para YDUQ3|YDUQT806 (Liquidez detectada)
src.infrastructure.providers.mercado_data_provider | DEBUG | RTD: preco_ativo YDUQ3=7.92 forçado com sucesso
src.infrastructure.providers.mercado_data_provider | DEBUG | RTD: Detalhes completos registrados para SUZB3|SUZBU396 (Liquidez detectada)
src.infrastructure.providers.mercado_data_provider | DEBUG | RTD: preco_ativo SUZB3=41.47 forçado com sucesso
src.infrastructure.providers.mercado_data_provider | DEBUG | RTD: Detalhes completos registrados para TAEE11|TAEET381 (Liquidez detectada)
src.infrastructure.providers.mercado_data_provider | DEBUG | RTD: preco_ativo TAEE11=41.19 forçado com sucesso
src.infrastructure.providers.mercado_data_provider | DEBUG | RTD: Detalhes completos registrados para VALE3|VALET641W1 (Liquidez detectada)
src.infrastructure.providers.mercado_data_provider | DEBUG | RTD: preco_ativo VALE3=72.21 forçado com sucesso
src.infrastructure.providers.mercado_data_provider | DEBUG | RTD: Detalhes completos registrados para VALE3|VALET354 (Liquidez detectada)
src.infrastructure.providers.mercado_data_provider | DEBUG | RTD: preco_ativo VALE3=72.21 forçado com sucesso
src.infrastructure.providers.mercado_data_provider | DEBUG | RTD: Detalhes completos registrados para UGPA3|UGPAT342 (Liquidez detectada)
src.infrastructure.providers.mercado_data_provider | DEBUG | RTD: preco_ativo UGPA3=31.63 forçado com sucesso
src.infrastructure.providers.mercado_data_provider | DEBUG | RTD: Detalhes completos registrados para VLID3|VLIDU147 (Liquidez detectada)
src.infrastructure.providers.mercado_data_provider | DEBUG | RTD: preco_ativo VLID3=17.61 forçado com sucesso
src.infrastructure.providers.mercado_data_provider | DEBUG | RTD: Detalhes completos registrados para VAMO3|VAMOU260 (Liquidez detectada)
src.infrastructure.providers.mercado_data_provider | DEBUG | RTD: preco_ativo VAMO3=3.10 forçado com sucesso
src.infrastructure.providers.mercado_data_provider | DEBUG | RTD: Detalhes completos registrados para VALE3|VALEV677 (Liquidez detectada)
src.infrastructure.providers.mercado_data_provider | DEBUG | RTD: preco_ativo VALE3=72.21 forçado com sucesso
src.infrastructure.providers.mercado_data_provider | DEBUG | RTD: Detalhes completos registrados para TAEE11|TAEEU341 (Liquidez detectada)
src.infrastructure.providers.mercado_data_provider | DEBUG | RTD: preco_ativo TAEE11=41.19 forçado com sucesso
src.infrastructure.providers.mercado_data_provider | DEBUG | RTD: Detalhes completos registrados para VALE3|VALEU861 (Liquidez detectada)
src.infrastructure.providers.mercado_data_provider | DEBUG | RTD: preco_ativo VALE3=72.21 forçado com sucesso
src.infrastructure.providers.mercado_data_provider | DEBUG | RTD: Detalhes completos registrados para USIM5|USIMT570 (Liquidez detectada)
src.infrastructure.providers.mercado_data_provider | DEBUG | RTD: preco_ativo USIM5=8.38 forçado com sucesso
src.infrastructure.providers.mercado_data_provider | DEBUG | RTD: Detalhes completos registrados para VLID3|VLIDU177 (Liquidez detectada)
src.infrastructure.providers.mercado_data_provider | DEBUG | RTD: preco_ativo VLID3=17.61 forçado com sucesso
src.infrastructure.providers.mercado_data_provider | DEBUG | RTD: Detalhes completos registrados para VBBR3|VBBRU292 (Liquidez detectada)
src.infrastructure.providers.mercado_data_provider | DEBUG | RTD: preco_ativo VBBR3=33.64 forçado com sucesso
src.infrastructure.providers.mercado_data_provider | DEBUG | RTD: Detalhes completos registrados para USIM5|USIMU125 (Liquidez detectada)
src.infrastructure.providers.mercado_data_provider | DEBUG | RTD: preco_ativo USIM5=8.38 forçado com sucesso
src.infrastructure.providers.mercado_data_provider | DEBUG | RTD: Detalhes completos registrados para TEND3|TENDU312 (Liquidez detectada)
src.infrastructure.providers.mercado_data_provider | DEBUG | RTD: preco_ativo TEND3=29.69 forçado com sucesso
src.infrastructure.providers.mercado_data_provider | DEBUG | RTD: Detalhes completos registrados para SUZB3|SUZBU348 (Liquidez detectada)
src.infrastructure.providers.mercado_data_provider | DEBUG | RTD: preco_ativo SUZB3=41.47 forçado com sucesso
src.infrastructure.providers.mercado_data_provider | DEBUG | RTD: Detalhes completos registrados para TAEE11|TAEET426 (Liquidez detectada)
src.infrastructure.providers.mercado_data_provider | DEBUG | RTD: preco_ativo TAEE11=41.19 forçado com sucesso
src.infrastructure.providers.mercado_data_provider | DEBUG | RTD: Detalhes completos registrados para VALE3|VALET644 (Liquidez detectada)
src.infrastructure.providers.mercado_data_provider | DEBUG | RTD: preco_ativo VALE3=72.21 forçado com sucesso
src.infrastructure.providers.mercado_data_provider | DEBUG | RTD: Detalhes completos registrados para SUZB3|SUZBT398W1 (Liquidez detectada)
src.infrastructure.providers.mercado_data_provider | DEBUG | RTD: preco_ativo SUZB3=41.47 forçado com sucesso
src.infrastructure.providers.mercado_data_provider | DEBUG | RTD: Detalhes completos registrados para VALE3|VALET619 (Liquidez detectada)
src.infrastructure.providers.mercado_data_provider | DEBUG | RTD: preco_ativo VALE3=72.21 forçado com sucesso
src.infrastructure.providers.mercado_data_provider | DEBUG | RTD: Detalhes completos registrados para UGPA3|UGPAT317 (Liquidez detectada)
src.infrastructure.providers.mercado_data_provider | DEBUG | RTD: preco_ativo UGPA3=31.63 forçado com sucesso
src.infrastructure.providers.mercado_data_provider | DEBUG | RTD: Detalhes completos registrados para VALE3|VALEU836 (Liquidez detectada)
src.infrastructure.providers.mercado_data_provider | DEBUG | RTD: preco_ativo VALE3=72.21 forçado com sucesso
src.infrastructure.providers.mercado_data_provider | DEBUG | RTD: Detalhes completos registrados para VBBR3|VBBRT322 (Liquidez detectada)
src.infrastructure.providers.mercado_data_provider | DEBUG | RTD: preco_ativo VBBR3=33.64 forçado com sucesso
src.infrastructure.providers.mercado_data_provider | DEBUG | RTD: Detalhes completos registrados para VIVT3|VIVTX390 (Liquidez detectada)
src.infrastructure.providers.mercado_data_provider | DEBUG | RTD: preco_ativo VIVT3=35.51 forçado com sucesso
src.infrastructure.providers.mercado_data_provider | DEBUG | RTD: Detalhes completos registrados para TEND3|TENDU247 (Liquidez detectada)
src.infrastructure.providers.mercado_data_provider | DEBUG | RTD: preco_ativo TEND3=29.69 forçado com sucesso
src.infrastructure.providers.mercado_data_provider | DEBUG | RTD: Detalhes completos registrados para VALE3|VALEX800 (Liquidez detectada)
src.infrastructure.providers.mercado_data_provider | DEBUG | RTD: preco_ativo VALE3=72.21 forçado com sucesso
src.infrastructure.providers.mercado_data_provider | DEBUG | RTD: Detalhes completos registrados para VALE3|VALET721W2 (Liquidez detectada)
src.infrastructure.providers.mercado_data_provider | DEBUG | RTD: preco_ativo VALE3=72.21 forçado com sucesso
src.infrastructure.providers.mercado_data_provider | DEBUG | RTD: Detalhes completos registrados para VIVA3|VIVAT20 (Liquidez detectada)
src.infrastructure.providers.mercado_data_provider | DEBUG | RTD: preco_ativo VIVA3=21.38 forçado com sucesso
src.infrastructure.providers.mercado_data_provider | DEBUG | RTD: Detalhes completos registrados para VALE3|VALEU731 (Liquidez detectada)
src.infrastructure.providers.mercado_data_provider | DEBUG | RTD: preco_ativo VALE3=72.21 forçado com sucesso
src.infrastructure.providers.mercado_data_provider | DEBUG | RTD: Detalhes completos registrados para VALE3|VALEM66 (Liquidez detectada)
src.infrastructure.providers.mercado_data_provider | DEBUG | RTD: preco_ativo VALE3=72.21 forçado com sucesso
src.infrastructure.providers.mercado_data_provider | DEBUG | RTD: Detalhes completos registrados para SUZB3|SUZBS396W5 (Liquidez detectada)
src.infrastructure.providers.mercado_data_provider | DEBUG | RTD: preco_ativo SUZB3=41.47 forçado com sucesso
src.infrastructure.providers.mercado_data_provider | DEBUG | RTD: Detalhes completos registrados para VALE3|VALEU896 (Liquidez detectada)
src.infrastructure.providers.mercado_data_provider | DEBUG | RTD: preco_ativo VALE3=72.21 forçado com sucesso
src.ui.desktop.monitor_worker | INFO | Manutenção: novos books + prioridades em 0.09s
src.ui.desktop.monitor_worker | INFO | Ciclo: monitor=3.947s colar=0.000s cal=0.000s box=0.000s manut=0.092s mpp=0.000s total=4.039s
src.infrastructure.providers.mercado_data_provider | DEBUG | Varredura: _chaves_com_book=10093 _chaves_detalhes=10093
src.infrastructure.providers.mercado_data_provider | DEBUG | Varredura: sem_preco=0 sem_dados_rtd=7 chaves_com_book=10093
src.infrastructure.providers.mercado_data_provider | INFO | Varredura(F): monitor=38476 book=10086 | reg=0.000 ref=0.011 var=0.244 total=0.254 | inst_map=0.000 | onda2=1153(0.039) onda1=0(0.000) cab_skip=8940 status=0.168
src.application.use_cases.monitor_oportunidades | INFO | PipelineTracker BOX/SBTH: 10086 -> 10086 (viaveis=0)
src.ui.desktop.monitor_worker | INFO | Ciclo: monitor=4.337s colar=0.000s cal=0.000s box=0.000s manut=0.000s mpp=0.000s total=4.337s
src.infrastructure.providers.mercado_data_provider | DEBUG | Varredura: _chaves_com_book=10093 _chaves_detalhes=10093
src.infrastructure.providers.mercado_data_provider | DEBUG | Varredura: sem_preco=0 sem_dados_rtd=7 chaves_com_book=10093
src.infrastructure.providers.mercado_data_provider | INFO | Varredura(F): monitor=38476 book=10086 | reg=0.000 ref=0.010 var=0.229 total=0.239 | inst_map=0.000 | onda2=886(0.029) onda1=0(0.000) cab_skip=9207 status=0.167
src.application.use_cases.monitor_oportunidades | INFO | PipelineTracker BOX/SBTH: 10086 -> 10086 (viaveis=0)
src.application.use_cases.monitor_colares_calendario | INFO | PipelineTracker (COLLAR_CALENDARIO): 10086 -> 207
src.application.use_cases.monitor_colares_calendario | DEBUG | CollarCal PETR4: calls=3 puts=0
src.application.use_cases.monitor_colares_calendario | DEBUG | CollarCal PETR4 call: PETRH314 strike=30.36 dte=31 ocp=11.3700
src.application.use_cases.monitor_colares_calendario | DEBUG | CollarCal PETR4 call: PETRH317 strike=30.61 dte=31 ocp=11.2100
src.application.use_cases.monitor_colares_calendario | DEBUG | CollarCal PETR4 call: PETRH302 strike=29.11 dte=31 ocp=12.0600
urllib3.connectionpool | DEBUG | Starting new HTTPS connection (1): opcoes.net.br:443
urllib3.connectionpool | DEBUG | https://opcoes.net.br:443 "GET /api/v1?z=178465456&r0t=QuotesHistoryByAsset&r0p.assets_ids=BBDC4&r0p.timeframe=Day HTTP/1.1" 200 None
urllib3.connectionpool | DEBUG | Starting new HTTPS connection (1): opcoes.net.br:443
urllib3.connectionpool | DEBUG | https://opcoes.net.br:443 "GET /api/v1?z=178465456&r0t=QuotesHistoryByAsset&r0p.assets_ids=BBSE3&r0p.timeframe=Day HTTP/1.1" 200 None
src.infrastructure.providers.mercado_data_provider | DEBUG | RTD: Detalhes completos registrados para VIVT3|VIVTT311 (Liquidez detectada)
src.infrastructure.providers.mercado_data_provider | DEBUG | RTD: preco_ativo VIVT3=35.51 forçado com sucesso
src.infrastructure.providers.mercado_data_provider | DEBUG | RTD: Detalhes completos registrados para VBBR3|VBBRU319 (Liquidez detectada)
src.infrastructure.providers.mercado_data_provider | DEBUG | RTD: preco_ativo VBBR3=33.64 forçado com sucesso
src.infrastructure.providers.mercado_data_provider | DEBUG | RTD: Detalhes completos registrados para WEGE3|WEGET422 (Liquidez detectada)
src.infrastructure.providers.mercado_data_provider | DEBUG | RTD: preco_ativo WEGE3=42.59 forçado com sucesso
src.infrastructure.providers.mercado_data_provider | DEBUG | RTD: Detalhes completos registrados para WEGE3|WEGES462W5 (Liquidez detectada)
src.infrastructure.providers.mercado_data_provider | DEBUG | RTD: preco_ativo WEGE3=42.59 forçado com sucesso
src.infrastructure.providers.mercado_data_provider | DEBUG | RTD: Detalhes completos registrados para WEGE3|WEGEU483 (Liquidez detectada)
src.infrastructure.providers.mercado_data_provider | DEBUG | RTD: preco_ativo WEGE3=42.59 forçado com sucesso
src.infrastructure.providers.mercado_data_provider | DEBUG | RTD: Detalhes completos registrados para VAMO3|VAMOT336 (Liquidez detectada)
src.infrastructure.providers.mercado_data_provider | DEBUG | RTD: preco_ativo VAMO3=3.10 forçado com sucesso
src.infrastructure.providers.mercado_data_provider | DEBUG | RTD: Detalhes completos registrados para TAEE11|TAEEU326 (Liquidez detectada)
src.infrastructure.providers.mercado_data_provider | DEBUG | RTD: preco_ativo TAEE11=41.19 forçado com sucesso
src.infrastructure.providers.mercado_data_provider | DEBUG | RTD: Detalhes completos registrados para VALE3|VALEU376 (Liquidez detectada)
src.infrastructure.providers.mercado_data_provider | DEBUG | RTD: preco_ativo VALE3=72.21 forçado com sucesso
src.infrastructure.providers.mercado_data_provider | DEBUG | RTD: Detalhes completos registrados para USIM5|USIMT970 (Liquidez detectada)
src.infrastructure.providers.mercado_data_provider | DEBUG | RTD: preco_ativo USIM5=8.38 forçado com sucesso
src.infrastructure.providers.mercado_data_provider | DEBUG | RTD: Detalhes completos registrados para YDUQ3|YDUQT686 (Liquidez detectada)
src.infrastructure.providers.mercado_data_provider | DEBUG | RTD: preco_ativo YDUQ3=7.92 forçado com sucesso
src.infrastructure.providers.mercado_data_provider | DEBUG | RTD: Detalhes completos registrados para TUPY3|TUPYT135 (Liquidez detectada)
src.infrastructure.providers.mercado_data_provider | DEBUG | RTD: preco_ativo TUPY3=15.31 forçado com sucesso
src.infrastructure.providers.mercado_data_provider | DEBUG | RTD: Detalhes completos registrados para VIVT3|VIVTT295 (Liquidez detectada)
src.infrastructure.providers.mercado_data_provider | DEBUG | RTD: preco_ativo VIVT3=35.51 forçado com sucesso
src.infrastructure.providers.mercado_data_provider | DEBUG | RTD: Detalhes completos registrados para WEGE3|WEGET405 (Liquidez detectada)
src.infrastructure.providers.mercado_data_provider | DEBUG | RTD: preco_ativo WEGE3=42.59 forçado com sucesso
src.infrastructure.providers.mercado_data_provider | DEBUG | RTD: Detalhes completos registrados para VALE3|VALEM631 (Liquidez detectada)
src.infrastructure.providers.mercado_data_provider | DEBUG | RTD: preco_ativo VALE3=72.21 forçado com sucesso
src.infrastructure.providers.mercado_data_provider | DEBUG | RTD: Detalhes completos registrados para SUZB3|SUZBU433 (Liquidez detectada)
src.infrastructure.providers.mercado_data_provider | DEBUG | RTD: preco_ativo SUZB3=41.47 forçado com sucesso
src.infrastructure.providers.mercado_data_provider | DEBUG | RTD: Detalhes completos registrados para VULC3|VULCU17 (Liquidez detectada)
src.infrastructure.providers.mercado_data_provider | DEBUG | RTD: preco_ativo VULC3=14.05 forçado com sucesso
src.infrastructure.providers.mercado_data_provider | DEBUG | RTD: Detalhes completos registrados para SUZB3|SUZBT403 (Liquidez detectada)
src.infrastructure.providers.mercado_data_provider | DEBUG | RTD: preco_ativo SUZB3=41.47 forçado com sucesso
src.infrastructure.providers.mercado_data_provider | DEBUG | RTD: Detalhes completos registrados para TEND3|TENDT340 (Liquidez detectada)
src.infrastructure.providers.mercado_data_provider | DEBUG | RTD: preco_ativo TEND3=29.69 forçado com sucesso
src.infrastructure.providers.mercado_data_provider | DEBUG | RTD: Detalhes completos registrados para TAEE11|TAEEM348 (Liquidez detectada)
src.infrastructure.providers.mercado_data_provider | DEBUG | RTD: preco_ativo TAEE11=41.19 forçado com sucesso
src.infrastructure.providers.mercado_data_provider | DEBUG | RTD: Detalhes completos registrados para WEGE3|WEGET329 (Liquidez detectada)
src.infrastructure.providers.mercado_data_provider | DEBUG | RTD: preco_ativo WEGE3=42.59 forçado com sucesso
src.infrastructure.providers.mercado_data_provider | DEBUG | RTD: Detalhes completos registrados para SUZB3|SUZBU336 (Liquidez detectada)
src.infrastructure.providers.mercado_data_provider | DEBUG | RTD: preco_ativo SUZB3=41.47 forçado com sucesso
src.infrastructure.providers.mercado_data_provider | DEBUG | RTD: Detalhes completos registrados para VIVT3|VIVTT341 (Liquidez detectada)
src.infrastructure.providers.mercado_data_provider | DEBUG | RTD: preco_ativo VIVT3=35.51 forçado com sucesso
src.infrastructure.providers.mercado_data_provider | DEBUG | RTD: Detalhes completos registrados para USIM5|USIMT990 (Liquidez detectada)
src.infrastructure.providers.mercado_data_provider | DEBUG | RTD: preco_ativo USIM5=8.38 forçado com sucesso
src.infrastructure.providers.mercado_data_provider | DEBUG | RTD: Detalhes completos registrados para YDUQ3|YDUQU896 (Liquidez detectada)
src.infrastructure.providers.mercado_data_provider | DEBUG | RTD: preco_ativo YDUQ3=7.92 forçado com sucesso
src.infrastructure.providers.mercado_data_provider | DEBUG | RTD: Detalhes completos registrados para TOTS3|TOTST314 (Liquidez detectada)
src.infrastructure.providers.mercado_data_provider | DEBUG | RTD: preco_ativo TOTS3=28.35 forçado com sucesso
src.infrastructure.providers.mercado_data_provider | DEBUG | RTD: Detalhes completos registrados para SUZB3|SUZBU456 (Liquidez detectada)
src.infrastructure.providers.mercado_data_provider | DEBUG | RTD: preco_ativo SUZB3=41.47 forçado com sucesso
src.infrastructure.providers.mercado_data_provider | DEBUG | RTD: Detalhes completos registrados para SUZB3|SUZBU408 (Liquidez detectada)
src.infrastructure.providers.mercado_data_provider | DEBUG | RTD: preco_ativo SUZB3=41.47 forçado com sucesso
src.infrastructure.providers.mercado_data_provider | DEBUG | RTD: Detalhes completos registrados para TEND3|TENDT335 (Liquidez detectada)
src.infrastructure.providers.mercado_data_provider | DEBUG | RTD: preco_ativo TEND3=29.69 forçado com sucesso
src.infrastructure.providers.mercado_data_provider | DEBUG | RTD: Detalhes completos registrados para USIM5|USIMT880 (Liquidez detectada)
src.infrastructure.providers.mercado_data_provider | DEBUG | RTD: preco_ativo USIM5=8.38 forçado com sucesso
src.infrastructure.providers.mercado_data_provider | DEBUG | RTD: Detalhes completos registrados para SUZB3|SUZBX396 (Liquidez detectada)
src.infrastructure.providers.mercado_data_provider | DEBUG | RTD: preco_ativo SUZB3=41.47 forçado com sucesso
src.infrastructure.providers.mercado_data_provider | DEBUG | RTD: Detalhes completos registrados para VBBR3|VBBRT367 (Liquidez detectada)
src.infrastructure.providers.mercado_data_provider | DEBUG | RTD: preco_ativo VBBR3=33.64 forçado com sucesso
src.infrastructure.providers.mercado_data_provider | DEBUG | RTD: Detalhes completos registrados para SUZB3|SUZBT373W1 (Liquidez detectada)
src.infrastructure.providers.mercado_data_provider | DEBUG | RTD: preco_ativo SUZB3=41.47 forçado com sucesso
src.infrastructure.providers.mercado_data_provider | DEBUG | RTD: Detalhes completos registrados para USIM5|USIMT860 (Liquidez detectada)
src.infrastructure.providers.mercado_data_provider | DEBUG | RTD: preco_ativo USIM5=8.38 forçado com sucesso
src.infrastructure.providers.mercado_data_provider | DEBUG | RTD: Detalhes completos registrados para USIM5|USIMS964W5 (Liquidez detectada)
src.infrastructure.providers.mercado_data_provider | DEBUG | RTD: preco_ativo USIM5=8.38 forçado com sucesso
src.infrastructure.providers.mercado_data_provider | DEBUG | RTD: Detalhes completos registrados para VAMO3|VAMOU356 (Liquidez detectada)
src.infrastructure.providers.mercado_data_provider | DEBUG | RTD: preco_ativo VAMO3=3.10 forçado com sucesso
src.infrastructure.providers.mercado_data_provider | DEBUG | RTD: Detalhes completos registrados para VALE3|VALET659 (Liquidez detectada)
src.infrastructure.providers.mercado_data_provider | DEBUG | RTD: preco_ativo VALE3=72.21 forçado com sucesso
src.infrastructure.providers.mercado_data_provider | DEBUG | RTD: Detalhes completos registrados para VALE3|VALEX57 (Liquidez detectada)
src.infrastructure.providers.mercado_data_provider | DEBUG | RTD: preco_ativo VALE3=72.21 forçado com sucesso
src.infrastructure.providers.mercado_data_provider | DEBUG | RTD: Detalhes completos registrados para SUZB3|SUZBV461 (Liquidez detectada)
src.infrastructure.providers.mercado_data_provider | DEBUG | RTD: preco_ativo SUZB3=41.47 forçado com sucesso
src.infrastructure.providers.mercado_data_provider | DEBUG | RTD: Detalhes completos registrados para YDUQ3|YDUQT626 (Liquidez detectada)
src.infrastructure.providers.mercado_data_provider | DEBUG | RTD: preco_ativo YDUQ3=7.92 forçado com sucesso
src.infrastructure.providers.mercado_data_provider | DEBUG | RTD: Detalhes completos registrados para WIZC3|WIZCT812 (Liquidez detectada)
src.infrastructure.providers.mercado_data_provider | DEBUG | RTD: preco_ativo WIZC3=8.26 forçado com sucesso
src.infrastructure.providers.mercado_data_provider | DEBUG | RTD: Detalhes completos registrados para SUZB3|SUZBT383 (Liquidez detectada)
src.infrastructure.providers.mercado_data_provider | DEBUG | RTD: preco_ativo SUZB3=41.47 forçado com sucesso
src.infrastructure.providers.mercado_data_provider | DEBUG | RTD: Detalhes completos registrados para VBBR3|VBBRT262 (Liquidez detectada)
src.infrastructure.providers.mercado_data_provider | DEBUG | RTD: preco_ativo VBBR3=33.64 forçado com sucesso
src.infrastructure.providers.mercado_data_provider | DEBUG | RTD: Detalhes completos registrados para TOTS3|TOTSU257 (Liquidez detectada)
src.infrastructure.providers.mercado_data_provider | DEBUG | RTD: preco_ativo TOTS3=28.35 forçado com sucesso
src.infrastructure.providers.mercado_data_provider | DEBUG | RTD: Detalhes completos registrados para VALE3|VALEX914 (Liquidez detectada)
src.infrastructure.providers.mercado_data_provider | DEBUG | RTD: preco_ativo VALE3=72.21 forçado com sucesso
src.infrastructure.providers.mercado_data_provider | DEBUG | RTD: Detalhes completos registrados para VIVA3|VIVAU141 (Liquidez detectada)
src.infrastructure.providers.mercado_data_provider | DEBUG | RTD: preco_ativo VIVA3=21.38 forçado com sucesso
src.infrastructure.providers.mercado_data_provider | DEBUG | RTD: Detalhes completos registrados para UGPA3|UGPAT255 (Liquidez detectada)
src.infrastructure.providers.mercado_data_provider | DEBUG | RTD: preco_ativo UGPA3=31.63 forçado com sucesso
src.infrastructure.providers.mercado_data_provider | DEBUG | RTD: Detalhes completos registrados para UGPA3|UGPAU297 (Liquidez detectada)
src.infrastructure.providers.mercado_data_provider | DEBUG | RTD: preco_ativo UGPA3=31.63 forçado com sucesso
src.infrastructure.providers.mercado_data_provider | DEBUG | RTD: Detalhes completos registrados para WEGE3|WEGET439W1 (Liquidez detectada)
src.infrastructure.providers.mercado_data_provider | DEBUG | RTD: preco_ativo WEGE3=42.59 forçado com sucesso
src.infrastructure.providers.mercado_data_provider | DEBUG | RTD: Detalhes completos registrados para USIM5|USIMU132 (Liquidez detectada)
src.infrastructure.providers.mercado_data_provider | DEBUG | RTD: preco_ativo USIM5=8.38 forçado com sucesso
src.infrastructure.providers.mercado_data_provider | DEBUG | RTD: Detalhes completos registrados para VALE3|VALET646W1 (Liquidez detectada)
src.infrastructure.providers.mercado_data_provider | DEBUG | RTD: preco_ativo VALE3=72.21 forçado com sucesso
src.infrastructure.providers.mercado_data_provider | DEBUG | RTD: Detalhes completos registrados para SUZB3|SUZBV438 (Liquidez detectada)
src.infrastructure.providers.mercado_data_provider | DEBUG | RTD: preco_ativo SUZB3=41.47 forçado com sucesso
src.infrastructure.providers.mercado_data_provider | DEBUG | RTD: Detalhes completos registrados para VALE3|VALET764W4 (Liquidez detectada)
src.infrastructure.providers.mercado_data_provider | DEBUG | RTD: preco_ativo VALE3=72.21 forçado com sucesso
src.infrastructure.providers.mercado_data_provider | DEBUG | RTD: Detalhes completos registrados para WEGE3|WEGEW436 (Liquidez detectada)
src.infrastructure.providers.mercado_data_provider | DEBUG | RTD: preco_ativo WEGE3=42.59 forçado com sucesso
src.infrastructure.providers.mercado_data_provider | DEBUG | RTD: Detalhes completos registrados para VALE3|VALES770W5 (Liquidez detectada)
src.infrastructure.providers.mercado_data_provider | DEBUG | RTD: preco_ativo VALE3=72.21 forçado com sucesso
src.infrastructure.providers.mercado_data_provider | DEBUG | RTD: Detalhes completos registrados para TOTS3|TOTST212 (Liquidez detectada)
src.infrastructure.providers.mercado_data_provider | DEBUG | RTD: preco_ativo TOTS3=28.35 forçado com sucesso
src.infrastructure.providers.mercado_data_provider | DEBUG | RTD: Detalhes completos registrados para TAEE11|TAEET450 (Liquidez detectada)
src.infrastructure.providers.mercado_data_provider | DEBUG | RTD: preco_ativo TAEE11=41.19 forçado com sucesso
src.infrastructure.providers.mercado_data_provider | DEBUG | RTD: Detalhes completos registrados para WEGE3|WEGEU458 (Liquidez detectada)
src.infrastructure.providers.mercado_data_provider | DEBUG | RTD: preco_ativo WEGE3=42.59 forçado com sucesso
src.infrastructure.providers.mercado_data_provider | DEBUG | RTD: Detalhes completos registrados para XPBR31|XPBRU885 (Liquidez detectada)
src.infrastructure.providers.mercado_data_provider | DEBUG | RTD: preco_ativo XPBR31=84.85 forçado com sucesso
src.infrastructure.providers.mercado_data_provider | DEBUG | RTD: Detalhes completos registrados para VIVA3|VIVAT210 (Liquidez detectada)
src.infrastructure.providers.mercado_data_provider | DEBUG | RTD: preco_ativo VIVA3=21.38 forçado com sucesso
src.infrastructure.providers.mercado_data_provider | DEBUG | RTD: Detalhes completos registrados para USIM5|USIMT690 (Liquidez detectada)
src.infrastructure.providers.mercado_data_provider | DEBUG | RTD: preco_ativo USIM5=8.38 forçado com sucesso
src.infrastructure.providers.mercado_data_provider | DEBUG | RTD: Detalhes completos registrados para SUZB3|SUZBW398 (Liquidez detectada)
src.infrastructure.providers.mercado_data_provider | DEBUG | RTD: preco_ativo SUZB3=41.47 forçado com sucesso
src.infrastructure.providers.mercado_data_provider | DEBUG | RTD: Detalhes completos registrados para TUPY3|TUPYU150 (Liquidez detectada)
src.infrastructure.providers.mercado_data_provider | DEBUG | RTD: preco_ativo TUPY3=15.31 forçado com sucesso
src.infrastructure.providers.mercado_data_provider | DEBUG | RTD: Detalhes completos registrados para USIM5|USIMU610 (Liquidez detectada)
src.infrastructure.providers.mercado_data_provider | DEBUG | RTD: preco_ativo USIM5=8.38 forçado com sucesso
src.infrastructure.providers.mercado_data_provider | DEBUG | RTD: Detalhes completos registrados para SUZB3|SUZBU326 (Liquidez detectada)
src.infrastructure.providers.mercado_data_provider | DEBUG | RTD: preco_ativo SUZB3=41.47 forçado com sucesso
src.infrastructure.providers.mercado_data_provider | DEBUG | RTD: Detalhes completos registrados para VIVT3|VIVTU342 (Liquidez detectada)
src.infrastructure.providers.mercado_data_provider | DEBUG | RTD: preco_ativo VIVT3=35.51 forçado com sucesso
src.infrastructure.providers.mercado_data_provider | DEBUG | RTD: Detalhes completos registrados para WEGE3|WEGET375 (Liquidez detectada)
src.infrastructure.providers.mercado_data_provider | DEBUG | RTD: preco_ativo WEGE3=42.59 forçado com sucesso
src.infrastructure.providers.mercado_data_provider | DEBUG | RTD: Detalhes completos registrados para VIVA3|VIVAT22 (Liquidez detectada)
src.infrastructure.providers.mercado_data_provider | DEBUG | RTD: preco_ativo VIVA3=21.38 forçado com sucesso
src.infrastructure.providers.mercado_data_provider | DEBUG | RTD: Detalhes completos registrados para SUZB3|SUZBU448 (Liquidez detectada)
src.infrastructure.providers.mercado_data_provider | DEBUG | RTD: preco_ativo SUZB3=41.47 forçado com sucesso
src.infrastructure.providers.mercado_data_provider | DEBUG | RTD: Detalhes completos registrados para TIMS3|TIMST194 (Liquidez detectada)
src.infrastructure.providers.mercado_data_provider | DEBUG | RTD: preco_ativo TIMS3=22.41 forçado com sucesso
src.infrastructure.providers.mercado_data_provider | DEBUG | RTD: Detalhes completos registrados para TEND3|TENDU375 (Liquidez detectada)
src.infrastructure.providers.mercado_data_provider | DEBUG | RTD: preco_ativo TEND3=29.69 forçado com sucesso
src.infrastructure.providers.mercado_data_provider | DEBUG | RTD: Detalhes completos registrados para VALE3|VALET746W1 (Liquidez detectada)
src.infrastructure.providers.mercado_data_provider | DEBUG | RTD: preco_ativo VALE3=72.21 forçado com sucesso
src.infrastructure.providers.mercado_data_provider | DEBUG | RTD: Detalhes completos registrados para TUPY3|TUPYU130 (Liquidez detectada)
src.infrastructure.providers.mercado_data_provider | DEBUG | RTD: preco_ativo TUPY3=15.31 forçado com sucesso
src.infrastructure.providers.mercado_data_provider | DEBUG | RTD: Detalhes completos registrados para VBBR3|VBBRU294 (Liquidez detectada)
src.infrastructure.providers.mercado_data_provider | DEBUG | RTD: preco_ativo VBBR3=33.64 forçado com sucesso
src.infrastructure.providers.mercado_data_provider | DEBUG | RTD: Detalhes completos registrados para WEGE3|WEGET410 (Liquidez detectada)
src.infrastructure.providers.mercado_data_provider | DEBUG | RTD: preco_ativo WEGE3=42.59 forçado com sucesso
src.infrastructure.providers.mercado_data_provider | DEBUG | RTD: Detalhes completos registrados para VBBR3|VBBRU237 (Liquidez detectada)
src.infrastructure.providers.mercado_data_provider | DEBUG | RTD: preco_ativo VBBR3=33.64 forçado com sucesso
src.infrastructure.providers.mercado_data_provider | DEBUG | RTD: Detalhes completos registrados para WEGE3|WEGET482 (Liquidez detectada)
src.infrastructure.providers.mercado_data_provider | DEBUG | RTD: preco_ativo WEGE3=42.59 forçado com sucesso
src.infrastructure.providers.mercado_data_provider | DEBUG | RTD: Detalhes completos registrados para VLID3|VLIDT137 (Liquidez detectada)
src.infrastructure.providers.mercado_data_provider | DEBUG | RTD: preco_ativo VLID3=17.61 forçado com sucesso
src.infrastructure.providers.mercado_data_provider | DEBUG | RTD: Detalhes completos registrados para SUZB3|SUZBW371 (Liquidez detectada)
src.infrastructure.providers.mercado_data_provider | DEBUG | RTD: preco_ativo SUZB3=41.47 forçado com sucesso
src.infrastructure.providers.mercado_data_provider | DEBUG | RTD: Detalhes completos registrados para TOTS3|TOTSU272 (Liquidez detectada)
src.infrastructure.providers.mercado_data_provider | DEBUG | RTD: preco_ativo TOTS3=28.35 forçado com sucesso
src.infrastructure.providers.mercado_data_provider | DEBUG | RTD: Detalhes completos registrados para WEGE3|WEGEM45 (Liquidez detectada)
src.infrastructure.providers.mercado_data_provider | DEBUG | RTD: preco_ativo WEGE3=42.59 forçado com sucesso
src.infrastructure.providers.mercado_data_provider | DEBUG | RTD: Detalhes completos registrados para SUZB3|SUZBV408 (Liquidez detectada)
src.infrastructure.providers.mercado_data_provider | DEBUG | RTD: preco_ativo SUZB3=41.47 forçado com sucesso
src.infrastructure.providers.mercado_data_provider | DEBUG | RTD: Detalhes completos registrados para XPBR31|XPBRT925 (Liquidez detectada)
src.infrastructure.providers.mercado_data_provider | DEBUG | RTD: preco_ativo XPBR31=84.85 forçado com sucesso
src.infrastructure.providers.mercado_data_provider | DEBUG | RTD: Detalhes completos registrados para VBBR3|VBBRU362 (Liquidez detectada)
src.infrastructure.providers.mercado_data_provider | DEBUG | RTD: preco_ativo VBBR3=33.64 forçado com sucesso
src.infrastructure.providers.mercado_data_provider | DEBUG | RTD: Detalhes completos registrados para VIVA3|VIVAT236 (Liquidez detectada)
src.infrastructure.providers.mercado_data_provider | DEBUG | RTD: preco_ativo VIVA3=21.38 forçado com sucesso
src.infrastructure.providers.mercado_data_provider | DEBUG | RTD: Detalhes completos registrados para TOTS3|TOTST254 (Liquidez detectada)
src.infrastructure.providers.mercado_data_provider | DEBUG | RTD: preco_ativo TOTS3=28.35 forçado com sucesso
src.infrastructure.providers.mercado_data_provider | DEBUG | RTD: Detalhes completos registrados para TIMS3|TIMSU244 (Liquidez detectada)
src.infrastructure.providers.mercado_data_provider | DEBUG | RTD: preco_ativo TIMS3=22.41 forçado com sucesso
src.infrastructure.providers.mercado_data_provider | DEBUG | RTD: Detalhes completos registrados para XPBR31|XPBRT850 (Liquidez detectada)
src.infrastructure.providers.mercado_data_provider | DEBUG | RTD: preco_ativo XPBR31=84.85 forçado com sucesso
src.infrastructure.providers.mercado_data_provider | DEBUG | RTD: Detalhes completos registrados para VAMO3|VAMOT296 (Liquidez detectada)
src.infrastructure.providers.mercado_data_provider | DEBUG | RTD: preco_ativo VAMO3=3.10 forçado com sucesso
src.infrastructure.providers.mercado_data_provider | DEBUG | RTD: Detalhes completos registrados para SUZB3|SUZBS438W5 (Liquidez detectada)
src.infrastructure.providers.mercado_data_provider | DEBUG | RTD: preco_ativo SUZB3=41.47 forçado com sucesso
src.infrastructure.providers.mercado_data_provider | DEBUG | RTD: Detalhes completos registrados para WEGE3|WEGET382 (Liquidez detectada)
src.infrastructure.providers.mercado_data_provider | DEBUG | RTD: preco_ativo WEGE3=42.59 forçado com sucesso
src.infrastructure.providers.mercado_data_provider | DEBUG | RTD: Detalhes completos registrados para USIM5|USIMT864W1 (Liquidez detectada)
src.infrastructure.providers.mercado_data_provider | DEBUG | RTD: preco_ativo USIM5=8.38 forçado com sucesso
src.infrastructure.providers.mercado_data_provider | DEBUG | RTD: Detalhes completos registrados para VBBR3|VBBRT364 (Liquidez detectada)
src.infrastructure.providers.mercado_data_provider | DEBUG | RTD: preco_ativo VBBR3=33.64 forçado com sucesso
src.infrastructure.providers.mercado_data_provider | DEBUG | RTD: Detalhes completos registrados para WEGE3|WEGEU300 (Liquidez detectada)
src.infrastructure.providers.mercado_data_provider | DEBUG | RTD: preco_ativo WEGE3=42.59 forçado com sucesso
src.infrastructure.providers.mercado_data_provider | DEBUG | RTD: Detalhes completos registrados para SUZB3|SUZBV493 (Liquidez detectada)
src.infrastructure.providers.mercado_data_provider | DEBUG | RTD: preco_ativo SUZB3=41.47 forçado com sucesso
src.infrastructure.providers.mercado_data_provider | DEBUG | RTD: Detalhes completos registrados para UNIP6|UNIPW48 (Liquidez detectada)
src.infrastructure.providers.mercado_data_provider | DEBUG | RTD: preco_ativo UNIP6=60.97 forçado com sucesso
src.infrastructure.providers.mercado_data_provider | DEBUG | RTD: Detalhes completos registrados para WEGE3|WEGET391W1 (Liquidez detectada)
src.infrastructure.providers.mercado_data_provider | DEBUG | RTD: preco_ativo WEGE3=42.59 forçado com sucesso
src.infrastructure.providers.mercado_data_provider | DEBUG | RTD: Detalhes completos registrados para TUPY3|TUPYT165 (Liquidez detectada)
src.infrastructure.providers.mercado_data_provider | DEBUG | RTD: preco_ativo TUPY3=15.31 forçado com sucesso
src.infrastructure.providers.mercado_data_provider | DEBUG | RTD: Detalhes completos registrados para USIM5|USIMW620 (Liquidez detectada)
src.infrastructure.providers.mercado_data_provider | DEBUG | RTD: preco_ativo USIM5=8.38 forçado com sucesso
src.infrastructure.providers.mercado_data_provider | DEBUG | RTD: Detalhes completos registrados para USIM5|USIMU115 (Liquidez detectada)
src.infrastructure.providers.mercado_data_provider | DEBUG | RTD: preco_ativo USIM5=8.38 forçado com sucesso
src.infrastructure.providers.mercado_data_provider | DEBUG | RTD: Detalhes completos registrados para TOTS3|TOTSU302 (Liquidez detectada)
src.infrastructure.providers.mercado_data_provider | DEBUG | RTD: preco_ativo TOTS3=28.35 forçado com sucesso
src.infrastructure.providers.mercado_data_provider | DEBUG | RTD: Detalhes completos registrados para VALE3|VALET489 (Liquidez detectada)
src.infrastructure.providers.mercado_data_provider | DEBUG | RTD: preco_ativo VALE3=72.21 forçado com sucesso
src.infrastructure.providers.mercado_data_provider | DEBUG | RTD: Detalhes completos registrados para TEND3|TENDT322 (Liquidez detectada)
src.infrastructure.providers.mercado_data_provider | DEBUG | RTD: preco_ativo TEND3=29.69 forçado com sucesso
src.infrastructure.providers.mercado_data_provider | DEBUG | RTD: Detalhes completos registrados para TAEE11|TAEET421 (Liquidez detectada)
src.infrastructure.providers.mercado_data_provider | DEBUG | RTD: preco_ativo TAEE11=41.19 forçado com sucesso
src.infrastructure.providers.mercado_data_provider | DEBUG | RTD: Detalhes completos registrados para WEGE3|WEGEU501 (Liquidez detectada)
src.infrastructure.providers.mercado_data_provider | DEBUG | RTD: preco_ativo WEGE3=42.59 forçado com sucesso
src.infrastructure.providers.mercado_data_provider | DEBUG | RTD: Detalhes completos registrados para SUZB3|SUZBX448 (Liquidez detectada)
src.infrastructure.providers.mercado_data_provider | DEBUG | RTD: preco_ativo SUZB3=41.47 forçado com sucesso
src.infrastructure.providers.mercado_data_provider | DEBUG | RTD: Detalhes completos registrados para VALE3|VALEU630 (Liquidez detectada)
src.infrastructure.providers.mercado_data_provider | DEBUG | RTD: preco_ativo VALE3=72.21 forçado com sucesso
src.infrastructure.providers.mercado_data_provider | DEBUG | RTD: Detalhes completos registrados para TAEE11|TAEEV370 (Liquidez detectada)
src.infrastructure.providers.mercado_data_provider | DEBUG | RTD: preco_ativo TAEE11=41.19 forçado com sucesso
src.infrastructure.providers.mercado_data_provider | DEBUG | RTD: Detalhes completos registrados para WEGE3|WEGET444W1 (Liquidez detectada)
src.infrastructure.providers.mercado_data_provider | DEBUG | RTD: preco_ativo WEGE3=42.59 forçado com sucesso
src.infrastructure.providers.mercado_data_provider | DEBUG | RTD: Detalhes completos registrados para TOTS3|TOTSU224 (Liquidez detectada)
src.infrastructure.providers.mercado_data_provider | DEBUG | RTD: preco_ativo TOTS3=28.35 forçado com sucesso
src.infrastructure.providers.mercado_data_provider | DEBUG | RTD: Detalhes completos registrados para VLID3|VLIDT152 (Liquidez detectada)
src.infrastructure.providers.mercado_data_provider | DEBUG | RTD: preco_ativo VLID3=17.61 forçado com sucesso
src.infrastructure.providers.mercado_data_provider | DEBUG | RTD: Detalhes completos registrados para TEND3|TENDU355 (Liquidez detectada)
src.infrastructure.providers.mercado_data_provider | DEBUG | RTD: preco_ativo TEND3=29.69 forçado com sucesso
src.infrastructure.providers.mercado_data_provider | DEBUG | RTD: Detalhes completos registrados para VALE3|VALEU246 (Liquidez detectada)
src.infrastructure.providers.mercado_data_provider | DEBUG | RTD: preco_ativo VALE3=72.21 forçado com sucesso
src.infrastructure.providers.mercado_data_provider | DEBUG | RTD: Detalhes completos registrados para TEND3|TENDT277 (Liquidez detectada)
src.infrastructure.providers.mercado_data_provider | DEBUG | RTD: preco_ativo TEND3=29.69 forçado com sucesso
src.infrastructure.providers.mercado_data_provider | DEBUG | RTD: Detalhes completos registrados para VALE3|VALES800W5 (Liquidez detectada)
src.infrastructure.providers.mercado_data_provider | DEBUG | RTD: preco_ativo VALE3=72.21 forçado com sucesso
src.infrastructure.providers.mercado_data_provider | DEBUG | RTD: Detalhes completos registrados para VALE3|VALEU236 (Liquidez detectada)
src.infrastructure.providers.mercado_data_provider | DEBUG | RTD: preco_ativo VALE3=72.21 forçado com sucesso
src.infrastructure.providers.mercado_data_provider | DEBUG | RTD: Detalhes completos registrados para TAEE11|TAEEU393W2 (Liquidez detectada)
src.infrastructure.providers.mercado_data_provider | DEBUG | RTD: preco_ativo TAEE11=41.19 forçado com sucesso
src.infrastructure.providers.mercado_data_provider | DEBUG | RTD: Detalhes completos registrados para VAMO3|VAMOU376 (Liquidez detectada)
src.infrastructure.providers.mercado_data_provider | DEBUG | RTD: preco_ativo VAMO3=3.10 forçado com sucesso
src.infrastructure.providers.mercado_data_provider | DEBUG | RTD: Detalhes completos registrados para TUPY3|TUPYU165 (Liquidez detectada)
src.infrastructure.providers.mercado_data_provider | DEBUG | RTD: preco_ativo TUPY3=15.31 forçado com sucesso
src.infrastructure.providers.mercado_data_provider | DEBUG | RTD: Detalhes completos registrados para VIVT3|VIVTT346 (Liquidez detectada)
src.infrastructure.providers.mercado_data_provider | DEBUG | RTD: preco_ativo VIVT3=35.51 forçado com sucesso
src.infrastructure.providers.mercado_data_provider | DEBUG | RTD: Detalhes completos registrados para VIVT3|VIVTT381 (Liquidez detectada)
src.infrastructure.providers.mercado_data_provider | DEBUG | RTD: preco_ativo VIVT3=35.51 forçado com sucesso
src.infrastructure.providers.mercado_data_provider | DEBUG | RTD: Detalhes completos registrados para VALE3|VALET649 (Liquidez detectada)
src.infrastructure.providers.mercado_data_provider | DEBUG | RTD: preco_ativo VALE3=72.21 forçado com sucesso
src.infrastructure.providers.mercado_data_provider | DEBUG | RTD: Detalhes completos registrados para SUZB3|SUZBS446W5 (Liquidez detectada)
src.infrastructure.providers.mercado_data_provider | DEBUG | RTD: preco_ativo SUZB3=41.47 forçado com sucesso
src.infrastructure.providers.mercado_data_provider | DEBUG | RTD: Detalhes completos registrados para VIVT3|VIVTT321 (Liquidez detectada)
src.infrastructure.providers.mercado_data_provider | DEBUG | RTD: preco_ativo VIVT3=35.51 forçado com sucesso
src.infrastructure.providers.mercado_data_provider | DEBUG | RTD: Detalhes completos registrados para TUPY3|TUPYU105 (Liquidez detectada)
src.infrastructure.providers.mercado_data_provider | DEBUG | RTD: preco_ativo TUPY3=15.31 forçado com sucesso
src.infrastructure.providers.mercado_data_provider | DEBUG | RTD: Detalhes completos registrados para SUZB3|SUZBS408W5 (Liquidez detectada)
src.infrastructure.providers.mercado_data_provider | DEBUG | RTD: preco_ativo SUZB3=41.47 forçado com sucesso
src.infrastructure.providers.mercado_data_provider | DEBUG | RTD: Detalhes completos registrados para TIMS3|TIMSU194 (Liquidez detectada)
src.infrastructure.providers.mercado_data_provider | DEBUG | RTD: preco_ativo TIMS3=22.41 forçado com sucesso
src.infrastructure.providers.mercado_data_provider | DEBUG | RTD: Detalhes completos registrados para TOTS3|TOTST309 (Liquidez detectada)
src.infrastructure.providers.mercado_data_provider | DEBUG | RTD: preco_ativo TOTS3=28.35 forçado com sucesso
src.infrastructure.providers.mercado_data_provider | DEBUG | RTD: Detalhes completos registrados para WEGE3|WEGEU451 (Liquidez detectada)
src.infrastructure.providers.mercado_data_provider | DEBUG | RTD: preco_ativo WEGE3=42.59 forçado com sucesso
src.infrastructure.providers.mercado_data_provider | DEBUG | RTD: Detalhes completos registrados para VAMO3|VAMOU340 (Liquidez detectada)
src.infrastructure.providers.mercado_data_provider | DEBUG | RTD: preco_ativo VAMO3=3.10 forçado com sucesso
src.infrastructure.providers.mercado_data_provider | DEBUG | RTD: Detalhes completos registrados para VIVT3|VIVTU336 (Liquidez detectada)
src.infrastructure.providers.mercado_data_provider | DEBUG | RTD: preco_ativo VIVT3=35.51 forçado com sucesso
src.infrastructure.providers.mercado_data_provider | DEBUG | RTD: Detalhes completos registrados para USIM5|USIMU570 (Liquidez detectada)
src.infrastructure.providers.mercado_data_provider | DEBUG | RTD: preco_ativo USIM5=8.38 forçado com sucesso
src.infrastructure.providers.mercado_data_provider | DEBUG | RTD: Detalhes completos registrados para VALE3|VALEU621 (Liquidez detectada)
src.infrastructure.providers.mercado_data_provider | DEBUG | RTD: preco_ativo VALE3=72.21 forçado com sucesso
src.infrastructure.providers.mercado_data_provider | DEBUG | RTD: Detalhes completos registrados para PETR4|PETRT389 (Liquidez detectada)
src.infrastructure.providers.mercado_data_provider | DEBUG | RTD: preco_ativo PETR4=41.59 forçado com sucesso
src.infrastructure.providers.mercado_data_provider | DEBUG | RTD: Detalhes completos registrados para USIM5|USIMT107 (Liquidez detectada)
src.infrastructure.providers.mercado_data_provider | DEBUG | RTD: preco_ativo USIM5=8.38 forçado com sucesso
src.infrastructure.providers.mercado_data_provider | DEBUG | RTD: Detalhes completos registrados para WEGE3|WEGEU401 (Liquidez detectada)
src.infrastructure.providers.mercado_data_provider | DEBUG | RTD: preco_ativo WEGE3=42.59 forçado com sucesso
src.infrastructure.providers.mercado_data_provider | DEBUG | RTD: Detalhes completos registrados para SUZB3|SUZBU398 (Liquidez detectada)
src.infrastructure.providers.mercado_data_provider | DEBUG | RTD: preco_ativo SUZB3=41.47 forçado com sucesso
src.infrastructure.providers.mercado_data_provider | DEBUG | RTD: Detalhes completos registrados para TAEE11|TAEEU348W2 (Liquidez detectada)
src.infrastructure.providers.mercado_data_provider | DEBUG | RTD: preco_ativo TAEE11=41.19 forçado com sucesso
src.infrastructure.providers.mercado_data_provider | DEBUG | RTD: Detalhes completos registrados para USIM5|USIMS130W5 (Liquidez detectada)
src.infrastructure.providers.mercado_data_provider | DEBUG | RTD: preco_ativo USIM5=8.38 forçado com sucesso
src.infrastructure.providers.mercado_data_provider | DEBUG | RTD: Detalhes completos registrados para TOTS3|TOTST264 (Liquidez detectada)
src.infrastructure.providers.mercado_data_provider | DEBUG | RTD: preco_ativo TOTS3=28.35 forçado com sucesso
src.infrastructure.providers.mercado_data_provider | DEBUG | RTD: Detalhes completos registrados para VAMO3|VAMOU316 (Liquidez detectada)
src.infrastructure.providers.mercado_data_provider | DEBUG | RTD: preco_ativo VAMO3=3.10 forçado com sucesso
src.infrastructure.providers.mercado_data_provider | DEBUG | RTD: Detalhes completos registrados para VALE3|VALET751W1 (Liquidez detectada)
src.infrastructure.providers.mercado_data_provider | DEBUG | RTD: preco_ativo VALE3=72.21 forçado com sucesso
src.infrastructure.providers.mercado_data_provider | DEBUG | RTD: Detalhes completos registrados para XPBR31|XPBRU970 (Liquidez detectada)
src.infrastructure.providers.mercado_data_provider | DEBUG | RTD: preco_ativo XPBR31=84.85 forçado com sucesso
src.infrastructure.providers.mercado_data_provider | DEBUG | RTD: Detalhes completos registrados para VALE3|VALET679 (Liquidez detectada)
src.infrastructure.providers.mercado_data_provider | DEBUG | RTD: preco_ativo VALE3=72.21 forçado com sucesso
src.infrastructure.providers.mercado_data_provider | DEBUG | RTD: Detalhes completos registrados para SUZB3|SUZBW388 (Liquidez detectada)
src.infrastructure.providers.mercado_data_provider | DEBUG | RTD: preco_ativo SUZB3=41.47 forçado com sucesso
src.infrastructure.providers.mercado_data_provider | DEBUG | RTD: Detalhes completos registrados para TAEE11|TAEEU460 (Liquidez detectada)
src.infrastructure.providers.mercado_data_provider | DEBUG | RTD: preco_ativo TAEE11=41.19 forçado com sucesso
src.infrastructure.providers.mercado_data_provider | DEBUG | RTD: Detalhes completos registrados para VALE3|VALET654 (Liquidez detectada)
src.infrastructure.providers.mercado_data_provider | DEBUG | RTD: preco_ativo VALE3=72.21 forçado com sucesso
src.infrastructure.providers.mercado_data_provider | DEBUG | RTD: Detalhes completos registrados para WEGE3|WEGET442W1 (Liquidez detectada)
src.infrastructure.providers.mercado_data_provider | DEBUG | RTD: preco_ativo WEGE3=42.59 forçado com sucesso
src.infrastructure.providers.mercado_data_provider | DEBUG | RTD: Detalhes completos registrados para VIVT3|VIVTT363 (Liquidez detectada)
src.infrastructure.providers.mercado_data_provider | DEBUG | RTD: preco_ativo VIVT3=35.51 forçado com sucesso
src.infrastructure.providers.mercado_data_provider | DEBUG | RTD: Detalhes completos registrados para VBBR3|VBBRU382 (Liquidez detectada)
src.infrastructure.providers.mercado_data_provider | DEBUG | RTD: preco_ativo VBBR3=33.64 forçado com sucesso
src.infrastructure.providers.mercado_data_provider | DEBUG | RTD: Detalhes completos registrados para PETR4|PETRT392 (Liquidez detectada)
src.infrastructure.providers.mercado_data_provider | DEBUG | RTD: preco_ativo PETR4=41.59 forçado com sucesso
src.infrastructure.providers.mercado_data_provider | DEBUG | RTD: Detalhes completos registrados para USIM5|USIMT900 (Liquidez detectada)
src.infrastructure.providers.mercado_data_provider | DEBUG | RTD: preco_ativo USIM5=8.38 forçado com sucesso
src.infrastructure.providers.mercado_data_provider | DEBUG | RTD: Detalhes completos registrados para WEGE3|WEGET400 (Liquidez detectada)
src.infrastructure.providers.mercado_data_provider | DEBUG | RTD: preco_ativo WEGE3=42.59 forçado com sucesso
src.infrastructure.providers.mercado_data_provider | DEBUG | RTD: Detalhes completos registrados para SUZB3|SUZBV380 (Liquidez detectada)
src.infrastructure.providers.mercado_data_provider | DEBUG | RTD: preco_ativo SUZB3=41.47 forçado com sucesso
src.infrastructure.providers.mercado_data_provider | DEBUG | RTD: Detalhes completos registrados para WEGE3|WEGEU506 (Liquidez detectada)
src.infrastructure.providers.mercado_data_provider | DEBUG | RTD: preco_ativo WEGE3=42.59 forçado com sucesso
src.infrastructure.providers.mercado_data_provider | DEBUG | RTD: Detalhes completos registrados para TUPY3|TUPYT130 (Liquidez detectada)
src.infrastructure.providers.mercado_data_provider | DEBUG | RTD: preco_ativo TUPY3=15.31 forçado com sucesso
src.infrastructure.providers.mercado_data_provider | DEBUG | RTD: Detalhes completos registrados para VALE3|VALEU426 (Liquidez detectada)
src.infrastructure.providers.mercado_data_provider | DEBUG | RTD: preco_ativo VALE3=72.21 forçado com sucesso
src.infrastructure.providers.mercado_data_provider | DEBUG | RTD: Detalhes completos registrados para VALE3|VALEU661 (Liquidez detectada)
src.infrastructure.providers.mercado_data_provider | DEBUG | RTD: preco_ativo VALE3=72.21 forçado com sucesso
src.infrastructure.providers.mercado_data_provider | DEBUG | RTD: Detalhes completos registrados para VALE3|VALEU271 (Liquidez detectada)
src.infrastructure.providers.mercado_data_provider | DEBUG | RTD: preco_ativo VALE3=72.21 forçado com sucesso
src.infrastructure.providers.mercado_data_provider | DEBUG | RTD: Detalhes completos registrados para VIVA3|VIVAT223 (Liquidez detectada)
src.infrastructure.providers.mercado_data_provider | DEBUG | RTD: preco_ativo VIVA3=21.38 forçado com sucesso
src.infrastructure.providers.mercado_data_provider | DEBUG | RTD: Detalhes completos registrados para SUZB3|SUZBT368 (Liquidez detectada)
src.infrastructure.providers.mercado_data_provider | DEBUG | RTD: preco_ativo SUZB3=41.47 forçado com sucesso
src.infrastructure.providers.mercado_data_provider | DEBUG | RTD: Detalhes completos registrados para VBBR3|VBBRU247 (Liquidez detectada)
src.infrastructure.providers.mercado_data_provider | DEBUG | RTD: preco_ativo VBBR3=33.64 forçado com sucesso
src.infrastructure.providers.mercado_data_provider | DEBUG | RTD: Detalhes completos registrados para SUZB3|SUZBU401 (Liquidez detectada)
src.infrastructure.providers.mercado_data_provider | DEBUG | RTD: preco_ativo SUZB3=41.47 forçado com sucesso
src.infrastructure.providers.mercado_data_provider | DEBUG | RTD: Detalhes completos registrados para USIM5|USIMS110W5 (Liquidez detectada)
src.infrastructure.providers.mercado_data_provider | DEBUG | RTD: preco_ativo USIM5=8.38 forçado com sucesso
src.infrastructure.providers.mercado_data_provider | DEBUG | RTD: Detalhes completos registrados para VBBR3|VBBRT274 (Liquidez detectada)
src.infrastructure.providers.mercado_data_provider | DEBUG | RTD: preco_ativo VBBR3=33.64 forçado com sucesso
src.infrastructure.providers.mercado_data_provider | DEBUG | RTD: Detalhes completos registrados para TOTS3|TOTSU222 (Liquidez detectada)
src.infrastructure.providers.mercado_data_provider | DEBUG | RTD: preco_ativo TOTS3=28.35 forçado com sucesso
src.infrastructure.providers.mercado_data_provider | DEBUG | RTD: Detalhes completos registrados para TOTS3|TOTSU329 (Liquidez detectada)
src.infrastructure.providers.mercado_data_provider | DEBUG | RTD: preco_ativo TOTS3=28.35 forçado com sucesso
src.infrastructure.providers.mercado_data_provider | DEBUG | RTD: Detalhes completos registrados para VBBR3|VBBRU332 (Liquidez detectada)
src.infrastructure.providers.mercado_data_provider | DEBUG | RTD: preco_ativo VBBR3=33.64 forçado com sucesso
src.infrastructure.providers.mercado_data_provider | DEBUG | RTD: Detalhes completos registrados para USIM5|USIMT112 (Liquidez detectada)
src.infrastructure.providers.mercado_data_provider | DEBUG | RTD: preco_ativo USIM5=8.38 forçado com sucesso
src.infrastructure.providers.mercado_data_provider | DEBUG | RTD: Detalhes completos registrados para TOTS3|TOTSU334 (Liquidez detectada)
src.infrastructure.providers.mercado_data_provider | DEBUG | RTD: preco_ativo TOTS3=28.35 forçado com sucesso
src.infrastructure.providers.mercado_data_provider | DEBUG | RTD: Detalhes completos registrados para TAEE11|TAEEU373W2 (Liquidez detectada)
src.infrastructure.providers.mercado_data_provider | DEBUG | RTD: preco_ativo TAEE11=41.19 forçado com sucesso
src.infrastructure.providers.mercado_data_provider | DEBUG | RTD: Detalhes completos registrados para VBBR3|VBBRT342 (Liquidez detectada)
src.infrastructure.providers.mercado_data_provider | DEBUG | RTD: preco_ativo VBBR3=33.64 forçado com sucesso
src.infrastructure.providers.mercado_data_provider | DEBUG | RTD: Detalhes completos registrados para VLID3|VLIDU172 (Liquidez detectada)
src.infrastructure.providers.mercado_data_provider | DEBUG | RTD: preco_ativo VLID3=17.61 forçado com sucesso
src.infrastructure.providers.mercado_data_provider | DEBUG | RTD: Detalhes completos registrados para VALE3|VALEU351 (Liquidez detectada)
src.infrastructure.providers.mercado_data_provider | DEBUG | RTD: preco_ativo VALE3=72.21 forçado com sucesso
src.infrastructure.providers.mercado_data_provider | DEBUG | RTD: Detalhes completos registrados para VALE3|VALET689 (Liquidez detectada)
src.infrastructure.providers.mercado_data_provider | DEBUG | RTD: preco_ativo VALE3=72.21 forçado com sucesso
src.infrastructure.providers.mercado_data_provider | DEBUG | RTD: Detalhes completos registrados para VULC3|VULCU117 (Liquidez detectada)
src.infrastructure.providers.mercado_data_provider | DEBUG | RTD: preco_ativo VULC3=14.05 forçado com sucesso
src.infrastructure.providers.mercado_data_provider | DEBUG | RTD: Detalhes completos registrados para USIM5|USIMU690 (Liquidez detectada)
src.infrastructure.providers.mercado_data_provider | DEBUG | RTD: preco_ativo USIM5=8.38 forçado com sucesso
src.infrastructure.providers.mercado_data_provider | DEBUG | RTD: Detalhes completos registrados para SUZB3|SUZBU318 (Liquidez detectada)
src.infrastructure.providers.mercado_data_provider | DEBUG | RTD: preco_ativo SUZB3=41.47 forçado com sucesso
src.infrastructure.providers.mercado_data_provider | DEBUG | RTD: Detalhes completos registrados para SUZB3|SUZBT421W1 (Liquidez detectada)
src.infrastructure.providers.mercado_data_provider | DEBUG | RTD: preco_ativo SUZB3=41.47 forçado com sucesso
src.infrastructure.providers.mercado_data_provider | DEBUG | RTD: Detalhes completos registrados para USIM5|USIMS864W5 (Liquidez detectada)
src.infrastructure.providers.mercado_data_provider | DEBUG | RTD: preco_ativo USIM5=8.38 forçado com sucesso
src.infrastructure.providers.mercado_data_provider | DEBUG | RTD: Detalhes completos registrados para TUPY3|TUPYU120 (Liquidez detectada)
src.infrastructure.providers.mercado_data_provider | DEBUG | RTD: preco_ativo TUPY3=15.31 forçado com sucesso
src.infrastructure.providers.mercado_data_provider | DEBUG | RTD: Detalhes completos registrados para USIM5|USIMT11 (Liquidez detectada)
src.infrastructure.providers.mercado_data_provider | DEBUG | RTD: preco_ativo USIM5=8.38 forçado com sucesso
src.infrastructure.providers.mercado_data_provider | DEBUG | RTD: Detalhes completos registrados para TUPY3|TUPYT110 (Liquidez detectada)
src.infrastructure.providers.mercado_data_provider | DEBUG | RTD: preco_ativo TUPY3=15.31 forçado com sucesso
src.infrastructure.providers.mercado_data_provider | DEBUG | RTD: Detalhes completos registrados para VLID3|VLIDU122 (Liquidez detectada)
src.infrastructure.providers.mercado_data_provider | DEBUG | RTD: preco_ativo VLID3=17.61 forçado com sucesso
src.infrastructure.providers.mercado_data_provider | DEBUG | RTD: Detalhes completos registrados para USIM5|USIMU980 (Liquidez detectada)
src.infrastructure.providers.mercado_data_provider | DEBUG | RTD: preco_ativo USIM5=8.38 forçado com sucesso
src.infrastructure.providers.mercado_data_provider | DEBUG | RTD: Detalhes completos registrados para VALE3|VALET509 (Liquidez detectada)
src.infrastructure.providers.mercado_data_provider | DEBUG | RTD: preco_ativo VALE3=72.21 forçado com sucesso
src.infrastructure.providers.mercado_data_provider | DEBUG | RTD: Detalhes completos registrados para SUZB3|SUZBT388 (Liquidez detectada)
src.infrastructure.providers.mercado_data_provider | DEBUG | RTD: preco_ativo SUZB3=41.47 forçado com sucesso
src.infrastructure.providers.mercado_data_provider | DEBUG | RTD: Detalhes completos registrados para VBBR3|VBBRU324 (Liquidez detectada)
src.infrastructure.providers.mercado_data_provider | DEBUG | RTD: preco_ativo VBBR3=33.64 forçado com sucesso
src.infrastructure.providers.mercado_data_provider | DEBUG | RTD: Detalhes completos registrados para TOTS3|TOTSU242 (Liquidez detectada)
src.infrastructure.providers.mercado_data_provider | DEBUG | RTD: preco_ativo TOTS3=28.35 forçado com sucesso
src.infrastructure.providers.mercado_data_provider | DEBUG | RTD: Detalhes completos registrados para SUZB3|SUZBT363W1 (Liquidez detectada)
src.infrastructure.providers.mercado_data_provider | DEBUG | RTD: preco_ativo SUZB3=41.47 forçado com sucesso
src.infrastructure.providers.mercado_data_provider | DEBUG | RTD: Detalhes completos registrados para VALE3|VALEX603 (Liquidez detectada)
src.infrastructure.providers.mercado_data_provider | DEBUG | RTD: preco_ativo VALE3=72.21 forçado com sucesso
src.infrastructure.providers.mercado_data_provider | DEBUG | RTD: Detalhes completos registrados para TEND3|TENDU307 (Liquidez detectada)
src.infrastructure.providers.mercado_data_provider | DEBUG | RTD: preco_ativo TEND3=29.69 forçado com sucesso
src.infrastructure.providers.mercado_data_provider | DEBUG | RTD: Detalhes completos registrados para VALE3|VALET374 (Liquidez detectada)
src.infrastructure.providers.mercado_data_provider | DEBUG | RTD: preco_ativo VALE3=72.21 forçado com sucesso
src.infrastructure.providers.mercado_data_provider | DEBUG | RTD: Detalhes completos registrados para TAEE11|TAEET346 (Liquidez detectada)
src.infrastructure.providers.mercado_data_provider | DEBUG | RTD: preco_ativo TAEE11=41.19 forçado com sucesso
src.infrastructure.providers.mercado_data_provider | DEBUG | RTD: Detalhes completos registrados para VALE3|VALET419 (Liquidez detectada)
src.infrastructure.providers.mercado_data_provider | DEBUG | RTD: preco_ativo VALE3=72.21 forçado com sucesso
src.infrastructure.providers.mercado_data_provider | DEBUG | RTD: Detalhes completos registrados para VALE3|VALET634 (Liquidez detectada)
src.infrastructure.providers.mercado_data_provider | DEBUG | RTD: preco_ativo VALE3=72.21 forçado com sucesso
src.infrastructure.providers.mercado_data_provider | DEBUG | RTD: Detalhes completos registrados para TOTS3|TOTSU219 (Liquidez detectada)
src.infrastructure.providers.mercado_data_provider | DEBUG | RTD: preco_ativo TOTS3=28.35 forçado com sucesso
src.infrastructure.providers.mercado_data_provider | DEBUG | RTD: Detalhes completos registrados para VIVA3|VIVAT218 (Liquidez detectada)
src.infrastructure.providers.mercado_data_provider | DEBUG | RTD: preco_ativo VIVA3=21.38 forçado com sucesso
src.infrastructure.providers.mercado_data_provider | DEBUG | RTD: Detalhes completos registrados para TOTS3|TOTST257 (Liquidez detectada)
src.infrastructure.providers.mercado_data_provider | DEBUG | RTD: preco_ativo TOTS3=28.35 forçado com sucesso
src.infrastructure.providers.mercado_data_provider | DEBUG | RTD: Detalhes completos registrados para YDUQ3|YDUQT906 (Liquidez detectada)
src.infrastructure.providers.mercado_data_provider | DEBUG | RTD: preco_ativo YDUQ3=7.92 forçado com sucesso
src.infrastructure.providers.mercado_data_provider | DEBUG | RTD: Detalhes completos registrados para VULC3|VULCT130 (Liquidez detectada)
src.infrastructure.providers.mercado_data_provider | DEBUG | RTD: preco_ativo VULC3=14.05 forçado com sucesso
src.infrastructure.providers.mercado_data_provider | DEBUG | RTD: Detalhes completos registrados para TOTS3|TOTST282 (Liquidez detectada)
src.infrastructure.providers.mercado_data_provider | DEBUG | RTD: preco_ativo TOTS3=28.35 forçado com sucesso
src.infrastructure.providers.mercado_data_provider | DEBUG | RTD: Detalhes completos registrados para YDUQ3|YDUQU826 (Liquidez detectada)
src.infrastructure.providers.mercado_data_provider | DEBUG | RTD: preco_ativo YDUQ3=7.92 forçado com sucesso
src.infrastructure.providers.mercado_data_provider | DEBUG | RTD: Detalhes completos registrados para VALE3|VALET699W4 (Liquidez detectada)
src.infrastructure.providers.mercado_data_provider | DEBUG | RTD: preco_ativo VALE3=72.21 forçado com sucesso
src.infrastructure.providers.mercado_data_provider | DEBUG | RTD: Detalhes completos registrados para USIM5|USIMU130 (Liquidez detectada)
src.infrastructure.providers.mercado_data_provider | DEBUG | RTD: preco_ativo USIM5=8.38 forçado com sucesso
src.infrastructure.providers.mercado_data_provider | DEBUG | RTD: Detalhes completos registrados para VAMO3|VAMOT386 (Liquidez detectada)
src.infrastructure.providers.mercado_data_provider | DEBUG | RTD: preco_ativo VAMO3=3.10 forçado com sucesso
src.infrastructure.providers.mercado_data_provider | DEBUG | RTD: Detalhes completos registrados para VALE3|VALET529 (Liquidez detectada)
src.infrastructure.providers.mercado_data_provider | DEBUG | RTD: preco_ativo VALE3=72.21 forçado com sucesso
src.infrastructure.providers.mercado_data_provider | DEBUG | RTD: Detalhes completos registrados para VALE3|VALEU516 (Liquidez detectada)
src.infrastructure.providers.mercado_data_provider | DEBUG | RTD: preco_ativo VALE3=72.21 forçado com sucesso
src.infrastructure.providers.mercado_data_provider | DEBUG | RTD: Detalhes completos registrados para SUZB3|SUZBU328 (Liquidez detectada)
src.infrastructure.providers.mercado_data_provider | DEBUG | RTD: preco_ativo SUZB3=41.47 forçado com sucesso
src.infrastructure.providers.mercado_data_provider | DEBUG | RTD: Detalhes completos registrados para VALE3|VALEV760 (Liquidez detectada)
src.infrastructure.providers.mercado_data_provider | DEBUG | RTD: preco_ativo VALE3=72.21 forçado com sucesso
src.infrastructure.providers.mercado_data_provider | DEBUG | RTD: Detalhes completos registrados para VULC3|VULCU155 (Liquidez detectada)
src.infrastructure.providers.mercado_data_provider | DEBUG | RTD: preco_ativo VULC3=14.05 forçado com sucesso
src.infrastructure.providers.mercado_data_provider | DEBUG | RTD: Detalhes completos registrados para YDUQ3|YDUQU736 (Liquidez detectada)
src.infrastructure.providers.mercado_data_provider | DEBUG | RTD: preco_ativo YDUQ3=7.92 forçado com sucesso
src.infrastructure.providers.mercado_data_provider | DEBUG | RTD: Detalhes completos registrados para VIVT3|VIVTU352 (Liquidez detectada)
src.infrastructure.providers.mercado_data_provider | DEBUG | RTD: preco_ativo VIVT3=35.51 forçado com sucesso
src.infrastructure.providers.mercado_data_provider | DEBUG | RTD: Detalhes completos registrados para YDUQ3|YDUQU806 (Liquidez detectada)
src.infrastructure.providers.mercado_data_provider | DEBUG | RTD: preco_ativo YDUQ3=7.92 forçado com sucesso
src.infrastructure.providers.mercado_data_provider | DEBUG | RTD: Detalhes completos registrados para VLID3|VLIDT177 (Liquidez detectada)
src.infrastructure.providers.mercado_data_provider | DEBUG | RTD: preco_ativo VLID3=17.61 forçado com sucesso
src.infrastructure.providers.mercado_data_provider | DEBUG | RTD: Detalhes completos registrados para XPBR31|XPBRU925 (Liquidez detectada)
src.infrastructure.providers.mercado_data_provider | DEBUG | RTD: preco_ativo XPBR31=84.85 forçado com sucesso
src.infrastructure.providers.mercado_data_provider | DEBUG | RTD: Detalhes completos registrados para USIM5|USIMT720 (Liquidez detectada)
src.infrastructure.providers.mercado_data_provider | DEBUG | RTD: preco_ativo USIM5=8.38 forçado com sucesso
src.infrastructure.providers.mercado_data_provider | DEBUG | RTD: Detalhes completos registrados para VBBR3|VBBRT344 (Liquidez detectada)
src.infrastructure.providers.mercado_data_provider | DEBUG | RTD: preco_ativo VBBR3=33.64 forçado com sucesso
src.infrastructure.providers.mercado_data_provider | DEBUG | RTD: Detalhes completos registrados para TAEE11|TAEEU450 (Liquidez detectada)
src.infrastructure.providers.mercado_data_provider | DEBUG | RTD: preco_ativo TAEE11=41.19 forçado com sucesso
src.infrastructure.providers.mercado_data_provider | DEBUG | RTD: Detalhes completos registrados para VALE3|VALEU891 (Liquidez detectada)
src.infrastructure.providers.mercado_data_provider | DEBUG | RTD: preco_ativo VALE3=72.21 forçado com sucesso
src.infrastructure.providers.mercado_data_provider | DEBUG | RTD: Detalhes completos registrados para TOTS3|TOTSU204 (Liquidez detectada)
src.infrastructure.providers.mercado_data_provider | DEBUG | RTD: preco_ativo TOTS3=28.35 forçado com sucesso
src.infrastructure.providers.mercado_data_provider | DEBUG | RTD: Detalhes completos registrados para TOTS3|TOTSU292 (Liquidez detectada)
src.infrastructure.providers.mercado_data_provider | DEBUG | RTD: preco_ativo TOTS3=28.35 forçado com sucesso
src.infrastructure.providers.mercado_data_provider | DEBUG | RTD: Detalhes completos registrados para TAEE11|TAEEU388W2 (Liquidez detectada)
src.infrastructure.providers.mercado_data_provider | DEBUG | RTD: preco_ativo TAEE11=41.19 forçado com sucesso
src.infrastructure.providers.mercado_data_provider | DEBUG | RTD: Detalhes completos registrados para UGPA3|UGPAT282 (Liquidez detectada)
src.infrastructure.providers.mercado_data_provider | DEBUG | RTD: preco_ativo UGPA3=31.63 forçado com sucesso
src.infrastructure.providers.mercado_data_provider | DEBUG | RTD: Detalhes completos registrados para VALE3|VALET709 (Liquidez detectada)
src.infrastructure.providers.mercado_data_provider | DEBUG | RTD: preco_ativo VALE3=72.21 forçado com sucesso
src.infrastructure.providers.mercado_data_provider | DEBUG | RTD: Detalhes completos registrados para VIVT3|VIVTT328 (Liquidez detectada)
src.infrastructure.providers.mercado_data_provider | DEBUG | RTD: preco_ativo VIVT3=35.51 forçado com sucesso
src.infrastructure.providers.mercado_data_provider | DEBUG | RTD: Detalhes completos registrados para VBBR3|VBBRT249 (Liquidez detectada)
src.infrastructure.providers.mercado_data_provider | DEBUG | RTD: preco_ativo VBBR3=33.64 forçado com sucesso
src.infrastructure.providers.mercado_data_provider | DEBUG | RTD: Detalhes completos registrados para WEGE3|WEGEU302 (Liquidez detectada)
src.infrastructure.providers.mercado_data_provider | DEBUG | RTD: preco_ativo WEGE3=42.59 forçado com sucesso
src.infrastructure.providers.mercado_data_provider | DEBUG | RTD: Detalhes completos registrados para SUZB3|SUZBT411 (Liquidez detectada)
src.infrastructure.providers.mercado_data_provider | DEBUG | RTD: preco_ativo SUZB3=41.47 forçado com sucesso
src.infrastructure.providers.mercado_data_provider | DEBUG | RTD: Detalhes completos registrados para SUZB3|SUZBS411W5 (Liquidez detectada)
src.infrastructure.providers.mercado_data_provider | DEBUG | RTD: preco_ativo SUZB3=41.47 forçado com sucesso
src.infrastructure.providers.mercado_data_provider | DEBUG | RTD: Detalhes completos registrados para SUZB3|SUZBU356 (Liquidez detectada)
src.infrastructure.providers.mercado_data_provider | DEBUG | RTD: preco_ativo SUZB3=41.47 forçado com sucesso
src.infrastructure.providers.mercado_data_provider | DEBUG | RTD: Detalhes completos registrados para VALE3|VALEU501 (Liquidez detectada)
src.infrastructure.providers.mercado_data_provider | DEBUG | RTD: preco_ativo VALE3=72.21 forçado com sucesso
src.infrastructure.providers.mercado_data_provider | DEBUG | RTD: Detalhes completos registrados para WIZC3|WIZCT732 (Liquidez detectada)
src.infrastructure.providers.mercado_data_provider | DEBUG | RTD: preco_ativo WIZC3=8.26 forçado com sucesso
src.infrastructure.providers.mercado_data_provider | DEBUG | RTD: Detalhes completos registrados para WEGE3|WEGEW506 (Liquidez detectada)
src.infrastructure.providers.mercado_data_provider | DEBUG | RTD: preco_ativo WEGE3=42.59 forçado com sucesso
src.infrastructure.providers.mercado_data_provider | DEBUG | RTD: Detalhes completos registrados para USIM5|USIMU880 (Liquidez detectada)
src.infrastructure.providers.mercado_data_provider | DEBUG | RTD: preco_ativo USIM5=8.38 forçado com sucesso
src.infrastructure.providers.mercado_data_provider | DEBUG | RTD: Detalhes completos registrados para XPBR31|XPBRU730 (Liquidez detectada)
src.infrastructure.providers.mercado_data_provider | DEBUG | RTD: preco_ativo XPBR31=84.85 forçado com sucesso
src.infrastructure.providers.mercado_data_provider | DEBUG | RTD: Detalhes completos registrados para VIVT3|VIVTT323 (Liquidez detectada)
src.infrastructure.providers.mercado_data_provider | DEBUG | RTD: preco_ativo VIVT3=35.51 forçado com sucesso
src.infrastructure.providers.mercado_data_provider | DEBUG | RTD: Detalhes completos registrados para TASA4|TASAU449 (Liquidez detectada)
src.infrastructure.providers.mercado_data_provider | DEBUG | RTD: preco_ativo TASA4=4.74 forçado com sucesso
src.infrastructure.providers.mercado_data_provider | DEBUG | RTD: Detalhes completos registrados para WEGE3|WEGEX372 (Liquidez detectada)
src.infrastructure.providers.mercado_data_provider | DEBUG | RTD: preco_ativo WEGE3=42.59 forçado com sucesso
src.infrastructure.providers.mercado_data_provider | DEBUG | RTD: Detalhes completos registrados para SUZB3|SUZBU331 (Liquidez detectada)
src.infrastructure.providers.mercado_data_provider | DEBUG | RTD: preco_ativo SUZB3=41.47 forçado com sucesso
src.infrastructure.providers.mercado_data_provider | DEBUG | RTD: Detalhes completos registrados para TEND3|TENDT287 (Liquidez detectada)
src.infrastructure.providers.mercado_data_provider | DEBUG | RTD: preco_ativo TEND3=29.69 forçado com sucesso
src.infrastructure.providers.mercado_data_provider | DEBUG | RTD: Detalhes completos registrados para WEGE3|WEGET500 (Liquidez detectada)
src.infrastructure.providers.mercado_data_provider | DEBUG | RTD: preco_ativo WEGE3=42.59 forçado com sucesso
src.infrastructure.providers.mercado_data_provider | DEBUG | RTD: Detalhes completos registrados para VIVT3|VIVTT290 (Liquidez detectada)
src.infrastructure.providers.mercado_data_provider | DEBUG | RTD: preco_ativo VIVT3=35.51 forçado com sucesso
src.infrastructure.providers.mercado_data_provider | DEBUG | RTD: Detalhes completos registrados para VBBR3|VBBRT297 (Liquidez detectada)
src.infrastructure.providers.mercado_data_provider | DEBUG | RTD: preco_ativo VBBR3=33.64 forçado com sucesso
src.infrastructure.providers.mercado_data_provider | DEBUG | RTD: Detalhes completos registrados para TAEE11|TAEEU343W2 (Liquidez detectada)
src.infrastructure.providers.mercado_data_provider | DEBUG | RTD: preco_ativo TAEE11=41.19 forçado com sucesso
src.infrastructure.providers.mercado_data_provider | DEBUG | RTD: Detalhes completos registrados para TEND3|TENDU187 (Liquidez detectada)
src.infrastructure.providers.mercado_data_provider | DEBUG | RTD: preco_ativo TEND3=29.69 forçado com sucesso
src.infrastructure.providers.mercado_data_provider | DEBUG | RTD: Detalhes completos registrados para SUZB3|SUZBU526 (Liquidez detectada)
src.infrastructure.providers.mercado_data_provider | DEBUG | RTD: preco_ativo SUZB3=41.47 forçado com sucesso
src.infrastructure.providers.mercado_data_provider | DEBUG | RTD: Detalhes completos registrados para SUZB3|SUZBS416W5 (Liquidez detectada)
src.infrastructure.providers.mercado_data_provider | DEBUG | RTD: preco_ativo SUZB3=41.47 forçado com sucesso
src.infrastructure.providers.mercado_data_provider | DEBUG | RTD: Detalhes completos registrados para VALE3|VALEU601 (Liquidez detectada)
src.infrastructure.providers.mercado_data_provider | DEBUG | RTD: preco_ativo VALE3=72.21 forçado com sucesso
src.infrastructure.providers.mercado_data_provider | DEBUG | RTD: Detalhes completos registrados para TAEE11|TAEEU383W2 (Liquidez detectada)
src.infrastructure.providers.mercado_data_provider | DEBUG | RTD: preco_ativo TAEE11=41.19 forçado com sucesso
src.infrastructure.providers.mercado_data_provider | DEBUG | RTD: Detalhes completos registrados para UGPA3|UGPAU280 (Liquidez detectada)
src.infrastructure.providers.mercado_data_provider | DEBUG | RTD: preco_ativo UGPA3=31.63 forçado com sucesso
src.infrastructure.providers.mercado_data_provider | DEBUG | RTD: Detalhes completos registrados para VIVT3|VIVTU410 (Liquidez detectada)
src.infrastructure.providers.mercado_data_provider | DEBUG | RTD: preco_ativo VIVT3=35.51 forçado com sucesso
src.infrastructure.providers.mercado_data_provider | DEBUG | RTD: Detalhes completos registrados para XPBR31|XPBRU720 (Liquidez detectada)
src.infrastructure.providers.mercado_data_provider | DEBUG | RTD: preco_ativo XPBR31=84.85 forçado com sucesso
src.infrastructure.providers.mercado_data_provider | DEBUG | RTD: Detalhes completos registrados para USIM5|USIMU600 (Liquidez detectada)
src.infrastructure.providers.mercado_data_provider | DEBUG | RTD: preco_ativo USIM5=8.38 forçado com sucesso
src.infrastructure.providers.mercado_data_provider | DEBUG | RTD: Detalhes completos registrados para TIMS3|TIMSU198 (Liquidez detectada)
src.infrastructure.providers.mercado_data_provider | DEBUG | RTD: preco_ativo TIMS3=22.41 forçado com sucesso
src.infrastructure.providers.mercado_data_provider | DEBUG | RTD: Detalhes completos registrados para VALE3|VALEU751 (Liquidez detectada)
src.infrastructure.providers.mercado_data_provider | DEBUG | RTD: preco_ativo VALE3=72.21 forçado com sucesso
src.infrastructure.providers.mercado_data_provider | DEBUG | RTD: Detalhes completos registrados para XPBR31|XPBRT795 (Liquidez detectada)
src.infrastructure.providers.mercado_data_provider | DEBUG | RTD: preco_ativo XPBR31=84.85 forçado com sucesso
src.infrastructure.providers.mercado_data_provider | DEBUG | RTD: Detalhes completos registrados para VAMO3|VAMOT276 (Liquidez detectada)
src.infrastructure.providers.mercado_data_provider | DEBUG | RTD: preco_ativo VAMO3=3.10 forçado com sucesso
src.infrastructure.providers.mercado_data_provider | DEBUG | RTD: Detalhes completos registrados para YDUQ3|YDUQT876 (Liquidez detectada)
src.infrastructure.providers.mercado_data_provider | DEBUG | RTD: preco_ativo YDUQ3=7.92 forçado com sucesso
src.infrastructure.providers.mercado_data_provider | DEBUG | RTD: Detalhes completos registrados para TEND3|TENDT202 (Liquidez detectada)
src.infrastructure.providers.mercado_data_provider | DEBUG | RTD: preco_ativo TEND3=29.69 forçado com sucesso
src.infrastructure.providers.mercado_data_provider | DEBUG | RTD: Detalhes completos registrados para VULC3|VULCT142 (Liquidez detectada)
src.infrastructure.providers.mercado_data_provider | DEBUG | RTD: preco_ativo VULC3=14.05 forçado com sucesso
src.infrastructure.providers.mercado_data_provider | DEBUG | RTD: Detalhes completos registrados para SUZB3|SUZBT321 (Liquidez detectada)
src.infrastructure.providers.mercado_data_provider | DEBUG | RTD: preco_ativo SUZB3=41.47 forçado com sucesso
src.infrastructure.providers.mercado_data_provider | DEBUG | RTD: Detalhes completos registrados para VALE3|VALET414 (Liquidez detectada)
src.infrastructure.providers.mercado_data_provider | DEBUG | RTD: preco_ativo VALE3=72.21 forçado com sucesso
src.infrastructure.providers.mercado_data_provider | DEBUG | RTD: Detalhes completos registrados para TOTS3|TOTST272 (Liquidez detectada)
src.infrastructure.providers.mercado_data_provider | DEBUG | RTD: preco_ativo TOTS3=28.35 forçado com sucesso
src.infrastructure.providers.mercado_data_provider | DEBUG | RTD: Detalhes completos registrados para TAEE11|TAEEU426W2 (Liquidez detectada)
src.infrastructure.providers.mercado_data_provider | DEBUG | RTD: preco_ativo TAEE11=41.19 forçado com sucesso
src.infrastructure.providers.mercado_data_provider | DEBUG | RTD: Detalhes completos registrados para USIM5|USIMT874W1 (Liquidez detectada)
src.infrastructure.providers.mercado_data_provider | DEBUG | RTD: preco_ativo USIM5=8.38 forçado com sucesso
src.infrastructure.providers.mercado_data_provider | DEBUG | RTD: Detalhes completos registrados para WEGE3|WEGEX422 (Liquidez detectada)
src.infrastructure.providers.mercado_data_provider | DEBUG | RTD: preco_ativo WEGE3=42.59 forçado com sucesso
src.infrastructure.providers.mercado_data_provider | DEBUG | RTD: Detalhes completos registrados para VALE3|VALEU841 (Liquidez detectada)
src.infrastructure.providers.mercado_data_provider | DEBUG | RTD: preco_ativo VALE3=72.21 forçado com sucesso
src.infrastructure.providers.mercado_data_provider | DEBUG | RTD: Detalhes completos registrados para VIVA3|VIVAT198 (Liquidez detectada)
src.infrastructure.providers.mercado_data_provider | DEBUG | RTD: preco_ativo VIVA3=21.38 forçado com sucesso
src.infrastructure.providers.mercado_data_provider | DEBUG | RTD: Detalhes completos registrados para TUPY3|TUPYT140 (Liquidez detectada)
src.infrastructure.providers.mercado_data_provider | DEBUG | RTD: preco_ativo TUPY3=15.31 forçado com sucesso
src.infrastructure.providers.mercado_data_provider | DEBUG | RTD: Detalhes completos registrados para SUZB3|SUZBU373 (Liquidez detectada)
src.infrastructure.providers.mercado_data_provider | DEBUG | RTD: preco_ativo SUZB3=41.47 forçado com sucesso
src.infrastructure.providers.mercado_data_provider | DEBUG | RTD: Detalhes completos registrados para WEGE3|WEGEV580 (Liquidez detectada)
src.infrastructure.providers.mercado_data_provider | DEBUG | RTD: preco_ativo WEGE3=42.59 forçado com sucesso
src.infrastructure.providers.mercado_data_provider | DEBUG | RTD: Detalhes completos registrados para USIM5|USIMU970 (Liquidez detectada)
src.infrastructure.providers.mercado_data_provider | DEBUG | RTD: preco_ativo USIM5=8.38 forçado com sucesso
src.infrastructure.providers.mercado_data_provider | DEBUG | RTD: Detalhes completos registrados para WEGE3|WEGEU413 (Liquidez detectada)
src.infrastructure.providers.mercado_data_provider | DEBUG | RTD: preco_ativo WEGE3=42.59 forçado com sucesso
src.infrastructure.providers.mercado_data_provider | DEBUG | RTD: Detalhes completos registrados para YDUQ3|YDUQU766 (Liquidez detectada)
src.infrastructure.providers.mercado_data_provider | DEBUG | RTD: preco_ativo YDUQ3=7.92 forçado com sucesso
src.infrastructure.providers.mercado_data_provider | DEBUG | RTD: Detalhes completos registrados para TUPY3|TUPYT137 (Liquidez detectada)
src.infrastructure.providers.mercado_data_provider | DEBUG | RTD: preco_ativo TUPY3=15.31 forçado com sucesso
src.infrastructure.providers.mercado_data_provider | DEBUG | RTD: Detalhes completos registrados para VALE3|VALEU399 (Liquidez detectada)
src.infrastructure.providers.mercado_data_provider | DEBUG | RTD: preco_ativo VALE3=72.21 forçado com sucesso
src.infrastructure.providers.mercado_data_provider | DEBUG | RTD: Detalhes completos registrados para TOTS3|TOTST304 (Liquidez detectada)
src.infrastructure.providers.mercado_data_provider | DEBUG | RTD: preco_ativo TOTS3=28.35 forçado com sucesso
src.infrastructure.providers.mercado_data_provider | DEBUG | RTD: Detalhes completos registrados para TIMS3|TIMST189 (Liquidez detectada)
src.infrastructure.providers.mercado_data_provider | DEBUG | RTD: preco_ativo TIMS3=22.41 forçado com sucesso
src.infrastructure.providers.mercado_data_provider | DEBUG | RTD: Detalhes completos registrados para TAEE11|TAEET341 (Liquidez detectada)
src.infrastructure.providers.mercado_data_provider | DEBUG | RTD: preco_ativo TAEE11=41.19 forçado com sucesso
src.infrastructure.providers.mercado_data_provider | DEBUG | RTD: Detalhes completos registrados para TOTS3|TOTST307 (Liquidez detectada)
src.infrastructure.providers.mercado_data_provider | DEBUG | RTD: preco_ativo TOTS3=28.35 forçado com sucesso
src.infrastructure.providers.mercado_data_provider | DEBUG | RTD: Detalhes completos registrados para VBBR3|VBBRU218 (Liquidez detectada)
src.infrastructure.providers.mercado_data_provider | DEBUG | RTD: preco_ativo VBBR3=33.64 forçado com sucesso
src.infrastructure.providers.mercado_data_provider | DEBUG | RTD: Detalhes completos registrados para WIZC3|WIZCT772 (Liquidez detectada)
src.infrastructure.providers.mercado_data_provider | DEBUG | RTD: preco_ativo WIZC3=8.26 forçado com sucesso
src.infrastructure.providers.mercado_data_provider | DEBUG | RTD: Detalhes completos registrados para VALE3|VALET477 (Liquidez detectada)
src.infrastructure.providers.mercado_data_provider | DEBUG | RTD: preco_ativo VALE3=72.21 forçado com sucesso
src.infrastructure.providers.mercado_data_provider | DEBUG | RTD: Detalhes completos registrados para VALE3|VALEU331 (Liquidez detectada)
src.infrastructure.providers.mercado_data_provider | DEBUG | RTD: preco_ativo VALE3=72.21 forçado com sucesso
src.infrastructure.providers.mercado_data_provider | DEBUG | RTD: Detalhes completos registrados para TOTS3|TOTSU214 (Liquidez detectada)
src.infrastructure.providers.mercado_data_provider | DEBUG | RTD: preco_ativo TOTS3=28.35 forçado com sucesso
src.infrastructure.providers.mercado_data_provider | DEBUG | RTD: Detalhes completos registrados para TAEE11|TAEEX387 (Liquidez detectada)
src.infrastructure.providers.mercado_data_provider | DEBUG | RTD: preco_ativo TAEE11=41.19 forçado com sucesso
src.infrastructure.providers.mercado_data_provider | DEBUG | RTD: Detalhes completos registrados para VBBR3|VBBRU389 (Liquidez detectada)
src.infrastructure.providers.mercado_data_provider | DEBUG | RTD: preco_ativo VBBR3=33.64 forçado com sucesso
src.infrastructure.providers.mercado_data_provider | DEBUG | RTD: Detalhes completos registrados para WEGE3|WEGET432W1 (Liquidez detectada)
src.infrastructure.providers.mercado_data_provider | DEBUG | RTD: preco_ativo WEGE3=42.59 forçado com sucesso
src.infrastructure.providers.mercado_data_provider | DEBUG | RTD: Detalhes completos registrados para TIMS3|TIMSU219 (Liquidez detectada)
src.infrastructure.providers.mercado_data_provider | DEBUG | RTD: preco_ativo TIMS3=22.41 forçado com sucesso
src.infrastructure.providers.mercado_data_provider | DEBUG | RTD: Detalhes completos registrados para VAMO3|VAMOW50 (Liquidez detectada)
src.infrastructure.providers.mercado_data_provider | DEBUG | RTD: preco_ativo VAMO3=3.10 forçado com sucesso
src.infrastructure.providers.mercado_data_provider | DEBUG | RTD: Detalhes completos registrados para VALE3|VALET691W2 (Liquidez detectada)
src.infrastructure.providers.mercado_data_provider | DEBUG | RTD: preco_ativo VALE3=72.21 forçado com sucesso
src.infrastructure.providers.mercado_data_provider | DEBUG | RTD: Detalhes completos registrados para SUZB3|SUZBT381 (Liquidez detectada)
src.infrastructure.providers.mercado_data_provider | DEBUG | RTD: preco_ativo SUZB3=41.47 forçado com sucesso
src.infrastructure.providers.mercado_data_provider | DEBUG | RTD: Detalhes completos registrados para USIM5|USIMU540 (Liquidez detectada)
src.infrastructure.providers.mercado_data_provider | DEBUG | RTD: preco_ativo USIM5=8.38 forçado com sucesso
src.infrastructure.providers.mercado_data_provider | DEBUG | RTD: Detalhes completos registrados para VULC3|VULCU125 (Liquidez detectada)
src.infrastructure.providers.mercado_data_provider | DEBUG | RTD: preco_ativo VULC3=14.05 forçado com sucesso
src.infrastructure.providers.mercado_data_provider | DEBUG | RTD: Detalhes completos registrados para VIVT3|VIVTU390 (Liquidez detectada)
src.infrastructure.providers.mercado_data_provider | DEBUG | RTD: preco_ativo VIVT3=35.51 forçado com sucesso
src.infrastructure.providers.mercado_data_provider | DEBUG | RTD: Detalhes completos registrados para XPBR31|XPBRU840 (Liquidez detectada)
src.infrastructure.providers.mercado_data_provider | DEBUG | RTD: preco_ativo XPBR31=84.85 forçado com sucesso
src.infrastructure.providers.mercado_data_provider | DEBUG | RTD: Detalhes completos registrados para VALE3|VALET754W4 (Liquidez detectada)
src.infrastructure.providers.mercado_data_provider | DEBUG | RTD: preco_ativo VALE3=72.21 forçado com sucesso
src.infrastructure.providers.mercado_data_provider | DEBUG | RTD: Detalhes completos registrados para WEGE3|WEGET397 (Liquidez detectada)
src.infrastructure.providers.mercado_data_provider | DEBUG | RTD: preco_ativo WEGE3=42.59 forçado com sucesso
src.infrastructure.providers.mercado_data_provider | DEBUG | RTD: Detalhes completos registrados para VALE3|VALET614 (Liquidez detectada)
src.infrastructure.providers.mercado_data_provider | DEBUG | RTD: preco_ativo VALE3=72.21 forçado com sucesso
src.infrastructure.providers.mercado_data_provider | DEBUG | RTD: Detalhes completos registrados para VALE3|VALET254 (Liquidez detectada)
src.infrastructure.providers.mercado_data_provider | DEBUG | RTD: preco_ativo VALE3=72.21 forçado com sucesso
src.infrastructure.providers.mercado_data_provider | DEBUG | RTD: Detalhes completos registrados para SUZB3|SUZBU383 (Liquidez detectada)
src.infrastructure.providers.mercado_data_provider | DEBUG | RTD: preco_ativo SUZB3=41.47 forçado com sucesso
src.infrastructure.providers.mercado_data_provider | DEBUG | RTD: Detalhes completos registrados para UGPA3|UGPAU320 (Liquidez detectada)
src.infrastructure.providers.mercado_data_provider | DEBUG | RTD: preco_ativo UGPA3=31.63 forçado com sucesso
src.infrastructure.providers.mercado_data_provider | DEBUG | RTD: Detalhes completos registrados para TUPY3|TUPYT170 (Liquidez detectada)
src.infrastructure.providers.mercado_data_provider | DEBUG | RTD: preco_ativo TUPY3=15.31 forçado com sucesso
src.infrastructure.providers.mercado_data_provider | DEBUG | RTD: Detalhes completos registrados para TAEE11|TAEET358 (Liquidez detectada)
src.infrastructure.providers.mercado_data_provider | DEBUG | RTD: preco_ativo TAEE11=41.19 forçado com sucesso
src.infrastructure.providers.mercado_data_provider | DEBUG | RTD: Detalhes completos registrados para TEND3|TENDT327 (Liquidez detectada)
src.infrastructure.providers.mercado_data_provider | DEBUG | RTD: preco_ativo TEND3=29.69 forçado com sucesso
src.infrastructure.providers.mercado_data_provider | DEBUG | RTD: Detalhes completos registrados para USIM5|USIMM500 (Liquidez detectada)
src.infrastructure.providers.mercado_data_provider | DEBUG | RTD: preco_ativo USIM5=8.38 forçado com sucesso
src.infrastructure.providers.mercado_data_provider | DEBUG | RTD: Detalhes completos registrados para XPBR31|XPBRU880 (Liquidez detectada)
src.infrastructure.providers.mercado_data_provider | DEBUG | RTD: preco_ativo XPBR31=84.85 forçado com sucesso
src.infrastructure.providers.mercado_data_provider | DEBUG | RTD: Detalhes completos registrados para UGPA3|UGPAU232 (Liquidez detectada)
src.infrastructure.providers.mercado_data_provider | DEBUG | RTD: preco_ativo UGPA3=31.63 forçado com sucesso
src.infrastructure.providers.mercado_data_provider | DEBUG | RTD: Detalhes completos registrados para TUPY3|TUPYT157 (Liquidez detectada)
src.infrastructure.providers.mercado_data_provider | DEBUG | RTD: preco_ativo TUPY3=15.31 forçado com sucesso
src.infrastructure.providers.mercado_data_provider | DEBUG | RTD: Detalhes completos registrados para SUZB3|SUZBT313 (Liquidez detectada)
src.infrastructure.providers.mercado_data_provider | DEBUG | RTD: preco_ativo SUZB3=41.47 forçado com sucesso
src.infrastructure.providers.mercado_data_provider | DEBUG | RTD: Detalhes completos registrados para UGPA3|UGPAT332 (Liquidez detectada)
src.infrastructure.providers.mercado_data_provider | DEBUG | RTD: preco_ativo UGPA3=31.63 forçado com sucesso
src.infrastructure.providers.mercado_data_provider | DEBUG | RTD: Detalhes completos registrados para VALE3|VALET706W2 (Liquidez detectada)
src.infrastructure.providers.mercado_data_provider | DEBUG | RTD: preco_ativo VALE3=72.21 forçado com sucesso
src.infrastructure.providers.mercado_data_provider | DEBUG | RTD: Detalhes completos registrados para XPBR31|XPBRU975 (Liquidez detectada)
src.infrastructure.providers.mercado_data_provider | DEBUG | RTD: preco_ativo XPBR31=84.85 forçado com sucesso
src.infrastructure.providers.mercado_data_provider | DEBUG | RTD: Detalhes completos registrados para YDUQ3|YDUQT606 (Liquidez detectada)
src.infrastructure.providers.mercado_data_provider | DEBUG | RTD: preco_ativo YDUQ3=7.92 forçado com sucesso
src.infrastructure.providers.mercado_data_provider | DEBUG | RTD: Detalhes completos registrados para WEGE3|WEGES482W5 (Liquidez detectada)
src.infrastructure.providers.mercado_data_provider | DEBUG | RTD: preco_ativo WEGE3=42.59 forçado com sucesso
src.infrastructure.providers.mercado_data_provider | DEBUG | RTD: Detalhes completos registrados para VAMO3|VAMOT291 (Liquidez detectada)
src.infrastructure.providers.mercado_data_provider | DEBUG | RTD: preco_ativo VAMO3=3.10 forçado com sucesso
src.infrastructure.providers.mercado_data_provider | DEBUG | RTD: Detalhes completos registrados para WEGE3|WEGES467W5 (Liquidez detectada)
src.infrastructure.providers.mercado_data_provider | DEBUG | RTD: preco_ativo WEGE3=42.59 forçado com sucesso
src.infrastructure.providers.mercado_data_provider | DEBUG | RTD: Detalhes completos registrados para WEGE3|WEGET412W1 (Liquidez detectada)
src.infrastructure.providers.mercado_data_provider | DEBUG | RTD: preco_ativo WEGE3=42.59 forçado com sucesso
src.infrastructure.providers.mercado_data_provider | DEBUG | RTD: Detalhes completos registrados para USIM5|USIMU660 (Liquidez detectada)
src.infrastructure.providers.mercado_data_provider | DEBUG | RTD: preco_ativo USIM5=8.38 forçado com sucesso
src.infrastructure.providers.mercado_data_provider | DEBUG | RTD: Detalhes completos registrados para USIM5|USIMS140W5 (Liquidez detectada)
src.infrastructure.providers.mercado_data_provider | DEBUG | RTD: preco_ativo USIM5=8.38 forçado com sucesso
src.infrastructure.providers.mercado_data_provider | DEBUG | RTD: Detalhes completos registrados para TAEE11|TAEET431 (Liquidez detectada)
src.infrastructure.providers.mercado_data_provider | DEBUG | RTD: preco_ativo TAEE11=41.19 forçado com sucesso
src.infrastructure.providers.mercado_data_provider | DEBUG | RTD: Detalhes completos registrados para SUZB3|SUZBU483 (Liquidez detectada)
src.infrastructure.providers.mercado_data_provider | DEBUG | RTD: preco_ativo SUZB3=41.47 forçado com sucesso
src.infrastructure.providers.mercado_data_provider | DEBUG | RTD: Detalhes completos registrados para TOTS3|TOTSU314 (Liquidez detectada)
src.infrastructure.providers.mercado_data_provider | DEBUG | RTD: preco_ativo TOTS3=28.35 forçado com sucesso
src.infrastructure.providers.mercado_data_provider | DEBUG | RTD: Detalhes completos registrados para USIM5|USIMT744W1 (Liquidez detectada)
src.infrastructure.providers.mercado_data_provider | DEBUG | RTD: preco_ativo USIM5=8.38 forçado com sucesso
src.infrastructure.providers.mercado_data_provider | DEBUG | RTD: Detalhes completos registrados para VALE3|VALEX1 (Liquidez detectada)
src.infrastructure.providers.mercado_data_provider | DEBUG | RTD: preco_ativo VALE3=72.21 forçado com sucesso
src.infrastructure.providers.mercado_data_provider | DEBUG | RTD: Detalhes completos registrados para TAEE11|TAEET356 (Liquidez detectada)
src.infrastructure.providers.mercado_data_provider | DEBUG | RTD: preco_ativo TAEE11=41.19 forçado com sucesso
src.infrastructure.providers.mercado_data_provider | DEBUG | RTD: Detalhes completos registrados para TOTS3|TOTSU191 (Liquidez detectada)
src.infrastructure.providers.mercado_data_provider | DEBUG | RTD: preco_ativo TOTS3=28.35 forçado com sucesso
src.infrastructure.providers.mercado_data_provider | DEBUG | RTD: Detalhes completos registrados para VIVT3|VIVTT368 (Liquidez detectada)
src.infrastructure.providers.mercado_data_provider | DEBUG | RTD: preco_ativo VIVT3=35.51 forçado com sucesso
src.infrastructure.providers.mercado_data_provider | DEBUG | RTD: Detalhes completos registrados para TOTS3|TOTSU324 (Liquidez detectada)
src.infrastructure.providers.mercado_data_provider | DEBUG | RTD: preco_ativo TOTS3=28.35 forçado com sucesso
src.infrastructure.providers.mercado_data_provider | DEBUG | RTD: Detalhes completos registrados para YDUQ3|YDUQT826 (Liquidez detectada)
src.infrastructure.providers.mercado_data_provider | DEBUG | RTD: preco_ativo YDUQ3=7.92 forçado com sucesso
src.infrastructure.providers.mercado_data_provider | DEBUG | RTD: Detalhes completos registrados para VBBR3|VBBRU262 (Liquidez detectada)
src.infrastructure.providers.mercado_data_provider | DEBUG | RTD: preco_ativo VBBR3=33.64 forçado com sucesso
src.infrastructure.providers.mercado_data_provider | DEBUG | RTD: Detalhes completos registrados para SBSP3|SBSPT232 (Liquidez detectada)
src.infrastructure.providers.mercado_data_provider | DEBUG | RTD: preco_ativo SBSP3=28.60 forçado com sucesso
src.infrastructure.providers.mercado_data_provider | DEBUG | RTD: Detalhes completos registrados para VALE3|VALET889 (Liquidez detectada)
src.infrastructure.providers.mercado_data_provider | DEBUG | RTD: preco_ativo VALE3=72.21 forçado com sucesso
src.infrastructure.providers.mercado_data_provider | DEBUG | RTD: Detalhes completos registrados para VALE3|VALET739W4 (Liquidez detectada)
src.infrastructure.providers.mercado_data_provider | DEBUG | RTD: preco_ativo VALE3=72.21 forçado com sucesso
src.infrastructure.providers.mercado_data_provider | DEBUG | RTD: Detalhes completos registrados para UGPA3|UGPAU242 (Liquidez detectada)
src.infrastructure.providers.mercado_data_provider | DEBUG | RTD: preco_ativo UGPA3=31.63 forçado com sucesso
src.infrastructure.providers.mercado_data_provider | DEBUG | RTD: Detalhes completos registrados para YDUQ3|YDUQT916 (Liquidez detectada)
src.infrastructure.providers.mercado_data_provider | DEBUG | RTD: preco_ativo YDUQ3=7.92 forçado com sucesso
src.infrastructure.providers.mercado_data_provider | DEBUG | RTD: Detalhes completos registrados para XPBR31|XPBRU920 (Liquidez detectada)
src.infrastructure.providers.mercado_data_provider | DEBUG | RTD: preco_ativo XPBR31=84.85 forçado com sucesso
src.infrastructure.providers.mercado_data_provider | DEBUG | RTD: Detalhes completos registrados para XPBR31|XPBRT595 (Liquidez detectada)
src.infrastructure.providers.mercado_data_provider | DEBUG | RTD: preco_ativo XPBR31=84.85 forçado com sucesso
src.infrastructure.providers.mercado_data_provider | DEBUG | RTD: Detalhes completos registrados para VALE3|VALET589 (Liquidez detectada)
src.infrastructure.providers.mercado_data_provider | DEBUG | RTD: preco_ativo VALE3=72.21 forçado com sucesso
src.infrastructure.providers.mercado_data_provider | DEBUG | RTD: Detalhes completos registrados para TEND3|TENDU265 (Liquidez detectada)
src.infrastructure.providers.mercado_data_provider | DEBUG | RTD: preco_ativo TEND3=29.69 forçado com sucesso
src.infrastructure.providers.mercado_data_provider | DEBUG | RTD: Detalhes completos registrados para SUZB3|SUZBU481 (Liquidez detectada)
src.infrastructure.providers.mercado_data_provider | DEBUG | RTD: preco_ativo SUZB3=41.47 forçado com sucesso
src.infrastructure.providers.mercado_data_provider | DEBUG | RTD: Detalhes completos registrados para VALE3|VALET549 (Liquidez detectada)
src.infrastructure.providers.mercado_data_provider | DEBUG | RTD: preco_ativo VALE3=72.21 forçado com sucesso
src.infrastructure.providers.mercado_data_provider | DEBUG | RTD: Detalhes completos registrados para TOTS3|TOTSU252 (Liquidez detectada)
src.infrastructure.providers.mercado_data_provider | DEBUG | RTD: preco_ativo TOTS3=28.35 forçado com sucesso
src.infrastructure.providers.mercado_data_provider | DEBUG | RTD: Detalhes completos registrados para TTEN3|TTENU141 (Liquidez detectada)
src.infrastructure.providers.mercado_data_provider | DEBUG | RTD: preco_ativo TTEN3=15.02 forçado com sucesso
src.infrastructure.providers.mercado_data_provider | DEBUG | RTD: Detalhes completos registrados para USIM5|USIMU770 (Liquidez detectada)
src.infrastructure.providers.mercado_data_provider | DEBUG | RTD: preco_ativo USIM5=8.38 forçado com sucesso
src.infrastructure.providers.mercado_data_provider | DEBUG | RTD: Detalhes completos registrados para VALE3|VALET229 (Liquidez detectada)
src.infrastructure.providers.mercado_data_provider | DEBUG | RTD: preco_ativo VALE3=72.21 forçado com sucesso
src.infrastructure.providers.mercado_data_provider | DEBUG | RTD: Detalhes completos registrados para TIMS3|TIMSU214 (Liquidez detectada)
src.infrastructure.providers.mercado_data_provider | DEBUG | RTD: preco_ativo TIMS3=22.41 forçado com sucesso
src.infrastructure.providers.mercado_data_provider | DEBUG | RTD: Detalhes completos registrados para TEND3|TENDU337 (Liquidez detectada)
src.infrastructure.providers.mercado_data_provider | DEBUG | RTD: preco_ativo TEND3=29.69 forçado com sucesso
src.infrastructure.providers.mercado_data_provider | DEBUG | RTD: Detalhes completos registrados para TOTS3|TOTST269 (Liquidez detectada)
src.infrastructure.providers.mercado_data_provider | DEBUG | RTD: preco_ativo TOTS3=28.35 forçado com sucesso
src.infrastructure.providers.mercado_data_provider | DEBUG | RTD: Detalhes completos registrados para VIVT3|VIVTT303 (Liquidez detectada)
src.infrastructure.providers.mercado_data_provider | DEBUG | RTD: preco_ativo VIVT3=35.51 forçado com sucesso
src.infrastructure.providers.mercado_data_provider | DEBUG | RTD: Detalhes completos registrados para USIM5|USIMS125W5 (Liquidez detectada)
src.infrastructure.providers.mercado_data_provider | DEBUG | RTD: preco_ativo USIM5=8.38 forçado com sucesso
src.infrastructure.providers.mercado_data_provider | DEBUG | RTD: Detalhes completos registrados para TAEE11|TAEEU351W2 (Liquidez detectada)
src.infrastructure.providers.mercado_data_provider | DEBUG | RTD: preco_ativo TAEE11=41.19 forçado com sucesso
src.infrastructure.providers.mercado_data_provider | DEBUG | RTD: Detalhes completos registrados para TOTS3|TOTSW30 (Liquidez detectada)
src.infrastructure.providers.mercado_data_provider | DEBUG | RTD: preco_ativo TOTS3=28.35 forçado com sucesso
src.infrastructure.providers.mercado_data_provider | DEBUG | RTD: Detalhes completos registrados para TIMS3|TIMST179 (Liquidez detectada)
src.infrastructure.providers.mercado_data_provider | DEBUG | RTD: preco_ativo TIMS3=22.41 forçado com sucesso
src.infrastructure.providers.mercado_data_provider | DEBUG | RTD: Detalhes completos registrados para WEGE3|WEGET472 (Liquidez detectada)
src.infrastructure.providers.mercado_data_provider | DEBUG | RTD: preco_ativo WEGE3=42.59 forçado com sucesso
src.infrastructure.providers.mercado_data_provider | DEBUG | RTD: Detalhes completos registrados para TEND3|TENDU302 (Liquidez detectada)
src.infrastructure.providers.mercado_data_provider | DEBUG | RTD: preco_ativo TEND3=29.69 forçado com sucesso
src.infrastructure.providers.mercado_data_provider | DEBUG | RTD: Detalhes completos registrados para YDUQ3|YDUQT896 (Liquidez detectada)
src.infrastructure.providers.mercado_data_provider | DEBUG | RTD: preco_ativo YDUQ3=7.92 forçado com sucesso
src.infrastructure.providers.mercado_data_provider | DEBUG | RTD: Detalhes completos registrados para TOTS3|TOTST312 (Liquidez detectada)
src.infrastructure.providers.mercado_data_provider | DEBUG | RTD: preco_ativo TOTS3=28.35 forçado com sucesso
src.infrastructure.providers.mercado_data_provider | DEBUG | RTD: Detalhes completos registrados para TAEE11|TAEEU426 (Liquidez detectada)
src.infrastructure.providers.mercado_data_provider | DEBUG | RTD: preco_ativo TAEE11=41.19 forçado com sucesso
src.infrastructure.providers.mercado_data_provider | DEBUG | RTD: Detalhes completos registrados para VBBR3|VBBRU239 (Liquidez detectada)
src.infrastructure.providers.mercado_data_provider | DEBUG | RTD: preco_ativo VBBR3=33.64 forçado com sucesso
src.infrastructure.providers.mercado_data_provider | DEBUG | RTD: Detalhes completos registrados para VALE3|VALEX733 (Liquidez detectada)
src.infrastructure.providers.mercado_data_provider | DEBUG | RTD: preco_ativo VALE3=72.21 forçado com sucesso
src.infrastructure.providers.mercado_data_provider | DEBUG | RTD: Detalhes completos registrados para SUZB3|SUZBT473 (Liquidez detectada)
src.infrastructure.providers.mercado_data_provider | DEBUG | RTD: preco_ativo SUZB3=41.47 forçado com sucesso
src.infrastructure.providers.mercado_data_provider | DEBUG | RTD: Detalhes completos registrados para XPBR31|XPBRU875 (Liquidez detectada)
src.infrastructure.providers.mercado_data_provider | DEBUG | RTD: preco_ativo XPBR31=84.85 forçado com sucesso
src.infrastructure.providers.mercado_data_provider | DEBUG | RTD: Detalhes completos registrados para USIM5|USIMU940 (Liquidez detectada)
src.infrastructure.providers.mercado_data_provider | DEBUG | RTD: preco_ativo USIM5=8.38 forçado com sucesso
src.infrastructure.providers.mercado_data_provider | DEBUG | RTD: Detalhes completos registrados para UGPA3|UGPAU332 (Liquidez detectada)
src.infrastructure.providers.mercado_data_provider | DEBUG | RTD: preco_ativo UGPA3=31.63 forçado com sucesso
src.infrastructure.providers.mercado_data_provider | DEBUG | RTD: Detalhes completos registrados para WIZC3|WIZCU812 (Liquidez detectada)
src.infrastructure.providers.mercado_data_provider | DEBUG | RTD: preco_ativo WIZC3=8.26 forçado com sucesso
src.infrastructure.providers.mercado_data_provider | DEBUG | RTD: Detalhes completos registrados para PETR4|PETRT394 (Liquidez detectada)
src.infrastructure.providers.mercado_data_provider | DEBUG | RTD: preco_ativo PETR4=41.59 forçado com sucesso
src.infrastructure.providers.mercado_data_provider | DEBUG | RTD: Detalhes completos registrados para VAMO3|VAMOW34 (Liquidez detectada)
src.infrastructure.providers.mercado_data_provider | DEBUG | RTD: preco_ativo VAMO3=3.10 forçado com sucesso
src.infrastructure.providers.mercado_data_provider | DEBUG | RTD: Detalhes completos registrados para TIMS3|TIMST244 (Liquidez detectada)
src.infrastructure.providers.mercado_data_provider | DEBUG | RTD: preco_ativo TIMS3=22.41 forçado com sucesso
src.infrastructure.providers.mercado_data_provider | DEBUG | RTD: Detalhes completos registrados para VALE3|VALEU489 (Liquidez detectada)
src.infrastructure.providers.mercado_data_provider | DEBUG | RTD: preco_ativo VALE3=72.21 forçado com sucesso
src.infrastructure.providers.mercado_data_provider | DEBUG | RTD: Detalhes completos registrados para VALE3|VALEX643 (Liquidez detectada)
src.infrastructure.providers.mercado_data_provider | DEBUG | RTD: preco_ativo VALE3=72.21 forçado com sucesso
src.infrastructure.providers.mercado_data_provider | DEBUG | RTD: Detalhes completos registrados para UGPA3|UGPAT285 (Liquidez detectada)
src.infrastructure.providers.mercado_data_provider | DEBUG | RTD: preco_ativo UGPA3=31.63 forçado com sucesso
src.infrastructure.providers.mercado_data_provider | DEBUG | RTD: Detalhes completos registrados para USIM5|USIMS135W5 (Liquidez detectada)
src.infrastructure.providers.mercado_data_provider | DEBUG | RTD: preco_ativo USIM5=8.38 forçado com sucesso
src.infrastructure.providers.mercado_data_provider | DEBUG | RTD: Detalhes completos registrados para VBBR3|VBBRT332 (Liquidez detectada)
src.infrastructure.providers.mercado_data_provider | DEBUG | RTD: preco_ativo VBBR3=33.64 forçado com sucesso
src.infrastructure.providers.mercado_data_provider | DEBUG | RTD: Detalhes completos registrados para VALE3|VALET793 (Liquidez detectada)
src.infrastructure.providers.mercado_data_provider | DEBUG | RTD: preco_ativo VALE3=72.21 forçado com sucesso
src.infrastructure.providers.mercado_data_provider | DEBUG | RTD: Detalhes completos registrados para UGPA3|UGPAU342 (Liquidez detectada)
src.infrastructure.providers.mercado_data_provider | DEBUG | RTD: preco_ativo UGPA3=31.63 forçado com sucesso
src.infrastructure.providers.mercado_data_provider | DEBUG | RTD: Detalhes completos registrados para SUZB3|SUZBV383 (Liquidez detectada)
src.infrastructure.providers.mercado_data_provider | DEBUG | RTD: preco_ativo SUZB3=41.47 forçado com sucesso
src.infrastructure.providers.mercado_data_provider | DEBUG | RTD: Detalhes completos registrados para TEND3|TENDU367 (Liquidez detectada)
src.infrastructure.providers.mercado_data_provider | DEBUG | RTD: preco_ativo TEND3=29.69 forçado com sucesso
src.infrastructure.providers.mercado_data_provider | DEBUG | RTD: Detalhes completos registrados para VALE3|VALET674 (Liquidez detectada)
src.infrastructure.providers.mercado_data_provider | DEBUG | RTD: preco_ativo VALE3=72.21 forçado com sucesso
src.infrastructure.providers.mercado_data_provider | DEBUG | RTD: Detalhes completos registrados para VALE3|VALEU701 (Liquidez detectada)
src.infrastructure.providers.mercado_data_provider | DEBUG | RTD: preco_ativo VALE3=72.21 forçado com sucesso
src.infrastructure.providers.mercado_data_provider | DEBUG | RTD: Detalhes completos registrados para WEGE3|WEGES432W5 (Liquidez detectada)
src.infrastructure.providers.mercado_data_provider | DEBUG | RTD: preco_ativo WEGE3=42.59 forçado com sucesso
src.infrastructure.providers.mercado_data_provider | DEBUG | RTD: Detalhes completos registrados para VALE3|VALET741W2 (Liquidez detectada)
src.infrastructure.providers.mercado_data_provider | DEBUG | RTD: preco_ativo VALE3=72.21 forçado com sucesso
src.infrastructure.providers.mercado_data_provider | DEBUG | RTD: Detalhes completos registrados para VALE3|VALET786W1 (Liquidez detectada)
src.infrastructure.providers.mercado_data_provider | DEBUG | RTD: preco_ativo VALE3=72.21 forçado com sucesso
src.infrastructure.providers.mercado_data_provider | DEBUG | RTD: Detalhes completos registrados para VBBR3|VBBRU384 (Liquidez detectada)
src.infrastructure.providers.mercado_data_provider | DEBUG | RTD: preco_ativo VBBR3=33.64 forçado com sucesso
src.infrastructure.providers.mercado_data_provider | DEBUG | RTD: Detalhes completos registrados para UGPA3|UGPAT232 (Liquidez detectada)
src.infrastructure.providers.mercado_data_provider | DEBUG | RTD: preco_ativo UGPA3=31.63 forçado com sucesso
src.infrastructure.providers.mercado_data_provider | DEBUG | RTD: Detalhes completos registrados para VIVT3|VIVTT308 (Liquidez detectada)
src.infrastructure.providers.mercado_data_provider | DEBUG | RTD: preco_ativo VIVT3=35.51 forçado com sucesso
src.infrastructure.providers.mercado_data_provider | DEBUG | RTD: Detalhes completos registrados para VAMO3|VAMOU296 (Liquidez detectada)
src.infrastructure.providers.mercado_data_provider | DEBUG | RTD: preco_ativo VAMO3=3.10 forçado com sucesso
src.infrastructure.providers.mercado_data_provider | DEBUG | RTD: Detalhes completos registrados para VBBR3|VBBRU352 (Liquidez detectada)
src.infrastructure.providers.mercado_data_provider | DEBUG | RTD: preco_ativo VBBR3=33.64 forçado com sucesso
src.infrastructure.providers.mercado_data_provider | DEBUG | RTD: Detalhes completos registrados para SUZB3|SUZBX371 (Liquidez detectada)
src.infrastructure.providers.mercado_data_provider | DEBUG | RTD: preco_ativo SUZB3=41.47 forçado com sucesso
src.infrastructure.providers.mercado_data_provider | DEBUG | RTD: Detalhes completos registrados para YDUQ3|YDUQU646 (Liquidez detectada)
src.infrastructure.providers.mercado_data_provider | DEBUG | RTD: preco_ativo YDUQ3=7.92 forçado com sucesso
src.infrastructure.providers.mercado_data_provider | DEBUG | RTD: Detalhes completos registrados para USIM5|USIMT824W1 (Liquidez detectada)
src.infrastructure.providers.mercado_data_provider | DEBUG | RTD: preco_ativo USIM5=8.38 forçado com sucesso
src.infrastructure.providers.mercado_data_provider | DEBUG | RTD: Detalhes completos registrados para VAMO3|VAMOU336 (Liquidez detectada)
src.infrastructure.providers.mercado_data_provider | DEBUG | RTD: preco_ativo VAMO3=3.10 forçado com sucesso
src.infrastructure.providers.mercado_data_provider | DEBUG | RTD: Detalhes completos registrados para SUZB3|SUZBW381 (Liquidez detectada)
src.infrastructure.providers.mercado_data_provider | DEBUG | RTD: preco_ativo SUZB3=41.47 forçado com sucesso
src.infrastructure.providers.mercado_data_provider | DEBUG | RTD: Detalhes completos registrados para VBBR3|VBBRU272 (Liquidez detectada)
src.infrastructure.providers.mercado_data_provider | DEBUG | RTD: preco_ativo VBBR3=33.64 forçado com sucesso
src.infrastructure.providers.mercado_data_provider | DEBUG | RTD: Detalhes completos registrados para VBBR3|VBBRT240 (Liquidez detectada)
src.infrastructure.providers.mercado_data_provider | DEBUG | RTD: preco_ativo VBBR3=33.64 forçado com sucesso
src.infrastructure.providers.mercado_data_provider | DEBUG | RTD: Detalhes completos registrados para VBBR3|VBBRV269 (Liquidez detectada)
src.infrastructure.providers.mercado_data_provider | DEBUG | RTD: preco_ativo VBBR3=33.64 forçado com sucesso
src.infrastructure.providers.mercado_data_provider | DEBUG | RTD: Detalhes completos registrados para VULC3|VULCT125 (Liquidez detectada)
src.infrastructure.providers.mercado_data_provider | DEBUG | RTD: preco_ativo VULC3=14.05 forçado com sucesso
src.infrastructure.providers.mercado_data_provider | DEBUG | RTD: Detalhes completos registrados para WEGE3|WEGET434W1 (Liquidez detectada)
src.infrastructure.providers.mercado_data_provider | DEBUG | RTD: preco_ativo WEGE3=42.59 forçado com sucesso
src.infrastructure.providers.mercado_data_provider | DEBUG | RTD: Detalhes completos registrados para VALE3|VALEX73 (Liquidez detectada)
src.infrastructure.providers.mercado_data_provider | DEBUG | RTD: preco_ativo VALE3=72.21 forçado com sucesso
src.infrastructure.providers.mercado_data_provider | DEBUG | RTD: Detalhes completos registrados para VBBR3|VBBRU357 (Liquidez detectada)
src.infrastructure.providers.mercado_data_provider | DEBUG | RTD: preco_ativo VBBR3=33.64 forçado com sucesso
src.infrastructure.providers.mercado_data_provider | DEBUG | RTD: Detalhes completos registrados para VALE3|VALET479 (Liquidez detectada)
src.infrastructure.providers.mercado_data_provider | DEBUG | RTD: preco_ativo VALE3=72.21 forçado com sucesso
src.infrastructure.providers.mercado_data_provider | DEBUG | RTD: Detalhes completos registrados para WEGE3|WEGEX497 (Liquidez detectada)
src.infrastructure.providers.mercado_data_provider | DEBUG | RTD: preco_ativo WEGE3=42.59 forçado com sucesso
src.infrastructure.providers.mercado_data_provider | DEBUG | RTD: Detalhes completos registrados para WEGE3|WEGES452W5 (Liquidez detectada)
src.infrastructure.providers.mercado_data_provider | DEBUG | RTD: preco_ativo WEGE3=42.59 forçado com sucesso
src.infrastructure.providers.mercado_data_provider | DEBUG | RTD: Detalhes completos registrados para TIMS3|TIMSU164 (Liquidez detectada)
src.infrastructure.providers.mercado_data_provider | DEBUG | RTD: preco_ativo TIMS3=22.41 forçado com sucesso
src.infrastructure.providers.mercado_data_provider | DEBUG | RTD: Detalhes completos registrados para SUZB3|SUZBT466 (Liquidez detectada)
src.infrastructure.providers.mercado_data_provider | DEBUG | RTD: preco_ativo SUZB3=41.47 forçado com sucesso
src.infrastructure.providers.mercado_data_provider | DEBUG | RTD: Detalhes completos registrados para SUZB3|SUZBT391 (Liquidez detectada)
src.infrastructure.providers.mercado_data_provider | DEBUG | RTD: preco_ativo SUZB3=41.47 forçado com sucesso
src.infrastructure.providers.mercado_data_provider | DEBUG | RTD: Detalhes completos registrados para VBBR3|VBBRT362 (Liquidez detectada)
src.infrastructure.providers.mercado_data_provider | DEBUG | RTD: preco_ativo VBBR3=33.64 forçado com sucesso
src.infrastructure.providers.mercado_data_provider | DEBUG | RTD: Detalhes completos registrados para WEGE3|WEGEX332 (Liquidez detectada)
src.infrastructure.providers.mercado_data_provider | DEBUG | RTD: preco_ativo WEGE3=42.59 forçado com sucesso
src.infrastructure.providers.mercado_data_provider | DEBUG | RTD: Detalhes completos registrados para YDUQ3|YDUQT766 (Liquidez detectada)
src.infrastructure.providers.mercado_data_provider | DEBUG | RTD: preco_ativo YDUQ3=7.92 forçado com sucesso
src.infrastructure.providers.mercado_data_provider | DEBUG | RTD: Detalhes completos registrados para WEGE3|WEGEU448 (Liquidez detectada)
src.infrastructure.providers.mercado_data_provider | DEBUG | RTD: preco_ativo WEGE3=42.59 forçado com sucesso
src.ui.desktop.monitor_worker | INFO | Manutenção: novos books + prioridades em 0.18s
src.ui.desktop.monitor_worker | INFO | Ciclo: monitor=4.009s colar=0.000s cal=0.879s box=0.000s manut=0.179s mpp=0.000s total=5.067s
src.infrastructure.providers.mercado_data_provider | DEBUG | Varredura: _chaves_com_book=10503 _chaves_detalhes=10503
src.infrastructure.providers.mercado_data_provider | DEBUG | Varredura: sem_preco=0 sem_dados_rtd=11 chaves_com_book=10503
src.infrastructure.providers.mercado_data_provider | INFO | Varredura(F): monitor=38476 book=10492 | reg=0.000 ref=0.009 var=0.250 total=0.258 | inst_map=0.004 | onda2=1280(0.040) onda1=0(0.000) cab_skip=9223 status=0.169
src.application.use_cases.monitor_oportunidades | INFO | PipelineTracker BOX/SBTH: 10492 -> 10492 (viaveis=0)
src.ui.desktop.monitor_worker | INFO | Ciclo: monitor=4.574s colar=0.000s cal=0.000s box=0.000s manut=0.000s mpp=0.000s total=4.574s
src.infrastructure.providers.mercado_data_provider | DEBUG | Varredura: _chaves_com_book=10503 _chaves_detalhes=10503
src.infrastructure.providers.mercado_data_provider | DEBUG | Varredura: sem_preco=0 sem_dados_rtd=10 chaves_com_book=10503
src.infrastructure.providers.mercado_data_provider | INFO | Varredura(F): monitor=38476 book=10493 | reg=0.000 ref=0.010 var=0.256 total=0.266 | inst_map=0.000 | onda2=1189(0.040) onda1=0(0.000) cab_skip=9314 status=0.179
src.application.use_cases.monitor_oportunidades | INFO | PipelineTracker BOX/SBTH: 10493 -> 10493 (viaveis=0)
src.infrastructure.providers.mercado_data_provider | DEBUG | RTD: Detalhes completos registrados para VBBR3|VBBRT252 (Liquidez detectada)
src.infrastructure.providers.mercado_data_provider | DEBUG | RTD: preco_ativo VBBR3=33.64 forçado com sucesso
src.infrastructure.providers.mercado_data_provider | DEBUG | RTD: Detalhes completos registrados para VALE3|VALEX874 (Liquidez detectada)
src.infrastructure.providers.mercado_data_provider | DEBUG | RTD: preco_ativo VALE3=72.21 forçado com sucesso
src.infrastructure.providers.mercado_data_provider | DEBUG | RTD: Detalhes completos registrados para VALE3|VALET704 (Liquidez detectada)
src.infrastructure.providers.mercado_data_provider | DEBUG | RTD: preco_ativo VALE3=72.21 forçado com sucesso
src.infrastructure.providers.mercado_data_provider | DEBUG | RTD: Detalhes completos registrados para WEGE3|WEGEU391 (Liquidez detectada)
src.infrastructure.providers.mercado_data_provider | DEBUG | RTD: preco_ativo WEGE3=42.59 forçado com sucesso
src.infrastructure.providers.mercado_data_provider | DEBUG | RTD: Detalhes completos registrados para VALE3|VALET674W4 (Liquidez detectada)
src.infrastructure.providers.mercado_data_provider | DEBUG | RTD: preco_ativo VALE3=72.21 forçado com sucesso
src.infrastructure.providers.mercado_data_provider | DEBUG | RTD: Detalhes completos registrados para TOTS3|TOTSU237 (Liquidez detectada)
src.infrastructure.providers.mercado_data_provider | DEBUG | RTD: preco_ativo TOTS3=28.35 forçado com sucesso
src.infrastructure.providers.mercado_data_provider | DEBUG | RTD: Detalhes completos registrados para VALE3|VALET629 (Liquidez detectada)
src.infrastructure.providers.mercado_data_provider | DEBUG | RTD: preco_ativo VALE3=72.21 forçado com sucesso
src.infrastructure.providers.mercado_data_provider | DEBUG | RTD: Detalhes completos registrados para VALE3|VALEU660 (Liquidez detectada)
src.infrastructure.providers.mercado_data_provider | DEBUG | RTD: preco_ativo VALE3=72.21 forçado com sucesso
src.infrastructure.providers.mercado_data_provider | DEBUG | RTD: Detalhes completos registrados para VALE3|VALET821W2 (Liquidez detectada)
src.infrastructure.providers.mercado_data_provider | DEBUG | RTD: preco_ativo VALE3=72.21 forçado com sucesso
src.infrastructure.providers.mercado_data_provider | DEBUG | RTD: Detalhes completos registrados para TIMS3|TIMST222 (Liquidez detectada)
src.infrastructure.providers.mercado_data_provider | DEBUG | RTD: preco_ativo TIMS3=22.41 forçado com sucesso
src.infrastructure.providers.mercado_data_provider | DEBUG | RTD: Detalhes completos registrados para VALE3|VALEU306 (Liquidez detectada)
src.infrastructure.providers.mercado_data_provider | DEBUG | RTD: preco_ativo VALE3=72.21 forçado com sucesso
src.infrastructure.providers.mercado_data_provider | DEBUG | RTD: Detalhes completos registrados para VIVT3|VIVTT371 (Liquidez detectada)
src.infrastructure.providers.mercado_data_provider | DEBUG | RTD: preco_ativo VIVT3=35.51 forçado com sucesso
src.infrastructure.providers.mercado_data_provider | DEBUG | RTD: Detalhes completos registrados para VALE3|VALET869 (Liquidez detectada)
src.infrastructure.providers.mercado_data_provider | DEBUG | RTD: preco_ativo VALE3=72.21 forçado com sucesso
src.infrastructure.providers.mercado_data_provider | DEBUG | RTD: Detalhes completos registrados para VALE3|VALEU221 (Liquidez detectada)
src.infrastructure.providers.mercado_data_provider | DEBUG | RTD: preco_ativo VALE3=72.21 forçado com sucesso
src.infrastructure.providers.mercado_data_provider | DEBUG | RTD: Detalhes completos registrados para VALE3|VALEU361 (Liquidez detectada)
src.infrastructure.providers.mercado_data_provider | DEBUG | RTD: preco_ativo VALE3=72.21 forçado com sucesso
src.infrastructure.providers.mercado_data_provider | DEBUG | RTD: Detalhes completos registrados para WEGE3|WEGEU315 (Liquidez detectada)
src.infrastructure.providers.mercado_data_provider | DEBUG | RTD: preco_ativo WEGE3=42.59 forçado com sucesso
src.infrastructure.providers.mercado_data_provider | DEBUG | RTD: Detalhes completos registrados para WEGE3|WEGEU463 (Liquidez detectada)
src.infrastructure.providers.mercado_data_provider | DEBUG | RTD: preco_ativo WEGE3=42.59 forçado com sucesso
src.infrastructure.providers.mercado_data_provider | DEBUG | RTD: Detalhes completos registrados para VLID3|VLIDU137 (Liquidez detectada)
src.infrastructure.providers.mercado_data_provider | DEBUG | RTD: preco_ativo VLID3=17.61 forçado com sucesso
src.infrastructure.providers.mercado_data_provider | DEBUG | RTD: Detalhes completos registrados para SUZB3|SUZBU473 (Liquidez detectada)
src.infrastructure.providers.mercado_data_provider | DEBUG | RTD: preco_ativo SUZB3=41.47 forçado com sucesso
src.infrastructure.providers.mercado_data_provider | DEBUG | RTD: Detalhes completos registrados para VBBR3|VBBRU302 (Liquidez detectada)
src.infrastructure.providers.mercado_data_provider | DEBUG | RTD: preco_ativo VBBR3=33.64 forçado com sucesso
src.infrastructure.providers.mercado_data_provider | DEBUG | RTD: Detalhes completos registrados para SUZB3|SUZBV411 (Liquidez detectada)
src.infrastructure.providers.mercado_data_provider | DEBUG | RTD: preco_ativo SUZB3=41.47 forçado com sucesso
src.infrastructure.providers.mercado_data_provider | DEBUG | RTD: Detalhes completos registrados para VBBR3|VBBRU257 (Liquidez detectada)
src.infrastructure.providers.mercado_data_provider | DEBUG | RTD: preco_ativo VBBR3=33.64 forçado com sucesso
src.infrastructure.providers.mercado_data_provider | DEBUG | RTD: Detalhes completos registrados para TOTS3|TOTSU232 (Liquidez detectada)
src.infrastructure.providers.mercado_data_provider | DEBUG | RTD: preco_ativo TOTS3=28.35 forçado com sucesso
src.infrastructure.providers.mercado_data_provider | DEBUG | RTD: Detalhes completos registrados para VALE3|VALES790W5 (Liquidez detectada)
src.infrastructure.providers.mercado_data_provider | DEBUG | RTD: preco_ativo VALE3=72.21 forçado com sucesso
src.infrastructure.providers.mercado_data_provider | DEBUG | RTD: Detalhes completos registrados para VALE3|VALET379 (Liquidez detectada)
src.infrastructure.providers.mercado_data_provider | DEBUG | RTD: preco_ativo VALE3=72.21 forçado com sucesso
src.infrastructure.providers.mercado_data_provider | DEBUG | RTD: Detalhes completos registrados para VALE3|VALET389 (Liquidez detectada)
src.infrastructure.providers.mercado_data_provider | DEBUG | RTD: preco_ativo VALE3=72.21 forçado com sucesso
src.infrastructure.providers.mercado_data_provider | DEBUG | RTD: Detalhes completos registrados para WEGE3|WEGET460 (Liquidez detectada)
src.infrastructure.providers.mercado_data_provider | DEBUG | RTD: preco_ativo WEGE3=42.59 forçado com sucesso
src.infrastructure.providers.mercado_data_provider | DEBUG | RTD: Detalhes completos registrados para USIM5|USIMT854W1 (Liquidez detectada)
src.infrastructure.providers.mercado_data_provider | DEBUG | RTD: preco_ativo USIM5=8.38 forçado com sucesso
src.infrastructure.providers.mercado_data_provider | DEBUG | RTD: Detalhes completos registrados para VALE3|VALEV752 (Liquidez detectada)
src.infrastructure.providers.mercado_data_provider | DEBUG | RTD: preco_ativo VALE3=72.21 forçado com sucesso
src.infrastructure.providers.mercado_data_provider | DEBUG | RTD: Detalhes completos registrados para YDUQ3|YDUQT586 (Liquidez detectada)
src.infrastructure.providers.mercado_data_provider | DEBUG | RTD: preco_ativo YDUQ3=7.92 forçado com sucesso
src.infrastructure.providers.mercado_data_provider | DEBUG | RTD: Detalhes completos registrados para SUZB3|SUZBT393 (Liquidez detectada)
src.infrastructure.providers.mercado_data_provider | DEBUG | RTD: preco_ativo SUZB3=41.47 forçado com sucesso
src.infrastructure.providers.mercado_data_provider | DEBUG | RTD: Detalhes completos registrados para SUZB3|SUZBV388 (Liquidez detectada)
src.infrastructure.providers.mercado_data_provider | DEBUG | RTD: preco_ativo SUZB3=41.47 forçado com sucesso
src.infrastructure.providers.mercado_data_provider | DEBUG | RTD: Detalhes completos registrados para VALE3|VALEW816 (Liquidez detectada)
src.infrastructure.providers.mercado_data_provider | DEBUG | RTD: preco_ativo VALE3=72.21 forçado com sucesso
src.infrastructure.providers.mercado_data_provider | DEBUG | RTD: Detalhes completos registrados para SUZB3|SUZBU341 (Liquidez detectada)
src.infrastructure.providers.mercado_data_provider | DEBUG | RTD: preco_ativo SUZB3=41.47 forçado com sucesso
src.infrastructure.providers.mercado_data_provider | DEBUG | RTD: Detalhes completos registrados para XPBR31|XPBRT885 (Liquidez detectada)
src.infrastructure.providers.mercado_data_provider | DEBUG | RTD: preco_ativo XPBR31=84.85 forçado com sucesso
src.infrastructure.providers.mercado_data_provider | DEBUG | RTD: Detalhes completos registrados para YDUQ3|YDUQU936 (Liquidez detectada)
src.infrastructure.providers.mercado_data_provider | DEBUG | RTD: preco_ativo YDUQ3=7.92 forçado com sucesso
src.infrastructure.providers.mercado_data_provider | DEBUG | RTD: Detalhes completos registrados para UGPA3|UGPAT327 (Liquidez detectada)
src.infrastructure.providers.mercado_data_provider | DEBUG | RTD: preco_ativo UGPA3=31.63 forçado com sucesso
src.infrastructure.providers.mercado_data_provider | DEBUG | RTD: Detalhes completos registrados para USIM5|USIMU800 (Liquidez detectada)
src.infrastructure.providers.mercado_data_provider | DEBUG | RTD: preco_ativo USIM5=8.38 forçado com sucesso
src.infrastructure.providers.mercado_data_provider | DEBUG | RTD: Detalhes completos registrados para YDUQ3|YDUQT816 (Liquidez detectada)
src.infrastructure.providers.mercado_data_provider | DEBUG | RTD: preco_ativo YDUQ3=7.92 forçado com sucesso
src.infrastructure.providers.mercado_data_provider | DEBUG | RTD: Detalhes completos registrados para XPBR31|XPBRT76 (Liquidez detectada)
src.infrastructure.providers.mercado_data_provider | DEBUG | RTD: preco_ativo XPBR31=84.85 forçado com sucesso
src.infrastructure.providers.mercado_data_provider | DEBUG | RTD: Detalhes completos registrados para TIMS3|TIMST227 (Liquidez detectada)
src.infrastructure.providers.mercado_data_provider | DEBUG | RTD: preco_ativo TIMS3=22.41 forçado com sucesso
src.infrastructure.providers.mercado_data_provider | DEBUG | RTD: Detalhes completos registrados para SUZB3|SUZBT416W1 (Liquidez detectada)
src.infrastructure.providers.mercado_data_provider | DEBUG | RTD: preco_ativo SUZB3=41.47 forçado com sucesso
src.infrastructure.providers.mercado_data_provider | DEBUG | RTD: Detalhes completos registrados para XPBR31|XPBRT845 (Liquidez detectada)
src.infrastructure.providers.mercado_data_provider | DEBUG | RTD: preco_ativo XPBR31=84.85 forçado com sucesso
src.infrastructure.providers.mercado_data_provider | DEBUG | RTD: Detalhes completos registrados para TEND3|TENDT252 (Liquidez detectada)
src.infrastructure.providers.mercado_data_provider | DEBUG | RTD: preco_ativo TEND3=29.74 forçado com sucesso
src.infrastructure.providers.mercado_data_provider | DEBUG | RTD: Detalhes completos registrados para TAEE11|TAEEX320 (Liquidez detectada)
src.infrastructure.providers.mercado_data_provider | DEBUG | RTD: preco_ativo TAEE11=41.19 forçado com sucesso
src.infrastructure.providers.mercado_data_provider | DEBUG | RTD: Detalhes completos registrados para VULC3|VULCU115 (Liquidez detectada)
src.infrastructure.providers.mercado_data_provider | DEBUG | RTD: preco_ativo VULC3=14.05 forçado com sucesso
src.infrastructure.providers.mercado_data_provider | DEBUG | RTD: Detalhes completos registrados para VALE3|VALET769 (Liquidez detectada)
src.infrastructure.providers.mercado_data_provider | DEBUG | RTD: preco_ativo VALE3=72.21 forçado com sucesso
src.infrastructure.providers.mercado_data_provider | DEBUG | RTD: Detalhes completos registrados para VALE3|VALEU266 (Liquidez detectada)
src.infrastructure.providers.mercado_data_provider | DEBUG | RTD: preco_ativo VALE3=72.21 forçado com sucesso
src.infrastructure.providers.mercado_data_provider | DEBUG | RTD: Detalhes completos registrados para USIM5|USIMU70 (Liquidez detectada)
src.infrastructure.providers.mercado_data_provider | DEBUG | RTD: preco_ativo USIM5=8.38 forçado com sucesso
src.infrastructure.providers.mercado_data_provider | DEBUG | RTD: Detalhes completos registrados para WEGE3|WEGEX387 (Liquidez detectada)
src.infrastructure.providers.mercado_data_provider | DEBUG | RTD: preco_ativo WEGE3=42.59 forçado com sucesso
src.infrastructure.providers.mercado_data_provider | DEBUG | RTD: Detalhes completos registrados para TOTS3|TOTSU239 (Liquidez detectada)
src.infrastructure.providers.mercado_data_provider | DEBUG | RTD: preco_ativo TOTS3=28.35 forçado com sucesso
src.infrastructure.providers.mercado_data_provider | DEBUG | RTD: Detalhes completos registrados para VALE3|VALEU494 (Liquidez detectada)
src.infrastructure.providers.mercado_data_provider | DEBUG | RTD: preco_ativo VALE3=72.21 forçado com sucesso
src.infrastructure.providers.mercado_data_provider | DEBUG | RTD: Detalhes completos registrados para WEGE3|WEGEU443 (Liquidez detectada)
src.infrastructure.providers.mercado_data_provider | DEBUG | RTD: preco_ativo WEGE3=42.59 forçado com sucesso
src.infrastructure.providers.mercado_data_provider | DEBUG | RTD: Detalhes completos registrados para VALE3|VALET224 (Liquidez detectada)
src.infrastructure.providers.mercado_data_provider | DEBUG | RTD: preco_ativo VALE3=72.21 forçado com sucesso
src.infrastructure.providers.mercado_data_provider | DEBUG | RTD: Detalhes completos registrados para TOTS3|TOTSU297 (Liquidez detectada)
src.infrastructure.providers.mercado_data_provider | DEBUG | RTD: preco_ativo TOTS3=28.35 forçado com sucesso
src.infrastructure.providers.mercado_data_provider | DEBUG | RTD: Detalhes completos registrados para VALE3|VALES700W5 (Liquidez detectada)
src.infrastructure.providers.mercado_data_provider | DEBUG | RTD: preco_ativo VALE3=72.21 forçado com sucesso
src.infrastructure.providers.mercado_data_provider | DEBUG | RTD: Detalhes completos registrados para VBBR3|VBBRU287 (Liquidez detectada)
src.infrastructure.providers.mercado_data_provider | DEBUG | RTD: preco_ativo VBBR3=33.64 forçado com sucesso
src.infrastructure.providers.mercado_data_provider | DEBUG | RTD: Detalhes completos registrados para XPBR31|XPBRT815 (Liquidez detectada)
src.infrastructure.providers.mercado_data_provider | DEBUG | RTD: preco_ativo XPBR31=84.85 forçado com sucesso
src.infrastructure.providers.mercado_data_provider | DEBUG | RTD: Detalhes completos registrados para USIM5|USIMT125 (Liquidez detectada)
src.infrastructure.providers.mercado_data_provider | DEBUG | RTD: preco_ativo USIM5=8.38 forçado com sucesso
src.infrastructure.providers.mercado_data_provider | DEBUG | RTD: Detalhes completos registrados para USIM5|USIMT924W1 (Liquidez detectada)
src.infrastructure.providers.mercado_data_provider | DEBUG | RTD: preco_ativo USIM5=8.38 forçado com sucesso
src.infrastructure.providers.mercado_data_provider | DEBUG | RTD: Detalhes completos registrados para SUZB3|SUZBT418 (Liquidez detectada)
src.infrastructure.providers.mercado_data_provider | DEBUG | RTD: preco_ativo SUZB3=41.47 forçado com sucesso
src.infrastructure.providers.mercado_data_provider | DEBUG | RTD: Detalhes completos registrados para VALE3|VALET464 (Liquidez detectada)
src.infrastructure.providers.mercado_data_provider | DEBUG | RTD: preco_ativo VALE3=72.21 forçado com sucesso
src.infrastructure.providers.mercado_data_provider | DEBUG | RTD: Detalhes completos registrados para SUZB3|SUZBT471 (Liquidez detectada)
src.infrastructure.providers.mercado_data_provider | DEBUG | RTD: preco_ativo SUZB3=41.47 forçado com sucesso
src.infrastructure.providers.mercado_data_provider | DEBUG | RTD: Detalhes completos registrados para VALE3|VALEU670 (Liquidez detectada)
src.infrastructure.providers.mercado_data_provider | DEBUG | RTD: preco_ativo VALE3=72.21 forçado com sucesso
src.infrastructure.providers.mercado_data_provider | DEBUG | RTD: Detalhes completos registrados para WEGE3|WEGET349 (Liquidez detectada)
src.infrastructure.providers.mercado_data_provider | DEBUG | RTD: preco_ativo WEGE3=42.59 forçado com sucesso
src.infrastructure.providers.mercado_data_provider | DEBUG | RTD: Detalhes completos registrados para VALE3|VALEU906 (Liquidez detectada)
src.infrastructure.providers.mercado_data_provider | DEBUG | RTD: preco_ativo VALE3=72.21 forçado com sucesso
src.infrastructure.providers.mercado_data_provider | DEBUG | RTD: Detalhes completos registrados para TAEE11|TAEEU345 (Liquidez detectada)
src.infrastructure.providers.mercado_data_provider | DEBUG | RTD: preco_ativo TAEE11=41.19 forçado com sucesso
src.infrastructure.providers.mercado_data_provider | DEBUG | RTD: Detalhes completos registrados para VIVA3|VIVAM200 (Liquidez detectada)
src.infrastructure.providers.mercado_data_provider | DEBUG | RTD: preco_ativo VIVA3=21.38 forçado com sucesso
src.infrastructure.providers.mercado_data_provider | DEBUG | RTD: Detalhes completos registrados para SUZB3|SUZBT383W1 (Liquidez detectada)
src.infrastructure.providers.mercado_data_provider | DEBUG | RTD: preco_ativo SUZB3=41.47 forçado com sucesso
src.infrastructure.providers.mercado_data_provider | DEBUG | RTD: Detalhes completos registrados para VIVT3|VIVTU273 (Liquidez detectada)
src.infrastructure.providers.mercado_data_provider | DEBUG | RTD: preco_ativo VIVT3=35.51 forçado com sucesso
src.infrastructure.providers.mercado_data_provider | DEBUG | RTD: Detalhes completos registrados para TOTS3|TOTSU309 (Liquidez detectada)
src.infrastructure.providers.mercado_data_provider | DEBUG | RTD: preco_ativo TOTS3=28.35 forçado com sucesso
src.infrastructure.providers.mercado_data_provider | DEBUG | RTD: Detalhes completos registrados para UNIP6|UNIPU590 (Liquidez detectada)
src.infrastructure.providers.mercado_data_provider | DEBUG | RTD: preco_ativo UNIP6=60.97 forçado com sucesso
src.infrastructure.providers.mercado_data_provider | DEBUG | RTD: Detalhes completos registrados para USIM5|USIMS100W5 (Liquidez detectada)
src.infrastructure.providers.mercado_data_provider | DEBUG | RTD: preco_ativo USIM5=8.38 forçado com sucesso
src.infrastructure.providers.mercado_data_provider | DEBUG | RTD: Detalhes completos registrados para VALE3|VALET676W2 (Liquidez detectada)
src.infrastructure.providers.mercado_data_provider | DEBUG | RTD: preco_ativo VALE3=72.21 forçado com sucesso
src.infrastructure.providers.mercado_data_provider | DEBUG | RTD: Detalhes completos registrados para TAEE11|TAEET402 (Liquidez detectada)
src.infrastructure.providers.mercado_data_provider | DEBUG | RTD: preco_ativo TAEE11=41.19 forçado com sucesso
src.infrastructure.providers.mercado_data_provider | DEBUG | RTD: Detalhes completos registrados para TUPY3|TUPYU155 (Liquidez detectada)
src.infrastructure.providers.mercado_data_provider | DEBUG | RTD: preco_ativo TUPY3=15.31 forçado com sucesso
src.infrastructure.providers.mercado_data_provider | DEBUG | RTD: Detalhes completos registrados para VALE3|VALEU756 (Liquidez detectada)
src.infrastructure.providers.mercado_data_provider | DEBUG | RTD: preco_ativo VALE3=72.21 forçado com sucesso
src.infrastructure.providers.mercado_data_provider | DEBUG | RTD: Detalhes completos registrados para VLID3|VLIDU192 (Liquidez detectada)
src.infrastructure.providers.mercado_data_provider | DEBUG | RTD: preco_ativo VLID3=17.61 forçado com sucesso
src.infrastructure.providers.mercado_data_provider | DEBUG | RTD: Detalhes completos registrados para SUZB3|SUZBT398 (Liquidez detectada)
src.infrastructure.providers.mercado_data_provider | DEBUG | RTD: preco_ativo SUZB3=41.47 forçado com sucesso
src.infrastructure.providers.mercado_data_provider | DEBUG | RTD: Detalhes completos registrados para VALE3|VALES720W5 (Liquidez detectada)
src.infrastructure.providers.mercado_data_provider | DEBUG | RTD: preco_ativo VALE3=72.21 forçado com sucesso
src.infrastructure.providers.mercado_data_provider | DEBUG | RTD: Detalhes completos registrados para SUZB3|SUZBT428W1 (Liquidez detectada)
src.infrastructure.providers.mercado_data_provider | DEBUG | RTD: preco_ativo SUZB3=41.47 forçado com sucesso
src.infrastructure.providers.mercado_data_provider | DEBUG | RTD: Detalhes completos registrados para VALE3|VALEU571 (Liquidez detectada)
src.infrastructure.providers.mercado_data_provider | DEBUG | RTD: preco_ativo VALE3=72.21 forçado com sucesso
src.infrastructure.providers.mercado_data_provider | DEBUG | RTD: Detalhes completos registrados para VALE3|VALEU721 (Liquidez detectada)
src.infrastructure.providers.mercado_data_provider | DEBUG | RTD: preco_ativo VALE3=72.21 forçado com sucesso
src.infrastructure.providers.mercado_data_provider | DEBUG | RTD: Detalhes completos registrados para SUZB3|SUZBT353 (Liquidez detectada)
src.infrastructure.providers.mercado_data_provider | DEBUG | RTD: preco_ativo SUZB3=41.47 forçado com sucesso
src.infrastructure.providers.mercado_data_provider | DEBUG | RTD: Detalhes completos registrados para VULC3|VULCT157 (Liquidez detectada)
src.infrastructure.providers.mercado_data_provider | DEBUG | RTD: preco_ativo VULC3=14.05 forçado com sucesso
src.infrastructure.providers.mercado_data_provider | DEBUG | RTD: Detalhes completos registrados para YDUQ3|YDUQU90 (Liquidez detectada)
src.infrastructure.providers.mercado_data_provider | DEBUG | RTD: preco_ativo YDUQ3=7.92 forçado com sucesso
src.infrastructure.providers.mercado_data_provider | DEBUG | RTD: Detalhes completos registrados para USIM5|USIMU12 (Liquidez detectada)
src.infrastructure.providers.mercado_data_provider | DEBUG | RTD: preco_ativo USIM5=8.38 forçado com sucesso
src.infrastructure.providers.mercado_data_provider | DEBUG | RTD: Detalhes completos registrados para SUZB3|SUZBU416 (Liquidez detectada)
src.infrastructure.providers.mercado_data_provider | DEBUG | RTD: preco_ativo SUZB3=41.47 forçado com sucesso
src.infrastructure.providers.mercado_data_provider | DEBUG | RTD: Detalhes completos registrados para VALE3|VALEU916 (Liquidez detectada)
src.infrastructure.providers.mercado_data_provider | DEBUG | RTD: preco_ativo VALE3=72.21 forçado com sucesso
src.infrastructure.providers.mercado_data_provider | DEBUG | RTD: Detalhes completos registrados para VALE3|VALEX614 (Liquidez detectada)
src.infrastructure.providers.mercado_data_provider | DEBUG | RTD: preco_ativo VALE3=72.21 forçado com sucesso
src.infrastructure.providers.mercado_data_provider | DEBUG | RTD: Detalhes completos registrados para WEGE3|WEGEV407 (Liquidez detectada)
src.infrastructure.providers.mercado_data_provider | DEBUG | RTD: preco_ativo WEGE3=42.59 forçado com sucesso
src.infrastructure.providers.mercado_data_provider | DEBUG | RTD: Detalhes completos registrados para UGPA3|UGPAU285 (Liquidez detectada)
src.infrastructure.providers.mercado_data_provider | DEBUG | RTD: preco_ativo UGPA3=31.63 forçado com sucesso
src.infrastructure.providers.mercado_data_provider | DEBUG | RTD: Detalhes completos registrados para TAEE11|TAEEU411 (Liquidez detectada)
src.infrastructure.providers.mercado_data_provider | DEBUG | RTD: preco_ativo TAEE11=41.19 forçado com sucesso
src.infrastructure.providers.mercado_data_provider | DEBUG | RTD: Detalhes completos registrados para TEND3|TENDU357 (Liquidez detectada)
src.infrastructure.providers.mercado_data_provider | DEBUG | RTD: preco_ativo TEND3=29.74 forçado com sucesso
src.infrastructure.providers.mercado_data_provider | DEBUG | RTD: Detalhes completos registrados para XPBR31|XPBRT790 (Liquidez detectada)
src.infrastructure.providers.mercado_data_provider | DEBUG | RTD: preco_ativo XPBR31=84.85 forçado com sucesso
src.infrastructure.providers.mercado_data_provider | DEBUG | RTD: Detalhes completos registrados para VBBR3|VBBRU264 (Liquidez detectada)
src.infrastructure.providers.mercado_data_provider | DEBUG | RTD: preco_ativo VBBR3=33.64 forçado com sucesso
src.infrastructure.providers.mercado_data_provider | DEBUG | RTD: Detalhes completos registrados para XPBR31|XPBRU76 (Liquidez detectada)
src.infrastructure.providers.mercado_data_provider | DEBUG | RTD: preco_ativo XPBR31=84.85 forçado com sucesso
src.infrastructure.providers.mercado_data_provider | DEBUG | RTD: Detalhes completos registrados para VALE3|VALEV619 (Liquidez detectada)
src.infrastructure.providers.mercado_data_provider | DEBUG | RTD: preco_ativo VALE3=72.21 forçado com sucesso
src.infrastructure.providers.mercado_data_provider | DEBUG | RTD: Detalhes completos registrados para VULC3|VULCU147 (Liquidez detectada)
src.infrastructure.providers.mercado_data_provider | DEBUG | RTD: preco_ativo VULC3=14.05 forçado com sucesso
src.infrastructure.providers.mercado_data_provider | DEBUG | RTD: Detalhes completos registrados para VALE3|VALEX613 (Liquidez detectada)
src.infrastructure.providers.mercado_data_provider | DEBUG | RTD: preco_ativo VALE3=72.21 forçado com sucesso
src.infrastructure.providers.mercado_data_provider | DEBUG | RTD: Detalhes completos registrados para SUZB3|SUZBX373 (Liquidez detectada)
src.infrastructure.providers.mercado_data_provider | DEBUG | RTD: preco_ativo SUZB3=41.47 forçado com sucesso
src.infrastructure.providers.mercado_data_provider | DEBUG | RTD: Detalhes completos registrados para YDUQ3|YDUQU916 (Liquidez detectada)
src.infrastructure.providers.mercado_data_provider | DEBUG | RTD: preco_ativo YDUQ3=7.92 forçado com sucesso
src.infrastructure.providers.mercado_data_provider | DEBUG | RTD: Detalhes completos registrados para VIVT3|VIVTU276 (Liquidez detectada)
src.infrastructure.providers.mercado_data_provider | DEBUG | RTD: preco_ativo VIVT3=35.51 forçado com sucesso
src.infrastructure.providers.mercado_data_provider | DEBUG | RTD: Detalhes completos registrados para YDUQ3|YDUQU846 (Liquidez detectada)
src.infrastructure.providers.mercado_data_provider | DEBUG | RTD: preco_ativo YDUQ3=7.92 forçado com sucesso
src.infrastructure.providers.mercado_data_provider | DEBUG | RTD: Detalhes completos registrados para VALE3|VALET497 (Liquidez detectada)
src.infrastructure.providers.mercado_data_provider | DEBUG | RTD: preco_ativo VALE3=72.21 forçado com sucesso
src.infrastructure.providers.mercado_data_provider | DEBUG | RTD: Detalhes completos registrados para VALE3|VALET294 (Liquidez detectada)
src.infrastructure.providers.mercado_data_provider | DEBUG | RTD: preco_ativo VALE3=72.21 forçado com sucesso
src.infrastructure.providers.mercado_data_provider | DEBUG | RTD: Detalhes completos registrados para VIVT3|VIVTU372 (Liquidez detectada)
src.infrastructure.providers.mercado_data_provider | DEBUG | RTD: preco_ativo VIVT3=35.51 forçado com sucesso
src.infrastructure.providers.mercado_data_provider | DEBUG | RTD: Detalhes completos registrados para VALE3|VALET839 (Liquidez detectada)
src.infrastructure.providers.mercado_data_provider | DEBUG | RTD: preco_ativo VALE3=72.21 forçado com sucesso
src.infrastructure.providers.mercado_data_provider | DEBUG | RTD: Detalhes completos registrados para SUZB3|SUZBU381 (Liquidez detectada)
src.infrastructure.providers.mercado_data_provider | DEBUG | RTD: preco_ativo SUZB3=41.47 forçado com sucesso
src.infrastructure.providers.mercado_data_provider | DEBUG | RTD: Detalhes completos registrados para WEGE3|WEGEV349W2 (Liquidez detectada)
src.infrastructure.providers.mercado_data_provider | DEBUG | RTD: preco_ativo WEGE3=42.59 forçado com sucesso
src.infrastructure.providers.mercado_data_provider | DEBUG | RTD: Detalhes completos registrados para VALE3|VALET664 (Liquidez detectada)
src.infrastructure.providers.mercado_data_provider | DEBUG | RTD: preco_ativo VALE3=72.21 forçado com sucesso
src.infrastructure.providers.mercado_data_provider | DEBUG | RTD: Detalhes completos registrados para WEGE3|WEGEU478 (Liquidez detectada)
src.infrastructure.providers.mercado_data_provider | DEBUG | RTD: preco_ativo WEGE3=42.59 forçado com sucesso
src.infrastructure.providers.mercado_data_provider | DEBUG | RTD: Detalhes completos registrados para VALE3|VALET744 (Liquidez detectada)
src.infrastructure.providers.mercado_data_provider | DEBUG | RTD: preco_ativo VALE3=72.21 forçado com sucesso
src.infrastructure.providers.mercado_data_provider | DEBUG | RTD: Detalhes completos registrados para VBBR3|VBBRT284 (Liquidez detectada)
src.infrastructure.providers.mercado_data_provider | DEBUG | RTD: preco_ativo VBBR3=33.64 forçado com sucesso
src.infrastructure.providers.mercado_data_provider | DEBUG | RTD: Detalhes completos registrados para VALE3|VALET659W4 (Liquidez detectada)
src.infrastructure.providers.mercado_data_provider | DEBUG | RTD: preco_ativo VALE3=72.21 forçado com sucesso
src.infrastructure.providers.mercado_data_provider | DEBUG | RTD: Detalhes completos registrados para SUZB3|SUZBT368W1 (Liquidez detectada)
src.infrastructure.providers.mercado_data_provider | DEBUG | RTD: preco_ativo SUZB3=41.47 forçado com sucesso
src.infrastructure.providers.mercado_data_provider | DEBUG | RTD: Detalhes completos registrados para TAEE11|TAEEU413 (Liquidez detectada)
src.infrastructure.providers.mercado_data_provider | DEBUG | RTD: preco_ativo TAEE11=41.19 forçado com sucesso
src.infrastructure.providers.mercado_data_provider | DEBUG | RTD: Detalhes completos registrados para USIM5|USIMU117 (Liquidez detectada)
src.infrastructure.providers.mercado_data_provider | DEBUG | RTD: preco_ativo USIM5=8.38 forçado com sucesso
src.infrastructure.providers.mercado_data_provider | DEBUG | RTD: Detalhes completos registrados para VALE3|VALET219 (Liquidez detectada)
src.infrastructure.providers.mercado_data_provider | DEBUG | RTD: preco_ativo VALE3=72.21 forçado com sucesso
src.infrastructure.providers.mercado_data_provider | DEBUG | RTD: Detalhes completos registrados para WEGE3|WEGEX377 (Liquidez detectada)
src.infrastructure.providers.mercado_data_provider | DEBUG | RTD: preco_ativo WEGE3=42.59 forçado com sucesso
src.infrastructure.providers.mercado_data_provider | DEBUG | RTD: Detalhes completos registrados para WEGE3|WEGET470 (Liquidez detectada)
src.infrastructure.providers.mercado_data_provider | DEBUG | RTD: preco_ativo WEGE3=42.59 forçado com sucesso
src.infrastructure.providers.mercado_data_provider | DEBUG | RTD: Detalhes completos registrados para TEND3|TENDU280 (Liquidez detectada)
src.infrastructure.providers.mercado_data_provider | DEBUG | RTD: preco_ativo TEND3=29.74 forçado com sucesso
src.infrastructure.providers.mercado_data_provider | DEBUG | RTD: Detalhes completos registrados para TEND3|TENDT312 (Liquidez detectada)
src.infrastructure.providers.mercado_data_provider | DEBUG | RTD: preco_ativo TEND3=29.74 forçado com sucesso
src.infrastructure.providers.mercado_data_provider | DEBUG | RTD: Detalhes completos registrados para VALE3|VALET756W2 (Liquidez detectada)
src.infrastructure.providers.mercado_data_provider | DEBUG | RTD: preco_ativo VALE3=72.21 forçado com sucesso
src.infrastructure.providers.mercado_data_provider | DEBUG | RTD: Detalhes completos registrados para CMIG4|CMIGX110 (Liquidez detectada)
src.infrastructure.providers.mercado_data_provider | DEBUG | RTD: preco_ativo CMIG4=11.03 forçado com sucesso
src.infrastructure.providers.mercado_data_provider | DEBUG | RTD: Detalhes completos registrados para VALE3|VALEU276 (Liquidez detectada)
src.infrastructure.providers.mercado_data_provider | DEBUG | RTD: preco_ativo VALE3=72.21 forçado com sucesso
src.infrastructure.providers.mercado_data_provider | DEBUG | RTD: Detalhes completos registrados para TUPY3|TUPYU180 (Liquidez detectada)
src.infrastructure.providers.mercado_data_provider | DEBUG | RTD: preco_ativo TUPY3=15.31 forçado com sucesso
src.infrastructure.providers.mercado_data_provider | DEBUG | RTD: Detalhes completos registrados para VIVT3|VIVTT361 (Liquidez detectada)
src.infrastructure.providers.mercado_data_provider | DEBUG | RTD: preco_ativo VIVT3=35.51 forçado com sucesso
src.infrastructure.providers.mercado_data_provider | DEBUG | RTD: Detalhes completos registrados para VALE3|VALEU690 (Liquidez detectada)
src.infrastructure.providers.mercado_data_provider | DEBUG | RTD: preco_ativo VALE3=72.21 forçado com sucesso
src.infrastructure.providers.mercado_data_provider | DEBUG | RTD: Detalhes completos registrados para VALE3|VALEU555 (Liquidez detectada)
src.infrastructure.providers.mercado_data_provider | DEBUG | RTD: preco_ativo VALE3=72.21 forçado com sucesso
src.infrastructure.providers.mercado_data_provider | DEBUG | RTD: Detalhes completos registrados para VALE3|VALET721W1 (Liquidez detectada)
src.infrastructure.providers.mercado_data_provider | DEBUG | RTD: preco_ativo VALE3=72.21 forçado com sucesso
src.infrastructure.providers.mercado_data_provider | DEBUG | RTD: Detalhes completos registrados para WEGE3|WEGES377W5 (Liquidez detectada)
src.infrastructure.providers.mercado_data_provider | DEBUG | RTD: preco_ativo WEGE3=42.59 forçado com sucesso
src.infrastructure.providers.mercado_data_provider | DEBUG | RTD: Detalhes completos registrados para SUZB3|SUZBT371 (Liquidez detectada)
src.infrastructure.providers.mercado_data_provider | DEBUG | RTD: preco_ativo SUZB3=41.47 forçado com sucesso
src.infrastructure.providers.mercado_data_provider | DEBUG | RTD: Detalhes completos registrados para VALE3|VALEU416 (Liquidez detectada)
src.infrastructure.providers.mercado_data_provider | DEBUG | RTD: preco_ativo VALE3=72.21 forçado com sucesso
src.infrastructure.providers.mercado_data_provider | DEBUG | RTD: Detalhes completos registrados para VALE3|VALEU680 (Liquidez detectada)
src.infrastructure.providers.mercado_data_provider | DEBUG | RTD: preco_ativo VALE3=72.21 forçado com sucesso
src.infrastructure.providers.mercado_data_provider | DEBUG | RTD: Detalhes completos registrados para SUZB3|SUZBT423W1 (Liquidez detectada)
src.infrastructure.providers.mercado_data_provider | DEBUG | RTD: preco_ativo SUZB3=41.47 forçado com sucesso
src.infrastructure.providers.mercado_data_provider | DEBUG | RTD: Detalhes completos registrados para TOTS3|TOTST30 (Liquidez detectada)
src.infrastructure.providers.mercado_data_provider | DEBUG | RTD: preco_ativo TOTS3=28.35 forçado com sucesso
src.infrastructure.providers.mercado_data_provider | DEBUG | RTD: Detalhes completos registrados para YDUQ3|YDUQT886 (Liquidez detectada)
src.infrastructure.providers.mercado_data_provider | DEBUG | RTD: preco_ativo YDUQ3=7.92 forçado com sucesso
src.infrastructure.providers.mercado_data_provider | DEBUG | RTD: Detalhes completos registrados para VALE3|VALEV822 (Liquidez detectada)
src.infrastructure.providers.mercado_data_provider | DEBUG | RTD: preco_ativo VALE3=72.21 forçado com sucesso
src.infrastructure.providers.mercado_data_provider | DEBUG | RTD: Detalhes completos registrados para VALE3|VALEV734 (Liquidez detectada)
src.infrastructure.providers.mercado_data_provider | DEBUG | RTD: preco_ativo VALE3=72.21 forçado com sucesso
src.infrastructure.providers.mercado_data_provider | DEBUG | RTD: Detalhes completos registrados para SUZB3|SUZBT333 (Liquidez detectada)
src.infrastructure.providers.mercado_data_provider | DEBUG | RTD: preco_ativo SUZB3=41.47 forçado com sucesso
src.infrastructure.providers.mercado_data_provider | DEBUG | RTD: Detalhes completos registrados para USIM5|USIMT704W1 (Liquidez detectada)
src.infrastructure.providers.mercado_data_provider | DEBUG | RTD: preco_ativo USIM5=8.38 forçado com sucesso
src.infrastructure.providers.mercado_data_provider | DEBUG | RTD: Detalhes completos registrados para VALE3|VALET789 (Liquidez detectada)
src.infrastructure.providers.mercado_data_provider | DEBUG | RTD: preco_ativo VALE3=72.21 forçado com sucesso
src.infrastructure.providers.mercado_data_provider | DEBUG | RTD: Detalhes completos registrados para TAEE11|TAEEU351 (Liquidez detectada)
src.infrastructure.providers.mercado_data_provider | DEBUG | RTD: preco_ativo TAEE11=41.19 forçado com sucesso
src.infrastructure.providers.mercado_data_provider | DEBUG | RTD: Detalhes completos registrados para VAMO3|VAMOU36 (Liquidez detectada)
src.infrastructure.providers.mercado_data_provider | DEBUG | RTD: preco_ativo VAMO3=3.10 forçado com sucesso
src.infrastructure.providers.mercado_data_provider | DEBUG | RTD: Detalhes completos registrados para TOTS3|TOTST227 (Liquidez detectada)
src.infrastructure.providers.mercado_data_provider | DEBUG | RTD: preco_ativo TOTS3=28.35 forçado com sucesso
src.infrastructure.providers.mercado_data_provider | DEBUG | RTD: Detalhes completos registrados para VALE3|VALEV654 (Liquidez detectada)
src.infrastructure.providers.mercado_data_provider | DEBUG | RTD: preco_ativo VALE3=72.21 forçado com sucesso
src.infrastructure.providers.mercado_data_provider | DEBUG | RTD: Detalhes completos registrados para SUZB3|SUZBU458 (Liquidez detectada)
src.infrastructure.providers.mercado_data_provider | DEBUG | RTD: preco_ativo SUZB3=41.47 forçado com sucesso
src.infrastructure.providers.mercado_data_provider | DEBUG | RTD: Detalhes completos registrados para VIVT3|VIVTU323 (Liquidez detectada)
src.infrastructure.providers.mercado_data_provider | DEBUG | RTD: preco_ativo VIVT3=35.51 forçado com sucesso
src.infrastructure.providers.mercado_data_provider | DEBUG | RTD: Detalhes completos registrados para USIM5|USIMT950 (Liquidez detectada)
src.infrastructure.providers.mercado_data_provider | DEBUG | RTD: preco_ativo USIM5=8.38 forçado com sucesso
src.infrastructure.providers.mercado_data_provider | DEBUG | RTD: Detalhes completos registrados para VALE3|VALET324 (Liquidez detectada)
src.infrastructure.providers.mercado_data_provider | DEBUG | RTD: preco_ativo VALE3=72.21 forçado com sucesso
src.infrastructure.providers.mercado_data_provider | DEBUG | RTD: Detalhes completos registrados para SUZB3|SUZBS378W5 (Liquidez detectada)
src.infrastructure.providers.mercado_data_provider | DEBUG | RTD: preco_ativo SUZB3=41.47 forçado com sucesso
src.infrastructure.providers.mercado_data_provider | DEBUG | RTD: Detalhes completos registrados para VALE3|VALET319 (Liquidez detectada)
src.infrastructure.providers.mercado_data_provider | DEBUG | RTD: preco_ativo VALE3=72.21 forçado com sucesso
src.infrastructure.providers.mercado_data_provider | DEBUG | RTD: Detalhes completos registrados para WEGE3|WEGES442W5 (Liquidez detectada)
src.infrastructure.providers.mercado_data_provider | DEBUG | RTD: preco_ativo WEGE3=42.59 forçado com sucesso
src.infrastructure.providers.mercado_data_provider | DEBUG | RTD: Detalhes completos registrados para TAEE11|TAEET406 (Liquidez detectada)
src.infrastructure.providers.mercado_data_provider | DEBUG | RTD: preco_ativo TAEE11=41.19 forçado com sucesso
src.infrastructure.providers.mercado_data_provider | DEBUG | RTD: Detalhes completos registrados para TAEE11|TAEEU346 (Liquidez detectada)
src.infrastructure.providers.mercado_data_provider | DEBUG | RTD: preco_ativo TAEE11=41.19 forçado com sucesso
src.infrastructure.providers.mercado_data_provider | DEBUG | RTD: Detalhes completos registrados para WEGE3|WEGEV354W2 (Liquidez detectada)
src.infrastructure.providers.mercado_data_provider | DEBUG | RTD: preco_ativo WEGE3=42.59 forçado com sucesso
src.infrastructure.providers.mercado_data_provider | DEBUG | RTD: Detalhes completos registrados para VBBR3|VBBRU254 (Liquidez detectada)
src.infrastructure.providers.mercado_data_provider | DEBUG | RTD: preco_ativo VBBR3=33.64 forçado com sucesso
src.infrastructure.providers.mercado_data_provider | DEBUG | RTD: Detalhes completos registrados para USIM5|USIMU102 (Liquidez detectada)
src.infrastructure.providers.mercado_data_provider | DEBUG | RTD: preco_ativo USIM5=8.38 forçado com sucesso
src.infrastructure.providers.mercado_data_provider | DEBUG | RTD: Detalhes completos registrados para TUPY3|TUPYU940 (Liquidez detectada)
src.infrastructure.providers.mercado_data_provider | DEBUG | RTD: preco_ativo TUPY3=15.31 forçado com sucesso
src.infrastructure.providers.mercado_data_provider | DEBUG | RTD: Detalhes completos registrados para VULC3|VULCU140 (Liquidez detectada)
src.infrastructure.providers.mercado_data_provider | DEBUG | RTD: preco_ativo VULC3=14.05 forçado com sucesso
src.infrastructure.providers.mercado_data_provider | DEBUG | RTD: Detalhes completos registrados para VALE3|VALET61 (Liquidez detectada)
src.infrastructure.providers.mercado_data_provider | DEBUG | RTD: preco_ativo VALE3=72.21 forçado com sucesso
src.infrastructure.providers.mercado_data_provider | DEBUG | RTD: Detalhes completos registrados para VALE3|VALEU651 (Liquidez detectada)
src.infrastructure.providers.mercado_data_provider | DEBUG | RTD: preco_ativo VALE3=72.21 forçado com sucesso
src.infrastructure.providers.mercado_data_provider | DEBUG | RTD: Detalhes completos registrados para VALE3|VALEX954 (Liquidez detectada)
src.infrastructure.providers.mercado_data_provider | DEBUG | RTD: preco_ativo VALE3=72.21 forçado com sucesso
src.infrastructure.providers.mercado_data_provider | DEBUG | RTD: Detalhes completos registrados para XPBR31|XPBRT890 (Liquidez detectada)
src.infrastructure.providers.mercado_data_provider | DEBUG | RTD: preco_ativo XPBR31=84.85 forçado com sucesso
src.infrastructure.providers.mercado_data_provider | DEBUG | RTD: Detalhes completos registrados para VIVT3|VIVTU293 (Liquidez detectada)
src.infrastructure.providers.mercado_data_provider | DEBUG | RTD: preco_ativo VIVT3=35.51 forçado com sucesso
src.infrastructure.providers.mercado_data_provider | DEBUG | RTD: Detalhes completos registrados para VBBR3|VBBRU234 (Liquidez detectada)
src.infrastructure.providers.mercado_data_provider | DEBUG | RTD: preco_ativo VBBR3=33.64 forçado com sucesso
src.infrastructure.providers.mercado_data_provider | DEBUG | RTD: Detalhes completos registrados para VBBR3|VBBRU267 (Liquidez detectada)
src.infrastructure.providers.mercado_data_provider | DEBUG | RTD: preco_ativo VBBR3=33.64 forçado com sucesso
src.infrastructure.providers.mercado_data_provider | DEBUG | RTD: Detalhes completos registrados para TOTS3|TOTST322 (Liquidez detectada)
src.infrastructure.providers.mercado_data_provider | DEBUG | RTD: preco_ativo TOTS3=28.35 forçado com sucesso
src.infrastructure.providers.mercado_data_provider | DEBUG | RTD: Detalhes completos registrados para USIM5|USIMT684W1 (Liquidez detectada)
src.infrastructure.providers.mercado_data_provider | DEBUG | RTD: preco_ativo USIM5=8.38 forçado com sucesso
src.infrastructure.providers.mercado_data_provider | DEBUG | RTD: Detalhes completos registrados para VIVT3|VIVTU361 (Liquidez detectada)
src.infrastructure.providers.mercado_data_provider | DEBUG | RTD: preco_ativo VIVT3=35.51 forçado com sucesso
src.infrastructure.providers.mercado_data_provider | DEBUG | RTD: Detalhes completos registrados para VULC3|VULCU150 (Liquidez detectada)
src.infrastructure.providers.mercado_data_provider | DEBUG | RTD: preco_ativo VULC3=14.05 forçado com sucesso
src.ui.desktop.monitor_worker | INFO | Manutenção: novos books + prioridades em 0.29s
src.ui.desktop.monitor_worker | INFO | Ciclo: monitor=4.461s colar=0.000s cal=0.000s box=0.000s manut=0.293s mpp=0.000s total=4.754s
src.infrastructure.providers.mercado_data_provider | DEBUG | Varredura: _chaves_com_book=10675 _chaves_detalhes=10675
src.infrastructure.providers.mercado_data_provider | DEBUG | Varredura: sem_preco=0 sem_dados_rtd=12 chaves_com_book=10675
src.infrastructure.providers.mercado_data_provider | INFO | Varredura(F): monitor=38476 book=10663 | reg=0.000 ref=0.013 var=0.288 total=0.301 | inst_map=0.000 | onda2=1662(0.059) onda1=0(0.000) cab_skip=9013 status=0.184
src.application.use_cases.monitor_oportunidades | INFO | PipelineTracker BOX/SBTH: 10663 -> 10663 (viaveis=0)
src.application.use_cases.monitor_colares_calendario | INFO | PipelineTracker (COLLAR_CALENDARIO): 10663 -> 256
src.application.use_cases.monitor_colares_calendario | DEBUG | CollarCal PETR4: calls=3 puts=0
src.application.use_cases.monitor_colares_calendario | DEBUG | CollarCal PETR4 call: PETRH314 strike=30.36 dte=31 ocp=11.3700
src.application.use_cases.monitor_colares_calendario | DEBUG | CollarCal PETR4 call: PETRH317 strike=30.61 dte=31 ocp=11.2100
src.application.use_cases.monitor_colares_calendario | DEBUG | CollarCal PETR4 call: PETRH302 strike=29.11 dte=31 ocp=12.0600
src.ui.desktop.monitor_worker | INFO | Ciclo: monitor=4.328s colar=0.000s cal=0.177s box=0.000s manut=0.000s mpp=0.000s total=4.504s
src.infrastructure.providers.mercado_data_provider | DEBUG | Varredura: _chaves_com_book=10675 _chaves_detalhes=10675
src.infrastructure.providers.mercado_data_provider | DEBUG | Varredura: sem_preco=0 sem_dados_rtd=12 chaves_com_book=10675
src.infrastructure.providers.mercado_data_provider | INFO | Varredura(G): monitor=38476 book=10663 | reg=0.000 ref=0.013 var=0.275 total=0.288 | inst_map=0.000 | onda2=1327(0.048) onda1=0(0.000) cab_skip=9348 status=0.188
src.application.use_cases.monitor_oportunidades | INFO | PipelineTracker BOX/SBTH: 10663 -> 10663 (viaveis=0)
src.infrastructure.providers.mercado_data_provider | DEBUG | RTD: Detalhes completos registrados para TOTS3|TOTST242 (Liquidez detectada)
src.infrastructure.providers.mercado_data_provider | DEBUG | RTD: preco_ativo TOTS3=28.35 forçado com sucesso
src.infrastructure.providers.mercado_data_provider | DEBUG | RTD: Detalhes completos registrados para WEGE3|WEGES422W5 (Liquidez detectada)
src.infrastructure.providers.mercado_data_provider | DEBUG | RTD: preco_ativo WEGE3=42.59 forçado com sucesso
src.infrastructure.providers.mercado_data_provider | DEBUG | RTD: Detalhes completos registrados para VALE3|VALEU591 (Liquidez detectada)
src.infrastructure.providers.mercado_data_provider | DEBUG | RTD: preco_ativo VALE3=72.21 forçado com sucesso
src.infrastructure.providers.mercado_data_provider | DEBUG | RTD: Detalhes completos registrados para SUZB3|SUZBT453 (Liquidez detectada)
src.infrastructure.providers.mercado_data_provider | DEBUG | RTD: preco_ativo SUZB3=41.47 forçado com sucesso
src.infrastructure.providers.mercado_data_provider | DEBUG | RTD: Detalhes completos registrados para WEGE3|WEGEU416 (Liquidez detectada)
src.infrastructure.providers.mercado_data_provider | DEBUG | RTD: preco_ativo WEGE3=42.59 forçado com sucesso
src.infrastructure.providers.mercado_data_provider | DEBUG | RTD: Detalhes completos registrados para UGPA3|UGPAT237 (Liquidez detectada)
src.infrastructure.providers.mercado_data_provider | DEBUG | RTD: preco_ativo UGPA3=31.63 forçado com sucesso
src.infrastructure.providers.mercado_data_provider | DEBUG | RTD: Detalhes completos registrados para WEGE3|WEGET292 (Liquidez detectada)
src.infrastructure.providers.mercado_data_provider | DEBUG | RTD: preco_ativo WEGE3=42.59 forçado com sucesso
src.infrastructure.providers.mercado_data_provider | DEBUG | RTD: Detalhes completos registrados para VALE3|VALET711W2 (Liquidez detectada)
src.infrastructure.providers.mercado_data_provider | DEBUG | RTD: preco_ativo VALE3=72.21 forçado com sucesso
src.infrastructure.providers.mercado_data_provider | DEBUG | RTD: Detalhes completos registrados para XPBR31|XPBRU800 (Liquidez detectada)
src.infrastructure.providers.mercado_data_provider | DEBUG | RTD: preco_ativo XPBR31=84.90 forçado com sucesso
src.infrastructure.providers.mercado_data_provider | DEBUG | RTD: Detalhes completos registrados para WEGE3|WEGEW451 (Liquidez detectada)
src.infrastructure.providers.mercado_data_provider | DEBUG | RTD: preco_ativo WEGE3=42.59 forçado com sucesso
src.infrastructure.providers.mercado_data_provider | DEBUG | RTD: Detalhes completos registrados para TIMS3|TIMSU184 (Liquidez detectada)
src.infrastructure.providers.mercado_data_provider | DEBUG | RTD: preco_ativo TIMS3=22.41 forçado com sucesso
src.infrastructure.providers.mercado_data_provider | DEBUG | RTD: Detalhes completos registrados para TAEE11|TAEEU437 (Liquidez detectada)
src.infrastructure.providers.mercado_data_provider | DEBUG | RTD: preco_ativo TAEE11=41.19 forçado com sucesso
src.infrastructure.providers.mercado_data_provider | DEBUG | RTD: Detalhes completos registrados para SUZB3|SUZBS391W5 (Liquidez detectada)
src.infrastructure.providers.mercado_data_provider | DEBUG | RTD: preco_ativo SUZB3=41.47 forçado com sucesso
src.infrastructure.providers.mercado_data_provider | DEBUG | RTD: Detalhes completos registrados para VALE3|VALEU346 (Liquidez detectada)
src.infrastructure.providers.mercado_data_provider | DEBUG | RTD: preco_ativo VALE3=72.21 forçado com sucesso
src.infrastructure.providers.mercado_data_provider | DEBUG | RTD: Detalhes completos registrados para VBBR3|VBBRU337 (Liquidez detectada)
src.infrastructure.providers.mercado_data_provider | DEBUG | RTD: preco_ativo VBBR3=33.64 forçado com sucesso
src.infrastructure.providers.mercado_data_provider | DEBUG | RTD: Detalhes completos registrados para TAEE11|TAEEU401 (Liquidez detectada)
src.infrastructure.providers.mercado_data_provider | DEBUG | RTD: preco_ativo TAEE11=41.19 forçado com sucesso
src.infrastructure.providers.mercado_data_provider | DEBUG | RTD: Detalhes completos registrados para VALE3|VALEU771 (Liquidez detectada)
src.infrastructure.providers.mercado_data_provider | DEBUG | RTD: preco_ativo VALE3=72.21 forçado com sucesso
src.infrastructure.providers.mercado_data_provider | DEBUG | RTD: Detalhes completos registrados para TIMS3|TIMSU238 (Liquidez detectada)
src.infrastructure.providers.mercado_data_provider | DEBUG | RTD: preco_ativo TIMS3=22.41 forçado com sucesso
src.infrastructure.providers.mercado_data_provider | DEBUG | RTD: Detalhes completos registrados para TAEE11|TAEEU423W2 (Liquidez detectada)
src.infrastructure.providers.mercado_data_provider | DEBUG | RTD: preco_ativo TAEE11=41.19 forçado com sucesso
src.infrastructure.providers.mercado_data_provider | DEBUG | RTD: Detalhes completos registrados para TIMS3|TIMSU174 (Liquidez detectada)
src.infrastructure.providers.mercado_data_provider | DEBUG | RTD: preco_ativo TIMS3=22.41 forçado com sucesso
src.infrastructure.providers.mercado_data_provider | DEBUG | RTD: Detalhes completos registrados para VALE3|VALET269 (Liquidez detectada)
src.infrastructure.providers.mercado_data_provider | DEBUG | RTD: preco_ativo VALE3=72.21 forçado com sucesso
src.infrastructure.providers.mercado_data_provider | DEBUG | RTD: Detalhes completos registrados para SUZB3|SUZBT328 (Liquidez detectada)
src.infrastructure.providers.mercado_data_provider | DEBUG | RTD: preco_ativo SUZB3=41.47 forçado com sucesso
src.infrastructure.providers.mercado_data_provider | DEBUG | RTD: Detalhes completos registrados para VALE3|VALEU286 (Liquidez detectada)
src.infrastructure.providers.mercado_data_provider | DEBUG | RTD: preco_ativo VALE3=72.21 forçado com sucesso
src.infrastructure.providers.mercado_data_provider | DEBUG | RTD: Detalhes completos registrados para VAMO3|VAMOT311 (Liquidez detectada)
src.infrastructure.providers.mercado_data_provider | DEBUG | RTD: preco_ativo VAMO3=3.10 forçado com sucesso
src.infrastructure.providers.mercado_data_provider | DEBUG | RTD: Detalhes completos registrados para USIM5|USIMU550 (Liquidez detectada)
src.infrastructure.providers.mercado_data_provider | DEBUG | RTD: preco_ativo USIM5=8.37 forçado com sucesso
src.infrastructure.providers.mercado_data_provider | DEBUG | RTD: Detalhes completos registrados para VALE3|VALEW700 (Liquidez detectada)
src.infrastructure.providers.mercado_data_provider | DEBUG | RTD: preco_ativo VALE3=72.21 forçado com sucesso
src.infrastructure.providers.mercado_data_provider | DEBUG | RTD: Detalhes completos registrados para VALE3|VALET664W4 (Liquidez detectada)
src.infrastructure.providers.mercado_data_provider | DEBUG | RTD: preco_ativo VALE3=72.21 forçado com sucesso
src.infrastructure.providers.mercado_data_provider | DEBUG | RTD: Detalhes completos registrados para WEGE3|WEGET462 (Liquidez detectada)
src.infrastructure.providers.mercado_data_provider | DEBUG | RTD: preco_ativo WEGE3=42.59 forçado com sucesso
src.infrastructure.providers.mercado_data_provider | DEBUG | RTD: Detalhes completos registrados para TOTS3|TOTSU337 (Liquidez detectada)
src.infrastructure.providers.mercado_data_provider | DEBUG | RTD: preco_ativo TOTS3=28.35 forçado com sucesso
src.infrastructure.providers.mercado_data_provider | DEBUG | RTD: Detalhes completos registrados para VIVA3|VIVAT233 (Liquidez detectada)
src.infrastructure.providers.mercado_data_provider | DEBUG | RTD: preco_ativo VIVA3=21.37 forçado com sucesso
src.infrastructure.providers.mercado_data_provider | DEBUG | RTD: Detalhes completos registrados para VALE3|VALES635W5 (Liquidez detectada)
src.infrastructure.providers.mercado_data_provider | DEBUG | RTD: preco_ativo VALE3=72.21 forçado com sucesso
src.infrastructure.providers.mercado_data_provider | DEBUG | RTD: Detalhes completos registrados para AURE3|AURET122 (Liquidez detectada)
src.infrastructure.providers.mercado_data_provider | DEBUG | RTD: preco_ativo AURE3=11.27 forçado com sucesso
src.infrastructure.providers.mercado_data_provider | DEBUG | RTD: Detalhes completos registrados para WEGE3|WEGEU361 (Liquidez detectada)
src.infrastructure.providers.mercado_data_provider | DEBUG | RTD: preco_ativo WEGE3=42.59 forçado com sucesso
src.infrastructure.providers.mercado_data_provider | DEBUG | RTD: Detalhes completos registrados para VALE3|VALEX814 (Liquidez detectada)
src.infrastructure.providers.mercado_data_provider | DEBUG | RTD: preco_ativo VALE3=72.21 forçado com sucesso
src.infrastructure.providers.mercado_data_provider | DEBUG | RTD: Detalhes completos registrados para VLID3|VLIDT172 (Liquidez detectada)
src.infrastructure.providers.mercado_data_provider | DEBUG | RTD: preco_ativo VLID3=17.62 forçado com sucesso
src.infrastructure.providers.mercado_data_provider | DEBUG | RTD: Detalhes completos registrados para XPBR31|XPBRU915 (Liquidez detectada)
src.infrastructure.providers.mercado_data_provider | DEBUG | RTD: preco_ativo XPBR31=84.90 forçado com sucesso
src.infrastructure.providers.mercado_data_provider | DEBUG | RTD: Detalhes completos registrados para WEGE3|WEGES367W5 (Liquidez detectada)
src.infrastructure.providers.mercado_data_provider | DEBUG | RTD: preco_ativo WEGE3=42.59 forçado com sucesso
src.infrastructure.providers.mercado_data_provider | DEBUG | RTD: Detalhes completos registrados para WEGE3|WEGEV43 (Liquidez detectada)
src.infrastructure.providers.mercado_data_provider | DEBUG | RTD: preco_ativo WEGE3=42.59 forçado com sucesso
src.infrastructure.providers.mercado_data_provider | DEBUG | RTD: Detalhes completos registrados para VULC3|VULCU157 (Liquidez detectada)
src.infrastructure.providers.mercado_data_provider | DEBUG | RTD: preco_ativo VULC3=14.05 forçado com sucesso
src.infrastructure.providers.mercado_data_provider | DEBUG | RTD: Detalhes completos registrados para TAEE11|TAEEU371 (Liquidez detectada)
src.infrastructure.providers.mercado_data_provider | DEBUG | RTD: preco_ativo TAEE11=41.19 forçado com sucesso
src.infrastructure.providers.mercado_data_provider | DEBUG | RTD: Detalhes completos registrados para TAEE11|TAEEU358W2 (Liquidez detectada)
src.infrastructure.providers.mercado_data_provider | DEBUG | RTD: preco_ativo TAEE11=41.19 forçado com sucesso
src.infrastructure.providers.mercado_data_provider | DEBUG | RTD: Detalhes completos registrados para SUZB3|SUZBT308 (Liquidez detectada)
src.infrastructure.providers.mercado_data_provider | DEBUG | RTD: preco_ativo SUZB3=41.47 forçado com sucesso
src.infrastructure.providers.mercado_data_provider | DEBUG | RTD: Detalhes completos registrados para TAEE11|TAEEU406W2 (Liquidez detectada)
src.infrastructure.providers.mercado_data_provider | DEBUG | RTD: preco_ativo TAEE11=41.19 forçado com sucesso
src.infrastructure.providers.mercado_data_provider | DEBUG | RTD: Detalhes completos registrados para TEND3|TENDT305 (Liquidez detectada)
src.infrastructure.providers.mercado_data_provider | DEBUG | RTD: preco_ativo TEND3=29.74 forçado com sucesso
src.infrastructure.providers.mercado_data_provider | DEBUG | RTD: Detalhes completos registrados para VBBR3|VBBRU379 (Liquidez detectada)
src.infrastructure.providers.mercado_data_provider | DEBUG | RTD: preco_ativo VBBR3=33.64 forçado com sucesso
src.infrastructure.providers.mercado_data_provider | DEBUG | RTD: Detalhes completos registrados para WEGE3|WEGEV430 (Liquidez detectada)
src.infrastructure.providers.mercado_data_provider | DEBUG | RTD: preco_ativo WEGE3=42.59 forçado com sucesso
src.infrastructure.providers.mercado_data_provider | DEBUG | RTD: Detalhes completos registrados para TOTS3|TOTST277 (Liquidez detectada)
src.infrastructure.providers.mercado_data_provider | DEBUG | RTD: preco_ativo TOTS3=28.35 forçado com sucesso
src.infrastructure.providers.mercado_data_provider | DEBUG | RTD: Detalhes completos registrados para VIVT3|VIVTT306 (Liquidez detectada)
src.infrastructure.providers.mercado_data_provider | DEBUG | RTD: preco_ativo VIVT3=35.51 forçado com sucesso
src.infrastructure.providers.mercado_data_provider | DEBUG | RTD: Detalhes completos registrados para VAMO3|VAMOT246 (Liquidez detectada)
src.infrastructure.providers.mercado_data_provider | DEBUG | RTD: preco_ativo VAMO3=3.10 forçado com sucesso
src.infrastructure.providers.mercado_data_provider | DEBUG | RTD: Detalhes completos registrados para SUZB3|SUZBU316 (Liquidez detectada)
src.infrastructure.providers.mercado_data_provider | DEBUG | RTD: preco_ativo SUZB3=41.47 forçado com sucesso
src.infrastructure.providers.mercado_data_provider | DEBUG | RTD: Detalhes completos registrados para VULC3|VULCT152 (Liquidez detectada)
src.infrastructure.providers.mercado_data_provider | DEBUG | RTD: preco_ativo VULC3=14.05 forçado com sucesso
src.infrastructure.providers.mercado_data_provider | DEBUG | RTD: Detalhes completos registrados para SUZB3|SUZBV403 (Liquidez detectada)
src.infrastructure.providers.mercado_data_provider | DEBUG | RTD: preco_ativo SUZB3=41.47 forçado com sucesso
src.infrastructure.providers.mercado_data_provider | DEBUG | RTD: Detalhes completos registrados para SUZB3|SUZBU441 (Liquidez detectada)
src.infrastructure.providers.mercado_data_provider | DEBUG | RTD: preco_ativo SUZB3=41.47 forçado com sucesso
src.infrastructure.providers.mercado_data_provider | DEBUG | RTD: Detalhes completos registrados para VALE3|VALET487 (Liquidez detectada)
src.infrastructure.providers.mercado_data_provider | DEBUG | RTD: preco_ativo VALE3=72.21 forçado com sucesso
src.infrastructure.providers.mercado_data_provider | DEBUG | RTD: Detalhes completos registrados para WIZC3|WIZCT752 (Liquidez detectada)
src.infrastructure.providers.mercado_data_provider | DEBUG | RTD: preco_ativo WIZC3=8.23 forçado com sucesso
src.infrastructure.providers.mercado_data_provider | DEBUG | RTD: Detalhes completos registrados para TIMS3|TIMST169 (Liquidez detectada)
src.infrastructure.providers.mercado_data_provider | DEBUG | RTD: preco_ativo TIMS3=22.41 forçado com sucesso
src.infrastructure.providers.mercado_data_provider | DEBUG | RTD: Detalhes completos registrados para VALE3|VALET584 (Liquidez detectada)
src.infrastructure.providers.mercado_data_provider | DEBUG | RTD: preco_ativo VALE3=72.21 forçado com sucesso
src.infrastructure.providers.mercado_data_provider | DEBUG | RTD: Detalhes completos registrados para VBBR3|VBBRT347 (Liquidez detectada)
src.infrastructure.providers.mercado_data_provider | DEBUG | RTD: preco_ativo VBBR3=33.64 forçado com sucesso
src.infrastructure.providers.mercado_data_provider | DEBUG | RTD: Detalhes completos registrados para VALE3|VALEU700 (Liquidez detectada)
src.infrastructure.providers.mercado_data_provider | DEBUG | RTD: preco_ativo VALE3=72.21 forçado com sucesso
src.infrastructure.providers.mercado_data_provider | DEBUG | RTD: Detalhes completos registrados para USIM5|USIMT140 (Liquidez detectada)
src.infrastructure.providers.mercado_data_provider | DEBUG | RTD: preco_ativo USIM5=8.37 forçado com sucesso
src.infrastructure.providers.mercado_data_provider | DEBUG | RTD: Detalhes completos registrados para SUZB3|SUZBU411 (Liquidez detectada)
src.infrastructure.providers.mercado_data_provider | DEBUG | RTD: preco_ativo SUZB3=41.47 forçado com sucesso
src.infrastructure.providers.mercado_data_provider | DEBUG | RTD: Detalhes completos registrados para VALE3|VALEU231 (Liquidez detectada)
src.infrastructure.providers.mercado_data_provider | DEBUG | RTD: preco_ativo VALE3=72.21 forçado com sucesso
src.infrastructure.providers.mercado_data_provider | DEBUG | RTD: Detalhes completos registrados para TAEE11|TAEEU430 (Liquidez detectada)
src.infrastructure.providers.mercado_data_provider | DEBUG | RTD: preco_ativo TAEE11=41.19 forçado com sucesso
src.infrastructure.providers.mercado_data_provider | DEBUG | RTD: Detalhes completos registrados para TAEE11|TAEEU370 (Liquidez detectada)
src.infrastructure.providers.mercado_data_provider | DEBUG | RTD: preco_ativo TAEE11=41.19 forçado com sucesso
src.infrastructure.providers.mercado_data_provider | DEBUG | RTD: Detalhes completos registrados para SUZB3|SUZBT306 (Liquidez detectada)
src.infrastructure.providers.mercado_data_provider | DEBUG | RTD: preco_ativo SUZB3=41.47 forçado com sucesso
src.infrastructure.providers.mercado_data_provider | DEBUG | RTD: Detalhes completos registrados para VALE3|VALEU431 (Liquidez detectada)
src.infrastructure.providers.mercado_data_provider | DEBUG | RTD: preco_ativo VALE3=72.21 forçado com sucesso
src.infrastructure.providers.mercado_data_provider | DEBUG | RTD: Detalhes completos registrados para YDUQ3|YDUQU796 (Liquidez detectada)
src.infrastructure.providers.mercado_data_provider | DEBUG | RTD: preco_ativo YDUQ3=7.92 forçado com sucesso
src.infrastructure.providers.mercado_data_provider | DEBUG | RTD: Detalhes completos registrados para SUZB3|SUZBU426 (Liquidez detectada)
src.infrastructure.providers.mercado_data_provider | DEBUG | RTD: preco_ativo SUZB3=41.47 forçado com sucesso
src.infrastructure.providers.mercado_data_provider | DEBUG | RTD: Detalhes completos registrados para TAEE11|TAEEU418W2 (Liquidez detectada)
src.infrastructure.providers.mercado_data_provider | DEBUG | RTD: preco_ativo TAEE11=41.19 forçado com sucesso
src.infrastructure.providers.mercado_data_provider | DEBUG | RTD: Detalhes completos registrados para VBBR3|VBBRU374 (Liquidez detectada)
src.infrastructure.providers.mercado_data_provider | DEBUG | RTD: preco_ativo VBBR3=33.64 forçado com sucesso
src.infrastructure.providers.mercado_data_provider | DEBUG | RTD: Detalhes completos registrados para SUZB3|SUZBU463 (Liquidez detectada)
src.infrastructure.providers.mercado_data_provider | DEBUG | RTD: preco_ativo SUZB3=41.47 forçado com sucesso
src.infrastructure.providers.mercado_data_provider | DEBUG | RTD: Detalhes completos registrados para TIMS3|TIMST209 (Liquidez detectada)
src.infrastructure.providers.mercado_data_provider | DEBUG | RTD: preco_ativo TIMS3=22.41 forçado com sucesso
src.infrastructure.providers.mercado_data_provider | DEBUG | RTD: Detalhes completos registrados para TAEE11|TAEET417 (Liquidez detectada)
src.infrastructure.providers.mercado_data_provider | DEBUG | RTD: preco_ativo TAEE11=41.19 forçado com sucesso
src.infrastructure.providers.mercado_data_provider | DEBUG | RTD: Detalhes completos registrados para SUZB3|SUZBT316 (Liquidez detectada)
src.infrastructure.providers.mercado_data_provider | DEBUG | RTD: preco_ativo SUZB3=41.47 forçado com sucesso
src.infrastructure.providers.mercado_data_provider | DEBUG | RTD: Detalhes completos registrados para WIZC3|WIZCT692 (Liquidez detectada)
src.infrastructure.providers.mercado_data_provider | DEBUG | RTD: preco_ativo WIZC3=8.23 forçado com sucesso
src.infrastructure.providers.mercado_data_provider | DEBUG | RTD: Detalhes completos registrados para SUZB3|SUZBT363 (Liquidez detectada)
src.infrastructure.providers.mercado_data_provider | DEBUG | RTD: preco_ativo SUZB3=41.47 forçado com sucesso
src.infrastructure.providers.mercado_data_provider | DEBUG | RTD: Detalhes completos registrados para VULC3|VULCU122 (Liquidez detectada)
src.infrastructure.providers.mercado_data_provider | DEBUG | RTD: preco_ativo VULC3=14.05 forçado com sucesso
src.infrastructure.providers.mercado_data_provider | DEBUG | RTD: Detalhes completos registrados para XPBR31|XPBRU965 (Liquidez detectada)
src.infrastructure.providers.mercado_data_provider | DEBUG | RTD: preco_ativo XPBR31=84.90 forçado com sucesso
src.infrastructure.providers.mercado_data_provider | DEBUG | RTD: Detalhes completos registrados para SUZB3|SUZBU293 (Liquidez detectada)
src.infrastructure.providers.mercado_data_provider | DEBUG | RTD: preco_ativo SUZB3=41.47 forçado com sucesso
src.infrastructure.providers.mercado_data_provider | DEBUG | RTD: Detalhes completos registrados para TOTS3|TOTSU247 (Liquidez detectada)
src.infrastructure.providers.mercado_data_provider | DEBUG | RTD: preco_ativo TOTS3=28.35 forçado com sucesso
src.infrastructure.providers.mercado_data_provider | DEBUG | RTD: Detalhes completos registrados para TAEE11|TAEET442 (Liquidez detectada)
src.infrastructure.providers.mercado_data_provider | DEBUG | RTD: preco_ativo TAEE11=41.19 forçado com sucesso
src.infrastructure.providers.mercado_data_provider | DEBUG | RTD: Detalhes completos registrados para VALE3|VALEU296 (Liquidez detectada)
src.infrastructure.providers.mercado_data_provider | DEBUG | RTD: preco_ativo VALE3=72.21 forçado com sucesso
src.infrastructure.providers.mercado_data_provider | DEBUG | RTD: Detalhes completos registrados para SUZB3|SUZBX541 (Liquidez detectada)
src.infrastructure.providers.mercado_data_provider | DEBUG | RTD: preco_ativo SUZB3=41.47 forçado com sucesso
src.infrastructure.providers.mercado_data_provider | DEBUG | RTD: Detalhes completos registrados para TUPY3|TUPYU980 (Liquidez detectada)
src.infrastructure.providers.mercado_data_provider | DEBUG | RTD: preco_ativo TUPY3=15.31 forçado com sucesso
src.infrastructure.providers.mercado_data_provider | DEBUG | RTD: Detalhes completos registrados para YDUQ3|YDUQU866 (Liquidez detectada)
src.infrastructure.providers.mercado_data_provider | DEBUG | RTD: preco_ativo YDUQ3=7.92 forçado com sucesso
src.infrastructure.providers.mercado_data_provider | DEBUG | RTD: Detalhes completos registrados para YDUQ3|YDUQU666 (Liquidez detectada)
src.infrastructure.providers.mercado_data_provider | DEBUG | RTD: preco_ativo YDUQ3=7.92 forçado com sucesso
src.infrastructure.providers.mercado_data_provider | DEBUG | RTD: Detalhes completos registrados para VIVT3|VIVTU405 (Liquidez detectada)
src.infrastructure.providers.mercado_data_provider | DEBUG | RTD: preco_ativo VIVT3=35.51 forçado com sucesso
src.infrastructure.providers.mercado_data_provider | DEBUG | RTD: Detalhes completos registrados para XPBR31|XPBRU815 (Liquidez detectada)
src.infrastructure.providers.mercado_data_provider | DEBUG | RTD: preco_ativo XPBR31=84.90 forçado com sucesso
src.infrastructure.providers.mercado_data_provider | DEBUG | RTD: Detalhes completos registrados para VALE3|VALEX673 (Liquidez detectada)
src.infrastructure.providers.mercado_data_provider | DEBUG | RTD: preco_ativo VALE3=72.21 forçado com sucesso
src.infrastructure.providers.mercado_data_provider | DEBUG | RTD: Detalhes completos registrados para VALE3|VALET344 (Liquidez detectada)
src.infrastructure.providers.mercado_data_provider | DEBUG | RTD: preco_ativo VALE3=72.21 forçado com sucesso
src.infrastructure.providers.mercado_data_provider | DEBUG | RTD: Detalhes completos registrados para VALE3|VALET759W4 (Liquidez detectada)
src.infrastructure.providers.mercado_data_provider | DEBUG | RTD: preco_ativo VALE3=72.21 forçado com sucesso
src.infrastructure.providers.mercado_data_provider | DEBUG | RTD: Detalhes completos registrados para VALE3|VALET499 (Liquidez detectada)
src.infrastructure.providers.mercado_data_provider | DEBUG | RTD: preco_ativo VALE3=72.21 forçado com sucesso
src.infrastructure.providers.mercado_data_provider | DEBUG | RTD: Detalhes completos registrados para TEND3|TENDT292 (Liquidez detectada)
src.infrastructure.providers.mercado_data_provider | DEBUG | RTD: preco_ativo TEND3=29.74 forçado com sucesso
src.infrastructure.providers.mercado_data_provider | DEBUG | RTD: Detalhes completos registrados para WEGE3|WEGET402 (Liquidez detectada)
src.infrastructure.providers.mercado_data_provider | DEBUG | RTD: preco_ativo WEGE3=42.59 forçado com sucesso
src.infrastructure.providers.mercado_data_provider | DEBUG | RTD: Detalhes completos registrados para USIM5|USIMS804W5 (Liquidez detectada)
src.infrastructure.providers.mercado_data_provider | DEBUG | RTD: preco_ativo USIM5=8.37 forçado com sucesso
src.infrastructure.providers.mercado_data_provider | DEBUG | RTD: Detalhes completos registrados para VALE3|VALEU371 (Liquidez detectada)
src.infrastructure.providers.mercado_data_provider | DEBUG | RTD: preco_ativo VALE3=72.21 forçado com sucesso
src.infrastructure.providers.mercado_data_provider | DEBUG | RTD: Detalhes completos registrados para VALE3|VALEU831 (Liquidez detectada)
src.infrastructure.providers.mercado_data_provider | DEBUG | RTD: preco_ativo VALE3=72.21 forçado com sucesso
src.infrastructure.providers.mercado_data_provider | DEBUG | RTD: Detalhes completos registrados para VALE3|VALES670W5 (Liquidez detectada)
src.infrastructure.providers.mercado_data_provider | DEBUG | RTD: preco_ativo VALE3=72.21 forçado com sucesso
src.infrastructure.providers.mercado_data_provider | DEBUG | RTD: Detalhes completos registrados para VLID3|VLIDT132 (Liquidez detectada)
src.infrastructure.providers.mercado_data_provider | DEBUG | RTD: preco_ativo VLID3=17.62 forçado com sucesso
src.infrastructure.providers.mercado_data_provider | DEBUG | RTD: Detalhes completos registrados para VLID3|VLIDU182 (Liquidez detectada)
src.infrastructure.providers.mercado_data_provider | DEBUG | RTD: preco_ativo VLID3=17.62 forçado com sucesso
src.infrastructure.providers.mercado_data_provider | DEBUG | RTD: Detalhes completos registrados para VALE3|VALET334 (Liquidez detectada)
src.infrastructure.providers.mercado_data_provider | DEBUG | RTD: preco_ativo VALE3=72.21 forçado com sucesso
src.infrastructure.providers.mercado_data_provider | DEBUG | RTD: Detalhes completos registrados para WEGE3|WEGEU498 (Liquidez detectada)
src.infrastructure.providers.mercado_data_provider | DEBUG | RTD: preco_ativo WEGE3=42.59 forçado com sucesso
src.infrastructure.providers.mercado_data_provider | DEBUG | RTD: Detalhes completos registrados para WEGE3|WEGEU397 (Liquidez detectada)
src.infrastructure.providers.mercado_data_provider | DEBUG | RTD: preco_ativo WEGE3=42.59 forçado com sucesso
src.ui.desktop.monitor_worker | INFO | Manutenção: novos books + prioridades em 0.11s
src.ui.desktop.monitor_worker | INFO | Ciclo: monitor=4.252s colar=0.000s cal=0.000s box=0.000s manut=0.113s mpp=0.000s total=4.365s
src.infrastructure.providers.mercado_data_provider | DEBUG | Varredura: _chaves_com_book=10778 _chaves_detalhes=10778
src.infrastructure.providers.mercado_data_provider | DEBUG | Varredura: sem_preco=0 sem_dados_rtd=12 chaves_com_book=10778
src.infrastructure.providers.mercado_data_provider | INFO | Varredura(F): monitor=38476 book=10766 | reg=0.000 ref=0.009 var=0.253 total=0.262 | inst_map=0.004 | onda2=1253(0.039) onda1=0(0.000) cab_skip=9525 status=0.175
src.application.use_cases.monitor_oportunidades | INFO | PipelineTracker BOX/SBTH: 10766 -> 10766 (viaveis=0)
src.ui.desktop.monitor_worker | INFO | Ciclo: monitor=5.151s colar=0.000s cal=0.000s box=0.000s manut=0.000s mpp=0.000s total=5.151s
src.infrastructure.providers.mercado_data_provider | DEBUG | Varredura: _chaves_com_book=10778 _chaves_detalhes=10778
src.infrastructure.providers.mercado_data_provider | DEBUG | Varredura: sem_preco=0 sem_dados_rtd=13 chaves_com_book=10778
src.infrastructure.providers.mercado_data_provider | INFO | Varredura(F): monitor=38476 book=10765 | reg=0.000 ref=0.009 var=0.469 total=0.478 | inst_map=0.000 | onda2=1003(0.056) onda1=0(0.000) cab_skip=9775 status=0.321
src.application.use_cases.monitor_oportunidades | INFO | PipelineTracker BOX/SBTH: 10765 -> 10765 (viaveis=0)
src.application.use_cases.monitor_colares_calendario | INFO | PipelineTracker (COLLAR_CALENDARIO): 10765 -> 269
src.application.use_cases.monitor_colares_calendario | DEBUG | CollarCal PETR4: calls=4 puts=0
src.application.use_cases.monitor_colares_calendario | DEBUG | CollarCal PETR4 call: PETRH314 strike=30.36 dte=31 ocp=11.3700
src.application.use_cases.monitor_colares_calendario | DEBUG | CollarCal PETR4 call: PETRH317 strike=30.61 dte=31 ocp=11.2100
src.application.use_cases.monitor_colares_calendario | DEBUG | CollarCal PETR4 call: PETRH302 strike=29.11 dte=31 ocp=12.0600
src.application.use_cases.monitor_colares_calendario | DEBUG | CollarCal PETR4 call: PETRH192 strike=18.11 dte=31 ocp=22.8900
urllib3.connectionpool | DEBUG | Starting new HTTPS connection (1): opcoes.net.br:443
urllib3.connectionpool | DEBUG | https://opcoes.net.br:443 "GET /api/v1?z=178465461&r0t=QuotesHistoryByAsset&r0p.assets_ids=AXIA3&r0p.timeframe=Day HTTP/1.1" 200 None
src.application.use_cases.monitor_colares_calendario | DEBUG | CollarCal PAR VIÁVEL BBAS3: call=BBASH207(21) put=BBASX21(21) DTE 31+119 |ΔK|=0.4 pct_cdi=2.47
src.application.use_cases.monitor_colares_calendario | WARNING | CollarCal STATS: {'total': 10765, 'sem_vencimento': 0, 'sem_codigos': 0, 'sem_dias': 0, 'sem_strike': 0, 'sem_strike_registrado': 0, 'sem_ocp_ovd': 0, 'sem_ocp_registrado': 0, 'sem_ovd_registrado': 0, 'sem_preco': 1401, 'sem_qul': 1496, 'calls': 249, 'puts': 20, 'fora_dte': 706, 'fora_ativo': 6893}
src.application.use_cases.monitor_colares_calendario | WARNING | CollarCal TOTAL: 1 viaveis em 1 ativos
src.ui.desktop.monitor_worker | INFO | BWB: 1085 call + 1085 put codes registrados, aguardando push...
src.ui.desktop.monitor_worker | INFO | BWB: strike=416/2170 ask=254/2170 vol=83/2170 apos espera
src.ui.desktop.monitor_worker | INFO | BWB _coletar [call]: total=1085 strike+ask=46 direcao=6 final=0 target=23.86
src.ui.desktop.monitor_worker | INFO | BWB _coletar [put]: total=1085 strike+ask=208 direcao=86 final=86 target=17.46
src.domain.services.calculadora_protecao_cauda | DEBUG | BWB _avaliar_lado [call]: 0 strikes na entrada — sem candidatos
src.ui.desktop.monitor_worker | INFO | BWB: 229 call + 96 put codes registrados, aguardando push...
src.ui.desktop.monitor_worker | INFO | BWB: strike=88/325 ask=36/325 vol=11/325 apos espera
src.ui.desktop.monitor_worker | INFO | BWB _coletar [call]: total=229 strike+ask=16 direcao=3 final=0 target=23.86
src.ui.desktop.monitor_worker | INFO | BWB _coletar [put]: total=96 strike+ask=20 direcao=3 final=3 target=17.46
src.ui.desktop.monitor_worker | INFO | BWB: strike=88/325 ask=36/325 vol=11/325 apos espera
src.ui.desktop.monitor_worker | INFO | BWB _coletar [call]: total=229 strike+ask=16 direcao=3 final=0 target=23.86
src.ui.desktop.monitor_worker | INFO | BWB _coletar [put]: total=96 strike+ask=20 direcao=3 final=3 target=17.46
src.domain.services.calculadora_protecao_cauda | DEBUG | BWB _avaliar_lado [call]: 0 strikes na entrada — sem candidatos
src.ui.desktop.monitor_worker | INFO | BWB: strike=88/325 ask=36/325 vol=11/325 apos espera
src.ui.desktop.monitor_worker | INFO | BWB _coletar [call]: total=229 strike+ask=16 direcao=3 final=0 target=23.86
src.ui.desktop.monitor_worker | INFO | BWB _coletar [put]: total=96 strike+ask=20 direcao=3 final=3 target=17.46
src.domain.services.calculadora_protecao_cauda | DEBUG | BWB _avaliar_lado [call]: 0 strikes na entrada — sem candidatos
src.ui.desktop.monitor_worker | INFO | BWB: strike=88/325 ask=36/325 vol=11/325 apos espera
src.ui.desktop.monitor_worker | INFO | BWB _coletar [call]: total=229 strike+ask=16 direcao=3 final=0 target=23.86
src.ui.desktop.monitor_worker | INFO | BWB _coletar [put]: total=96 strike+ask=20 direcao=3 final=3 target=17.46
src.domain.services.calculadora_protecao_cauda | DEBUG | BWB _avaliar_lado [call]: 0 strikes na entrada — sem candidatos
src.infrastructure.providers.mercado_data_provider | DEBUG | RTD: Detalhes completos registrados para VALE3|VALEX653 (Liquidez detectada)
src.infrastructure.providers.mercado_data_provider | DEBUG | RTD: preco_ativo VALE3=72.27 forçado com sucesso
src.infrastructure.providers.mercado_data_provider | DEBUG | RTD: Detalhes completos registrados para TAEE11|TAEET371 (Liquidez detectada)
src.infrastructure.providers.mercado_data_provider | DEBUG | RTD: preco_ativo TAEE11=41.19 forçado com sucesso
src.infrastructure.providers.mercado_data_provider | DEBUG | RTD: Detalhes completos registrados para TOTS3|TOTST222 (Liquidez detectada)
src.infrastructure.providers.mercado_data_provider | DEBUG | RTD: preco_ativo TOTS3=28.35 forçado com sucesso
src.infrastructure.providers.mercado_data_provider | DEBUG | RTD: Detalhes completos registrados para VALE3|VALET459 (Liquidez detectada)
src.infrastructure.providers.mercado_data_provider | DEBUG | RTD: preco_ativo VALE3=72.27 forçado com sucesso
src.infrastructure.providers.mercado_data_provider | DEBUG | RTD: Detalhes completos registrados para TAEE11|TAEET345 (Liquidez detectada)
src.infrastructure.providers.mercado_data_provider | DEBUG | RTD: preco_ativo TAEE11=41.19 forçado com sucesso
src.infrastructure.providers.mercado_data_provider | DEBUG | RTD: Detalhes completos registrados para VBBR3|VBBRU307 (Liquidez detectada)
src.infrastructure.providers.mercado_data_provider | DEBUG | RTD: preco_ativo VBBR3=33.66 forçado com sucesso
src.infrastructure.providers.mercado_data_provider | DEBUG | RTD: Detalhes completos registrados para WEGE3|WEGEU511 (Liquidez detectada)
src.infrastructure.providers.mercado_data_provider | DEBUG | RTD: preco_ativo WEGE3=42.59 forçado com sucesso
src.infrastructure.providers.mercado_data_provider | DEBUG | RTD: Detalhes completos registrados para TEND3|TENDU252 (Liquidez detectada)
src.infrastructure.providers.mercado_data_provider | DEBUG | RTD: preco_ativo TEND3=29.74 forçado com sucesso
src.infrastructure.providers.mercado_data_provider | DEBUG | RTD: Detalhes completos registrados para VALE3|VALET404 (Liquidez detectada)
src.infrastructure.providers.mercado_data_provider | DEBUG | RTD: preco_ativo VALE3=72.27 forçado com sucesso
src.infrastructure.providers.mercado_data_provider | DEBUG | RTD: Detalhes completos registrados para TIMS3|TIMSU254 (Liquidez detectada)
src.infrastructure.providers.mercado_data_provider | DEBUG | RTD: preco_ativo TIMS3=22.41 forçado com sucesso
src.infrastructure.providers.mercado_data_provider | DEBUG | RTD: Detalhes completos registrados para VIVT3|VIVTU332 (Liquidez detectada)
src.infrastructure.providers.mercado_data_provider | DEBUG | RTD: preco_ativo VIVT3=35.51 forçado com sucesso
src.infrastructure.providers.mercado_data_provider | DEBUG | RTD: Detalhes completos registrados para VALE3|VALET699 (Liquidez detectada)
src.infrastructure.providers.mercado_data_provider | DEBUG | RTD: preco_ativo VALE3=72.27 forçado com sucesso
src.infrastructure.providers.mercado_data_provider | DEBUG | RTD: Detalhes completos registrados para VALE3|VALEU419 (Liquidez detectada)
src.infrastructure.providers.mercado_data_provider | DEBUG | RTD: preco_ativo VALE3=72.27 forçado com sucesso
src.infrastructure.providers.mercado_data_provider | DEBUG | RTD: Detalhes completos registrados para VALE3|VALEU469 (Liquidez detectada)
src.infrastructure.providers.mercado_data_provider | DEBUG | RTD: preco_ativo VALE3=72.27 forçado com sucesso
src.infrastructure.providers.mercado_data_provider | DEBUG | RTD: Detalhes completos registrados para TUPY3|TUPYU110 (Liquidez detectada)
src.infrastructure.providers.mercado_data_provider | DEBUG | RTD: preco_ativo TUPY3=15.31 forçado com sucesso
src.infrastructure.providers.mercado_data_provider | DEBUG | RTD: Detalhes completos registrados para VALE3|VALEU261 (Liquidez detectada)
src.infrastructure.providers.mercado_data_provider | DEBUG | RTD: preco_ativo VALE3=72.27 forçado com sucesso
src.infrastructure.providers.mercado_data_provider | DEBUG | RTD: Detalhes completos registrados para USIM5|USIMT920 (Liquidez detectada)
src.infrastructure.providers.mercado_data_provider | DEBUG | RTD: preco_ativo USIM5=8.37 forçado com sucesso
src.infrastructure.providers.mercado_data_provider | DEBUG | RTD: Detalhes completos registrados para VALE3|VALET849 (Liquidez detectada)
src.infrastructure.providers.mercado_data_provider | DEBUG | RTD: preco_ativo VALE3=72.27 forçado com sucesso
src.infrastructure.providers.mercado_data_provider | DEBUG | RTD: Detalhes completos registrados para SUZB3|SUZBX393 (Liquidez detectada)
src.infrastructure.providers.mercado_data_provider | DEBUG | RTD: preco_ativo SUZB3=41.47 forçado com sucesso
src.infrastructure.providers.mercado_data_provider | DEBUG | RTD: Detalhes completos registrados para USIM5|USIMU950 (Liquidez detectada)
src.infrastructure.providers.mercado_data_provider | DEBUG | RTD: preco_ativo USIM5=8.37 forçado com sucesso
src.infrastructure.providers.mercado_data_provider | DEBUG | RTD: Detalhes completos registrados para VALE3|VALET799 (Liquidez detectada)
src.infrastructure.providers.mercado_data_provider | DEBUG | RTD: preco_ativo VALE3=72.27 forçado com sucesso
src.infrastructure.providers.mercado_data_provider | DEBUG | RTD: Detalhes completos registrados para VIVA3|VIVAU256 (Liquidez detectada)
src.infrastructure.providers.mercado_data_provider | DEBUG | RTD: preco_ativo VIVA3=21.37 forçado com sucesso
src.infrastructure.providers.mercado_data_provider | DEBUG | RTD: Detalhes completos registrados para XPBR31|XPBRT910 (Liquidez detectada)
src.infrastructure.providers.mercado_data_provider | DEBUG | RTD: preco_ativo XPBR31=84.90 forçado com sucesso
src.infrastructure.providers.mercado_data_provider | DEBUG | RTD: Detalhes completos registrados para VIVA3|VIVAT225 (Liquidez detectada)
src.infrastructure.providers.mercado_data_provider | DEBUG | RTD: preco_ativo VIVA3=21.37 forçado com sucesso
src.infrastructure.providers.mercado_data_provider | DEBUG | RTD: Detalhes completos registrados para VLID3|VLIDT147 (Liquidez detectada)
src.infrastructure.providers.mercado_data_provider | DEBUG | RTD: preco_ativo VLID3=17.62 forçado com sucesso
src.infrastructure.providers.mercado_data_provider | DEBUG | RTD: Detalhes completos registrados para VALE3|VALEU856 (Liquidez detectada)
src.infrastructure.providers.mercado_data_provider | DEBUG | RTD: preco_ativo VALE3=72.27 forçado com sucesso
src.infrastructure.providers.mercado_data_provider | DEBUG | RTD: Detalhes completos registrados para VULC3|VULCT147 (Liquidez detectada)
src.infrastructure.providers.mercado_data_provider | DEBUG | RTD: preco_ativo VULC3=14.05 forçado com sucesso
src.infrastructure.providers.mercado_data_provider | DEBUG | RTD: Detalhes completos registrados para VBBR3|VBBRT312 (Liquidez detectada)
src.infrastructure.providers.mercado_data_provider | DEBUG | RTD: preco_ativo VBBR3=33.66 forçado com sucesso
src.infrastructure.providers.mercado_data_provider | DEBUG | RTD: Detalhes completos registrados para SUZB3|SUZBX361 (Liquidez detectada)
src.infrastructure.providers.mercado_data_provider | DEBUG | RTD: preco_ativo SUZB3=41.47 forçado com sucesso
src.infrastructure.providers.mercado_data_provider | DEBUG | RTD: Detalhes completos registrados para WEGE3|WEGEU496 (Liquidez detectada)
src.infrastructure.providers.mercado_data_provider | DEBUG | RTD: preco_ativo WEGE3=42.59 forçado com sucesso
src.infrastructure.providers.mercado_data_provider | DEBUG | RTD: Detalhes completos registrados para VALE3|VALEV704 (Liquidez detectada)
src.infrastructure.providers.mercado_data_provider | DEBUG | RTD: preco_ativo VALE3=72.27 forçado com sucesso
src.infrastructure.providers.mercado_data_provider | DEBUG | RTD: Detalhes completos registrados para TAEE11|TAEET407 (Liquidez detectada)
src.infrastructure.providers.mercado_data_provider | DEBUG | RTD: preco_ativo TAEE11=41.19 forçado com sucesso
src.infrastructure.providers.mercado_data_provider | DEBUG | RTD: Detalhes completos registrados para SUZB3|SUZBT51 (Liquidez detectada)
src.infrastructure.providers.mercado_data_provider | DEBUG | RTD: preco_ativo SUZB3=41.47 forçado com sucesso
src.infrastructure.providers.mercado_data_provider | DEBUG | RTD: Detalhes completos registrados para VBBR3|VBBRT277 (Liquidez detectada)
src.infrastructure.providers.mercado_data_provider | DEBUG | RTD: preco_ativo VBBR3=33.66 forçado com sucesso
src.infrastructure.providers.mercado_data_provider | DEBUG | RTD: Detalhes completos registrados para USIM5|USIMT580 (Liquidez detectada)
src.infrastructure.providers.mercado_data_provider | DEBUG | RTD: preco_ativo USIM5=8.37 forçado com sucesso
src.infrastructure.providers.mercado_data_provider | DEBUG | RTD: Detalhes completos registrados para SUZB3|SUZBT443 (Liquidez detectada)
src.infrastructure.providers.mercado_data_provider | DEBUG | RTD: preco_ativo SUZB3=41.47 forçado com sucesso
src.infrastructure.providers.mercado_data_provider | DEBUG | RTD: Detalhes completos registrados para TOTS3|TOTSU312 (Liquidez detectada)
src.infrastructure.providers.mercado_data_provider | DEBUG | RTD: preco_ativo TOTS3=28.35 forçado com sucesso
src.infrastructure.providers.mercado_data_provider | DEBUG | RTD: Detalhes completos registrados para SUZB3|SUZBU298 (Liquidez detectada)
src.infrastructure.providers.mercado_data_provider | DEBUG | RTD: preco_ativo SUZB3=41.47 forçado com sucesso
src.infrastructure.providers.mercado_data_provider | DEBUG | RTD: Detalhes completos registrados para TAEE11|TAEEW320 (Liquidez detectada)
src.infrastructure.providers.mercado_data_provider | DEBUG | RTD: preco_ativo TAEE11=41.19 forçado com sucesso
src.infrastructure.providers.mercado_data_provider | DEBUG | RTD: Detalhes completos registrados para UGPA3|UGPAU352 (Liquidez detectada)
src.infrastructure.providers.mercado_data_provider | DEBUG | RTD: preco_ativo UGPA3=31.65 forçado com sucesso
src.infrastructure.providers.mercado_data_provider | DEBUG | RTD: Detalhes completos registrados para VAMO3|VAMOT306 (Liquidez detectada)
src.infrastructure.providers.mercado_data_provider | DEBUG | RTD: preco_ativo VAMO3=3.10 forçado com sucesso
src.infrastructure.providers.mercado_data_provider | DEBUG | RTD: Detalhes completos registrados para TIMS3|TIMST249 (Liquidez detectada)
src.infrastructure.providers.mercado_data_provider | DEBUG | RTD: preco_ativo TIMS3=22.41 forçado com sucesso
src.infrastructure.providers.mercado_data_provider | DEBUG | RTD: Detalhes completos registrados para TEND3|TENDT240 (Liquidez detectada)
src.infrastructure.providers.mercado_data_provider | DEBUG | RTD: preco_ativo TEND3=29.74 forçado com sucesso
src.infrastructure.providers.mercado_data_provider | DEBUG | RTD: Detalhes completos registrados para UNIP6|UNIPU357 (Liquidez detectada)
src.infrastructure.providers.mercado_data_provider | DEBUG | RTD: preco_ativo UNIP6=61.02 forçado com sucesso
src.infrastructure.providers.mercado_data_provider | DEBUG | RTD: Detalhes completos registrados para TEND3|TENDT207 (Liquidez detectada)
src.infrastructure.providers.mercado_data_provider | DEBUG | RTD: preco_ativo TEND3=29.74 forçado com sucesso
src.infrastructure.providers.mercado_data_provider | DEBUG | RTD: Detalhes completos registrados para VALE3|VALEV770 (Liquidez detectada)
src.infrastructure.providers.mercado_data_provider | DEBUG | RTD: preco_ativo VALE3=72.27 forçado com sucesso
src.infrastructure.providers.mercado_data_provider | DEBUG | RTD: Detalhes completos registrados para VBBR3|VBBRU279 (Liquidez detectada)
src.infrastructure.providers.mercado_data_provider | DEBUG | RTD: preco_ativo VBBR3=33.66 forçado com sucesso
src.infrastructure.providers.mercado_data_provider | DEBUG | RTD: Detalhes completos registrados para UNIP6|UNIPT570 (Liquidez detectada)
src.infrastructure.providers.mercado_data_provider | DEBUG | RTD: preco_ativo UNIP6=61.02 forçado com sucesso
src.infrastructure.providers.mercado_data_provider | DEBUG | RTD: Detalhes completos registrados para VIVA3|VIVAU246 (Liquidez detectada)
src.infrastructure.providers.mercado_data_provider | DEBUG | RTD: preco_ativo VIVA3=21.37 forçado com sucesso
src.infrastructure.providers.mercado_data_provider | DEBUG | RTD: Detalhes completos registrados para XPBR31|XPBRU810 (Liquidez detectada)
src.infrastructure.providers.mercado_data_provider | DEBUG | RTD: preco_ativo XPBR31=84.90 forçado com sucesso
src.infrastructure.providers.mercado_data_provider | DEBUG | RTD: Detalhes completos registrados para SUZB3|SUZBU418 (Liquidez detectada)
src.infrastructure.providers.mercado_data_provider | DEBUG | RTD: preco_ativo SUZB3=41.47 forçado com sucesso
src.infrastructure.providers.mercado_data_provider | DEBUG | RTD: Detalhes completos registrados para TEND3|TENDU305 (Liquidez detectada)
src.infrastructure.providers.mercado_data_provider | DEBUG | RTD: preco_ativo TEND3=29.74 forçado com sucesso
src.infrastructure.providers.mercado_data_provider | DEBUG | RTD: Detalhes completos registrados para XPBR31|XPBRU930 (Liquidez detectada)
src.infrastructure.providers.mercado_data_provider | DEBUG | RTD: preco_ativo XPBR31=84.90 forçado com sucesso
src.infrastructure.providers.mercado_data_provider | DEBUG | RTD: Detalhes completos registrados para SUZB3|SUZBU451 (Liquidez detectada)
src.infrastructure.providers.mercado_data_provider | DEBUG | RTD: preco_ativo SUZB3=41.47 forçado com sucesso
src.infrastructure.providers.mercado_data_provider | DEBUG | RTD: Detalhes completos registrados para TIMS3|TIMSU178 (Liquidez detectada)
src.infrastructure.providers.mercado_data_provider | DEBUG | RTD: preco_ativo TIMS3=22.41 forçado com sucesso
src.infrastructure.providers.mercado_data_provider | DEBUG | RTD: Detalhes completos registrados para SUZB3|SUZBU436 (Liquidez detectada)
src.infrastructure.providers.mercado_data_provider | DEBUG | RTD: preco_ativo SUZB3=41.47 forçado com sucesso
src.infrastructure.providers.mercado_data_provider | DEBUG | RTD: Detalhes completos registrados para TAEE11|TAEEU396W2 (Liquidez detectada)
src.infrastructure.providers.mercado_data_provider | DEBUG | RTD: preco_ativo TAEE11=41.19 forçado com sucesso
src.infrastructure.providers.mercado_data_provider | DEBUG | RTD: Detalhes completos registrados para WEGE3|WEGEM470 (Liquidez detectada)
src.infrastructure.providers.mercado_data_provider | DEBUG | RTD: preco_ativo WEGE3=42.59 forçado com sucesso
src.infrastructure.providers.mercado_data_provider | DEBUG | RTD: Detalhes completos registrados para UGPA3|UGPAT315 (Liquidez detectada)
src.infrastructure.providers.mercado_data_provider | DEBUG | RTD: preco_ativo UGPA3=31.65 forçado com sucesso
src.infrastructure.providers.mercado_data_provider | DEBUG | RTD: Detalhes completos registrados para VULC3|VULCX17 (Liquidez detectada)
src.infrastructure.providers.mercado_data_provider | DEBUG | RTD: preco_ativo VULC3=14.05 forçado com sucesso
src.infrastructure.providers.mercado_data_provider | DEBUG | RTD: Detalhes completos registrados para SUZB3|SUZBU333 (Liquidez detectada)
src.infrastructure.providers.mercado_data_provider | DEBUG | RTD: preco_ativo SUZB3=41.47 forçado com sucesso
src.infrastructure.providers.mercado_data_provider | DEBUG | RTD: Detalhes completos registrados para VIVT3|VIVTT400 (Liquidez detectada)
src.infrastructure.providers.mercado_data_provider | DEBUG | RTD: preco_ativo VIVT3=35.51 forçado com sucesso
src.infrastructure.providers.mercado_data_provider | DEBUG | RTD: Detalhes completos registrados para TAEE11|TAEEU408W2 (Liquidez detectada)
src.infrastructure.providers.mercado_data_provider | DEBUG | RTD: preco_ativo TAEE11=41.19 forçado com sucesso
src.infrastructure.providers.mercado_data_provider | DEBUG | RTD: Detalhes completos registrados para VALE3|VALEU424 (Liquidez detectada)
src.infrastructure.providers.mercado_data_provider | DEBUG | RTD: preco_ativo VALE3=72.27 forçado com sucesso
src.infrastructure.providers.mercado_data_provider | DEBUG | RTD: Detalhes completos registrados para USIM5|USIMT960 (Liquidez detectada)
src.infrastructure.providers.mercado_data_provider | DEBUG | RTD: preco_ativo USIM5=8.37 forçado com sucesso
src.infrastructure.providers.mercado_data_provider | DEBUG | RTD: Detalhes completos registrados para YDUQ3|YDUQU926 (Liquidez detectada)
src.infrastructure.providers.mercado_data_provider | DEBUG | RTD: preco_ativo YDUQ3=7.92 forçado com sucesso
src.infrastructure.providers.mercado_data_provider | DEBUG | RTD: Detalhes completos registrados para VLID3|VLIDU23 (Liquidez detectada)
src.infrastructure.providers.mercado_data_provider | DEBUG | RTD: preco_ativo VLID3=17.62 forçado com sucesso
src.infrastructure.providers.mercado_data_provider | DEBUG | RTD: Detalhes completos registrados para SUZB3|SUZBS398W5 (Liquidez detectada)
src.infrastructure.providers.mercado_data_provider | DEBUG | RTD: preco_ativo SUZB3=41.47 forçado com sucesso
src.infrastructure.providers.mercado_data_provider | DEBUG | RTD: Detalhes completos registrados para TAEE11|TAEEU431W2 (Liquidez detectada)
src.infrastructure.providers.mercado_data_provider | DEBUG | RTD: preco_ativo TAEE11=41.19 forçado com sucesso
src.infrastructure.providers.mercado_data_provider | DEBUG | RTD: Detalhes completos registrados para USIM5|USIMU590 (Liquidez detectada)
src.infrastructure.providers.mercado_data_provider | DEBUG | RTD: preco_ativo USIM5=8.37 forçado com sucesso
src.infrastructure.providers.mercado_data_provider | DEBUG | RTD: Detalhes completos registrados para VULC3|VULCT127 (Liquidez detectada)
src.infrastructure.providers.mercado_data_provider | DEBUG | RTD: preco_ativo VULC3=14.05 forçado com sucesso
src.infrastructure.providers.mercado_data_provider | DEBUG | RTD: Detalhes completos registrados para UGPA3|UGPAT310 (Liquidez detectada)
src.infrastructure.providers.mercado_data_provider | DEBUG | RTD: preco_ativo UGPA3=31.65 forçado com sucesso
src.infrastructure.providers.mercado_data_provider | DEBUG | RTD: Detalhes completos registrados para TAEE11|TAEEU431 (Liquidez detectada)
src.infrastructure.providers.mercado_data_provider | DEBUG | RTD: preco_ativo TAEE11=41.19 forçado com sucesso
src.infrastructure.providers.mercado_data_provider | DEBUG | RTD: Detalhes completos registrados para TAEE11|TAEEU348 (Liquidez detectada)
src.infrastructure.providers.mercado_data_provider | DEBUG | RTD: preco_ativo TAEE11=41.19 forçado com sucesso
src.infrastructure.providers.mercado_data_provider | DEBUG | RTD: Detalhes completos registrados para SUZB3|SUZBT338 (Liquidez detectada)
src.infrastructure.providers.mercado_data_provider | DEBUG | RTD: preco_ativo SUZB3=41.47 forçado com sucesso
src.infrastructure.providers.mercado_data_provider | DEBUG | RTD: Detalhes completos registrados para TOTS3|TOTST237 (Liquidez detectada)
src.infrastructure.providers.mercado_data_provider | DEBUG | RTD: preco_ativo TOTS3=28.35 forçado com sucesso
src.infrastructure.providers.mercado_data_provider | DEBUG | RTD: Detalhes completos registrados para VLID3|VLIDU152 (Liquidez detectada)
src.infrastructure.providers.mercado_data_provider | DEBUG | RTD: preco_ativo VLID3=17.62 forçado com sucesso
src.infrastructure.providers.mercado_data_provider | DEBUG | RTD: Detalhes completos registrados para VALE3|VALET604 (Liquidez detectada)
src.infrastructure.providers.mercado_data_provider | DEBUG | RTD: preco_ativo VALE3=72.27 forçado com sucesso
src.infrastructure.providers.mercado_data_provider | DEBUG | RTD: Detalhes completos registrados para TIMS3|TIMSU222 (Liquidez detectada)
src.infrastructure.providers.mercado_data_provider | DEBUG | RTD: preco_ativo TIMS3=22.41 forçado com sucesso
src.infrastructure.providers.mercado_data_provider | DEBUG | RTD: Detalhes completos registrados para USIM5|USIMT117 (Liquidez detectada)
src.infrastructure.providers.mercado_data_provider | DEBUG | RTD: preco_ativo USIM5=8.37 forçado com sucesso
src.infrastructure.providers.mercado_data_provider | DEBUG | RTD: Detalhes completos registrados para VALE3|VALES690W5 (Liquidez detectada)
src.infrastructure.providers.mercado_data_provider | DEBUG | RTD: preco_ativo VALE3=72.27 forçado com sucesso
src.infrastructure.providers.mercado_data_provider | DEBUG | RTD: Detalhes completos registrados para VALE3|VALET764 (Liquidez detectada)
src.infrastructure.providers.mercado_data_provider | DEBUG | RTD: preco_ativo VALE3=72.27 forçado com sucesso
src.infrastructure.providers.mercado_data_provider | DEBUG | RTD: Detalhes completos registrados para SUZB3|SUZBW461 (Liquidez detectada)
src.infrastructure.providers.mercado_data_provider | DEBUG | RTD: preco_ativo SUZB3=41.47 forçado com sucesso
src.infrastructure.providers.mercado_data_provider | DEBUG | RTD: Detalhes completos registrados para USIM5|USIMT844W1 (Liquidez detectada)
src.infrastructure.providers.mercado_data_provider | DEBUG | RTD: preco_ativo USIM5=8.37 forçado com sucesso
src.infrastructure.providers.mercado_data_provider | INFO | Background scan: ciclo completo. Total monitorados: 38476
src.ui.desktop.monitor_worker | INFO | Manutenção: novos books + prioridades em 0.42s
src.ui.desktop.monitor_worker | INFO | Ciclo: monitor=7.476s colar=0.000s cal=36.148s box=0.000s manut=0.418s mpp=0.000s total=44.041s
src.infrastructure.providers.mercado_data_provider | DEBUG | Varredura: _chaves_com_book=10862 _chaves_detalhes=10862
src.infrastructure.providers.mercado_data_provider | DEBUG | Varredura: sem_preco=0 sem_dados_rtd=15 chaves_com_book=10862
src.infrastructure.providers.mercado_data_provider | INFO | Varredura(F): monitor=38476 book=10847 | reg=0.000 ref=0.035 var=0.652 total=0.687 | inst_map=0.000 | onda2=2611(0.171) onda1=0(0.000) cab_skip=8251 status=0.315
src.application.use_cases.monitor_oportunidades | INFO | PipelineTracker BOX/SBTH: 10847 -> 10847 (viaveis=0)
src.ui.desktop.monitor_worker | INFO | Ciclo: monitor=12.125s colar=0.000s cal=0.000s box=0.000s manut=0.000s mpp=0.000s total=12.125s
src.infrastructure.providers.mercado_data_provider | DEBUG | Varredura: _chaves_com_book=10862 _chaves_detalhes=10862
src.infrastructure.providers.mercado_data_provider | DEBUG | Varredura: sem_preco=0 sem_dados_rtd=15 chaves_com_book=10862
src.infrastructure.providers.mercado_data_provider | INFO | Varredura(F): monitor=38476 book=10847 | reg=0.000 ref=0.018 var=1.075 total=1.092 | inst_map=0.000 | onda2=43(0.002) onda1=0(0.000) cab_skip=10819 status=0.702
src.application.use_cases.monitor_oportunidades | INFO | PipelineTracker BOX/SBTH: 10847 -> 10847 (viaveis=0)
src.infrastructure.providers.mercado_data_provider | DEBUG | RTD: Detalhes completos registrados para VBBR3|VBBRU317 (Liquidez detectada)
src.infrastructure.providers.mercado_data_provider | DEBUG | RTD: preco_ativo VBBR3=33.66 forçado com sucesso
src.infrastructure.providers.mercado_data_provider | DEBUG | RTD: Detalhes completos registrados para YDUQ3|YDUQU576 (Liquidez detectada)
src.infrastructure.providers.mercado_data_provider | DEBUG | RTD: preco_ativo YDUQ3=7.92 forçado com sucesso
src.infrastructure.providers.mercado_data_provider | DEBUG | RTD: Detalhes completos registrados para USIM5|USIMT800 (Liquidez detectada)
src.infrastructure.providers.mercado_data_provider | DEBUG | RTD: preco_ativo USIM5=8.37 forçado com sucesso
src.infrastructure.providers.mercado_data_provider | DEBUG | RTD: Detalhes completos registrados para VALE3|VALET726W2 (Liquidez detectada)
src.infrastructure.providers.mercado_data_provider | DEBUG | RTD: preco_ativo VALE3=72.27 forçado com sucesso
src.infrastructure.providers.mercado_data_provider | DEBUG | RTD: Detalhes completos registrados para XPBR31|XPBRU960 (Liquidez detectada)
src.infrastructure.providers.mercado_data_provider | DEBUG | RTD: preco_ativo XPBR31=84.90 forçado com sucesso
src.infrastructure.providers.mercado_data_provider | DEBUG | RTD: Detalhes completos registrados para VLID3|VLIDT197 (Liquidez detectada)
src.infrastructure.providers.mercado_data_provider | DEBUG | RTD: preco_ativo VLID3=17.62 forçado com sucesso
src.infrastructure.providers.mercado_data_provider | DEBUG | RTD: Detalhes completos registrados para SUZB3|SUZBU468 (Liquidez detectada)
src.infrastructure.providers.mercado_data_provider | DEBUG | RTD: preco_ativo SUZB3=41.47 forçado com sucesso
src.infrastructure.providers.mercado_data_provider | DEBUG | RTD: Detalhes completos registrados para VALE3|VALET234 (Liquidez detectada)
src.infrastructure.providers.mercado_data_provider | DEBUG | RTD: preco_ativo VALE3=72.27 forçado com sucesso
src.infrastructure.providers.mercado_data_provider | DEBUG | RTD: Detalhes completos registrados para TUPY3|TUPYT105 (Liquidez detectada)
src.infrastructure.providers.mercado_data_provider | DEBUG | RTD: preco_ativo TUPY3=15.31 forçado com sucesso
src.infrastructure.providers.mercado_data_provider | DEBUG | RTD: Detalhes completos registrados para XPBR31|XPBRT800 (Liquidez detectada)
src.infrastructure.providers.mercado_data_provider | DEBUG | RTD: preco_ativo XPBR31=84.90 forçado com sucesso
src.infrastructure.providers.mercado_data_provider | DEBUG | RTD: Detalhes completos registrados para VALE3|VALES650W5 (Liquidez detectada)
src.infrastructure.providers.mercado_data_provider | DEBUG | RTD: preco_ativo VALE3=72.27 forçado com sucesso
src.infrastructure.providers.mercado_data_provider | DEBUG | RTD: Detalhes completos registrados para VIVT3|VIVTU362 (Liquidez detectada)
src.infrastructure.providers.mercado_data_provider | DEBUG | RTD: preco_ativo VIVT3=35.51 forçado com sucesso
src.infrastructure.providers.mercado_data_provider | DEBUG | RTD: Detalhes completos registrados para USIM5|USIMT590 (Liquidez detectada)
src.infrastructure.providers.mercado_data_provider | DEBUG | RTD: preco_ativo USIM5=8.37 forçado com sucesso
src.infrastructure.providers.mercado_data_provider | DEBUG | RTD: Detalhes completos registrados para TEND3|TENDU285 (Liquidez detectada)
src.infrastructure.providers.mercado_data_provider | DEBUG | RTD: preco_ativo TEND3=29.74 forçado com sucesso
src.infrastructure.providers.mercado_data_provider | DEBUG | RTD: Detalhes completos registrados para TIMS3|TIMST199 (Liquidez detectada)
src.infrastructure.providers.mercado_data_provider | DEBUG | RTD: preco_ativo TIMS3=22.41 forçado com sucesso
src.infrastructure.providers.mercado_data_provider | DEBUG | RTD: Detalhes completos registrados para VAMO3|VAMOU256 (Liquidez detectada)
src.infrastructure.providers.mercado_data_provider | DEBUG | RTD: preco_ativo VAMO3=3.10 forçado com sucesso
src.infrastructure.providers.mercado_data_provider | DEBUG | RTD: Detalhes completos registrados para VALE3|VALEX628 (Liquidez detectada)
src.infrastructure.providers.mercado_data_provider | DEBUG | RTD: preco_ativo VALE3=72.27 forçado com sucesso
src.infrastructure.providers.mercado_data_provider | DEBUG | RTD: Detalhes completos registrados para VALE3|VALET259 (Liquidez detectada)
src.infrastructure.providers.mercado_data_provider | DEBUG | RTD: preco_ativo VALE3=72.27 forçado com sucesso
src.infrastructure.providers.mercado_data_provider | DEBUG | RTD: Detalhes completos registrados para VALE3|VALET929 (Liquidez detectada)
src.infrastructure.providers.mercado_data_provider | DEBUG | RTD: preco_ativo VALE3=72.27 forçado com sucesso
src.infrastructure.providers.mercado_data_provider | DEBUG | RTD: Detalhes completos registrados para TAEE11|TAEEU368W2 (Liquidez detectada)
src.infrastructure.providers.mercado_data_provider | DEBUG | RTD: preco_ativo TAEE11=41.19 forçado com sucesso
src.infrastructure.providers.mercado_data_provider | DEBUG | RTD: Detalhes completos registrados para VALE3|VALET859 (Liquidez detectada)
src.infrastructure.providers.mercado_data_provider | DEBUG | RTD: preco_ativo VALE3=72.27 forçado com sucesso
src.infrastructure.providers.mercado_data_provider | DEBUG | RTD: Detalhes completos registrados para USIM5|USIMU10 (Liquidez detectada)
src.infrastructure.providers.mercado_data_provider | DEBUG | RTD: preco_ativo USIM5=8.37 forçado com sucesso
src.infrastructure.providers.mercado_data_provider | DEBUG | RTD: Detalhes completos registrados para WEGE3|WEGEU481 (Liquidez detectada)
src.infrastructure.providers.mercado_data_provider | DEBUG | RTD: preco_ativo WEGE3=42.59 forçado com sucesso
src.infrastructure.providers.mercado_data_provider | DEBUG | RTD: Detalhes completos registrados para WEGE3|WEGET425 (Liquidez detectada)
src.infrastructure.providers.mercado_data_provider | DEBUG | RTD: preco_ativo WEGE3=42.59 forçado com sucesso
src.infrastructure.providers.mercado_data_provider | DEBUG | RTD: Detalhes completos registrados para WEGE3|WEGES477W5 (Liquidez detectada)
src.infrastructure.providers.mercado_data_provider | DEBUG | RTD: preco_ativo WEGE3=42.59 forçado com sucesso
src.infrastructure.providers.mercado_data_provider | DEBUG | RTD: Detalhes completos registrados para SUZB3|SUZBW376 (Liquidez detectada)
src.infrastructure.providers.mercado_data_provider | DEBUG | RTD: preco_ativo SUZB3=41.47 forçado com sucesso
src.infrastructure.providers.mercado_data_provider | DEBUG | RTD: Detalhes completos registrados para TEND3|TENDU287 (Liquidez detectada)
src.infrastructure.providers.mercado_data_provider | DEBUG | RTD: preco_ativo TEND3=29.74 forçado com sucesso
src.infrastructure.providers.mercado_data_provider | DEBUG | RTD: Detalhes completos registrados para VIVA3|VIVAU211 (Liquidez detectada)
src.infrastructure.providers.mercado_data_provider | DEBUG | RTD: preco_ativo VIVA3=21.37 forçado com sucesso
src.infrastructure.providers.mercado_data_provider | DEBUG | RTD: Detalhes completos registrados para YDUQ3|YDUQT706 (Liquidez detectada)
src.infrastructure.providers.mercado_data_provider | DEBUG | RTD: preco_ativo YDUQ3=7.92 forçado com sucesso
src.infrastructure.providers.mercado_data_provider | DEBUG | RTD: Detalhes completos registrados para VALE3|VALET711W1 (Liquidez detectada)
src.infrastructure.providers.mercado_data_provider | DEBUG | RTD: preco_ativo VALE3=72.27 forçado com sucesso
src.infrastructure.providers.mercado_data_provider | DEBUG | RTD: Detalhes completos registrados para TAEE11|TAEET350 (Liquidez detectada)
src.infrastructure.providers.mercado_data_provider | DEBUG | RTD: preco_ativo TAEE11=41.19 forçado com sucesso
src.infrastructure.providers.mercado_data_provider | DEBUG | RTD: Detalhes completos registrados para SUZB3|SUZBT348 (Liquidez detectada)
src.infrastructure.providers.mercado_data_provider | DEBUG | RTD: preco_ativo SUZB3=41.47 forçado com sucesso
src.ui.desktop.monitor_worker | INFO | Manutenção: novos books + prioridades em 0.07s
src.ui.desktop.monitor_worker | INFO | Ciclo: monitor=6.191s colar=0.000s cal=0.000s box=0.000s manut=0.068s mpp=0.000s total=6.259s
src.infrastructure.providers.mercado_data_provider | DEBUG | Varredura: _chaves_com_book=10894 _chaves_detalhes=10894
src.infrastructure.providers.mercado_data_provider | DEBUG | Varredura: sem_preco=0 sem_dados_rtd=15 chaves_com_book=10894
src.infrastructure.providers.mercado_data_provider | INFO | Varredura(F): monitor=38476 book=10879 | reg=0.000 ref=0.002 var=0.225 total=0.227 | inst_map=0.000 | onda2=47(0.002) onda1=0(0.000) cab_skip=10847 status=0.192
src.application.use_cases.monitor_oportunidades | INFO | PipelineTracker BOX/SBTH: 10879 -> 10879 (viaveis=0)
src.application.use_cases.monitor_colares_calendario | INFO | PipelineTracker (COLLAR_CALENDARIO): 10879 -> 325
src.application.use_cases.monitor_colares_calendario | DEBUG | CollarCal PETR4: calls=9 puts=1
src.application.use_cases.monitor_colares_calendario | DEBUG | CollarCal PETR4 call: PETRH314 strike=30.36 dte=31 ocp=11.3700
src.application.use_cases.monitor_colares_calendario | DEBUG | CollarCal PETR4 call: PETRH317 strike=30.61 dte=31 ocp=11.2100
src.application.use_cases.monitor_colares_calendario | DEBUG | CollarCal PETR4 call: PETRH302 strike=29.11 dte=31 ocp=12.0600
src.application.use_cases.monitor_colares_calendario | DEBUG | CollarCal PETR4 call: PETRH192 strike=18.11 dte=31 ocp=22.8900
src.application.use_cases.monitor_colares_calendario | DEBUG | CollarCal PETR4 call: PETRI382 strike=37.11 dte=59 ocp=5.5600
src.application.use_cases.monitor_colares_calendario | DEBUG | CollarCal PETR4 call: PETRI327 strike=31.61 dte=59 ocp=10.6100
src.application.use_cases.monitor_colares_calendario | DEBUG | CollarCal PETR4 call: PETRI2 strike=34.11 dte=59 ocp=8.2500
src.application.use_cases.monitor_colares_calendario | DEBUG | CollarCal PETR4 call: PETRI442 strike=43.11 dte=59 ocp=1.6700
src.application.use_cases.monitor_colares_calendario | DEBUG | CollarCal PETR4 call: PETRI388W1 strike=38.86 dte=45 ocp=2.9000
src.application.use_cases.monitor_colares_calendario | DEBUG | CollarCal PETR4 put: PETRV36 strike=33.55 dte=87 ovd=0.3800
urllib3.connectionpool | DEBUG | Starting new HTTPS connection (1): opcoes.net.br:443
urllib3.connectionpool | DEBUG | https://opcoes.net.br:443 "GET /api/v1?z=178465468&r0t=QuotesHistoryByAsset&r0p.assets_ids=PETR4&r0p.timeframe=Day HTTP/1.1" 200 None
src.application.use_cases.monitor_colares_calendario | DEBUG | CollarCal PAR VIÁVEL BBAS3: call=BBASH207(21) put=BBASX21(21) DTE 31+119 |ΔK|=0.4 pct_cdi=2.47
urllib3.connectionpool | DEBUG | Starting new HTTPS connection (1): opcoes.net.br:443
urllib3.connectionpool | DEBUG | https://opcoes.net.br:443 "GET /api/v1?z=178465468&r0t=QuotesHistoryByAsset&r0p.assets_ids=PETR3&r0p.timeframe=Day HTTP/1.1" 200 None
urllib3.connectionpool | DEBUG | Starting new HTTPS connection (1): opcoes.net.br:443
urllib3.connectionpool | DEBUG | https://opcoes.net.br:443 "GET /api/v1?z=178465468&r0t=QuotesHistoryByAsset&r0p.assets_ids=BBDC3&r0p.timeframe=Day HTTP/1.1" 200 None
src.application.use_cases.monitor_colares_calendario | WARNING | CollarCal STATS: {'total': 10879, 'sem_vencimento': 0, 'sem_codigos': 0, 'sem_dias': 0, 'sem_strike': 0, 'sem_strike_registrado': 0, 'sem_ocp_ovd': 0, 'sem_ocp_registrado': 0, 'sem_ovd_registrado': 0, 'sem_preco': 1419, 'sem_qul': 1460, 'calls': 299, 'puts': 26, 'fora_dte': 712, 'fora_ativo': 6963}
src.application.use_cases.monitor_colares_calendario | WARNING | CollarCal TOTAL: 1 viaveis em 1 ativos
src.ui.desktop.monitor_worker | INFO | BWB: strike=416/2170 ask=257/2170 vol=90/2170 apos espera
src.ui.desktop.monitor_worker | INFO | BWB _coletar [call]: total=1085 strike+ask=49 direcao=8 final=1 target=23.86
src.ui.desktop.monitor_worker | INFO | BWB _coletar [put]: total=1085 strike+ask=208 direcao=86 final=86 target=17.46
src.domain.services.calculadora_protecao_cauda | DEBUG | BWB _avaliar_lado [call]: strike K=24.56 escolhido, custo=780.00 > limite=3.71 (ganho_extra=375.00 * 1%), reprovado
src.ui.desktop.monitor_worker | INFO | BWB: strike=88/325 ask=36/325 vol=11/325 apos espera
src.ui.desktop.monitor_worker | INFO | BWB _coletar [call]: total=229 strike+ask=16 direcao=3 final=0 target=23.86
src.ui.desktop.monitor_worker | INFO | BWB _coletar [put]: total=96 strike+ask=20 direcao=3 final=3 target=17.46
src.ui.desktop.monitor_worker | INFO | BWB: strike=88/325 ask=36/325 vol=11/325 apos espera
src.ui.desktop.monitor_worker | INFO | BWB _coletar [call]: total=229 strike+ask=16 direcao=3 final=0 target=23.86
src.ui.desktop.monitor_worker | INFO | BWB _coletar [put]: total=96 strike+ask=20 direcao=3 final=3 target=17.46
src.domain.services.calculadora_protecao_cauda | DEBUG | BWB _avaliar_lado [call]: 0 strikes na entrada — sem candidatos
src.ui.desktop.monitor_worker | INFO | BWB: strike=88/325 ask=36/325 vol=11/325 apos espera
src.ui.desktop.monitor_worker | INFO | BWB _coletar [call]: total=229 strike+ask=16 direcao=3 final=0 target=23.86
src.ui.desktop.monitor_worker | INFO | BWB _coletar [put]: total=96 strike+ask=20 direcao=3 final=3 target=17.46
src.domain.services.calculadora_protecao_cauda | DEBUG | BWB _avaliar_lado [call]: 0 strikes na entrada — sem candidatos
src.ui.desktop.monitor_worker | INFO | BWB: strike=88/325 ask=36/325 vol=11/325 apos espera
src.ui.desktop.monitor_worker | INFO | BWB _coletar [call]: total=229 strike+ask=16 direcao=3 final=0 target=23.86
src.ui.desktop.monitor_worker | INFO | BWB _coletar [put]: total=96 strike+ask=20 direcao=3 final=3 target=17.46
src.domain.services.calculadora_protecao_cauda | DEBUG | BWB _avaliar_lado [call]: 0 strikes na entrada — sem candidatos
src.ui.desktop.monitor_worker | INFO | Ciclo: monitor=3.927s colar=0.000s cal=28.629s box=0.000s manut=0.000s mpp=0.000s total=32.556s
src.infrastructure.providers.mercado_data_provider | DEBUG | Varredura: _chaves_com_book=10894 _chaves_detalhes=10894
src.infrastructure.providers.mercado_data_provider | DEBUG | Varredura: sem_preco=0 sem_dados_rtd=20 chaves_com_book=10894
src.infrastructure.providers.mercado_data_provider | INFO | Varredura(F): monitor=38476 book=10874 | reg=0.000 ref=0.054 var=0.766 total=0.821 | inst_map=0.006 | onda2=1708(0.115) onda1=0(0.000) cab_skip=9186 status=0.376
src.application.use_cases.monitor_oportunidades | INFO | PipelineTracker BOX/SBTH: 10874 -> 10874 (viaveis=0)
src.infrastructure.providers.mercado_data_provider | DEBUG | RTD: Detalhes completos registrados para GGBR4|GGBRS246W5 (Liquidez detectada)
src.infrastructure.providers.mercado_data_provider | DEBUG | RTD: preco_ativo GGBR4=23.61 forçado com sucesso
src.infrastructure.providers.mercado_data_provider | DEBUG | RTD: Detalhes completos registrados para GGBR4|GGBRS241W5 (Liquidez detectada)
src.infrastructure.providers.mercado_data_provider | DEBUG | RTD: preco_ativo GGBR4=23.61 forçado com sucesso
src.infrastructure.providers.mercado_data_provider | DEBUG | RTD: Detalhes completos registrados para VLID3|VLIDT230 (Liquidez detectada)
src.infrastructure.providers.mercado_data_provider | DEBUG | RTD: preco_ativo VLID3=17.62 forçado com sucesso
src.infrastructure.providers.mercado_data_provider | DEBUG | RTD: Detalhes completos registrados para ALOS3|ALOST263W1 (Liquidez detectada)
src.infrastructure.providers.mercado_data_provider | DEBUG | RTD: preco_ativo ALOS3=26.95 forçado com sucesso
src.infrastructure.providers.mercado_data_provider | DEBUG | RTD: Detalhes completos registrados para AXIA3|AXIAT497W4 (Liquidez detectada)
src.infrastructure.providers.mercado_data_provider | DEBUG | RTD: preco_ativo AXIA3=50.17 forçado com sucesso
src.infrastructure.providers.mercado_data_provider | DEBUG | RTD: Detalhes completos registrados para FLRY3|FLRYT127 (Liquidez detectada)
src.infrastructure.providers.mercado_data_provider | DEBUG | RTD: preco_ativo FLRY3=16.42 forçado com sucesso
src.infrastructure.providers.mercado_data_provider | DEBUG | RTD: Detalhes completos registrados para VIVA3|VIVAT171 (Liquidez detectada)
src.infrastructure.providers.mercado_data_provider | DEBUG | RTD: preco_ativo VIVA3=21.37 forçado com sucesso
src.infrastructure.providers.mercado_data_provider | DEBUG | RTD: Detalhes completos registrados para GGBR4|GGBRT191W1 (Liquidez detectada)
src.infrastructure.providers.mercado_data_provider | DEBUG | RTD: preco_ativo GGBR4=23.61 forçado com sucesso
src.ui.desktop.monitor_worker | INFO | Manutenção: novos books + prioridades em 0.27s
src.ui.desktop.monitor_worker | INFO | Ciclo: monitor=6.076s colar=0.000s cal=0.000s box=0.000s manut=0.303s mpp=0.000s total=6.379s
src.infrastructure.providers.mercado_data_provider | DEBUG | Varredura: _chaves_com_book=10902 _chaves_detalhes=10902
src.infrastructure.providers.mercado_data_provider | DEBUG | Varredura: sem_preco=0 sem_dados_rtd=23 chaves_com_book=10902
src.infrastructure.providers.mercado_data_provider | INFO | Varredura(F): monitor=38476 book=10879 | reg=0.000 ref=0.007 var=0.275 total=0.282 | inst_map=0.000 | onda2=417(0.017) onda1=0(0.000) cab_skip=10485 status=0.213
src.application.use_cases.monitor_oportunidades | INFO | PipelineTracker BOX/SBTH: 10879 -> 10879 (viaveis=0)
src.ui.desktop.monitor_worker | INFO | Ciclo: monitor=5.836s colar=0.000s cal=0.000s box=0.000s manut=0.000s mpp=0.000s total=5.836s
src.infrastructure.providers.mercado_data_provider | DEBUG | Varredura: _chaves_com_book=10902 _chaves_detalhes=10902
src.infrastructure.providers.mercado_data_provider | DEBUG | Varredura: sem_preco=0 sem_dados_rtd=25 chaves_com_book=10902
src.infrastructure.providers.mercado_data_provider | INFO | Varredura(F): monitor=38476 book=10877 | reg=0.000 ref=0.013 var=0.567 total=0.581 | inst_map=0.000 | onda2=583(0.051) onda1=0(0.000) cab_skip=10319 status=0.372
src.application.use_cases.monitor_oportunidades | INFO | PipelineTracker BOX/SBTH: 10877 -> 10877 (viaveis=0)
src.application.use_cases.monitor_colares_calendario | INFO | PipelineTracker (COLLAR_CALENDARIO): 10877 -> 364
src.application.use_cases.monitor_colares_calendario | DEBUG | CollarCal PETR4: calls=11 puts=1
src.application.use_cases.monitor_colares_calendario | DEBUG | CollarCal PETR4 call: PETRH314 strike=30.36 dte=31 ocp=11.3700
src.application.use_cases.monitor_colares_calendario | DEBUG | CollarCal PETR4 call: PETRH317 strike=30.61 dte=31 ocp=11.2300
src.application.use_cases.monitor_colares_calendario | DEBUG | CollarCal PETR4 call: PETRH302 strike=29.11 dte=31 ocp=12.0600
src.application.use_cases.monitor_colares_calendario | DEBUG | CollarCal PETR4 call: PETRH192 strike=18.11 dte=31 ocp=22.8900
src.application.use_cases.monitor_colares_calendario | DEBUG | CollarCal PETR4 call: PETRI382 strike=37.11 dte=59 ocp=5.5700
src.application.use_cases.monitor_colares_calendario | DEBUG | CollarCal PETR4 call: PETRI327 strike=31.61 dte=59 ocp=10.6100
src.application.use_cases.monitor_colares_calendario | DEBUG | CollarCal PETR4 call: PETRI2 strike=34.11 dte=59 ocp=8.2500
src.application.use_cases.monitor_colares_calendario | DEBUG | CollarCal PETR4 call: PETRI442 strike=43.11 dte=59 ocp=1.6700
src.application.use_cases.monitor_colares_calendario | DEBUG | CollarCal PETR4 call: PETRI388W1 strike=38.86 dte=45 ocp=2.9000
src.application.use_cases.monitor_colares_calendario | DEBUG | CollarCal PETR4 call: PETRI502 strike=49.11 dte=59 ocp=0.3400
src.application.use_cases.monitor_colares_calendario | DEBUG | CollarCal PETR4 call: PETRI407 strike=39.61 dte=59 ocp=3.6200
src.application.use_cases.monitor_colares_calendario | DEBUG | CollarCal PETR4 put: PETRV36 strike=33.55 dte=87 ovd=0.3800
src.application.use_cases.monitor_colares_calendario | DEBUG | CollarCal PAR VIÁVEL BBAS3: call=BBASH207(21) put=BBASX21(21) DTE 31+119 |ΔK|=0.4 pct_cdi=2.47
src.application.use_cases.monitor_colares_calendario | WARNING | CollarCal STATS: {'total': 10877, 'sem_vencimento': 0, 'sem_codigos': 0, 'sem_dias': 0, 'sem_strike': 0, 'sem_strike_registrado': 0, 'sem_ocp_ovd': 0, 'sem_ocp_registrado': 0, 'sem_ovd_registrado': 0, 'sem_preco': 1419, 'sem_qul': 1422, 'calls': 337, 'puts': 27, 'fora_dte': 712, 'fora_ativo': 6960}
src.application.use_cases.monitor_colares_calendario | WARNING | CollarCal TOTAL: 1 viaveis em 1 ativos
src.ui.desktop.monitor_worker | INFO | BWB: strike=416/2170 ask=263/2170 vol=102/2170 apos espera
src.ui.desktop.monitor_worker | INFO | BWB _coletar [call]: total=1085 strike+ask=55 direcao=8 final=1 target=23.86
src.ui.desktop.monitor_worker | INFO | BWB _coletar [put]: total=1085 strike+ask=208 direcao=86 final=86 target=17.46
src.domain.services.calculadora_protecao_cauda | DEBUG | BWB _avaliar_lado [call]: strike K=24.56 escolhido, custo=780.00 > limite=3.71 (ganho_extra=375.00 * 1%), reprovado
src.ui.desktop.monitor_worker | INFO | BWB: strike=88/325 ask=36/325 vol=11/325 apos espera
src.ui.desktop.monitor_worker | INFO | BWB _coletar [call]: total=229 strike+ask=16 direcao=3 final=0 target=23.86
src.ui.desktop.monitor_worker | INFO | BWB _coletar [put]: total=96 strike+ask=20 direcao=3 final=3 target=17.46
src.ui.desktop.monitor_worker | INFO | BWB: strike=88/325 ask=36/325 vol=11/325 apos espera
src.ui.desktop.monitor_worker | INFO | BWB _coletar [call]: total=229 strike+ask=16 direcao=3 final=0 target=23.86
src.ui.desktop.monitor_worker | INFO | BWB _coletar [put]: total=96 strike+ask=20 direcao=3 final=3 target=17.46
src.domain.services.calculadora_protecao_cauda | DEBUG | BWB _avaliar_lado [call]: 0 strikes na entrada — sem candidatos
src.ui.desktop.monitor_worker | INFO | BWB: strike=88/325 ask=36/325 vol=11/325 apos espera
src.ui.desktop.monitor_worker | INFO | BWB _coletar [call]: total=229 strike+ask=16 direcao=3 final=0 target=23.86
src.ui.desktop.monitor_worker | INFO | BWB _coletar [put]: total=96 strike+ask=20 direcao=3 final=3 target=17.46
src.domain.services.calculadora_protecao_cauda | DEBUG | BWB _avaliar_lado [call]: 0 strikes na entrada — sem candidatos
src.ui.desktop.monitor_worker | INFO | BWB: strike=88/325 ask=36/325 vol=11/325 apos espera
src.ui.desktop.monitor_worker | INFO | BWB _coletar [call]: total=229 strike+ask=16 direcao=3 final=0 target=23.86
src.ui.desktop.monitor_worker | INFO | BWB _coletar [put]: total=96 strike+ask=20 direcao=3 final=3 target=17.46
src.domain.services.calculadora_protecao_cauda | DEBUG | BWB _avaliar_lado [call]: 0 strikes na entrada — sem candidatos
src.ui.desktop.monitor_worker | INFO | Manutenção: novos books + prioridades em 0.47s
src.ui.desktop.monitor_worker | INFO | Ciclo: monitor=10.589s colar=0.000s cal=36.695s box=0.000s manut=0.471s mpp=0.000s total=47.755s
src.infrastructure.providers.mercado_data_provider | DEBUG | Varredura: _chaves_com_book=10902 _chaves_detalhes=10902
src.infrastructure.providers.mercado_data_provider | DEBUG | Varredura: sem_preco=0 sem_dados_rtd=35 chaves_com_book=10902
src.infrastructure.providers.mercado_data_provider | INFO | Varredura(F): monitor=38476 book=10867 | reg=0.000 ref=0.140 var=0.894 total=1.033 | inst_map=0.000 | onda2=1929(0.138) onda1=0(0.000) cab_skip=8973 status=0.493
src.application.use_cases.monitor_oportunidades | INFO | PipelineTracker BOX/SBTH: 10867 -> 10867 (viaveis=0)
src.ui.desktop.monitor_worker | INFO | Ciclo: monitor=8.023s colar=0.000s cal=0.000s box=0.000s manut=0.000s mpp=0.000s total=8.023s
src.infrastructure.providers.mercado_data_provider | DEBUG | Varredura: _chaves_com_book=10902 _chaves_detalhes=10902
src.infrastructure.providers.mercado_data_provider | DEBUG | Varredura: sem_preco=0 sem_dados_rtd=36 chaves_com_book=10902
src.infrastructure.providers.mercado_data_provider | INFO | Varredura(G): monitor=38476 book=10866 | reg=0.000 ref=0.004 var=0.321 total=0.325 | inst_map=0.000 | onda2=511(0.023) onda1=0(0.000) cab_skip=10391 status=0.225
src.application.use_cases.monitor_oportunidades | INFO | PipelineTracker BOX/SBTH: 10866 -> 10866 (viaveis=0)
src.infrastructure.providers.mercado_data_provider | DEBUG | RTD: Detalhes completos registrados para ITUB4|ITUBT342 (Liquidez detectada)
src.infrastructure.providers.mercado_data_provider | DEBUG | RTD: preco_ativo ITUB4=42.40 forçado com sucesso
src.infrastructure.providers.mercado_data_provider | DEBUG | RTD: Detalhes completos registrados para SBSP3|SBSPS298W5 (Liquidez detectada)
src.infrastructure.providers.mercado_data_provider | DEBUG | RTD: preco_ativo SBSP3=28.62 forçado com sucesso
src.infrastructure.providers.mercado_data_provider | DEBUG | RTD: Detalhes completos registrados para TAEE11|TAEEV350 (Liquidez detectada)
src.infrastructure.providers.mercado_data_provider | DEBUG | RTD: preco_ativo TAEE11=41.16 forçado com sucesso
src.infrastructure.providers.mercado_data_provider | DEBUG | RTD: Detalhes completos registrados para HAPV3|HAPVU520 (Liquidez detectada)
src.infrastructure.providers.mercado_data_provider | DEBUG | RTD: preco_ativo HAPV3=11.15 forçado com sucesso
src.infrastructure.providers.mercado_data_provider | DEBUG | RTD: Detalhes completos registrados para GOAU4|GOAUU647 (Liquidez detectada)
src.infrastructure.providers.mercado_data_provider | DEBUG | RTD: preco_ativo GOAU4=10.27 forçado com sucesso
src.infrastructure.providers.mercado_data_provider | DEBUG | RTD: Detalhes completos registrados para HYPE3|HYPEV190 (Liquidez detectada)
src.infrastructure.providers.mercado_data_provider | DEBUG | RTD: preco_ativo HYPE3=20.04 forçado com sucesso
src.ui.desktop.monitor_worker | INFO | Manutenção: novos books + prioridades em 0.17s
src.ui.desktop.monitor_worker | INFO | Ciclo: monitor=4.983s colar=0.000s cal=0.000s box=0.000s manut=0.170s mpp=0.000s total=5.153s
src.infrastructure.providers.mercado_data_provider | DEBUG | Varredura: _chaves_com_book=10908 _chaves_detalhes=10908
src.infrastructure.providers.mercado_data_provider | DEBUG | Varredura: sem_preco=0 sem_dados_rtd=41 chaves_com_book=10908
src.infrastructure.providers.mercado_data_provider | INFO | Varredura(F): monitor=38476 book=10867 | reg=0.000 ref=0.009 var=0.278 total=0.286 | inst_map=0.000 | onda2=366(0.015) onda1=0(0.000) cab_skip=10542 status=0.221
src.application.use_cases.monitor_oportunidades | INFO | PipelineTracker BOX/SBTH: 10867 -> 10867 (viaveis=0)
src.application.use_cases.monitor_colares_calendario | INFO | PipelineTracker (COLLAR_CALENDARIO): 10867 -> 371
src.application.use_cases.monitor_colares_calendario | DEBUG | CollarCal PETR4: calls=12 puts=1
src.application.use_cases.monitor_colares_calendario | DEBUG | CollarCal PETR4 call: PETRH314 strike=30.36 dte=31 ocp=11.3700
src.application.use_cases.monitor_colares_calendario | DEBUG | CollarCal PETR4 call: PETRI532 strike=52.11 dte=59 ocp=0.1600
src.application.use_cases.monitor_colares_calendario | DEBUG | CollarCal PETR4 call: PETRH317 strike=30.61 dte=31 ocp=11.2300
src.application.use_cases.monitor_colares_calendario | DEBUG | CollarCal PETR4 call: PETRH302 strike=29.11 dte=31 ocp=12.0600
src.application.use_cases.monitor_colares_calendario | DEBUG | CollarCal PETR4 call: PETRH192 strike=18.11 dte=31 ocp=22.8900
src.application.use_cases.monitor_colares_calendario | DEBUG | CollarCal PETR4 call: PETRI382 strike=37.11 dte=59 ocp=5.5700
src.application.use_cases.monitor_colares_calendario | DEBUG | CollarCal PETR4 call: PETRI327 strike=31.61 dte=59 ocp=10.6100
src.application.use_cases.monitor_colares_calendario | DEBUG | CollarCal PETR4 call: PETRI2 strike=34.11 dte=59 ocp=8.2500
src.application.use_cases.monitor_colares_calendario | DEBUG | CollarCal PETR4 call: PETRI442 strike=43.11 dte=59 ocp=1.6700
src.application.use_cases.monitor_colares_calendario | DEBUG | CollarCal PETR4 call: PETRI388W1 strike=38.86 dte=45 ocp=2.9000
src.application.use_cases.monitor_colares_calendario | DEBUG | CollarCal PETR4 call: PETRI502 strike=49.11 dte=59 ocp=0.3400
src.application.use_cases.monitor_colares_calendario | DEBUG | CollarCal PETR4 call: PETRI407 strike=39.61 dte=59 ocp=3.6200
src.application.use_cases.monitor_colares_calendario | DEBUG | CollarCal PETR4 put: PETRV36 strike=33.55 dte=87 ovd=0.3800
src.application.use_cases.monitor_colares_calendario | DEBUG | CollarCal PAR VIÁVEL BBAS3: call=BBASH207(21) put=BBASX21(21) DTE 31+119 |ΔK|=0.4 pct_cdi=2.47
src.application.use_cases.monitor_colares_calendario | WARNING | CollarCal STATS: {'total': 10867, 'sem_vencimento': 0, 'sem_codigos': 0, 'sem_dias': 0, 'sem_strike': 0, 'sem_strike_registrado': 0, 'sem_ocp_ovd': 0, 'sem_ocp_registrado': 0, 'sem_ovd_registrado': 0, 'sem_preco': 1421, 'sem_qul': 1415, 'calls': 344, 'puts': 27, 'fora_dte': 712, 'fora_ativo': 6948}
src.application.use_cases.monitor_colares_calendario | WARNING | CollarCal TOTAL: 1 viaveis em 1 ativos
src.ui.desktop.monitor_worker | INFO | BWB: strike=416/2170 ask=264/2170 vol=105/2170 apos espera
src.ui.desktop.monitor_worker | INFO | BWB _coletar [call]: total=1085 strike+ask=56 direcao=8 final=1 target=23.86
src.ui.desktop.monitor_worker | INFO | BWB _coletar [put]: total=1085 strike+ask=208 direcao=86 final=86 target=17.46
src.domain.services.calculadora_protecao_cauda | DEBUG | BWB _avaliar_lado [call]: strike K=24.56 escolhido, custo=780.00 > limite=3.71 (ganho_extra=375.00 * 1%), reprovado
src.ui.desktop.monitor_worker | INFO | BWB: strike=88/325 ask=37/325 vol=11/325 apos espera
src.ui.desktop.monitor_worker | INFO | BWB _coletar [call]: total=229 strike+ask=17 direcao=3 final=0 target=23.86
src.ui.desktop.monitor_worker | INFO | BWB _coletar [put]: total=96 strike+ask=20 direcao=3 final=3 target=17.46
src.ui.desktop.monitor_worker | INFO | BWB: strike=88/325 ask=37/325 vol=11/325 apos espera
src.ui.desktop.monitor_worker | INFO | BWB _coletar [call]: total=229 strike+ask=17 direcao=3 final=0 target=23.86
src.ui.desktop.monitor_worker | INFO | BWB _coletar [put]: total=96 strike+ask=20 direcao=3 final=3 target=17.46
src.domain.services.calculadora_protecao_cauda | DEBUG | BWB _avaliar_lado [call]: 0 strikes na entrada — sem candidatos
src.ui.desktop.monitor_worker | INFO | BWB: strike=88/325 ask=38/325 vol=11/325 apos espera
src.ui.desktop.monitor_worker | INFO | BWB _coletar [call]: total=229 strike+ask=18 direcao=3 final=0 target=23.86
src.ui.desktop.monitor_worker | INFO | BWB _coletar [put]: total=96 strike+ask=20 direcao=3 final=3 target=17.46
src.domain.services.calculadora_protecao_cauda | DEBUG | BWB _avaliar_lado [call]: 0 strikes na entrada — sem candidatos
src.ui.desktop.monitor_worker | INFO | BWB: strike=88/325 ask=38/325 vol=11/325 apos espera
src.ui.desktop.monitor_worker | INFO | BWB _coletar [call]: total=229 strike+ask=18 direcao=3 final=0 target=23.86
src.ui.desktop.monitor_worker | INFO | BWB _coletar [put]: total=96 strike+ask=20 direcao=3 final=3 target=17.46
src.domain.services.calculadora_protecao_cauda | DEBUG | BWB _avaliar_lado [call]: 0 strikes na entrada — sem candidatos
src.ui.desktop.monitor_worker | INFO | Ciclo: monitor=4.944s colar=0.000s cal=33.625s box=0.000s manut=0.000s mpp=0.000s total=38.569s
src.infrastructure.providers.mercado_data_provider | DEBUG | Varredura: _chaves_com_book=10908 _chaves_detalhes=10908
src.infrastructure.providers.mercado_data_provider | DEBUG | Varredura: sem_preco=0 sem_dados_rtd=54 chaves_com_book=10908
src.infrastructure.providers.mercado_data_provider | INFO | Varredura(F): monitor=38476 book=10854 | reg=0.000 ref=0.031 var=0.327 total=0.359 | inst_map=0.005 | onda2=1707(0.066) onda1=0(0.000) cab_skip=9201 status=0.205
src.application.use_cases.monitor_oportunidades | INFO | PipelineTracker BOX/SBTH: 10854 -> 10854 (viaveis=0)
src.infrastructure.providers.mercado_data_provider | DEBUG | RTD: Detalhes completos registrados para MGLU3|MGLUT826 (Liquidez detectada)
src.infrastructure.providers.mercado_data_provider | DEBUG | RTD: preco_ativo MGLU3=4.84 forçado com sucesso
src.infrastructure.providers.mercado_data_provider | DEBUG | RTD: Detalhes completos registrados para TAEE11|TAEEV361 (Liquidez detectada)
src.infrastructure.providers.mercado_data_provider | DEBUG | RTD: preco_ativo TAEE11=41.16 forçado com sucesso
src.infrastructure.providers.mercado_data_provider | DEBUG | RTD: Detalhes completos registrados para PETR4|PETRT377 (Liquidez detectada)
src.infrastructure.providers.mercado_data_provider | DEBUG | RTD: preco_ativo PETR4=41.58 forçado com sucesso
src.infrastructure.providers.mercado_data_provider | DEBUG | RTD: Detalhes completos registrados para PETR4|PETRT374 (Liquidez detectada)
src.infrastructure.providers.mercado_data_provider | DEBUG | RTD: preco_ativo PETR4=41.58 forçado com sucesso
src.ui.desktop.monitor_worker | INFO | Manutenção: novos books + prioridades em 0.08s
src.ui.desktop.monitor_worker | INFO | Ciclo: monitor=5.010s colar=0.000s cal=0.000s box=0.000s manut=0.106s mpp=0.000s total=5.116s
src.infrastructure.providers.mercado_data_provider | DEBUG | Varredura: _chaves_com_book=10912 _chaves_detalhes=10912
src.infrastructure.providers.mercado_data_provider | DEBUG | Varredura: sem_preco=0 sem_dados_rtd=57 chaves_com_book=10912
src.infrastructure.providers.mercado_data_provider | INFO | Varredura(F): monitor=38476 book=10855 | reg=0.000 ref=0.007 var=0.278 total=0.285 | inst_map=0.000 | onda2=568(0.022) onda1=0(0.000) cab_skip=10344 status=0.216
src.application.use_cases.monitor_oportunidades | INFO | PipelineTracker BOX/SBTH: 10855 -> 10855 (viaveis=0)
src.ui.desktop.monitor_worker | INFO | Ciclo: monitor=4.940s colar=0.000s cal=0.000s box=0.000s manut=0.000s mpp=0.000s total=4.940s
src.infrastructure.providers.mercado_data_provider | DEBUG | Varredura: _chaves_com_book=10912 _chaves_detalhes=10912
src.infrastructure.providers.mercado_data_provider | DEBUG | Varredura: sem_preco=0 sem_dados_rtd=62 chaves_com_book=10912
src.infrastructure.providers.mercado_data_provider | INFO | Varredura(F): monitor=38476 book=10850 | reg=0.000 ref=0.004 var=0.281 total=0.285 | inst_map=0.000 | onda2=468(0.018) onda1=0(0.000) cab_skip=10444 status=0.219
src.application.use_cases.monitor_oportunidades | INFO | PipelineTracker BOX/SBTH: 10850 -> 10850 (viaveis=0)
src.application.use_cases.monitor_colares_calendario | INFO | PipelineTracker (COLLAR_CALENDARIO): 10850 -> 424
src.application.use_cases.monitor_colares_calendario | DEBUG | CollarCal PETR4: calls=15 puts=1
src.application.use_cases.monitor_colares_calendario | DEBUG | CollarCal PETR4 call: PETRH314 strike=30.36 dte=31 ocp=11.3700
src.application.use_cases.monitor_colares_calendario | DEBUG | CollarCal PETR4 call: PETRI532 strike=52.11 dte=59 ocp=0.1600
src.application.use_cases.monitor_colares_calendario | DEBUG | CollarCal PETR4 call: PETRH317 strike=30.61 dte=31 ocp=11.2300
src.application.use_cases.monitor_colares_calendario | DEBUG | CollarCal PETR4 call: PETRH344 strike=33.36 dte=31 ocp=8.6200
src.application.use_cases.monitor_colares_calendario | DEBUG | CollarCal PETR4 call: PETRI402 strike=39.11 dte=59 ocp=4.0100
src.application.use_cases.monitor_colares_calendario | DEBUG | CollarCal PETR4 call: PETRH434 strike=42.36 dte=31 ocp=1.3100
src.application.use_cases.monitor_colares_calendario | DEBUG | CollarCal PETR4 call: PETRH302 strike=29.11 dte=31 ocp=12.0600
src.application.use_cases.monitor_colares_calendario | DEBUG | CollarCal PETR4 call: PETRH192 strike=18.11 dte=31 ocp=22.8900
src.application.use_cases.monitor_colares_calendario | DEBUG | CollarCal PETR4 call: PETRI382 strike=37.11 dte=59 ocp=5.5700
src.application.use_cases.monitor_colares_calendario | DEBUG | CollarCal PETR4 call: PETRI327 strike=31.61 dte=59 ocp=10.6100
src.application.use_cases.monitor_colares_calendario | DEBUG | CollarCal PETR4 call: PETRI2 strike=34.11 dte=59 ocp=8.2500
src.application.use_cases.monitor_colares_calendario | DEBUG | CollarCal PETR4 call: PETRI442 strike=43.11 dte=59 ocp=1.6700
src.application.use_cases.monitor_colares_calendario | DEBUG | CollarCal PETR4 call: PETRI388W1 strike=38.86 dte=45 ocp=2.9000
src.application.use_cases.monitor_colares_calendario | DEBUG | CollarCal PETR4 call: PETRI502 strike=49.11 dte=59 ocp=0.3400
src.application.use_cases.monitor_colares_calendario | DEBUG | CollarCal PETR4 call: PETRI407 strike=39.61 dte=59 ocp=3.6200
src.application.use_cases.monitor_colares_calendario | DEBUG | CollarCal PETR4 put: PETRV36 strike=33.55 dte=87 ovd=0.3800
src.application.use_cases.monitor_colares_calendario | DEBUG | CollarCal PAR VIÁVEL BBAS3: call=BBASH207(21) put=BBASX21(21) DTE 31+119 |ΔK|=0.4 pct_cdi=2.47
src.application.use_cases.monitor_colares_calendario | WARNING | CollarCal STATS: {'total': 10850, 'sem_vencimento': 0, 'sem_codigos': 0, 'sem_dias': 0, 'sem_strike': 0, 'sem_strike_registrado': 0, 'sem_ocp_ovd': 0, 'sem_ocp_registrado': 0, 'sem_ovd_registrado': 0, 'sem_preco': 1420, 'sem_qul': 1365, 'calls': 394, 'puts': 30, 'fora_dte': 712, 'fora_ativo': 6929}
src.application.use_cases.monitor_colares_calendario | WARNING | CollarCal TOTAL: 1 viaveis em 1 ativos
src.ui.desktop.monitor_worker | INFO | BWB: strike=416/2170 ask=270/2170 vol=118/2170 apos espera
src.ui.desktop.monitor_worker | INFO | BWB _coletar [call]: total=1085 strike+ask=62 direcao=8 final=1 target=23.86
src.ui.desktop.monitor_worker | INFO | BWB _coletar [put]: total=1085 strike+ask=208 direcao=86 final=86 target=17.46
src.domain.services.calculadora_protecao_cauda | DEBUG | BWB _avaliar_lado [call]: strike K=24.56 escolhido, custo=780.00 > limite=3.71 (ganho_extra=375.00 * 1%), reprovado
src.ui.desktop.monitor_worker | INFO | BWB: strike=88/325 ask=39/325 vol=12/325 apos espera
src.ui.desktop.monitor_worker | INFO | BWB _coletar [call]: total=229 strike+ask=19 direcao=3 final=0 target=23.86
src.ui.desktop.monitor_worker | INFO | BWB _coletar [put]: total=96 strike+ask=20 direcao=3 final=3 target=17.46
src.ui.desktop.monitor_worker | INFO | BWB: strike=88/325 ask=39/325 vol=12/325 apos espera
src.ui.desktop.monitor_worker | INFO | BWB _coletar [call]: total=229 strike+ask=19 direcao=3 final=0 target=23.86
src.ui.desktop.monitor_worker | INFO | BWB _coletar [put]: total=96 strike+ask=20 direcao=3 final=3 target=17.46
src.domain.services.calculadora_protecao_cauda | DEBUG | BWB _avaliar_lado [call]: 0 strikes na entrada — sem candidatos
src.ui.desktop.monitor_worker | INFO | BWB: strike=88/325 ask=39/325 vol=12/325 apos espera
src.ui.desktop.monitor_worker | INFO | BWB _coletar [call]: total=229 strike+ask=19 direcao=3 final=0 target=23.86
src.ui.desktop.monitor_worker | INFO | BWB _coletar [put]: total=96 strike+ask=20 direcao=3 final=3 target=17.46
src.domain.services.calculadora_protecao_cauda | DEBUG | BWB _avaliar_lado [call]: 0 strikes na entrada — sem candidatos
src.ui.desktop.monitor_worker | INFO | BWB: strike=88/325 ask=39/325 vol=12/325 apos espera
src.ui.desktop.monitor_worker | INFO | BWB _coletar [call]: total=229 strike+ask=19 direcao=3 final=0 target=23.86
src.ui.desktop.monitor_worker | INFO | BWB _coletar [put]: total=96 strike+ask=20 direcao=3 final=3 target=17.46
src.domain.services.calculadora_protecao_cauda | DEBUG | BWB _avaliar_lado [call]: 0 strikes na entrada — sem candidatos
src.ui.desktop.monitor_worker | INFO | Manutenção: novos books + prioridades em 0.05s
src.ui.desktop.monitor_worker | INFO | Ciclo: monitor=5.135s colar=0.000s cal=23.248s box=0.000s manut=0.055s mpp=0.000s total=28.438s
src.infrastructure.providers.mercado_data_provider | DEBUG | Varredura: _chaves_com_book=10912 _chaves_detalhes=10912
src.infrastructure.providers.mercado_data_provider | DEBUG | Varredura: sem_preco=0 sem_dados_rtd=62 chaves_com_book=10912
src.infrastructure.providers.mercado_data_provider | INFO | Varredura(F): monitor=38476 book=10850 | reg=0.000 ref=0.005 var=0.217 total=0.221 | inst_map=0.000 | onda2=91(0.002) onda1=0(0.000) cab_skip=10821 status=0.183
src.application.use_cases.monitor_oportunidades | INFO | PipelineTracker BOX/SBTH: 10850 -> 10850 (viaveis=0)
src.ui.desktop.monitor_worker | INFO | Ciclo: monitor=3.989s colar=0.000s cal=0.000s box=0.000s manut=0.000s mpp=0.000s total=3.989s
src.infrastructure.providers.mercado_data_provider | DEBUG | Varredura: _chaves_com_book=10912 _chaves_detalhes=10912
src.infrastructure.providers.mercado_data_provider | DEBUG | Varredura: sem_preco=0 sem_dados_rtd=62 chaves_com_book=10912
src.infrastructure.providers.mercado_data_provider | INFO | Varredura(F): monitor=38476 book=10850 | reg=0.000 ref=0.009 var=0.251 total=0.260 | inst_map=0.000 | onda2=1292(0.042) onda1=0(0.000) cab_skip=9620 status=0.177
src.application.use_cases.monitor_oportunidades | INFO | PipelineTracker BOX/SBTH: 10850 -> 10850 (viaveis=0)
src.infrastructure.providers.mercado_data_provider | DEBUG | RTD: Detalhes completos registrados para PETR4|PETRV443 (Liquidez detectada)
src.infrastructure.providers.mercado_data_provider | DEBUG | RTD: preco_ativo PETR4=41.63 forçado com sucesso
src.infrastructure.providers.mercado_data_provider | DEBUG | RTD: Detalhes completos registrados para PETR4|PETRT384 (Liquidez detectada)
src.infrastructure.providers.mercado_data_provider | DEBUG | RTD: preco_ativo PETR4=41.63 forçado com sucesso
src.infrastructure.providers.mercado_data_provider | DEBUG | RTD: Detalhes completos registrados para PETR4|PETRT372 (Liquidez detectada)
src.infrastructure.providers.mercado_data_provider | DEBUG | RTD: preco_ativo PETR4=41.63 forçado com sucesso
src.infrastructure.providers.mercado_data_provider | DEBUG | RTD: Detalhes completos registrados para LREN3|LRENT260 (Liquidez detectada)
src.infrastructure.providers.mercado_data_provider | DEBUG | RTD: preco_ativo LREN3=13.19 forçado com sucesso
src.infrastructure.providers.mercado_data_provider | DEBUG | RTD: Detalhes completos registrados para MBRF3|MBRFX24 (Liquidez detectada)
src.infrastructure.providers.mercado_data_provider | DEBUG | RTD: preco_ativo MBRF3=15.22 forçado com sucesso
src.infrastructure.providers.mercado_data_provider | DEBUG | RTD: Detalhes completos registrados para PETR4|PETRU383W4 (Liquidez detectada)
src.infrastructure.providers.mercado_data_provider | DEBUG | RTD: preco_ativo PETR4=41.63 forçado com sucesso
src.ui.desktop.monitor_worker | INFO | Manutenção: novos books + prioridades em 0.06s
src.ui.desktop.monitor_worker | INFO | Ciclo: monitor=4.357s colar=0.000s cal=0.000s box=0.000s manut=0.056s mpp=0.000s total=4.413s
src.infrastructure.providers.mercado_data_provider | DEBUG | Varredura: _chaves_com_book=10918 _chaves_detalhes=10918
src.infrastructure.providers.mercado_data_provider | DEBUG | Varredura: sem_preco=0 sem_dados_rtd=59 chaves_com_book=10918
src.infrastructure.providers.mercado_data_provider | INFO | Varredura(F): monitor=38476 book=10859 | reg=0.000 ref=0.011 var=0.252 total=0.263 | inst_map=0.000 | onda2=1513(0.047) onda1=0(0.000) cab_skip=9405 status=0.172
src.application.use_cases.monitor_oportunidades | INFO | PipelineTracker BOX/SBTH: 10859 -> 10859 (viaveis=0)
src.application.use_cases.monitor_colares_calendario | INFO | PipelineTracker (COLLAR_CALENDARIO): 10859 -> 471
src.application.use_cases.monitor_colares_calendario | DEBUG | CollarCal PETR4: calls=26 puts=2
src.application.use_cases.monitor_colares_calendario | DEBUG | CollarCal PETR4 call: PETRH314 strike=30.36 dte=31 ocp=11.3700
src.application.use_cases.monitor_colares_calendario | DEBUG | CollarCal PETR4 call: PETRI532 strike=52.11 dte=59 ocp=0.1600
src.application.use_cases.monitor_colares_calendario | DEBUG | CollarCal PETR4 call: PETRH317 strike=30.61 dte=31 ocp=10.6500
src.application.use_cases.monitor_colares_calendario | DEBUG | CollarCal PETR4 call: PETRH344 strike=33.36 dte=31 ocp=8.6200
src.application.use_cases.monitor_colares_calendario | DEBUG | CollarCal PETR4 call: PETRI402 strike=39.11 dte=59 ocp=4.0100
src.application.use_cases.monitor_colares_calendario | DEBUG | CollarCal PETR4 call: PETRH434 strike=42.36 dte=31 ocp=1.3100
src.application.use_cases.monitor_colares_calendario | DEBUG | CollarCal PETR4 call: PETRH302 strike=29.11 dte=31 ocp=12.0600
src.application.use_cases.monitor_colares_calendario | DEBUG | CollarCal PETR4 call: PETRH46 strike=45.86 dte=31 ocp=0.3600
src.application.use_cases.monitor_colares_calendario | DEBUG | CollarCal PETR4 call: PETRH437 strike=42.61 dte=31 ocp=1.2000
src.application.use_cases.monitor_colares_calendario | DEBUG | CollarCal PETR4 call: PETRI312 strike=30.11 dte=59 ocp=12.0900
src.application.use_cases.monitor_colares_calendario | DEBUG | CollarCal PETR4 call: PETRI302 strike=29.11 dte=59 ocp=13.0600
src.application.use_cases.monitor_colares_calendario | DEBUG | CollarCal PETR4 call: PETRH362 strike=35.11 dte=31 ocp=6.9400
src.application.use_cases.monitor_colares_calendario | DEBUG | CollarCal PETR4 call: PETRI377 strike=36.61 dte=59 ocp=6.0300
src.application.use_cases.monitor_colares_calendario | DEBUG | CollarCal PETR4 call: PETRI392 strike=38.11 dte=59 ocp=4.7800
src.application.use_cases.monitor_colares_calendario | DEBUG | CollarCal PETR4 call: PETRH307 strike=29.61 dte=31 ocp=12.1100
src.application.use_cases.monitor_colares_calendario | DEBUG | CollarCal PETR4 call: PETRH367 strike=35.61 dte=31 ocp=6.4600
src.application.use_cases.monitor_colares_calendario | DEBUG | CollarCal PETR4 call: PETRH412 strike=40.11 dte=31 ocp=2.6100
src.application.use_cases.monitor_colares_calendario | DEBUG | CollarCal PETR4 call: PETRI364 strike=33.86 dte=59 ocp=8.5200
src.application.use_cases.monitor_colares_calendario | DEBUG | CollarCal PETR4 call: PETRH192 strike=18.11 dte=31 ocp=22.8900
src.application.use_cases.monitor_colares_calendario | DEBUG | CollarCal PETR4 call: PETRI382 strike=37.11 dte=59 ocp=5.6000
src.application.use_cases.monitor_colares_calendario | DEBUG | CollarCal PETR4 call: PETRI327 strike=31.61 dte=59 ocp=10.6100
src.application.use_cases.monitor_colares_calendario | DEBUG | CollarCal PETR4 call: PETRI2 strike=34.11 dte=59 ocp=8.2500
src.application.use_cases.monitor_colares_calendario | DEBUG | CollarCal PETR4 call: PETRI442 strike=43.11 dte=59 ocp=1.6900
src.application.use_cases.monitor_colares_calendario | DEBUG | CollarCal PETR4 call: PETRI388W1 strike=38.86 dte=45 ocp=2.9000
src.application.use_cases.monitor_colares_calendario | DEBUG | CollarCal PETR4 call: PETRI502 strike=49.11 dte=59 ocp=0.3400
src.application.use_cases.monitor_colares_calendario | DEBUG | CollarCal PETR4 call: PETRI407 strike=39.61 dte=59 ocp=3.6200
src.application.use_cases.monitor_colares_calendario | DEBUG | CollarCal PETR4 put: PETRX462 strike=45.10 dte=150 ovd=5.8700
src.application.use_cases.monitor_colares_calendario | DEBUG | CollarCal PETR4 put: PETRV36 strike=33.55 dte=87 ovd=0.3800
src.application.use_cases.monitor_colares_calendario | DEBUG | CollarCal PAR VIÁVEL BBAS3: call=BBASH207(21) put=BBASX21(21) DTE 31+119 |ΔK|=0.4 pct_cdi=2.47
urllib3.connectionpool | DEBUG | Starting new HTTPS connection (1): opcoes.net.br:443
urllib3.connectionpool | DEBUG | https://opcoes.net.br:443 "GET /api/v1?z=178465491&r0t=QuotesHistoryByAsset&r0p.assets_ids=PRIO3&r0p.timeframe=Day HTTP/1.1" 200 None
src.application.use_cases.monitor_colares_calendario | WARNING | CollarCal STATS: {'total': 10859, 'sem_vencimento': 0, 'sem_codigos': 0, 'sem_dias': 0, 'sem_strike': 0, 'sem_strike_registrado': 0, 'sem_ocp_ovd': 0, 'sem_ocp_registrado': 0, 'sem_ovd_registrado': 0, 'sem_preco': 1422, 'sem_qul': 1320, 'calls': 438, 'puts': 33, 'fora_dte': 712, 'fora_ativo': 6934}
src.application.use_cases.monitor_colares_calendario | WARNING | CollarCal TOTAL: 1 viaveis em 1 ativos
src.ui.desktop.monitor_worker | INFO | BWB: strike=416/2170 ask=275/2170 vol=127/2170 apos espera
src.ui.desktop.monitor_worker | INFO | BWB _coletar [call]: total=1085 strike+ask=67 direcao=8 final=1 target=23.86
src.ui.desktop.monitor_worker | INFO | BWB _coletar [put]: total=1085 strike+ask=208 direcao=86 final=86 target=17.46
src.domain.services.calculadora_protecao_cauda | DEBUG | BWB _avaliar_lado [call]: strike K=24.56 escolhido, custo=780.00 > limite=3.71 (ganho_extra=375.00 * 1%), reprovado
src.ui.desktop.monitor_worker | INFO | BWB: strike=88/325 ask=41/325 vol=13/325 apos espera
src.ui.desktop.monitor_worker | INFO | BWB _coletar [call]: total=229 strike+ask=21 direcao=3 final=0 target=23.86
src.ui.desktop.monitor_worker | INFO | BWB _coletar [put]: total=96 strike+ask=20 direcao=3 final=3 target=17.46
src.ui.desktop.monitor_worker | INFO | BWB: strike=88/325 ask=41/325 vol=13/325 apos espera
src.ui.desktop.monitor_worker | INFO | BWB _coletar [call]: total=229 strike+ask=21 direcao=3 final=0 target=23.86
src.ui.desktop.monitor_worker | INFO | BWB _coletar [put]: total=96 strike+ask=20 direcao=3 final=3 target=17.46
src.domain.services.calculadora_protecao_cauda | DEBUG | BWB _avaliar_lado [call]: 0 strikes na entrada — sem candidatos
src.ui.desktop.monitor_worker | INFO | BWB: strike=88/325 ask=41/325 vol=13/325 apos espera
src.ui.desktop.monitor_worker | INFO | BWB _coletar [call]: total=229 strike+ask=21 direcao=3 final=0 target=23.86
src.ui.desktop.monitor_worker | INFO | BWB _coletar [put]: total=96 strike+ask=20 direcao=3 final=3 target=17.46
src.domain.services.calculadora_protecao_cauda | DEBUG | BWB _avaliar_lado [call]: 0 strikes na entrada — sem candidatos
src.ui.desktop.monitor_worker | INFO | BWB: strike=88/325 ask=41/325 vol=13/325 apos espera
src.ui.desktop.monitor_worker | INFO | BWB _coletar [call]: total=229 strike+ask=21 direcao=3 final=0 target=23.86
src.ui.desktop.monitor_worker | INFO | BWB _coletar [put]: total=96 strike+ask=20 direcao=3 final=3 target=17.46
src.domain.services.calculadora_protecao_cauda | DEBUG | BWB _avaliar_lado [call]: 0 strikes na entrada — sem candidatos
src.ui.desktop.monitor_worker | INFO | Ciclo: monitor=4.167s colar=0.000s cal=23.362s box=0.000s manut=0.000s mpp=0.000s total=27.529s
src.infrastructure.providers.mercado_data_provider | DEBUG | Varredura: _chaves_com_book=10918 _chaves_detalhes=10918
src.infrastructure.providers.mercado_data_provider | DEBUG | Varredura: sem_preco=0 sem_dados_rtd=66 chaves_com_book=10918
src.infrastructure.providers.mercado_data_provider | INFO | Varredura(F): monitor=38476 book=10852 | reg=0.000 ref=0.044 var=0.310 total=0.353 | inst_map=0.005 | onda2=3829(0.120) onda1=0(0.000) cab_skip=7089 status=0.145
src.application.use_cases.monitor_oportunidades | INFO | PipelineTracker BOX/SBTH: 10852 -> 10852 (viaveis=0)
src.infrastructure.providers.mercado_data_provider | DEBUG | RTD: Detalhes completos registrados para PETR4|PETRT387 (Liquidez detectada)
src.infrastructure.providers.mercado_data_provider | DEBUG | RTD: preco_ativo PETR4=41.63 forçado com sucesso
src.infrastructure.providers.mercado_data_provider | DEBUG | RTD: Detalhes completos registrados para SUZB3|SUZBS348W5 (Liquidez detectada)
src.infrastructure.providers.mercado_data_provider | DEBUG | RTD: preco_ativo SUZB3=41.49 forçado com sucesso
src.ui.desktop.monitor_worker | INFO | Manutenção: novos books + prioridades em 0.06s
src.ui.desktop.monitor_worker | INFO | Ciclo: monitor=4.927s colar=0.000s cal=0.000s box=0.000s manut=0.060s mpp=0.000s total=4.987s
src.infrastructure.providers.mercado_data_provider | DEBUG | Varredura: _chaves_com_book=10920 _chaves_detalhes=10920
src.infrastructure.providers.mercado_data_provider | DEBUG | Varredura: sem_preco=0 sem_dados_rtd=68 chaves_com_book=10920
src.infrastructure.providers.mercado_data_provider | INFO | Varredura(F): monitor=38476 book=10852 | reg=0.000 ref=0.011 var=0.271 total=0.281 | inst_map=0.000 | onda2=1542(0.052) onda1=0(0.000) cab_skip=9378 status=0.183
src.application.use_cases.monitor_oportunidades | INFO | PipelineTracker BOX/SBTH: 10852 -> 10852 (viaveis=0)
src.ui.desktop.monitor_worker | INFO | Ciclo: monitor=4.248s colar=0.000s cal=0.000s box=0.000s manut=0.000s mpp=0.000s total=4.248s
src.infrastructure.providers.mercado_data_provider | DEBUG | Varredura: _chaves_com_book=10920 _chaves_detalhes=10920
src.infrastructure.providers.mercado_data_provider | DEBUG | Varredura: sem_preco=0 sem_dados_rtd=68 chaves_com_book=10920
src.infrastructure.providers.mercado_data_provider | INFO | Varredura(G): monitor=38476 book=10852 | reg=0.000 ref=0.006 var=0.263 total=0.269 | inst_map=0.000 | onda2=775(0.026) onda1=0(0.000) cab_skip=10145 status=0.200
src.application.use_cases.monitor_oportunidades | INFO | PipelineTracker BOX/SBTH: 10852 -> 10852 (viaveis=0)
src.application.use_cases.monitor_colares_calendario | INFO | PipelineTracker (COLLAR_CALENDARIO): 10852 -> 514
src.application.use_cases.monitor_colares_calendario | DEBUG | CollarCal PETR4: calls=32 puts=5
src.application.use_cases.monitor_colares_calendario | DEBUG | CollarCal PETR4 call: PETRH314 strike=30.36 dte=31 ocp=11.3800
src.application.use_cases.monitor_colares_calendario | DEBUG | CollarCal PETR4 call: PETRI532 strike=52.11 dte=59 ocp=0.1600
src.application.use_cases.monitor_colares_calendario | DEBUG | CollarCal PETR4 call: PETRH317 strike=30.61 dte=31 ocp=10.6500
src.application.use_cases.monitor_colares_calendario | DEBUG | CollarCal PETR4 call: PETRH344 strike=33.36 dte=31 ocp=8.6200
src.application.use_cases.monitor_colares_calendario | DEBUG | CollarCal PETR4 call: PETRI402 strike=39.11 dte=59 ocp=4.0100
src.application.use_cases.monitor_colares_calendario | DEBUG | CollarCal PETR4 call: PETRH434 strike=42.36 dte=31 ocp=1.3100
src.application.use_cases.monitor_colares_calendario | DEBUG | CollarCal PETR4 call: PETRH302 strike=29.11 dte=31 ocp=12.0600
src.application.use_cases.monitor_colares_calendario | DEBUG | CollarCal PETR4 call: PETRH46 strike=45.86 dte=31 ocp=0.3600
src.application.use_cases.monitor_colares_calendario | DEBUG | CollarCal PETR4 call: PETRH437 strike=42.61 dte=31 ocp=1.2000
src.application.use_cases.monitor_colares_calendario | DEBUG | CollarCal PETR4 call: PETRI312 strike=30.11 dte=59 ocp=12.0900
src.application.use_cases.monitor_colares_calendario | DEBUG | CollarCal PETR4 call: PETRI302 strike=29.11 dte=59 ocp=13.0600
src.application.use_cases.monitor_colares_calendario | DEBUG | CollarCal PETR4 call: PETRH362 strike=35.11 dte=31 ocp=6.9400
src.application.use_cases.monitor_colares_calendario | DEBUG | CollarCal PETR4 call: PETRI377 strike=36.61 dte=59 ocp=6.0300
src.application.use_cases.monitor_colares_calendario | DEBUG | CollarCal PETR4 call: PETRI392 strike=38.11 dte=59 ocp=4.7800
src.application.use_cases.monitor_colares_calendario | DEBUG | CollarCal PETR4 call: PETRH307 strike=29.61 dte=31 ocp=12.1100
src.application.use_cases.monitor_colares_calendario | DEBUG | CollarCal PETR4 call: PETRH367 strike=35.61 dte=31 ocp=6.4600
src.application.use_cases.monitor_colares_calendario | DEBUG | CollarCal PETR4 call: PETRH412 strike=40.11 dte=31 ocp=2.6000
src.application.use_cases.monitor_colares_calendario | DEBUG | CollarCal PETR4 call: PETRI364 strike=33.86 dte=59 ocp=8.5200
src.application.use_cases.monitor_colares_calendario | DEBUG | CollarCal PETR4 call: PETRI437 strike=42.61 dte=59 ocp=1.9100
src.application.use_cases.monitor_colares_calendario | DEBUG | CollarCal PETR4 call: PETRH462 strike=45.11 dte=31 ocp=0.4800
src.application.use_cases.monitor_colares_calendario | DEBUG | CollarCal PETR4 call: PETRH507 strike=49.61 dte=31 ocp=0.0900
src.application.use_cases.monitor_colares_calendario | DEBUG | CollarCal PETR4 call: PETRH459 strike=44.86 dte=31 ocp=0.5300
src.application.use_cases.monitor_colares_calendario | DEBUG | CollarCal PETR4 call: PETRH192 strike=18.11 dte=31 ocp=22.8900
src.application.use_cases.monitor_colares_calendario | DEBUG | CollarCal PETR4 call: PETRI396W1 strike=39.61 dte=45 ocp=2.3000
src.application.use_cases.monitor_colares_calendario | DEBUG | CollarCal PETR4 call: PETRI382 strike=37.11 dte=59 ocp=5.6000
src.application.use_cases.monitor_colares_calendario | DEBUG | CollarCal PETR4 call: PETRI327 strike=31.61 dte=59 ocp=10.6500
src.application.use_cases.monitor_colares_calendario | DEBUG | CollarCal PETR4 call: PETRH407 strike=39.61 dte=31 ocp=2.9600
src.application.use_cases.monitor_colares_calendario | DEBUG | CollarCal PETR4 call: PETRI2 strike=34.11 dte=59 ocp=8.2900
src.application.use_cases.monitor_colares_calendario | DEBUG | CollarCal PETR4 call: PETRI442 strike=43.11 dte=59 ocp=1.6900
src.application.use_cases.monitor_colares_calendario | DEBUG | CollarCal PETR4 call: PETRI388W1 strike=38.86 dte=45 ocp=2.9000
src.application.use_cases.monitor_colares_calendario | DEBUG | CollarCal PETR4 call: PETRI502 strike=49.11 dte=59 ocp=0.3400
src.application.use_cases.monitor_colares_calendario | DEBUG | CollarCal PETR4 call: PETRI407 strike=39.61 dte=59 ocp=3.6500
src.application.use_cases.monitor_colares_calendario | DEBUG | CollarCal PETR4 put: PETRX462 strike=45.10 dte=150 ovd=5.8700
src.application.use_cases.monitor_colares_calendario | DEBUG | CollarCal PETR4 put: PETRW499 strike=49.35 dte=121 ovd=8.6800
src.application.use_cases.monitor_colares_calendario | DEBUG | CollarCal PETR4 put: PETRV42 strike=41.38 dte=87 ovd=2.2200
src.application.use_cases.monitor_colares_calendario | DEBUG | CollarCal PETR4 put: PETRX414 strike=40.35 dte=150 ovd=3.7000
src.application.use_cases.monitor_colares_calendario | DEBUG | CollarCal PETR4 put: PETRV36 strike=33.55 dte=87 ovd=0.3800
src.infrastructure.providers.mercado_data_provider | DEBUG | RTD: Detalhes completos registrados para PRIO3|PRIOV520 (Liquidez detectada)
src.infrastructure.providers.mercado_data_provider | DEBUG | RTD: preco_ativo PRIO3=58.59 forçado com sucesso
src.infrastructure.providers.mercado_data_provider | DEBUG | RTD: Detalhes completos registrados para PRIO3|PRIOV575 (Liquidez detectada)
src.infrastructure.providers.mercado_data_provider | DEBUG | RTD: preco_ativo PRIO3=58.59 forçado com sucesso
src.infrastructure.providers.mercado_data_provider | DEBUG | RTD: Detalhes completos registrados para QUAL3|QUALT174 (Liquidez detectada)
src.infrastructure.providers.mercado_data_provider | DEBUG | RTD: preco_ativo QUAL3=1.49 forçado com sucesso
src.ui.desktop.monitor_worker | INFO | Manutenção: novos books + prioridades em 0.21s
src.ui.desktop.monitor_worker | INFO | Ciclo: monitor=6.526s colar=0.000s cal=1.083s box=0.000s manut=0.217s mpp=0.000s total=7.825s
src.infrastructure.providers.mercado_data_provider | DEBUG | Varredura: _chaves_com_book=10923 _chaves_detalhes=10923
src.infrastructure.providers.mercado_data_provider | DEBUG | Varredura: sem_preco=0 sem_dados_rtd=68 chaves_com_book=10923
src.infrastructure.providers.mercado_data_provider | INFO | Varredura(F): monitor=38476 book=10855 | reg=0.000 ref=0.008 var=0.818 total=0.826 | inst_map=0.000 | onda2=868(0.073) onda1=0(0.000) cab_skip=10055 status=0.518
src.application.use_cases.monitor_oportunidades | INFO | PipelineTracker BOX/SBTH: 10855 -> 10855 (viaveis=0)
src.ui.desktop.monitor_worker | INFO | Ciclo: monitor=12.131s colar=0.000s cal=0.000s box=0.000s manut=0.000s mpp=0.000s total=12.132s
src.infrastructure.providers.mercado_data_provider | DEBUG | Varredura: _chaves_com_book=10923 _chaves_detalhes=10923
src.infrastructure.providers.mercado_data_provider | DEBUG | Varredura: sem_preco=0 sem_dados_rtd=68 chaves_com_book=10923
src.infrastructure.providers.mercado_data_provider | INFO | Varredura(F): monitor=38476 book=10855 | reg=0.000 ref=0.044 var=0.911 total=0.955 | inst_map=0.007 | onda2=1400(0.163) onda1=0(0.000) cab_skip=9523 status=0.513
src.application.use_cases.monitor_oportunidades | INFO | PipelineTracker BOX/SBTH: 10855 -> 10855 (viaveis=0)
src.infrastructure.providers.mercado_data_provider | DEBUG | RTD: Detalhes completos registrados para PRIO3|PRIOV540 (Liquidez detectada)
src.infrastructure.providers.mercado_data_provider | DEBUG | RTD: preco_ativo PRIO3=58.60 forçado com sucesso
src.infrastructure.providers.mercado_data_provider | DEBUG | RTD: Detalhes completos registrados para PRIO3|PRIOV595 (Liquidez detectada)
src.infrastructure.providers.mercado_data_provider | DEBUG | RTD: preco_ativo PRIO3=58.60 forçado com sucesso
src.infrastructure.providers.mercado_data_provider | DEBUG | RTD: Detalhes completos registrados para PRIO3|PRIOV510 (Liquidez detectada)
src.infrastructure.providers.mercado_data_provider | DEBUG | RTD: preco_ativo PRIO3=58.60 forçado com sucesso
src.ui.desktop.monitor_worker | INFO | Manutenção: novos books + prioridades em 0.08s
src.ui.desktop.monitor_worker | INFO | Ciclo: monitor=6.814s colar=0.000s cal=0.000s box=0.000s manut=0.083s mpp=0.000s total=6.898s
src.infrastructure.providers.mercado_data_provider | DEBUG | Varredura: _chaves_com_book=10926 _chaves_detalhes=10926
src.infrastructure.providers.mercado_data_provider | DEBUG | Varredura: sem_preco=0 sem_dados_rtd=68 chaves_com_book=10926
src.infrastructure.providers.mercado_data_provider | INFO | Varredura(F): monitor=38476 book=10858 | reg=0.000 ref=0.004 var=0.301 total=0.305 | inst_map=0.000 | onda2=784(0.030) onda1=0(0.000) cab_skip=10142 status=0.224
src.application.use_cases.monitor_oportunidades | INFO | PipelineTracker BOX/SBTH: 10858 -> 10858 (viaveis=0)
src.application.use_cases.monitor_colares_calendario | INFO | PipelineTracker (COLLAR_CALENDARIO): 10858 -> 546
src.application.use_cases.monitor_colares_calendario | DEBUG | CollarCal PETR4: calls=38 puts=7
src.application.use_cases.monitor_colares_calendario | DEBUG | CollarCal PETR4 call: PETRH314 strike=30.36 dte=31 ocp=11.3800
src.application.use_cases.monitor_colares_calendario | DEBUG | CollarCal PETR4 call: PETRI532 strike=52.11 dte=59 ocp=0.1600
src.application.use_cases.monitor_colares_calendario | DEBUG | CollarCal PETR4 call: PETRH317 strike=30.61 dte=31 ocp=10.6500
src.application.use_cases.monitor_colares_calendario | DEBUG | CollarCal PETR4 call: PETRH344 strike=33.36 dte=31 ocp=8.6200
src.application.use_cases.monitor_colares_calendario | DEBUG | CollarCal PETR4 call: PETRI402 strike=39.11 dte=59 ocp=4.0000
src.application.use_cases.monitor_colares_calendario | DEBUG | CollarCal PETR4 call: PETRH434 strike=42.36 dte=31 ocp=1.3100
src.application.use_cases.monitor_colares_calendario | DEBUG | CollarCal PETR4 call: PETRH302 strike=29.11 dte=31 ocp=12.0600
src.application.use_cases.monitor_colares_calendario | DEBUG | CollarCal PETR4 call: PETRH46 strike=45.86 dte=31 ocp=0.3600
src.application.use_cases.monitor_colares_calendario | DEBUG | CollarCal PETR4 call: PETRH437 strike=42.61 dte=31 ocp=1.2000
src.application.use_cases.monitor_colares_calendario | DEBUG | CollarCal PETR4 call: PETRI312 strike=30.11 dte=59 ocp=12.0800
src.application.use_cases.monitor_colares_calendario | DEBUG | CollarCal PETR4 call: PETRI302 strike=29.11 dte=59 ocp=13.0500
src.application.use_cases.monitor_colares_calendario | DEBUG | CollarCal PETR4 call: PETRH362 strike=35.11 dte=31 ocp=6.9300
src.application.use_cases.monitor_colares_calendario | DEBUG | CollarCal PETR4 call: PETRI377 strike=36.61 dte=59 ocp=6.0200
src.application.use_cases.monitor_colares_calendario | DEBUG | CollarCal PETR4 call: PETRI392 strike=38.11 dte=59 ocp=4.7700
src.application.use_cases.monitor_colares_calendario | DEBUG | CollarCal PETR4 call: PETRH307 strike=29.61 dte=31 ocp=12.1100
src.application.use_cases.monitor_colares_calendario | DEBUG | CollarCal PETR4 call: PETRH367 strike=35.61 dte=31 ocp=6.4600
src.application.use_cases.monitor_colares_calendario | DEBUG | CollarCal PETR4 call: PETRH412 strike=40.11 dte=31 ocp=2.6000
src.application.use_cases.monitor_colares_calendario | DEBUG | CollarCal PETR4 call: PETRI364 strike=33.86 dte=59 ocp=8.5200
src.application.use_cases.monitor_colares_calendario | DEBUG | CollarCal PETR4 call: PETRI437 strike=42.61 dte=59 ocp=1.9000
src.application.use_cases.monitor_colares_calendario | DEBUG | CollarCal PETR4 call: PETRH462 strike=45.11 dte=31 ocp=0.4800
src.application.use_cases.monitor_colares_calendario | DEBUG | CollarCal PETR4 call: PETRH507 strike=49.61 dte=31 ocp=0.0900
src.application.use_cases.monitor_colares_calendario | DEBUG | CollarCal PETR4 call: PETRH459 strike=44.86 dte=31 ocp=0.5200
src.application.use_cases.monitor_colares_calendario | DEBUG | CollarCal PETR4 call: PETRH192 strike=18.11 dte=31 ocp=22.8900
src.application.use_cases.monitor_colares_calendario | DEBUG | CollarCal PETR4 call: PETRI396W1 strike=39.61 dte=45 ocp=2.3000
src.application.use_cases.monitor_colares_calendario | DEBUG | CollarCal PETR4 call: PETRI382 strike=37.11 dte=59 ocp=5.5900
src.application.use_cases.monitor_colares_calendario | DEBUG | CollarCal PETR4 call: PETRI327 strike=31.61 dte=59 ocp=10.6500
src.application.use_cases.monitor_colares_calendario | DEBUG | CollarCal PETR4 call: PETRH407 strike=39.61 dte=31 ocp=2.9600
src.application.use_cases.monitor_colares_calendario | DEBUG | CollarCal PETR4 call: PETRI646 strike=64.61 dte=59 ocp=0.0100
src.application.use_cases.monitor_colares_calendario | DEBUG | CollarCal PETR4 call: PETRI418 strike=40.86 dte=59 ocp=2.8300
src.application.use_cases.monitor_colares_calendario | DEBUG | CollarCal PETR4 call: PETRI2 strike=34.11 dte=59 ocp=8.2800
src.application.use_cases.monitor_colares_calendario | DEBUG | CollarCal PETR4 call: PETRH464 strike=45.36 dte=31 ocp=0.4300
src.application.use_cases.monitor_colares_calendario | DEBUG | CollarCal PETR4 call: PETRH532 strike=52.11 dte=31 ocp=0.0400
src.application.use_cases.monitor_colares_calendario | DEBUG | CollarCal PETR4 call: PETRI442 strike=43.11 dte=59 ocp=1.6900
src.application.use_cases.monitor_colares_calendario | DEBUG | CollarCal PETR4 call: PETRI4 strike=36.11 dte=59 ocp=6.4600
src.application.use_cases.monitor_colares_calendario | DEBUG | CollarCal PETR4 call: PETRH454 strike=44.36 dte=31 ocp=0.6300
src.application.use_cases.monitor_colares_calendario | DEBUG | CollarCal PETR4 call: PETRI388W1 strike=38.86 dte=45 ocp=2.9000
src.application.use_cases.monitor_colares_calendario | DEBUG | CollarCal PETR4 call: PETRI502 strike=49.11 dte=59 ocp=0.3400
src.application.use_cases.monitor_colares_calendario | DEBUG | CollarCal PETR4 call: PETRI407 strike=39.61 dte=59 ocp=3.6400
src.application.use_cases.monitor_colares_calendario | DEBUG | CollarCal PETR4 put: PETRX462 strike=45.10 dte=150 ovd=5.8700
src.application.use_cases.monitor_colares_calendario | DEBUG | CollarCal PETR4 put: PETRW499 strike=49.35 dte=121 ovd=8.6800
src.application.use_cases.monitor_colares_calendario | DEBUG | CollarCal PETR4 put: PETRV42 strike=41.38 dte=87 ovd=2.2200
src.application.use_cases.monitor_colares_calendario | DEBUG | CollarCal PETR4 put: PETRX414 strike=40.35 dte=150 ovd=3.7000
src.application.use_cases.monitor_colares_calendario | DEBUG | CollarCal PETR4 put: PETRV469 strike=45.80 dte=87 ovd=6.4000
src.application.use_cases.monitor_colares_calendario | DEBUG | CollarCal PETR4 put: PETRV420 strike=42.05 dte=87 ovd=2.6000
src.application.use_cases.monitor_colares_calendario | DEBUG | CollarCal PETR4 put: PETRV36 strike=33.55 dte=87 ovd=0.3800
src.ui.desktop.monitor_worker | INFO | Ciclo: monitor=11.266s colar=0.000s cal=1.299s box=0.000s manut=0.000s mpp=0.000s total=12.564s
src.infrastructure.providers.mercado_data_provider | DEBUG | Varredura: _chaves_com_book=10926 _chaves_detalhes=10926
src.infrastructure.providers.mercado_data_provider | DEBUG | Varredura: sem_preco=0 sem_dados_rtd=68 chaves_com_book=10926
src.infrastructure.providers.mercado_data_provider | INFO | Varredura(F): monitor=38476 book=10858 | reg=0.000 ref=0.021 var=0.657 total=0.678 | inst_map=0.000 | onda2=1063(0.095) onda1=0(0.000) cab_skip=9863 status=0.417
src.application.use_cases.monitor_oportunidades | INFO | PipelineTracker BOX/SBTH: 10858 -> 10858 (viaveis=0)
src.infrastructure.providers.mercado_data_provider | DEBUG | RTD: Detalhes completos registrados para SUZB3|SUZBT358W1 (Liquidez detectada)
src.infrastructure.providers.mercado_data_provider | DEBUG | RTD: preco_ativo SUZB3=41.46 forçado com sucesso
src.infrastructure.providers.mercado_data_provider | DEBUG | RTD: Detalhes completos registrados para TAEE11|TAEEV378 (Liquidez detectada)
src.infrastructure.providers.mercado_data_provider | DEBUG | RTD: preco_ativo TAEE11=41.18 forçado com sucesso
src.infrastructure.providers.mercado_data_provider | DEBUG | RTD: Detalhes completos registrados para SUZB3|SUZBU501 (Liquidez detectada)
src.infrastructure.providers.mercado_data_provider | DEBUG | RTD: preco_ativo SUZB3=41.46 forçado com sucesso
src.infrastructure.providers.mercado_data_provider | DEBUG | RTD: Detalhes completos registrados para SUZB3|SUZBT296 (Liquidez detectada)
src.infrastructure.providers.mercado_data_provider | DEBUG | RTD: preco_ativo SUZB3=41.46 forçado com sucesso
src.infrastructure.providers.mercado_data_provider | DEBUG | RTD: Detalhes completos registrados para PETR4|PETRT382 (Liquidez detectada)
src.infrastructure.providers.mercado_data_provider | DEBUG | RTD: preco_ativo PETR4=41.62 forçado com sucesso
src.infrastructure.providers.mercado_data_provider | DEBUG | RTD: Detalhes completos registrados para TIMS3|TIMSV219 (Liquidez detectada)
src.infrastructure.providers.mercado_data_provider | DEBUG | RTD: preco_ativo TIMS3=22.39 forçado com sucesso
src.ui.desktop.monitor_worker | INFO | Manutenção: novos books + prioridades em 0.31s
src.ui.desktop.monitor_worker | INFO | Ciclo: monitor=7.719s colar=0.000s cal=0.000s box=0.000s manut=0.317s mpp=0.000s total=8.036s
src.infrastructure.providers.mercado_data_provider | DEBUG | Varredura: _chaves_com_book=10932 _chaves_detalhes=10932
src.infrastructure.providers.mercado_data_provider | DEBUG | Varredura: sem_preco=0 sem_dados_rtd=68 chaves_com_book=10932
src.infrastructure.providers.mercado_data_provider | INFO | Varredura(F): monitor=38476 book=10864 | reg=0.000 ref=0.055 var=0.848 total=0.902 | inst_map=0.000 | onda2=768(0.061) onda1=0(0.000) cab_skip=10164 status=0.468
src.application.use_cases.monitor_oportunidades | INFO | PipelineTracker BOX/SBTH: 10864 -> 10864 (viaveis=0)
src.ui.desktop.monitor_worker | INFO | Ciclo: monitor=10.982s colar=0.000s cal=0.000s box=0.000s manut=0.000s mpp=0.000s total=10.982s
src.infrastructure.providers.mercado_data_provider | DEBUG | Varredura: _chaves_com_book=10932 _chaves_detalhes=10932
src.infrastructure.providers.mercado_data_provider | DEBUG | Varredura: sem_preco=0 sem_dados_rtd=69 chaves_com_book=10932
src.infrastructure.providers.mercado_data_provider | INFO | Varredura(F): monitor=38476 book=10863 | reg=0.000 ref=0.019 var=0.753 total=0.772 | inst_map=0.000 | onda2=921(0.100) onda1=0(0.000) cab_skip=10011 status=0.414
src.application.use_cases.monitor_oportunidades | INFO | PipelineTracker BOX/SBTH: 10863 -> 10863 (viaveis=0)
src.application.use_cases.monitor_colares_calendario | INFO | PipelineTracker (COLLAR_CALENDARIO): 10863 -> 546
src.application.use_cases.monitor_colares_calendario | DEBUG | CollarCal PETR4: calls=38 puts=7
src.application.use_cases.monitor_colares_calendario | DEBUG | CollarCal PETR4 call: PETRH314 strike=30.36 dte=31 ocp=11.3800
src.application.use_cases.monitor_colares_calendario | DEBUG | CollarCal PETR4 call: PETRI532 strike=52.11 dte=59 ocp=0.1600
src.application.use_cases.monitor_colares_calendario | DEBUG | CollarCal PETR4 call: PETRH317 strike=30.61 dte=31 ocp=10.6500
src.application.use_cases.monitor_colares_calendario | DEBUG | CollarCal PETR4 call: PETRH344 strike=33.36 dte=31 ocp=8.6200
src.application.use_cases.monitor_colares_calendario | DEBUG | CollarCal PETR4 call: PETRI402 strike=39.11 dte=59 ocp=4.0000
src.application.use_cases.monitor_colares_calendario | DEBUG | CollarCal PETR4 call: PETRH434 strike=42.36 dte=31 ocp=1.3000
src.application.use_cases.monitor_colares_calendario | DEBUG | CollarCal PETR4 call: PETRH302 strike=29.11 dte=31 ocp=12.0600
src.application.use_cases.monitor_colares_calendario | DEBUG | CollarCal PETR4 call: PETRH46 strike=45.86 dte=31 ocp=0.3600
src.application.use_cases.monitor_colares_calendario | DEBUG | CollarCal PETR4 call: PETRH437 strike=42.61 dte=31 ocp=1.1900
src.application.use_cases.monitor_colares_calendario | DEBUG | CollarCal PETR4 call: PETRI312 strike=30.11 dte=59 ocp=12.0800
src.application.use_cases.monitor_colares_calendario | DEBUG | CollarCal PETR4 call: PETRI302 strike=29.11 dte=59 ocp=13.0500
src.application.use_cases.monitor_colares_calendario | DEBUG | CollarCal PETR4 call: PETRH362 strike=35.11 dte=31 ocp=6.9300
src.application.use_cases.monitor_colares_calendario | DEBUG | CollarCal PETR4 call: PETRI377 strike=36.61 dte=59 ocp=6.0200
src.application.use_cases.monitor_colares_calendario | DEBUG | CollarCal PETR4 call: PETRI392 strike=38.11 dte=59 ocp=4.7700
src.application.use_cases.monitor_colares_calendario | DEBUG | CollarCal PETR4 call: PETRH307 strike=29.61 dte=31 ocp=12.1100
src.application.use_cases.monitor_colares_calendario | DEBUG | CollarCal PETR4 call: PETRH367 strike=35.61 dte=31 ocp=6.4500
src.application.use_cases.monitor_colares_calendario | DEBUG | CollarCal PETR4 call: PETRH412 strike=40.11 dte=31 ocp=2.6000
src.application.use_cases.monitor_colares_calendario | DEBUG | CollarCal PETR4 call: PETRI364 strike=33.86 dte=59 ocp=8.5200
src.application.use_cases.monitor_colares_calendario | DEBUG | CollarCal PETR4 call: PETRI437 strike=42.61 dte=59 ocp=1.9000
src.application.use_cases.monitor_colares_calendario | DEBUG | CollarCal PETR4 call: PETRH462 strike=45.11 dte=31 ocp=0.4800
src.application.use_cases.monitor_colares_calendario | DEBUG | CollarCal PETR4 call: PETRH507 strike=49.61 dte=31 ocp=0.0900
src.application.use_cases.monitor_colares_calendario | DEBUG | CollarCal PETR4 call: PETRH459 strike=44.86 dte=31 ocp=0.5200
src.application.use_cases.monitor_colares_calendario | DEBUG | CollarCal PETR4 call: PETRH192 strike=18.11 dte=31 ocp=22.8900
src.application.use_cases.monitor_colares_calendario | DEBUG | CollarCal PETR4 call: PETRI396W1 strike=39.61 dte=45 ocp=2.3000
src.application.use_cases.monitor_colares_calendario | DEBUG | CollarCal PETR4 call: PETRI382 strike=37.11 dte=59 ocp=5.5900
src.application.use_cases.monitor_colares_calendario | DEBUG | CollarCal PETR4 call: PETRI327 strike=31.61 dte=59 ocp=10.6400
src.application.use_cases.monitor_colares_calendario | DEBUG | CollarCal PETR4 call: PETRH407 strike=39.61 dte=31 ocp=2.9600
src.application.use_cases.monitor_colares_calendario | DEBUG | CollarCal PETR4 call: PETRI646 strike=64.61 dte=59 ocp=0.0100
src.application.use_cases.monitor_colares_calendario | DEBUG | CollarCal PETR4 call: PETRI418 strike=40.86 dte=59 ocp=2.8300
src.application.use_cases.monitor_colares_calendario | DEBUG | CollarCal PETR4 call: PETRI2 strike=34.11 dte=59 ocp=8.2800
src.application.use_cases.monitor_colares_calendario | DEBUG | CollarCal PETR4 call: PETRH464 strike=45.36 dte=31 ocp=0.4300
src.application.use_cases.monitor_colares_calendario | DEBUG | CollarCal PETR4 call: PETRH532 strike=52.11 dte=31 ocp=0.0400
src.application.use_cases.monitor_colares_calendario | DEBUG | CollarCal PETR4 call: PETRI442 strike=43.11 dte=59 ocp=1.6900
src.application.use_cases.monitor_colares_calendario | DEBUG | CollarCal PETR4 call: PETRI4 strike=36.11 dte=59 ocp=6.4600
src.application.use_cases.monitor_colares_calendario | DEBUG | CollarCal PETR4 call: PETRH454 strike=44.36 dte=31 ocp=0.6300
src.application.use_cases.monitor_colares_calendario | DEBUG | CollarCal PETR4 call: PETRI388W1 strike=38.86 dte=45 ocp=2.9000
src.application.use_cases.monitor_colares_calendario | DEBUG | CollarCal PETR4 call: PETRI502 strike=49.11 dte=59 ocp=0.3400
src.application.use_cases.monitor_colares_calendario | DEBUG | CollarCal PETR4 call: PETRI407 strike=39.61 dte=59 ocp=3.6400
src.application.use_cases.monitor_colares_calendario | DEBUG | CollarCal PETR4 put: PETRX462 strike=45.10 dte=150 ovd=5.8700
src.application.use_cases.monitor_colares_calendario | DEBUG | CollarCal PETR4 put: PETRW499 strike=49.35 dte=121 ovd=8.6800
src.application.use_cases.monitor_colares_calendario | DEBUG | CollarCal PETR4 put: PETRV42 strike=41.38 dte=87 ovd=2.2200
src.application.use_cases.monitor_colares_calendario | DEBUG | CollarCal PETR4 put: PETRX414 strike=40.35 dte=150 ovd=3.7000
src.application.use_cases.monitor_colares_calendario | DEBUG | CollarCal PETR4 put: PETRV469 strike=45.80 dte=87 ovd=6.4000
src.application.use_cases.monitor_colares_calendario | DEBUG | CollarCal PETR4 put: PETRV420 strike=42.05 dte=87 ovd=2.6000
src.application.use_cases.monitor_colares_calendario | DEBUG | CollarCal PETR4 put: PETRV36 strike=33.55 dte=87 ovd=0.3800
src.infrastructure.providers.mercado_data_provider | DEBUG | RTD: Detalhes completos registrados para USIM5|USIMT410 (Liquidez detectada)
src.infrastructure.providers.mercado_data_provider | DEBUG | RTD: preco_ativo USIM5=8.41 forçado com sucesso
src.infrastructure.providers.mercado_data_provider | DEBUG | RTD: Detalhes completos registrados para TIMS3|TIMSV216 (Liquidez detectada)
src.infrastructure.providers.mercado_data_provider | DEBUG | RTD: preco_ativo TIMS3=22.39 forçado com sucesso
src.infrastructure.providers.mercado_data_provider | DEBUG | RTD: Detalhes completos registrados para PETR4|PETRT379 (Liquidez detectada)
src.infrastructure.providers.mercado_data_provider | DEBUG | RTD: preco_ativo PETR4=41.62 forçado com sucesso
src.infrastructure.providers.mercado_data_provider | DEBUG | RTD: Detalhes completos registrados para SOJA3|SOJAU550 (Liquidez detectada)
src.infrastructure.providers.mercado_data_provider | DEBUG | RTD: preco_ativo SOJA3=5.78 forçado com sucesso
src.infrastructure.providers.mercado_data_provider | DEBUG | RTD: Detalhes completos registrados para PETR4|PETRT397 (Liquidez detectada)
src.infrastructure.providers.mercado_data_provider | DEBUG | RTD: preco_ativo PETR4=41.62 forçado com sucesso
src.infrastructure.providers.mercado_data_provider | DEBUG | RTD: Detalhes completos registrados para CXSE3|CXSEU144 (Liquidez detectada)
src.infrastructure.providers.mercado_data_provider | DEBUG | RTD: preco_ativo CXSE3=22.19 forçado com sucesso
src.infrastructure.providers.mercado_data_provider | DEBUG | RTD: Detalhes completos registrados para USIM5|USIMT934W1 (Liquidez detectada)
src.infrastructure.providers.mercado_data_provider | DEBUG | RTD: preco_ativo USIM5=8.41 forçado com sucesso
src.ui.desktop.monitor_worker | INFO | Manutenção: novos books + prioridades em 0.26s
src.ui.desktop.monitor_worker | INFO | Ciclo: monitor=11.525s colar=0.000s cal=1.248s box=0.000s manut=0.270s mpp=0.000s total=13.044s
src.infrastructure.providers.mercado_data_provider | DEBUG | Varredura: _chaves_com_book=10939 _chaves_detalhes=10939
src.infrastructure.providers.mercado_data_provider | DEBUG | Varredura: sem_preco=0 sem_dados_rtd=69 chaves_com_book=10939
src.infrastructure.providers.mercado_data_provider | INFO | Varredura(F): monitor=38476 book=10870 | reg=0.000 ref=0.004 var=0.851 total=0.855 | inst_map=0.000 | onda2=886(0.073) onda1=0(0.000) cab_skip=10053 status=0.558
src.application.use_cases.monitor_oportunidades | INFO | PipelineTracker BOX/SBTH: 10870 -> 10870 (viaveis=0)
src.ui.desktop.monitor_worker | INFO | Ciclo: monitor=12.036s colar=0.000s cal=0.000s box=0.000s manut=0.000s mpp=0.000s total=12.036s
src.infrastructure.providers.mercado_data_provider | DEBUG | Varredura: _chaves_com_book=10939 _chaves_detalhes=10939
src.infrastructure.providers.mercado_data_provider | DEBUG | Varredura: sem_preco=0 sem_dados_rtd=69 chaves_com_book=10939
src.infrastructure.providers.mercado_data_provider | INFO | Varredura(F): monitor=38476 book=10870 | reg=0.000 ref=0.040 var=0.906 total=0.946 | inst_map=0.000 | onda2=2048(0.211) onda1=0(0.000) cab_skip=8891 status=0.443
src.application.use_cases.monitor_oportunidades | INFO | PipelineTracker BOX/SBTH: 10870 -> 10870 (viaveis=0)
src.infrastructure.providers.mercado_data_provider | DEBUG | RTD: Detalhes completos registrados para VALE3|VALEM601 (Liquidez detectada)
src.infrastructure.providers.mercado_data_provider | DEBUG | RTD: preco_ativo VALE3=72.36 forçado com sucesso
src.infrastructure.providers.mercado_data_provider | DEBUG | RTD: Detalhes completos registrados para VALE3|VALEM606 (Liquidez detectada)
src.infrastructure.providers.mercado_data_provider | DEBUG | RTD: preco_ativo VALE3=72.36 forçado com sucesso
src.infrastructure.providers.mercado_data_provider | DEBUG | RTD: Detalhes completos registrados para VALE3|VALEX78 (Liquidez detectada)
src.infrastructure.providers.mercado_data_provider | DEBUG | RTD: preco_ativo VALE3=72.36 forçado com sucesso
src.infrastructure.providers.mercado_data_provider | DEBUG | RTD: Detalhes completos registrados para VALE3|VALEM806 (Liquidez detectada)
src.infrastructure.providers.mercado_data_provider | DEBUG | RTD: preco_ativo VALE3=72.36 forçado com sucesso
src.infrastructure.providers.mercado_data_provider | DEBUG | RTD: Detalhes completos registrados para VULC3|VULCU975 (Liquidez detectada)
src.infrastructure.providers.mercado_data_provider | DEBUG | RTD: preco_ativo VULC3=14.04 forçado com sucesso
src.infrastructure.providers.mercado_data_provider | DEBUG | RTD: Detalhes completos registrados para PRIO3|PRIOV590 (Liquidez detectada)
src.infrastructure.providers.mercado_data_provider | DEBUG | RTD: preco_ativo PRIO3=58.60 forçado com sucesso
src.infrastructure.providers.mercado_data_provider | DEBUG | RTD: Detalhes completos registrados para POMO4|POMOT619 (Liquidez detectada)
src.infrastructure.providers.mercado_data_provider | DEBUG | RTD: preco_ativo POMO4=5.10 forçado com sucesso
src.ui.desktop.monitor_worker | INFO | Manutenção: novos books + prioridades em 0.16s
src.ui.desktop.monitor_worker | INFO | Ciclo: monitor=7.006s colar=0.000s cal=0.000s box=0.000s manut=0.160s mpp=0.000s total=7.166s
src.infrastructure.providers.mercado_data_provider | DEBUG | Varredura: _chaves_com_book=10946 _chaves_detalhes=10946
src.infrastructure.providers.mercado_data_provider | DEBUG | Varredura: sem_preco=0 sem_dados_rtd=69 chaves_com_book=10946
src.infrastructure.providers.mercado_data_provider | INFO | Varredura(F): monitor=38476 book=10877 | reg=0.000 ref=0.008 var=0.332 total=0.339 | inst_map=0.000 | onda2=1566(0.061) onda1=0(0.000) cab_skip=9380 status=0.208
src.application.use_cases.monitor_oportunidades | INFO | PipelineTracker BOX/SBTH: 10877 -> 10877 (viaveis=0)
src.application.use_cases.monitor_colares_calendario | INFO | PipelineTracker (COLLAR_CALENDARIO): 10877 -> 561
src.application.use_cases.monitor_colares_calendario | DEBUG | CollarCal PETR4: calls=39 puts=8
src.application.use_cases.monitor_colares_calendario | DEBUG | CollarCal PETR4 call: PETRH314 strike=30.36 dte=31 ocp=11.3800
src.application.use_cases.monitor_colares_calendario | DEBUG | CollarCal PETR4 call: PETRI532 strike=52.11 dte=59 ocp=0.1600
src.application.use_cases.monitor_colares_calendario | DEBUG | CollarCal PETR4 call: PETRH317 strike=30.61 dte=31 ocp=10.6500
src.application.use_cases.monitor_colares_calendario | DEBUG | CollarCal PETR4 call: PETRH344 strike=33.36 dte=31 ocp=8.6200
src.application.use_cases.monitor_colares_calendario | DEBUG | CollarCal PETR4 call: PETRI402 strike=39.11 dte=59 ocp=4.0000
src.application.use_cases.monitor_colares_calendario | DEBUG | CollarCal PETR4 call: PETRH434 strike=42.36 dte=31 ocp=1.3000
src.application.use_cases.monitor_colares_calendario | DEBUG | CollarCal PETR4 call: PETRH302 strike=29.11 dte=31 ocp=12.0600
src.application.use_cases.monitor_colares_calendario | DEBUG | CollarCal PETR4 call: PETRH46 strike=45.86 dte=31 ocp=0.3600
src.application.use_cases.monitor_colares_calendario | DEBUG | CollarCal PETR4 call: PETRH437 strike=42.61 dte=31 ocp=1.1900
src.application.use_cases.monitor_colares_calendario | DEBUG | CollarCal PETR4 call: PETRI312 strike=30.11 dte=59 ocp=12.0800
src.application.use_cases.monitor_colares_calendario | DEBUG | CollarCal PETR4 call: PETRI302 strike=29.11 dte=59 ocp=13.0500
src.application.use_cases.monitor_colares_calendario | DEBUG | CollarCal PETR4 call: PETRH362 strike=35.11 dte=31 ocp=6.9300
src.application.use_cases.monitor_colares_calendario | DEBUG | CollarCal PETR4 call: PETRI377 strike=36.61 dte=59 ocp=6.0200
src.application.use_cases.monitor_colares_calendario | DEBUG | CollarCal PETR4 call: PETRI392 strike=38.11 dte=59 ocp=4.7700
src.application.use_cases.monitor_colares_calendario | DEBUG | CollarCal PETR4 call: PETRH307 strike=29.61 dte=31 ocp=12.1100
src.application.use_cases.monitor_colares_calendario | DEBUG | CollarCal PETR4 call: PETRH367 strike=35.61 dte=31 ocp=6.4500
src.application.use_cases.monitor_colares_calendario | DEBUG | CollarCal PETR4 call: PETRH412 strike=40.11 dte=31 ocp=2.6000
src.application.use_cases.monitor_colares_calendario | DEBUG | CollarCal PETR4 call: PETRI364 strike=33.86 dte=59 ocp=8.5200
src.application.use_cases.monitor_colares_calendario | DEBUG | CollarCal PETR4 call: PETRI437 strike=42.61 dte=59 ocp=1.9000
src.application.use_cases.monitor_colares_calendario | DEBUG | CollarCal PETR4 call: PETRH462 strike=45.11 dte=31 ocp=0.4800
src.application.use_cases.monitor_colares_calendario | DEBUG | CollarCal PETR4 call: PETRH507 strike=49.61 dte=31 ocp=0.0900
src.application.use_cases.monitor_colares_calendario | DEBUG | CollarCal PETR4 call: PETRH459 strike=44.86 dte=31 ocp=0.5200
src.application.use_cases.monitor_colares_calendario | DEBUG | CollarCal PETR4 call: PETRH192 strike=18.11 dte=31 ocp=22.8900
src.application.use_cases.monitor_colares_calendario | DEBUG | CollarCal PETR4 call: PETRI396W1 strike=39.61 dte=45 ocp=2.3000
src.application.use_cases.monitor_colares_calendario | DEBUG | CollarCal PETR4 call: PETRI382 strike=37.11 dte=59 ocp=5.5900
src.application.use_cases.monitor_colares_calendario | DEBUG | CollarCal PETR4 call: PETRI327 strike=31.61 dte=59 ocp=10.6400
src.application.use_cases.monitor_colares_calendario | DEBUG | CollarCal PETR4 call: PETRH407 strike=39.61 dte=31 ocp=2.9600
src.application.use_cases.monitor_colares_calendario | DEBUG | CollarCal PETR4 call: PETRI646 strike=64.61 dte=59 ocp=0.0100
src.application.use_cases.monitor_colares_calendario | DEBUG | CollarCal PETR4 call: PETRI418 strike=40.86 dte=59 ocp=2.8300
src.application.use_cases.monitor_colares_calendario | DEBUG | CollarCal PETR4 call: PETRI2 strike=34.11 dte=59 ocp=8.2700
src.application.use_cases.monitor_colares_calendario | DEBUG | CollarCal PETR4 call: PETRH464 strike=45.36 dte=31 ocp=0.4300
src.application.use_cases.monitor_colares_calendario | DEBUG | CollarCal PETR4 call: PETRH532 strike=52.11 dte=31 ocp=0.0400
src.application.use_cases.monitor_colares_calendario | DEBUG | CollarCal PETR4 call: PETRI442 strike=43.11 dte=59 ocp=1.6900
src.application.use_cases.monitor_colares_calendario | DEBUG | CollarCal PETR4 call: PETRI4 strike=36.11 dte=59 ocp=6.4600
src.application.use_cases.monitor_colares_calendario | DEBUG | CollarCal PETR4 call: PETRH454 strike=44.36 dte=31 ocp=0.6300
src.application.use_cases.monitor_colares_calendario | DEBUG | CollarCal PETR4 call: PETRI388W1 strike=38.86 dte=45 ocp=2.9000
src.application.use_cases.monitor_colares_calendario | DEBUG | CollarCal PETR4 call: PETRI37 strike=34.61 dte=59 ocp=7.8100
src.application.use_cases.monitor_colares_calendario | DEBUG | CollarCal PETR4 call: PETRI502 strike=49.11 dte=59 ocp=0.3400
src.application.use_cases.monitor_colares_calendario | DEBUG | CollarCal PETR4 call: PETRI407 strike=39.61 dte=59 ocp=3.6400
src.application.use_cases.monitor_colares_calendario | DEBUG | CollarCal PETR4 put: PETRX462 strike=45.10 dte=150 ovd=5.8700
src.application.use_cases.monitor_colares_calendario | DEBUG | CollarCal PETR4 put: PETRW499 strike=49.35 dte=121 ovd=8.6800
src.application.use_cases.monitor_colares_calendario | DEBUG | CollarCal PETR4 put: PETRV42 strike=41.38 dte=87 ovd=2.2200
src.application.use_cases.monitor_colares_calendario | DEBUG | CollarCal PETR4 put: PETRX414 strike=40.35 dte=150 ovd=3.7000
src.application.use_cases.monitor_colares_calendario | DEBUG | CollarCal PETR4 put: PETRV469 strike=45.80 dte=87 ovd=6.4000
src.application.use_cases.monitor_colares_calendario | DEBUG | CollarCal PETR4 put: PETRV420 strike=42.05 dte=87 ovd=2.6000
src.application.use_cases.monitor_colares_calendario | DEBUG | CollarCal PETR4 put: PETRV36 strike=33.55 dte=87 ovd=0.3800
src.application.use_cases.monitor_colares_calendario | DEBUG | CollarCal PETR4 put: PETRX36 strike=35.35 dte=150 ovd=1.4800
src.ui.desktop.monitor_worker | INFO | Ciclo: monitor=5.098s colar=0.000s cal=1.134s box=0.000s manut=0.000s mpp=0.000s total=6.232s
src.infrastructure.providers.mercado_data_provider | DEBUG | Varredura: _chaves_com_book=10946 _chaves_detalhes=10946
src.infrastructure.providers.mercado_data_provider | DEBUG | Varredura: sem_preco=0 sem_dados_rtd=70 chaves_com_book=10946
src.infrastructure.providers.mercado_data_provider | INFO | Varredura(G): monitor=38476 book=10876 | reg=0.000 ref=0.018 var=0.897 total=0.915 | inst_map=0.005 | onda2=1446(0.157) onda1=0(0.000) cab_skip=9500 status=0.509
src.application.use_cases.monitor_oportunidades | INFO | PipelineTracker BOX/SBTH: 10876 -> 10876 (viaveis=0)
src.infrastructure.providers.mercado_data_provider | DEBUG | RTD: Detalhes completos registrados para XPBR31|XPBRU101 (Liquidez detectada)
src.infrastructure.providers.mercado_data_provider | DEBUG | RTD: preco_ativo XPBR31=84.81 forçado com sucesso
src.infrastructure.providers.mercado_data_provider | DEBUG | RTD: Detalhes completos registrados para WEGE3|WEGEW431 (Liquidez detectada)
src.infrastructure.providers.mercado_data_provider | DEBUG | RTD: preco_ativo WEGE3=42.65 forçado com sucesso
src.infrastructure.providers.mercado_data_provider | DEBUG | RTD: Detalhes completos registrados para WEGE3|WEGEV45 (Liquidez detectada)
src.infrastructure.providers.mercado_data_provider | DEBUG | RTD: preco_ativo WEGE3=42.65 forçado com sucesso
src.infrastructure.providers.mercado_data_provider | DEBUG | RTD: Detalhes completos registrados para WEGE3|WEGEV455 (Liquidez detectada)
src.infrastructure.providers.mercado_data_provider | DEBUG | RTD: preco_ativo WEGE3=42.65 forçado com sucesso
src.infrastructure.providers.mercado_data_provider | DEBUG | RTD: Detalhes completos registrados para KLBN11|KLBNV151 (Liquidez detectada)
src.infrastructure.providers.mercado_data_provider | DEBUG | RTD: preco_ativo KLBN11=17.45 forçado com sucesso
src.infrastructure.providers.mercado_data_provider | DEBUG | RTD: Detalhes completos registrados para WEGE3|WEGEV440 (Liquidez detectada)
src.infrastructure.providers.mercado_data_provider | DEBUG | RTD: preco_ativo WEGE3=42.65 forçado com sucesso
src.infrastructure.providers.mercado_data_provider | DEBUG | RTD: Detalhes completos registrados para USIM5|USIMT495 (Liquidez detectada)
src.infrastructure.providers.mercado_data_provider | DEBUG | RTD: preco_ativo USIM5=8.42 forçado com sucesso
src.infrastructure.providers.mercado_data_provider | DEBUG | RTD: Detalhes completos registrados para WIZC3|WIZCU872 (Liquidez detectada)
src.infrastructure.providers.mercado_data_provider | DEBUG | RTD: preco_ativo WIZC3=8.22 forçado com sucesso
src.infrastructure.providers.mercado_data_provider | DEBUG | RTD: Detalhes completos registrados para TAEE11|TAEEV381 (Liquidez detectada)
src.infrastructure.providers.mercado_data_provider | DEBUG | RTD: preco_ativo TAEE11=41.20 forçado com sucesso
src.infrastructure.providers.mercado_data_provider | DEBUG | RTD: Detalhes completos registrados para VALE3|VALEM591 (Liquidez detectada)
src.infrastructure.providers.mercado_data_provider | DEBUG | RTD: preco_ativo VALE3=72.36 forçado com sucesso
src.infrastructure.providers.mercado_data_provider | DEBUG | RTD: Detalhes completos registrados para SUZB3|SUZBV453 (Liquidez detectada)
src.infrastructure.providers.mercado_data_provider | DEBUG | RTD: preco_ativo SUZB3=41.54 forçado com sucesso
src.infrastructure.providers.mercado_data_provider | DEBUG | RTD: Detalhes completos registrados para CSAN3|CSANT435 (Liquidez detectada)
src.infrastructure.providers.mercado_data_provider | DEBUG | RTD: preco_ativo CSAN3=3.78 forçado com sucesso
src.ui.desktop.monitor_worker | INFO | Manutenção: novos books + prioridades em 0.81s
src.ui.desktop.monitor_worker | INFO | Ciclo: monitor=13.203s colar=0.000s cal=0.000s box=0.000s manut=0.814s mpp=0.000s total=14.017s
src.infrastructure.providers.mercado_data_provider | DEBUG | Varredura: _chaves_com_book=10958 _chaves_detalhes=10958
src.infrastructure.providers.mercado_data_provider | DEBUG | Varredura: sem_preco=0 sem_dados_rtd=71 chaves_com_book=10958
src.infrastructure.providers.mercado_data_provider | INFO | Varredura(F): monitor=38476 book=10887 | reg=0.000 ref=0.014 var=0.827 total=0.841 | inst_map=0.000 | onda2=1696(0.127) onda1=0(0.000) cab_skip=9262 status=0.485
src.application.use_cases.monitor_oportunidades | INFO | PipelineTracker BOX/SBTH: 10887 -> 10887 (viaveis=0)
src.ui.desktop.monitor_worker | INFO | Ciclo: monitor=11.377s colar=0.002s cal=0.000s box=0.000s manut=0.000s mpp=0.000s total=11.379s
src.infrastructure.providers.mercado_data_provider | DEBUG | Varredura: _chaves_com_book=10958 _chaves_detalhes=10958
src.infrastructure.providers.mercado_data_provider | DEBUG | Varredura: sem_preco=0 sem_dados_rtd=73 chaves_com_book=10958
src.infrastructure.providers.mercado_data_provider | INFO | Varredura(F): monitor=38476 book=10885 | reg=0.000 ref=0.029 var=0.650 total=0.678 | inst_map=0.004 | onda2=2296(0.142) onda1=0(0.000) cab_skip=8662 status=0.353
src.application.use_cases.monitor_oportunidades | INFO | PipelineTracker BOX/SBTH: 10885 -> 10885 (viaveis=0)
src.application.use_cases.monitor_colares_calendario | INFO | PipelineTracker (COLLAR_CALENDARIO): 10885 -> 604
src.application.use_cases.monitor_colares_calendario | DEBUG | CollarCal PETR4: calls=44 puts=9
src.application.use_cases.monitor_colares_calendario | DEBUG | CollarCal PETR4 call: PETRH314 strike=30.36 dte=31 ocp=11.3800
src.application.use_cases.monitor_colares_calendario | DEBUG | CollarCal PETR4 call: PETRI532 strike=52.11 dte=59 ocp=0.1600
src.application.use_cases.monitor_colares_calendario | DEBUG | CollarCal PETR4 call: PETRH317 strike=30.61 dte=31 ocp=10.6500
src.application.use_cases.monitor_colares_calendario | DEBUG | CollarCal PETR4 call: PETRH344 strike=33.36 dte=31 ocp=8.6300
src.application.use_cases.monitor_colares_calendario | DEBUG | CollarCal PETR4 call: PETRI402 strike=39.11 dte=59 ocp=4.0000
src.application.use_cases.monitor_colares_calendario | DEBUG | CollarCal PETR4 call: PETRH434 strike=42.36 dte=31 ocp=1.3100
src.application.use_cases.monitor_colares_calendario | DEBUG | CollarCal PETR4 call: PETRH302 strike=29.11 dte=31 ocp=12.0600
src.application.use_cases.monitor_colares_calendario | DEBUG | CollarCal PETR4 call: PETRH46 strike=45.86 dte=31 ocp=0.3600
src.application.use_cases.monitor_colares_calendario | DEBUG | CollarCal PETR4 call: PETRH437 strike=42.61 dte=31 ocp=1.2000
src.application.use_cases.monitor_colares_calendario | DEBUG | CollarCal PETR4 call: PETRI312 strike=30.11 dte=59 ocp=12.1000
src.application.use_cases.monitor_colares_calendario | DEBUG | CollarCal PETR4 call: PETRI302 strike=29.11 dte=59 ocp=13.0600
src.application.use_cases.monitor_colares_calendario | DEBUG | CollarCal PETR4 call: PETRH362 strike=35.11 dte=31 ocp=6.9400
src.application.use_cases.monitor_colares_calendario | DEBUG | CollarCal PETR4 call: PETRI377 strike=36.61 dte=59 ocp=6.0200
src.application.use_cases.monitor_colares_calendario | DEBUG | CollarCal PETR4 call: PETRI392 strike=38.11 dte=59 ocp=4.7700
src.application.use_cases.monitor_colares_calendario | DEBUG | CollarCal PETR4 call: PETRH307 strike=29.61 dte=31 ocp=12.1100
src.application.use_cases.monitor_colares_calendario | DEBUG | CollarCal PETR4 call: PETRH367 strike=35.61 dte=31 ocp=6.4600
src.application.use_cases.monitor_colares_calendario | DEBUG | CollarCal PETR4 call: PETRH412 strike=40.11 dte=31 ocp=2.6000
src.application.use_cases.monitor_colares_calendario | DEBUG | CollarCal PETR4 call: PETRI364 strike=33.86 dte=59 ocp=8.5200
src.application.use_cases.monitor_colares_calendario | DEBUG | CollarCal PETR4 call: PETRI437 strike=42.61 dte=59 ocp=1.9000
src.application.use_cases.monitor_colares_calendario | DEBUG | CollarCal PETR4 call: PETRH462 strike=45.11 dte=31 ocp=0.4800
src.application.use_cases.monitor_colares_calendario | DEBUG | CollarCal PETR4 call: PETRH507 strike=49.61 dte=31 ocp=0.0900
src.application.use_cases.monitor_colares_calendario | DEBUG | CollarCal PETR4 call: PETRH459 strike=44.86 dte=31 ocp=0.5300
src.application.use_cases.monitor_colares_calendario | DEBUG | CollarCal PETR4 call: PETRH192 strike=18.11 dte=31 ocp=22.8900
src.application.use_cases.monitor_colares_calendario | DEBUG | CollarCal PETR4 call: PETRI396W1 strike=39.61 dte=45 ocp=2.3000
src.application.use_cases.monitor_colares_calendario | DEBUG | CollarCal PETR4 call: PETRI382 strike=37.11 dte=59 ocp=5.6000
src.application.use_cases.monitor_colares_calendario | DEBUG | CollarCal PETR4 call: PETRI327 strike=31.61 dte=59 ocp=10.6500
src.application.use_cases.monitor_colares_calendario | DEBUG | CollarCal PETR4 call: PETRH407 strike=39.61 dte=31 ocp=2.9700
src.application.use_cases.monitor_colares_calendario | DEBUG | CollarCal PETR4 call: PETRI646 strike=64.61 dte=59 ocp=0.0100
src.application.use_cases.monitor_colares_calendario | DEBUG | CollarCal PETR4 call: PETRI418 strike=40.86 dte=59 ocp=2.8300
src.application.use_cases.monitor_colares_calendario | DEBUG | CollarCal PETR4 call: PETRI2 strike=34.11 dte=59 ocp=8.2900
src.application.use_cases.monitor_colares_calendario | DEBUG | CollarCal PETR4 call: PETRH464 strike=45.36 dte=31 ocp=0.4400
src.application.use_cases.monitor_colares_calendario | DEBUG | CollarCal PETR4 call: PETRH532 strike=52.11 dte=31 ocp=0.0400
src.application.use_cases.monitor_colares_calendario | DEBUG | CollarCal PETR4 call: PETRI442 strike=43.11 dte=59 ocp=1.6900
src.application.use_cases.monitor_colares_calendario | DEBUG | CollarCal PETR4 call: PETRI4 strike=36.11 dte=59 ocp=6.4600
src.application.use_cases.monitor_colares_calendario | DEBUG | CollarCal PETR4 call: PETRH454 strike=44.36 dte=31 ocp=0.6400
src.application.use_cases.monitor_colares_calendario | DEBUG | CollarCal PETR4 call: PETRI388W1 strike=38.86 dte=45 ocp=2.9000
src.application.use_cases.monitor_colares_calendario | DEBUG | CollarCal PETR4 call: PETRI37 strike=34.61 dte=59 ocp=7.8200
src.application.use_cases.monitor_colares_calendario | DEBUG | CollarCal PETR4 call: PETRH404 strike=39.36 dte=31 ocp=3.1500
src.application.use_cases.monitor_colares_calendario | DEBUG | CollarCal PETR4 call: PETRI502 strike=49.11 dte=59 ocp=0.3400
src.application.use_cases.monitor_colares_calendario | DEBUG | CollarCal PETR4 call: PETRH537 strike=52.61 dte=31 ocp=0.0400
src.application.use_cases.monitor_colares_calendario | DEBUG | CollarCal PETR4 call: PETRI407 strike=39.61 dte=59 ocp=3.6500
src.application.use_cases.monitor_colares_calendario | DEBUG | CollarCal PETR4 call: PETRH347 strike=33.61 dte=31 ocp=8.3800
src.application.use_cases.monitor_colares_calendario | DEBUG | CollarCal PETR4 call: PETRH339 strike=32.86 dte=31 ocp=9.1100
src.application.use_cases.monitor_colares_calendario | DEBUG | CollarCal PETR4 call: PETRH365 strike=34.61 dte=31 ocp=7.4000
src.application.use_cases.monitor_colares_calendario | DEBUG | CollarCal PETR4 put: PETRX462 strike=45.10 dte=150 ovd=5.8700
src.application.use_cases.monitor_colares_calendario | DEBUG | CollarCal PETR4 put: PETRW499 strike=49.35 dte=121 ovd=8.6800
src.application.use_cases.monitor_colares_calendario | DEBUG | CollarCal PETR4 put: PETRV42 strike=41.38 dte=87 ovd=2.2200
src.application.use_cases.monitor_colares_calendario | DEBUG | CollarCal PETR4 put: PETRX414 strike=40.35 dte=150 ovd=3.7000
src.application.use_cases.monitor_colares_calendario | DEBUG | CollarCal PETR4 put: PETRV469 strike=45.80 dte=87 ovd=6.4000
src.application.use_cases.monitor_colares_calendario | DEBUG | CollarCal PETR4 put: PETRV420 strike=42.05 dte=87 ovd=2.6000
src.application.use_cases.monitor_colares_calendario | DEBUG | CollarCal PETR4 put: PETRV36 strike=33.55 dte=87 ovd=0.3800
src.application.use_cases.monitor_colares_calendario | DEBUG | CollarCal PETR4 put: PETRX36 strike=35.35 dte=150 ovd=1.4800
src.application.use_cases.monitor_colares_calendario | DEBUG | CollarCal PETR4 put: PETRW47 strike=46.60 dte=121 ovd=6.8100
src.infrastructure.providers.mercado_data_provider | DEBUG | RTD: Detalhes completos registrados para WIZC3|WIZCU772 (Liquidez detectada)
src.infrastructure.providers.mercado_data_provider | DEBUG | RTD: preco_ativo WIZC3=8.22 forçado com sucesso
src.infrastructure.providers.mercado_data_provider | DEBUG | RTD: Detalhes completos registrados para SOJA3|SOJAU530 (Liquidez detectada)
src.infrastructure.providers.mercado_data_provider | DEBUG | RTD: preco_ativo SOJA3=5.77 forçado com sucesso
src.ui.desktop.monitor_worker | INFO | Manutenção: novos books + prioridades em 0.10s
src.ui.desktop.monitor_worker | INFO | Ciclo: monitor=6.354s colar=0.000s cal=0.629s box=0.000s manut=0.105s mpp=0.000s total=7.088s
src.infrastructure.providers.mercado_data_provider | DEBUG | Varredura: _chaves_com_book=10960 _chaves_detalhes=10960
src.infrastructure.providers.mercado_data_provider | DEBUG | Varredura: sem_preco=0 sem_dados_rtd=71 chaves_com_book=10960
src.infrastructure.providers.mercado_data_provider | INFO | Varredura(F): monitor=38476 book=10889 | reg=0.000 ref=0.007 var=0.343 total=0.351 | inst_map=0.000 | onda2=2247(0.087) onda1=0(0.000) cab_skip=8713 status=0.211
src.application.use_cases.monitor_oportunidades | INFO | PipelineTracker BOX/SBTH: 10889 -> 10889 (viaveis=0)
src.ui.desktop.monitor_worker | INFO | Ciclo: monitor=5.123s colar=0.000s cal=0.000s box=0.000s manut=0.000s mpp=0.000s total=5.123s
src.infrastructure.providers.mercado_data_provider | DEBUG | Varredura: _chaves_com_book=10960 _chaves_detalhes=10960
src.infrastructure.providers.mercado_data_provider | DEBUG | Varredura: sem_preco=0 sem_dados_rtd=71 chaves_com_book=10960
src.infrastructure.providers.mercado_data_provider | INFO | Varredura(F): monitor=38476 book=10889 | reg=0.000 ref=0.006 var=0.264 total=0.270 | inst_map=0.000 | onda2=2102(0.064) onda1=0(0.000) cab_skip=8858 status=0.169
src.application.use_cases.monitor_oportunidades | INFO | PipelineTracker BOX/SBTH: 10889 -> 10889 (viaveis=0)
src.infrastructure.providers.mercado_data_provider | DEBUG | RTD: Detalhes completos registrados para ALOS3|ALOSX242 (Liquidez detectada)
src.infrastructure.providers.mercado_data_provider | DEBUG | RTD: preco_ativo ALOS3=26.97 forçado com sucesso
src.ui.desktop.monitor_worker | INFO | Manutenção: novos books + prioridades em 0.04s
src.ui.desktop.monitor_worker | INFO | Ciclo: monitor=4.221s colar=0.000s cal=0.000s box=0.000s manut=0.045s mpp=0.000s total=4.266s
src.infrastructure.providers.mercado_data_provider | DEBUG | Varredura: _chaves_com_book=10961 _chaves_detalhes=10961
src.infrastructure.providers.mercado_data_provider | DEBUG | Varredura: sem_preco=0 sem_dados_rtd=76 chaves_com_book=10961
src.infrastructure.providers.mercado_data_provider | INFO | Varredura(F): monitor=38476 book=10885 | reg=0.000 ref=0.015 var=0.277 total=0.292 | inst_map=0.000 | onda2=2623(0.082) onda1=0(0.000) cab_skip=8338 status=0.163
src.application.use_cases.monitor_oportunidades | INFO | PipelineTracker BOX/SBTH: 10885 -> 10885 (viaveis=0)
src.application.use_cases.monitor_colares_calendario | INFO | PipelineTracker (COLLAR_CALENDARIO): 10885 -> 639
src.application.use_cases.monitor_colares_calendario | DEBUG | CollarCal PETR4: calls=53 puts=9
src.application.use_cases.monitor_colares_calendario | DEBUG | CollarCal PETR4 call: PETRH314 strike=30.36 dte=31 ocp=11.3800
src.application.use_cases.monitor_colares_calendario | DEBUG | CollarCal PETR4 call: PETRI532 strike=52.11 dte=59 ocp=0.1600
src.application.use_cases.monitor_colares_calendario | DEBUG | CollarCal PETR4 call: PETRH317 strike=30.61 dte=31 ocp=10.6500
src.application.use_cases.monitor_colares_calendario | DEBUG | CollarCal PETR4 call: PETRH344 strike=33.36 dte=31 ocp=8.6200
src.application.use_cases.monitor_colares_calendario | DEBUG | CollarCal PETR4 call: PETRI402 strike=39.11 dte=59 ocp=4.0100
src.application.use_cases.monitor_colares_calendario | DEBUG | CollarCal PETR4 call: PETRH434 strike=42.36 dte=31 ocp=1.3100
src.application.use_cases.monitor_colares_calendario | DEBUG | CollarCal PETR4 call: PETRH302 strike=29.11 dte=31 ocp=12.0600
src.application.use_cases.monitor_colares_calendario | DEBUG | CollarCal PETR4 call: PETRH46 strike=45.86 dte=31 ocp=0.3600
src.application.use_cases.monitor_colares_calendario | DEBUG | CollarCal PETR4 call: PETRH437 strike=42.61 dte=31 ocp=1.2000
src.application.use_cases.monitor_colares_calendario | DEBUG | CollarCal PETR4 call: PETRI312 strike=30.11 dte=59 ocp=12.0900
src.application.use_cases.monitor_colares_calendario | DEBUG | CollarCal PETR4 call: PETRI302 strike=29.11 dte=59 ocp=13.0600
src.application.use_cases.monitor_colares_calendario | DEBUG | CollarCal PETR4 call: PETRH362 strike=35.11 dte=31 ocp=6.9300
src.application.use_cases.monitor_colares_calendario | DEBUG | CollarCal PETR4 call: PETRI377 strike=36.61 dte=59 ocp=6.0300
src.application.use_cases.monitor_colares_calendario | DEBUG | CollarCal PETR4 call: PETRI392 strike=38.11 dte=59 ocp=4.7700
src.application.use_cases.monitor_colares_calendario | DEBUG | CollarCal PETR4 call: PETRH307 strike=29.61 dte=31 ocp=12.1100
src.application.use_cases.monitor_colares_calendario | DEBUG | CollarCal PETR4 call: PETRH367 strike=35.61 dte=31 ocp=6.4500
src.application.use_cases.monitor_colares_calendario | DEBUG | CollarCal PETR4 call: PETRH412 strike=40.11 dte=31 ocp=2.6100
src.application.use_cases.monitor_colares_calendario | DEBUG | CollarCal PETR4 call: PETRI364 strike=33.86 dte=59 ocp=8.5100
src.application.use_cases.monitor_colares_calendario | DEBUG | CollarCal PETR4 call: PETRI437 strike=42.61 dte=59 ocp=1.9100
src.application.use_cases.monitor_colares_calendario | DEBUG | CollarCal PETR4 call: PETRH462 strike=45.11 dte=31 ocp=0.4800
src.application.use_cases.monitor_colares_calendario | DEBUG | CollarCal PETR4 call: PETRH507 strike=49.61 dte=31 ocp=0.0900
src.application.use_cases.monitor_colares_calendario | DEBUG | CollarCal PETR4 call: PETRH459 strike=44.86 dte=31 ocp=0.5300
src.application.use_cases.monitor_colares_calendario | DEBUG | CollarCal PETR4 call: PETRH192 strike=18.11 dte=31 ocp=22.8900
src.application.use_cases.monitor_colares_calendario | DEBUG | CollarCal PETR4 call: PETRI396W1 strike=39.61 dte=45 ocp=2.3000
src.application.use_cases.monitor_colares_calendario | DEBUG | CollarCal PETR4 call: PETRI382 strike=37.11 dte=59 ocp=5.6000
src.application.use_cases.monitor_colares_calendario | DEBUG | CollarCal PETR4 call: PETRI327 strike=31.61 dte=59 ocp=10.6500
src.application.use_cases.monitor_colares_calendario | DEBUG | CollarCal PETR4 call: PETRH407 strike=39.61 dte=31 ocp=2.9700
src.application.use_cases.monitor_colares_calendario | DEBUG | CollarCal PETR4 call: PETRI646 strike=64.61 dte=59 ocp=0.0100
src.application.use_cases.monitor_colares_calendario | DEBUG | CollarCal PETR4 call: PETRI418 strike=40.86 dte=59 ocp=2.8300
src.application.use_cases.monitor_colares_calendario | DEBUG | CollarCal PETR4 call: PETRI2 strike=34.11 dte=59 ocp=8.2800
src.application.use_cases.monitor_colares_calendario | DEBUG | CollarCal PETR4 call: PETRH464 strike=45.36 dte=31 ocp=0.4300
src.application.use_cases.monitor_colares_calendario | DEBUG | CollarCal PETR4 call: PETRH532 strike=52.11 dte=31 ocp=0.0400
src.application.use_cases.monitor_colares_calendario | DEBUG | CollarCal PETR4 call: PETRI442 strike=43.11 dte=59 ocp=1.6900
src.application.use_cases.monitor_colares_calendario | DEBUG | CollarCal PETR4 call: PETRI4 strike=36.11 dte=59 ocp=6.4600
src.application.use_cases.monitor_colares_calendario | DEBUG | CollarCal PETR4 call: PETRH454 strike=44.36 dte=31 ocp=0.6400
src.application.use_cases.monitor_colares_calendario | DEBUG | CollarCal PETR4 call: PETRI388W1 strike=38.86 dte=45 ocp=2.9000
src.application.use_cases.monitor_colares_calendario | DEBUG | CollarCal PETR4 call: PETRI37 strike=34.61 dte=59 ocp=7.8100
src.application.use_cases.monitor_colares_calendario | DEBUG | CollarCal PETR4 call: PETRH404 strike=39.36 dte=31 ocp=3.1600
src.application.use_cases.monitor_colares_calendario | DEBUG | CollarCal PETR4 call: PETRI502 strike=49.11 dte=59 ocp=0.3400
src.application.use_cases.monitor_colares_calendario | DEBUG | CollarCal PETR4 call: PETRI587 strike=57.61 dte=59 ocp=0.0500
src.application.use_cases.monitor_colares_calendario | DEBUG | CollarCal PETR4 call: PETRI39 strike=38.86 dte=59 ocp=4.1900
src.application.use_cases.monitor_colares_calendario | DEBUG | CollarCal PETR4 call: PETRI380 strike=35.61 dte=59 ocp=6.9000
src.application.use_cases.monitor_colares_calendario | DEBUG | CollarCal PETR4 call: PETRH327 strike=31.61 dte=31 ocp=10.2300
src.application.use_cases.monitor_colares_calendario | DEBUG | CollarCal PETR4 call: PETRH537 strike=52.61 dte=31 ocp=0.0400
src.application.use_cases.monitor_colares_calendario | DEBUG | CollarCal PETR4 call: PETRH567 strike=55.61 dte=31 ocp=0.0200
src.application.use_cases.monitor_colares_calendario | DEBUG | CollarCal PETR4 call: PETRH419 strike=40.86 dte=31 ocp=2.1100
src.application.use_cases.monitor_colares_calendario | DEBUG | CollarCal PETR4 call: PETRI407 strike=39.61 dte=59 ocp=3.6500
src.application.use_cases.monitor_colares_calendario | DEBUG | CollarCal PETR4 call: PETRH347 strike=33.61 dte=31 ocp=8.3800
src.application.use_cases.monitor_colares_calendario | DEBUG | CollarCal PETR4 call: PETRH339 strike=32.86 dte=31 ocp=9.1100
src.application.use_cases.monitor_colares_calendario | DEBUG | CollarCal PETR4 call: PETRH466 strike=46.11 dte=31 ocp=0.3300
src.application.use_cases.monitor_colares_calendario | DEBUG | CollarCal PETR4 call: PETRH365 strike=34.61 dte=31 ocp=7.4100
src.application.use_cases.monitor_colares_calendario | DEBUG | CollarCal PETR4 call: PETRI472 strike=46.11 dte=59 ocp=0.7700
src.application.use_cases.monitor_colares_calendario | DEBUG | CollarCal PETR4 call: PETRI444 strike=43.36 dte=59 ocp=1.5900
src.application.use_cases.monitor_colares_calendario | DEBUG | CollarCal PETR4 put: PETRX462 strike=45.10 dte=150 ovd=5.8700
src.application.use_cases.monitor_colares_calendario | DEBUG | CollarCal PETR4 put: PETRW499 strike=49.35 dte=121 ovd=8.6800
src.application.use_cases.monitor_colares_calendario | DEBUG | CollarCal PETR4 put: PETRV42 strike=41.38 dte=87 ovd=2.2200
src.application.use_cases.monitor_colares_calendario | DEBUG | CollarCal PETR4 put: PETRX414 strike=40.35 dte=150 ovd=3.7000
src.application.use_cases.monitor_colares_calendario | DEBUG | CollarCal PETR4 put: PETRV469 strike=45.80 dte=87 ovd=6.4000
src.application.use_cases.monitor_colares_calendario | DEBUG | CollarCal PETR4 put: PETRV420 strike=42.05 dte=87 ovd=2.6000
src.application.use_cases.monitor_colares_calendario | DEBUG | CollarCal PETR4 put: PETRV36 strike=33.55 dte=87 ovd=0.3800
src.application.use_cases.monitor_colares_calendario | DEBUG | CollarCal PETR4 put: PETRX36 strike=35.35 dte=150 ovd=1.4800
src.application.use_cases.monitor_colares_calendario | DEBUG | CollarCal PETR4 put: PETRW47 strike=46.60 dte=121 ovd=6.8100
src.ui.desktop.monitor_worker | INFO | Ciclo: monitor=6.125s colar=0.000s cal=0.426s box=0.000s manut=0.000s mpp=0.000s total=6.551s
src.infrastructure.providers.mercado_data_provider | DEBUG | Varredura: _chaves_com_book=10961 _chaves_detalhes=10961
src.infrastructure.providers.mercado_data_provider | DEBUG | Varredura: sem_preco=0 sem_dados_rtd=72 chaves_com_book=10961
src.infrastructure.providers.mercado_data_provider | INFO | Varredura(F): monitor=38476 book=10889 | reg=0.000 ref=0.009 var=0.345 total=0.353 | inst_map=0.005 | onda2=1663(0.071) onda1=0(0.000) cab_skip=9298 status=0.219
src.application.use_cases.monitor_oportunidades | INFO | PipelineTracker BOX/SBTH: 10889 -> 10889 (viaveis=0)
src.infrastructure.providers.mercado_data_provider | DEBUG | RTD: Detalhes completos registrados para AXIA3|AXIAX462 (Liquidez detectada)
src.infrastructure.providers.mercado_data_provider | DEBUG | RTD: preco_ativo AXIA3=50.26 forçado com sucesso
src.infrastructure.providers.mercado_data_provider | INFO | Background scan: ciclo completo. Total monitorados: 38476
src.ui.desktop.monitor_worker | INFO | Manutenção: novos books + prioridades em 0.15s
src.ui.desktop.monitor_worker | INFO | Ciclo: monitor=6.029s colar=0.000s cal=0.000s box=0.000s manut=0.146s mpp=0.000s total=6.175s
src.infrastructure.providers.mercado_data_provider | DEBUG | Varredura: _chaves_com_book=10962 _chaves_detalhes=10962
src.infrastructure.providers.mercado_data_provider | DEBUG | Varredura: sem_preco=0 sem_dados_rtd=72 chaves_com_book=10962
src.infrastructure.providers.mercado_data_provider | INFO | Varredura(F): monitor=38476 book=10890 | reg=0.000 ref=0.004 var=0.280 total=0.284 | inst_map=0.000 | onda2=983(0.036) onda1=0(0.000) cab_skip=9979 status=0.209
src.application.use_cases.monitor_oportunidades | INFO | PipelineTracker BOX/SBTH: 10890 -> 10890 (viaveis=0)
src.ui.desktop.monitor_worker | INFO | Ciclo: monitor=7.057s colar=0.000s cal=0.000s box=0.000s manut=0.000s mpp=0.000s total=7.057s
src.infrastructure.providers.mercado_data_provider | DEBUG | Varredura: _chaves_com_book=10962 _chaves_detalhes=10962
src.infrastructure.providers.mercado_data_provider | DEBUG | Varredura: sem_preco=0 sem_dados_rtd=72 chaves_com_book=10962
src.infrastructure.providers.mercado_data_provider | INFO | Varredura(F): monitor=38476 book=10890 | reg=0.000 ref=0.007 var=0.626 total=0.633 | inst_map=0.000 | onda2=993(0.077) onda1=0(0.000) cab_skip=9969 status=0.409
src.application.use_cases.monitor_oportunidades | INFO | PipelineTracker BOX/SBTH: 10890 -> 10890 (viaveis=0)
src.application.use_cases.monitor_colares_calendario | INFO | PipelineTracker (COLLAR_CALENDARIO): 10890 -> 746
src.application.use_cases.monitor_colares_calendario | DEBUG | CollarCal PETR4: calls=107 puts=20
src.application.use_cases.monitor_colares_calendario | DEBUG | CollarCal PETR4 call: PETRH314 strike=30.36 dte=31 ocp=11.3800
src.application.use_cases.monitor_colares_calendario | DEBUG | CollarCal PETR4 call: PETRI369 strike=34.36 dte=59 ocp=8.0500
src.application.use_cases.monitor_colares_calendario | DEBUG | CollarCal PETR4 call: PETRI332 strike=32.11 dte=59 ocp=10.1700
src.application.use_cases.monitor_colares_calendario | DEBUG | CollarCal PETR4 call: PETRH484 strike=47.36 dte=31 ocp=0.2100
src.application.use_cases.monitor_colares_calendario | DEBUG | CollarCal PETR4 call: PETRI319 strike=30.86 dte=59 ocp=11.3700
src.application.use_cases.monitor_colares_calendario | DEBUG | CollarCal PETR4 call: PETRH499 strike=48.86 dte=31 ocp=0.1200
src.application.use_cases.monitor_colares_calendario | DEBUG | CollarCal PETR4 call: PETRI552 strike=54.11 dte=59 ocp=0.1000
src.application.use_cases.monitor_colares_calendario | DEBUG | CollarCal PETR4 call: PETRI452 strike=44.11 dte=59 ocp=1.3100
src.application.use_cases.monitor_colares_calendario | DEBUG | CollarCal PETR4 call: PETRI457 strike=44.61 dte=59 ocp=1.1500
src.application.use_cases.monitor_colares_calendario | DEBUG | CollarCal PETR4 call: PETRH494 strike=48.36 dte=31 ocp=0.1400
src.application.use_cases.monitor_colares_calendario | DEBUG | CollarCal PETR4 call: PETRI374 strike=34.86 dte=59 ocp=7.5900
src.application.use_cases.monitor_colares_calendario | DEBUG | CollarCal PETR4 call: PETRI497 strike=48.61 dte=59 ocp=0.3900
src.application.use_cases.monitor_colares_calendario | DEBUG | CollarCal PETR4 call: PETRH542 strike=53.11 dte=31 ocp=0.0300
src.application.use_cases.monitor_colares_calendario | DEBUG | CollarCal PETR4 call: PETRI479 strike=46.86 dte=59 ocp=0.6300
src.application.use_cases.monitor_colares_calendario | DEBUG | CollarCal PETR4 call: PETRI532 strike=52.11 dte=59 ocp=0.1600
src.application.use_cases.monitor_colares_calendario | DEBUG | CollarCal PETR4 call: PETRI378 strike=36.86 dte=59 ocp=5.8100
src.application.use_cases.monitor_colares_calendario | DEBUG | CollarCal PETR4 call: PETRH9 strike=49.86 dte=31 ocp=0.0900
src.application.use_cases.monitor_colares_calendario | DEBUG | CollarCal PETR4 call: PETRI562 strike=55.11 dte=59 ocp=0.0900
src.application.use_cases.monitor_colares_calendario | DEBUG | CollarCal PETR4 call: PETRI403W2 strike=40.36 dte=52 ocp=1.8300
src.application.use_cases.monitor_colares_calendario | DEBUG | CollarCal PETR4 call: PETRI384 strike=35.86 dte=59 ocp=6.6800
src.application.use_cases.monitor_colares_calendario | DEBUG | CollarCal PETR4 call: PETRI517 strike=50.61 dte=59 ocp=0.2300
src.application.use_cases.monitor_colares_calendario | DEBUG | CollarCal PETR4 call: PETRH417 strike=40.61 dte=31 ocp=2.2700
src.application.use_cases.monitor_colares_calendario | DEBUG | CollarCal PETR4 call: PETRI447 strike=43.61 dte=59 ocp=1.4900
src.application.use_cases.monitor_colares_calendario | DEBUG | CollarCal PETR4 call: PETRI383 strike=37.36 dte=59 ocp=5.3800
src.application.use_cases.monitor_colares_calendario | DEBUG | CollarCal PETR4 call: PETRH457 strike=44.61 dte=31 ocp=0.5800
src.application.use_cases.monitor_colares_calendario | DEBUG | CollarCal PETR4 call: PETRI464 strike=45.36 dte=59 ocp=0.9400
src.application.use_cases.monitor_colares_calendario | DEBUG | CollarCal PETR4 call: PETRH317 strike=30.61 dte=31 ocp=10.6500
src.application.use_cases.monitor_colares_calendario | DEBUG | CollarCal PETR4 call: PETRH399 strike=38.86 dte=31 ocp=3.5500
src.application.use_cases.monitor_colares_calendario | DEBUG | CollarCal PETR4 call: PETRH467 strike=45.61 dte=31 ocp=0.4000
src.application.use_cases.monitor_colares_calendario | DEBUG | CollarCal PETR4 call: PETRH477 strike=46.61 dte=31 ocp=0.2700
src.application.use_cases.monitor_colares_calendario | DEBUG | CollarCal PETR4 call: PETRH444 strike=43.36 dte=31 ocp=0.9200
src.application.use_cases.monitor_colares_calendario | DEBUG | CollarCal PETR4 call: PETRI397 strike=38.61 dte=59 ocp=4.3800
src.application.use_cases.monitor_colares_calendario | DEBUG | CollarCal PETR4 call: PETRH474 strike=46.86 dte=31 ocp=0.2500
src.application.use_cases.monitor_colares_calendario | DEBUG | CollarCal PETR4 call: PETRH512 strike=50.11 dte=31 ocp=0.0800
src.application.use_cases.monitor_colares_calendario | DEBUG | CollarCal PETR4 call: PETRH344 strike=33.36 dte=31 ocp=8.6200
src.application.use_cases.monitor_colares_calendario | DEBUG | CollarCal PETR4 call: PETRH562 strike=55.11 dte=31 ocp=0.0200
src.application.use_cases.monitor_colares_calendario | DEBUG | CollarCal PETR4 call: PETRH409 strike=39.86 dte=31 ocp=2.7800
src.application.use_cases.monitor_colares_calendario | DEBUG | CollarCal PETR4 call: PETRH500 strike=43.11 dte=31 ocp=1.0100
src.application.use_cases.monitor_colares_calendario | DEBUG | CollarCal PETR4 call: PETRI487 strike=47.61 dte=59 ocp=0.5100
src.application.use_cases.monitor_colares_calendario | DEBUG | CollarCal PETR4 call: PETRH2 strike=49.36 dte=31 ocp=0.1000
src.application.use_cases.monitor_colares_calendario | DEBUG | CollarCal PETR4 call: PETRI617 strike=60.61 dte=59 ocp=0.0300
src.application.use_cases.monitor_colares_calendario | DEBUG | CollarCal PETR4 call: PETRH364 strike=35.36 dte=31 ocp=6.6900
src.application.use_cases.monitor_colares_calendario | DEBUG | CollarCal PETR4 call: PETRH427 strike=41.61 dte=31 ocp=1.6700
src.application.use_cases.monitor_colares_calendario | DEBUG | CollarCal PETR4 call: PETRI402 strike=39.11 dte=59 ocp=4.0000
src.application.use_cases.monitor_colares_calendario | DEBUG | CollarCal PETR4 call: PETRH497 strike=48.61 dte=31 ocp=0.1300
src.application.use_cases.monitor_colares_calendario | DEBUG | CollarCal PETR4 call: PETRH428W4 strike=42.86 dte=38 ocp=0.6400
src.application.use_cases.monitor_colares_calendario | DEBUG | CollarCal PETR4 call: PETRI297 strike=28.61 dte=59 ocp=13.5500
src.application.use_cases.monitor_colares_calendario | DEBUG | CollarCal PETR4 call: PETRI422 strike=41.11 dte=59 ocp=2.6800
src.application.use_cases.monitor_colares_calendario | DEBUG | CollarCal PETR4 call: PETRH439 strike=42.86 dte=31 ocp=1.1000
src.application.use_cases.monitor_colares_calendario | DEBUG | CollarCal PETR4 call: PETRH359 strike=34.86 dte=31 ocp=7.1700
src.application.use_cases.monitor_colares_calendario | DEBUG | CollarCal PETR4 call: PETRI477 strike=46.61 dte=59 ocp=0.6700
src.application.use_cases.monitor_colares_calendario | DEBUG | CollarCal PETR4 call: PETRH354 strike=34.36 dte=31 ocp=7.6500
src.application.use_cases.monitor_colares_calendario | DEBUG | CollarCal PETR4 call: PETRH434 strike=42.36 dte=31 ocp=1.3100
src.application.use_cases.monitor_colares_calendario | DEBUG | CollarCal PETR4 call: PETRI454 strike=44.36 dte=59 ocp=1.2300
src.application.use_cases.monitor_colares_calendario | DEBUG | CollarCal PETR4 call: PETRI547 strike=53.61 dte=59 ocp=0.1200
src.application.use_cases.monitor_colares_calendario | DEBUG | CollarCal PETR4 call: PETRI394 strike=38.36 dte=59 ocp=4.5700
src.application.use_cases.monitor_colares_calendario | DEBUG | CollarCal PETR4 call: PETRH422 strike=41.11 dte=31 ocp=1.9500
src.application.use_cases.monitor_colares_calendario | DEBUG | CollarCal PETR4 call: PETRI474 strike=46.36 dte=59 ocp=0.7200
src.application.use_cases.monitor_colares_calendario | DEBUG | CollarCal PETR4 call: PETRI387 strike=37.61 dte=59 ocp=5.1800
src.application.use_cases.monitor_colares_calendario | DEBUG | CollarCal PETR4 call: PETRH302 strike=29.11 dte=31 ocp=12.0600
src.application.use_cases.monitor_colares_calendario | DEBUG | CollarCal PETR4 call: PETRH46 strike=45.86 dte=31 ocp=0.3600
src.application.use_cases.monitor_colares_calendario | DEBUG | CollarCal PETR4 call: PETRH437 strike=42.61 dte=31 ocp=1.2000
src.application.use_cases.monitor_colares_calendario | DEBUG | CollarCal PETR4 call: PETRI312 strike=30.11 dte=59 ocp=12.0900
src.application.use_cases.monitor_colares_calendario | DEBUG | CollarCal PETR4 call: PETRI302 strike=29.11 dte=59 ocp=13.0600
src.application.use_cases.monitor_colares_calendario | DEBUG | CollarCal PETR4 call: PETRH362 strike=35.11 dte=31 ocp=6.9300
src.application.use_cases.monitor_colares_calendario | DEBUG | CollarCal PETR4 call: PETRI377 strike=36.61 dte=59 ocp=6.0200
src.application.use_cases.monitor_colares_calendario | DEBUG | CollarCal PETR4 call: PETRI392 strike=38.11 dte=59 ocp=4.7700
src.application.use_cases.monitor_colares_calendario | DEBUG | CollarCal PETR4 call: PETRH307 strike=29.61 dte=31 ocp=12.1100
src.application.use_cases.monitor_colares_calendario | DEBUG | CollarCal PETR4 call: PETRH367 strike=35.61 dte=31 ocp=6.4600
src.application.use_cases.monitor_colares_calendario | DEBUG | CollarCal PETR4 call: PETRH412 strike=40.11 dte=31 ocp=2.6000
src.application.use_cases.monitor_colares_calendario | DEBUG | CollarCal PETR4 call: PETRI364 strike=33.86 dte=59 ocp=8.5200
src.application.use_cases.monitor_colares_calendario | DEBUG | CollarCal PETR4 call: PETRI437 strike=42.61 dte=59 ocp=1.9000
src.application.use_cases.monitor_colares_calendario | DEBUG | CollarCal PETR4 call: PETRH462 strike=45.11 dte=31 ocp=0.4800
src.application.use_cases.monitor_colares_calendario | DEBUG | CollarCal PETR4 call: PETRH507 strike=49.61 dte=31 ocp=0.0900
src.application.use_cases.monitor_colares_calendario | DEBUG | CollarCal PETR4 call: PETRH459 strike=44.86 dte=31 ocp=0.5200
src.application.use_cases.monitor_colares_calendario | DEBUG | CollarCal PETR4 call: PETRH192 strike=18.11 dte=31 ocp=22.8900
src.application.use_cases.monitor_colares_calendario | DEBUG | CollarCal PETR4 call: PETRI396W1 strike=39.61 dte=45 ocp=2.3000
src.application.use_cases.monitor_colares_calendario | DEBUG | CollarCal PETR4 call: PETRI382 strike=37.11 dte=59 ocp=5.5900
src.application.use_cases.monitor_colares_calendario | DEBUG | CollarCal PETR4 call: PETRI327 strike=31.61 dte=59 ocp=10.6500
src.application.use_cases.monitor_colares_calendario | DEBUG | CollarCal PETR4 call: PETRH407 strike=39.61 dte=31 ocp=2.9600
src.application.use_cases.monitor_colares_calendario | DEBUG | CollarCal PETR4 call: PETRI646 strike=64.61 dte=59 ocp=0.0100
src.application.use_cases.monitor_colares_calendario | DEBUG | CollarCal PETR4 call: PETRI418 strike=40.86 dte=59 ocp=2.8300
src.application.use_cases.monitor_colares_calendario | DEBUG | CollarCal PETR4 call: PETRI2 strike=34.11 dte=59 ocp=8.2900
src.application.use_cases.monitor_colares_calendario | DEBUG | CollarCal PETR4 call: PETRH464 strike=45.36 dte=31 ocp=0.4400
src.application.use_cases.monitor_colares_calendario | DEBUG | CollarCal PETR4 call: PETRH532 strike=52.11 dte=31 ocp=0.0400
src.application.use_cases.monitor_colares_calendario | DEBUG | CollarCal PETR4 call: PETRI442 strike=43.11 dte=59 ocp=1.6900
src.application.use_cases.monitor_colares_calendario | DEBUG | CollarCal PETR4 call: PETRI4 strike=36.11 dte=59 ocp=6.4500
src.application.use_cases.monitor_colares_calendario | DEBUG | CollarCal PETR4 call: PETRH454 strike=44.36 dte=31 ocp=0.6300
src.application.use_cases.monitor_colares_calendario | DEBUG | CollarCal PETR4 call: PETRI388W1 strike=38.86 dte=45 ocp=2.9000
src.application.use_cases.monitor_colares_calendario | DEBUG | CollarCal PETR4 call: PETRI37 strike=34.61 dte=59 ocp=7.8200
src.application.use_cases.monitor_colares_calendario | DEBUG | CollarCal PETR4 call: PETRH404 strike=39.36 dte=31 ocp=3.1500
src.application.use_cases.monitor_colares_calendario | DEBUG | CollarCal PETR4 call: PETRI502 strike=49.11 dte=59 ocp=0.3400
src.application.use_cases.monitor_colares_calendario | DEBUG | CollarCal PETR4 call: PETRI587 strike=57.61 dte=59 ocp=0.0500
src.application.use_cases.monitor_colares_calendario | DEBUG | CollarCal PETR4 call: PETRI39 strike=38.86 dte=59 ocp=4.1900
src.application.use_cases.monitor_colares_calendario | DEBUG | CollarCal PETR4 call: PETRI380 strike=35.61 dte=59 ocp=6.9100
src.application.use_cases.monitor_colares_calendario | DEBUG | CollarCal PETR4 call: PETRH327 strike=31.61 dte=31 ocp=10.2300
src.application.use_cases.monitor_colares_calendario | DEBUG | CollarCal PETR4 call: PETRH537 strike=52.61 dte=31 ocp=0.0400
src.application.use_cases.monitor_colares_calendario | DEBUG | CollarCal PETR4 call: PETRH567 strike=55.61 dte=31 ocp=0.0200
src.application.use_cases.monitor_colares_calendario | DEBUG | CollarCal PETR4 call: PETRH419 strike=40.86 dte=31 ocp=2.1000
src.application.use_cases.monitor_colares_calendario | DEBUG | CollarCal PETR4 call: PETRI407 strike=39.61 dte=59 ocp=3.6400
src.application.use_cases.monitor_colares_calendario | DEBUG | CollarCal PETR4 call: PETRH347 strike=33.61 dte=31 ocp=8.3700
src.application.use_cases.monitor_colares_calendario | DEBUG | CollarCal PETR4 call: PETRH339 strike=32.86 dte=31 ocp=9.1000
src.application.use_cases.monitor_colares_calendario | DEBUG | CollarCal PETR4 call: PETRH466 strike=46.11 dte=31 ocp=0.3300
src.application.use_cases.monitor_colares_calendario | DEBUG | CollarCal PETR4 call: PETRH365 strike=34.61 dte=31 ocp=7.4000
src.application.use_cases.monitor_colares_calendario | DEBUG | CollarCal PETR4 call: PETRI472 strike=46.11 dte=59 ocp=0.7700
src.application.use_cases.monitor_colares_calendario | DEBUG | CollarCal PETR4 call: PETRI444 strike=43.36 dte=59 ocp=1.5800
src.application.use_cases.monitor_colares_calendario | DEBUG | CollarCal PETR4 call: PETRH32 strike=31.11 dte=31 ocp=10.6400
src.application.use_cases.monitor_colares_calendario | DEBUG | CollarCal PETR4 put: PETRV433 strike=42.80 dte=87 ovd=4.5100
src.application.use_cases.monitor_colares_calendario | DEBUG | CollarCal PETR4 put: PETRX11 strike=34.10 dte=150 ovd=1.4800
src.application.use_cases.monitor_colares_calendario | DEBUG | CollarCal PETR4 put: PETRW450 strike=38.10 dte=121 ovd=2.0900
src.application.use_cases.monitor_colares_calendario | DEBUG | CollarCal PETR4 put: PETRX459 strike=44.85 dte=150 ovd=6.0000
src.application.use_cases.monitor_colares_calendario | DEBUG | CollarCal PETR4 put: PETRX18 strike=35.10 dte=150 ovd=1.4800
src.application.use_cases.monitor_colares_calendario | DEBUG | CollarCal PETR4 put: PETRV450 strike=44.05 dte=87 ovd=5.2500
src.application.use_cases.monitor_colares_calendario | DEBUG | CollarCal PETR4 put: PETRX35 strike=34.35 dte=150 ovd=1.0500
src.application.use_cases.monitor_colares_calendario | DEBUG | CollarCal PETR4 put: PETRV430 strike=41.88 dte=87 ovd=3.9700
src.application.use_cases.monitor_colares_calendario | DEBUG | CollarCal PETR4 put: PETRV385 strike=36.05 dte=87 ovd=0.7400
src.application.use_cases.monitor_colares_calendario | DEBUG | CollarCal PETR4 put: PETRV512 strike=44.30 dte=87 ovd=4.9000
src.application.use_cases.monitor_colares_calendario | DEBUG | CollarCal PETR4 put: PETRW349 strike=32.35 dte=121 ovd=0.4800
src.application.use_cases.monitor_colares_calendario | DEBUG | CollarCal PETR4 put: PETRX462 strike=45.10 dte=150 ovd=5.8700
src.application.use_cases.monitor_colares_calendario | DEBUG | CollarCal PETR4 put: PETRW499 strike=49.35 dte=121 ovd=8.6800
src.application.use_cases.monitor_colares_calendario | DEBUG | CollarCal PETR4 put: PETRV42 strike=41.38 dte=87 ovd=2.2200
src.application.use_cases.monitor_colares_calendario | DEBUG | CollarCal PETR4 put: PETRX414 strike=40.35 dte=150 ovd=3.7000
src.application.use_cases.monitor_colares_calendario | DEBUG | CollarCal PETR4 put: PETRV469 strike=45.80 dte=87 ovd=6.4000
src.application.use_cases.monitor_colares_calendario | DEBUG | CollarCal PETR4 put: PETRV420 strike=42.05 dte=87 ovd=2.6000
src.application.use_cases.monitor_colares_calendario | DEBUG | CollarCal PETR4 put: PETRV36 strike=33.55 dte=87 ovd=0.3800
src.application.use_cases.monitor_colares_calendario | DEBUG | CollarCal PETR4 put: PETRX36 strike=35.35 dte=150 ovd=1.4800
src.application.use_cases.monitor_colares_calendario | DEBUG | CollarCal PETR4 put: PETRW47 strike=46.60 dte=121 ovd=6.8100
src.application.use_cases.monitor_colares_calendario | DEBUG | CollarCal PAR VIÁVEL AXIA3: call=AXIAH50(50) put=AXIAX500(50) DTE 31+119 |ΔK|=0.0 pct_cdi=3.12
src.application.use_cases.monitor_colares_calendario | WARNING | CollarCal STATS: {'total': 10890, 'sem_vencimento': 0, 'sem_codigos': 0, 'sem_dias': 0, 'sem_strike': 0, 'sem_strike_registrado': 0, 'sem_ocp_ovd': 0, 'sem_ocp_registrado': 0, 'sem_ovd_registrado': 0, 'sem_preco': 1435, 'sem_qul': 1054, 'calls': 689, 'puts': 57, 'fora_dte': 714, 'fora_ativo': 6941}
src.application.use_cases.monitor_colares_calendario | WARNING | CollarCal TOTAL: 1 viaveis em 1 ativos
src.ui.desktop.monitor_worker | INFO | MonitorWorker: forçou desconexão da fonte.
src.ui.desktop.monitor_worker | INFO | MonitorWorker: parado.
src.ui.desktop.monitor_worker | INFO | BWB: 768 call + 768 put codes registrados, aguardando push...
