src.infrastructure.providers.mercado_data_provider | INFO | Procurando prioridades em: C:\Users\Mozart\AppData\Roaming\Spreadhunter\spreadhunter_prioridade.json
src.infrastructure.providers.mercado_data_provider | INFO | Prioridades carregadas: 4477 instrumentos
src.infrastructure.providers.mercado_data_provider | INFO | MercadoDataProvider: Parametros de performance atualizados.
src.infrastructure.providers.mercado_data_provider | INFO | MercadoDataProvider: Parametros de performance atualizados.
src.infrastructure.providers.mercado_data_provider | INFO | RTD: 0 ativos registrados prioritariamente em 0.00s (0 registros).
src.infrastructure.providers.mercado_data_provider | INFO | RTD: Lote Onda 1 2000/4477 (Registros: 2000) em 0.02s.
src.infrastructure.providers.mercado_data_provider | DEBUG | Varredura: _chaves_com_book=0 _chaves_detalhes=0
src.infrastructure.providers.mercado_data_provider | INFO | Varredura(F): monitor=2000 book=0 | reg=0.106 ref=0.001 var=0.003 total=0.004 | inst_map=0.002 | onda2=0(0.000) onda1=0(0.000) cab_skip=0 status=0.000
src.infrastructure.providers.mercado_data_provider | INFO | RTD: Lote Onda 1 4000/4477 (Registros: 2000) em 0.04s.
src.infrastructure.providers.mercado_data_provider | DEBUG | _flush_buffer: 12000 registros em 0.11s
src.infrastructure.providers.mercado_data_provider | DEBUG | Varredura: _chaves_com_book=0 _chaves_detalhes=0
src.infrastructure.providers.mercado_data_provider | INFO | Varredura(F): monitor=4000 book=0 | reg=0.242 ref=0.024 var=0.022 total=0.045 | inst_map=0.000 | onda2=0(0.000) onda1=0(0.000) cab_skip=0 status=0.000
src.infrastructure.providers.mercado_data_provider | DEBUG | RTD: Detalhes completos registrados para ALOS3|ALOSU289 (Liquidez detectada)
src.infrastructure.providers.mercado_data_provider | DEBUG | RTD: preco_ativo ALOS3=26.50 forçado com sucesso
src.infrastructure.providers.mercado_data_provider | DEBUG | RTD: Detalhes completos registrados para ALUP11|ALUPU349 (Liquidez detectada)
src.infrastructure.providers.mercado_data_provider | DEBUG | RTD: preco_ativo ALUP11=32.45 forçado com sucesso
src.infrastructure.providers.mercado_data_provider | DEBUG | RTD: Detalhes completos registrados para AXIA3|AXIAU415 (Liquidez detectada)
src.infrastructure.providers.mercado_data_provider | DEBUG | RTD: preco_ativo AXIA3=51.39 forçado com sucesso
src.infrastructure.providers.mercado_data_provider | DEBUG | RTD: Detalhes completos registrados para ABEV3|ABEVU125 (Liquidez detectada)
src.infrastructure.providers.mercado_data_provider | DEBUG | RTD: preco_ativo ABEV3=16.01 forçado com sucesso
src.infrastructure.providers.mercado_data_provider | DEBUG | RTD: Detalhes completos registrados para ANIM3|ANIMU20 (Liquidez detectada)
src.infrastructure.providers.mercado_data_provider | DEBUG | RTD: preco_ativo ANIM3=2.23 forçado com sucesso
src.infrastructure.providers.mercado_data_provider | DEBUG | RTD: Detalhes completos registrados para AUAU3|AUAUT327W1 (Liquidez detectada)
src.infrastructure.providers.mercado_data_provider | DEBUG | RTD: preco_ativo AUAU3=3.33 forçado com sucesso
src.infrastructure.providers.mercado_data_provider | DEBUG | RTD: Detalhes completos registrados para ALOS3|ALOST292 (Liquidez detectada)
src.infrastructure.providers.mercado_data_provider | DEBUG | RTD: preco_ativo ALOS3=26.50 forçado com sucesso
src.infrastructure.providers.mercado_data_provider | DEBUG | RTD: Detalhes completos registrados para ALOS3|ALOST249 (Liquidez detectada)
src.infrastructure.providers.mercado_data_provider | DEBUG | RTD: preco_ativo ALOS3=26.50 forçado com sucesso
src.infrastructure.providers.mercado_data_provider | DEBUG | RTD: Detalhes completos registrados para AUAU3|AUAUU297 (Liquidez detectada)
src.infrastructure.providers.mercado_data_provider | DEBUG | RTD: preco_ativo AUAU3=3.33 forçado com sucesso
src.infrastructure.providers.mercado_data_provider | DEBUG | RTD: Detalhes completos registrados para ABEV3|ABEVT147 (Liquidez detectada)
src.infrastructure.providers.mercado_data_provider | DEBUG | RTD: preco_ativo ABEV3=16.01 forçado com sucesso
src.infrastructure.providers.mercado_data_provider | DEBUG | RTD: Detalhes completos registrados para AXIA3|AXIAT440 (Liquidez detectada)
src.infrastructure.providers.mercado_data_provider | DEBUG | RTD: preco_ativo AXIA3=51.39 forçado com sucesso
src.infrastructure.providers.mercado_data_provider | DEBUG | RTD: Detalhes completos registrados para ABCB4|ABCBU209 (Liquidez detectada)
src.infrastructure.providers.mercado_data_provider | DEBUG | RTD: preco_ativo ABCB4=23.67 forçado com sucesso
src.infrastructure.providers.mercado_data_provider | DEBUG | RTD: Detalhes completos registrados para AUAU3|AUAUT252 (Liquidez detectada)
src.infrastructure.providers.mercado_data_provider | DEBUG | RTD: preco_ativo AUAU3=3.33 forçado com sucesso
src.infrastructure.providers.mercado_data_provider | DEBUG | RTD: Detalhes completos registrados para ALUP11|ALUPU333 (Liquidez detectada)
src.infrastructure.providers.mercado_data_provider | DEBUG | RTD: preco_ativo ALUP11=32.45 forçado com sucesso
src.infrastructure.providers.mercado_data_provider | DEBUG | RTD: Detalhes completos registrados para AXIA3|AXIAT544 (Liquidez detectada)
src.infrastructure.providers.mercado_data_provider | DEBUG | RTD: preco_ativo AXIA3=51.39 forçado com sucesso
src.infrastructure.providers.mercado_data_provider | DEBUG | RTD: Detalhes completos registrados para ABEV3|ABEVU188 (Liquidez detectada)
src.infrastructure.providers.mercado_data_provider | DEBUG | RTD: preco_ativo ABEV3=16.01 forçado com sucesso
src.infrastructure.providers.mercado_data_provider | DEBUG | RTD: Detalhes completos registrados para ALOS3|ALOSU309 (Liquidez detectada)
src.infrastructure.providers.mercado_data_provider | DEBUG | RTD: preco_ativo ALOS3=26.50 forçado com sucesso
src.infrastructure.providers.mercado_data_provider | DEBUG | RTD: Detalhes completos registrados para AURE3|AUREU964 (Liquidez detectada)
src.infrastructure.providers.mercado_data_provider | DEBUG | RTD: preco_ativo AURE3=11.14 forçado com sucesso
src.infrastructure.providers.mercado_data_provider | DEBUG | RTD: Detalhes completos registrados para AUAU3|AUAUU302 (Liquidez detectada)
src.infrastructure.providers.mercado_data_provider | DEBUG | RTD: preco_ativo AUAU3=3.33 forçado com sucesso
src.infrastructure.providers.mercado_data_provider | DEBUG | RTD: Detalhes completos registrados para ANIM3|ANIMU147 (Liquidez detectada)
src.infrastructure.providers.mercado_data_provider | DEBUG | RTD: preco_ativo ANIM3=2.23 forçado com sucesso
src.infrastructure.providers.mercado_data_provider | DEBUG | RTD: Detalhes completos registrados para ALOS3|ALOSU258 (Liquidez detectada)
src.infrastructure.providers.mercado_data_provider | DEBUG | RTD: preco_ativo ALOS3=26.50 forçado com sucesso
src.infrastructure.providers.mercado_data_provider | DEBUG | RTD: Detalhes completos registrados para ASAI3|ASAIU650 (Liquidez detectada)
src.infrastructure.providers.mercado_data_provider | DEBUG | RTD: preco_ativo ASAI3=8.21 forçado com sucesso
src.infrastructure.providers.mercado_data_provider | DEBUG | RTD: Detalhes completos registrados para ASAI3|ASAIU720 (Liquidez detectada)
src.infrastructure.providers.mercado_data_provider | DEBUG | RTD: preco_ativo ASAI3=8.21 forçado com sucesso
src.infrastructure.providers.mercado_data_provider | DEBUG | RTD: Detalhes completos registrados para ANIM3|ANIMU267 (Liquidez detectada)
src.infrastructure.providers.mercado_data_provider | DEBUG | RTD: preco_ativo ANIM3=2.23 forçado com sucesso
src.infrastructure.providers.mercado_data_provider | DEBUG | RTD: Detalhes completos registrados para AXIA3|AXIAT465W2 (Liquidez detectada)
src.infrastructure.providers.mercado_data_provider | DEBUG | RTD: preco_ativo AXIA3=51.39 forçado com sucesso
src.infrastructure.providers.mercado_data_provider | DEBUG | RTD: Detalhes completos registrados para AXIA3|AXIAT510W2 (Liquidez detectada)
src.infrastructure.providers.mercado_data_provider | DEBUG | RTD: preco_ativo AXIA3=51.39 forçado com sucesso
src.infrastructure.providers.mercado_data_provider | DEBUG | RTD: Detalhes completos registrados para AXIA3|AXIAT480W2 (Liquidez detectada)
src.infrastructure.providers.mercado_data_provider | DEBUG | RTD: preco_ativo AXIA3=51.39 forçado com sucesso
src.infrastructure.providers.mercado_data_provider | DEBUG | RTD: Detalhes completos registrados para ALOS3|ALOST273W1 (Liquidez detectada)
src.infrastructure.providers.mercado_data_provider | DEBUG | RTD: preco_ativo ALOS3=26.50 forçado com sucesso
src.infrastructure.providers.mercado_data_provider | DEBUG | RTD: Detalhes completos registrados para AUAU3|AUAUT322W2 (Liquidez detectada)
src.infrastructure.providers.mercado_data_provider | DEBUG | RTD: preco_ativo AUAU3=3.33 forçado com sucesso
src.infrastructure.providers.mercado_data_provider | DEBUG | RTD: Detalhes completos registrados para AURE3|AURET954 (Liquidez detectada)
src.infrastructure.providers.mercado_data_provider | DEBUG | RTD: preco_ativo AURE3=11.14 forçado com sucesso
src.infrastructure.providers.mercado_data_provider | DEBUG | RTD: Detalhes completos registrados para ALUP11|ALUPU339 (Liquidez detectada)
src.infrastructure.providers.mercado_data_provider | DEBUG | RTD: preco_ativo ALUP11=32.45 forçado com sucesso
src.infrastructure.providers.mercado_data_provider | DEBUG | RTD: Detalhes completos registrados para ASAI3|ASAIT930 (Liquidez detectada)
src.infrastructure.providers.mercado_data_provider | DEBUG | RTD: preco_ativo ASAI3=8.21 forçado com sucesso
src.infrastructure.providers.mercado_data_provider | DEBUG | RTD: Detalhes completos registrados para ABEV3|ABEVU15 (Liquidez detectada)
src.infrastructure.providers.mercado_data_provider | DEBUG | RTD: preco_ativo ABEV3=16.01 forçado com sucesso
src.infrastructure.providers.mercado_data_provider | DEBUG | RTD: Detalhes completos registrados para AUAU3|AUAUU222 (Liquidez detectada)
src.infrastructure.providers.mercado_data_provider | DEBUG | RTD: preco_ativo AUAU3=3.33 forçado com sucesso
src.infrastructure.providers.mercado_data_provider | DEBUG | RTD: Detalhes completos registrados para AURE3|AUREU109 (Liquidez detectada)
src.infrastructure.providers.mercado_data_provider | DEBUG | RTD: preco_ativo AURE3=11.14 forçado com sucesso
src.infrastructure.providers.mercado_data_provider | DEBUG | RTD: Detalhes completos registrados para ALOS3|ALOST233W2 (Liquidez detectada)
src.infrastructure.providers.mercado_data_provider | DEBUG | RTD: preco_ativo ALOS3=26.50 forçado com sucesso
src.infrastructure.providers.mercado_data_provider | DEBUG | RTD: Detalhes completos registrados para ANIM3|ANIMU237 (Liquidez detectada)
src.infrastructure.providers.mercado_data_provider | DEBUG | RTD: preco_ativo ANIM3=2.23 forçado com sucesso
src.infrastructure.providers.mercado_data_provider | DEBUG | RTD: Detalhes completos registrados para AMAR3|AMART400 (Liquidez detectada)
src.infrastructure.providers.mercado_data_provider | DEBUG | RTD: preco_ativo AMAR3=0.59 forçado com sucesso
src.infrastructure.providers.mercado_data_provider | DEBUG | RTD: Detalhes completos registrados para ALOS3|ALOST238W2 (Liquidez detectada)
src.infrastructure.providers.mercado_data_provider | DEBUG | RTD: preco_ativo ALOS3=26.50 forçado com sucesso
src.infrastructure.providers.mercado_data_provider | DEBUG | RTD: Detalhes completos registrados para ALOS3|ALOST263W1 (Liquidez detectada)
src.infrastructure.providers.mercado_data_provider | DEBUG | RTD: preco_ativo ALOS3=26.50 forçado com sucesso
src.infrastructure.providers.mercado_data_provider | DEBUG | RTD: Detalhes completos registrados para AUAU3|AUAUM145 (Liquidez detectada)
src.infrastructure.providers.mercado_data_provider | DEBUG | RTD: preco_ativo AUAU3=3.33 forçado com sucesso
src.infrastructure.providers.mercado_data_provider | DEBUG | RTD: Detalhes completos registrados para AUAU3|AUAUU307 (Liquidez detectada)
src.infrastructure.providers.mercado_data_provider | DEBUG | RTD: preco_ativo AUAU3=3.33 forçado com sucesso
src.infrastructure.providers.mercado_data_provider | DEBUG | RTD: Detalhes completos registrados para ALPA4|ALPAU135 (Liquidez detectada)
src.infrastructure.providers.mercado_data_provider | DEBUG | RTD: preco_ativo ALPA4=11.52 forçado com sucesso
src.infrastructure.providers.mercado_data_provider | DEBUG | RTD: Detalhes completos registrados para ABCB4|ABCBU189 (Liquidez detectada)
src.infrastructure.providers.mercado_data_provider | DEBUG | RTD: preco_ativo ABCB4=23.67 forçado com sucesso
src.infrastructure.providers.mercado_data_provider | DEBUG | RTD: Detalhes completos registrados para AXIA3|AXIAT461 (Liquidez detectada)
src.infrastructure.providers.mercado_data_provider | DEBUG | RTD: preco_ativo AXIA3=51.39 forçado com sucesso
src.infrastructure.providers.mercado_data_provider | DEBUG | RTD: Detalhes completos registrados para ASAI3|ASAIU970 (Liquidez detectada)
src.infrastructure.providers.mercado_data_provider | DEBUG | RTD: preco_ativo ASAI3=8.21 forçado com sucesso
src.infrastructure.providers.mercado_data_provider | DEBUG | RTD: Detalhes completos registrados para ABEV3|ABEVU140 (Liquidez detectada)
src.infrastructure.providers.mercado_data_provider | DEBUG | RTD: preco_ativo ABEV3=16.01 forçado com sucesso
src.infrastructure.providers.mercado_data_provider | DEBUG | RTD: Detalhes completos registrados para ASAI3|ASAIU810 (Liquidez detectada)
src.infrastructure.providers.mercado_data_provider | DEBUG | RTD: preco_ativo ASAI3=8.21 forçado com sucesso
src.infrastructure.providers.mercado_data_provider | DEBUG | RTD: Detalhes completos registrados para ALUP11|ALUPU318 (Liquidez detectada)
src.infrastructure.providers.mercado_data_provider | DEBUG | RTD: preco_ativo ALUP11=32.45 forçado com sucesso
src.infrastructure.providers.mercado_data_provider | DEBUG | RTD: Detalhes completos registrados para AUAU3|AUAUU322 (Liquidez detectada)
src.infrastructure.providers.mercado_data_provider | DEBUG | RTD: preco_ativo AUAU3=3.33 forçado com sucesso
src.infrastructure.providers.mercado_data_provider | DEBUG | RTD: Detalhes completos registrados para ALOS3|ALOST258W1 (Liquidez detectada)
src.infrastructure.providers.mercado_data_provider | DEBUG | RTD: preco_ativo ALOS3=26.50 forçado com sucesso
src.infrastructure.providers.mercado_data_provider | DEBUG | RTD: Detalhes completos registrados para ALPA4|ALPAT844 (Liquidez detectada)
src.infrastructure.providers.mercado_data_provider | DEBUG | RTD: preco_ativo ALPA4=11.52 forçado com sucesso
src.infrastructure.providers.mercado_data_provider | DEBUG | RTD: Detalhes completos registrados para AUAU3|AUAUT317 (Liquidez detectada)
src.infrastructure.providers.mercado_data_provider | DEBUG | RTD: preco_ativo AUAU3=3.33 forçado com sucesso
src.infrastructure.providers.mercado_data_provider | DEBUG | RTD: Detalhes completos registrados para ANIM3|ANIMV127 (Liquidez detectada)
src.infrastructure.providers.mercado_data_provider | DEBUG | RTD: preco_ativo ANIM3=2.23 forçado com sucesso
src.infrastructure.providers.mercado_data_provider | DEBUG | RTD: Detalhes completos registrados para ALOS3|ALOSU246 (Liquidez detectada)
src.infrastructure.providers.mercado_data_provider | DEBUG | RTD: preco_ativo ALOS3=26.50 forçado com sucesso
src.infrastructure.providers.mercado_data_provider | DEBUG | RTD: Detalhes completos registrados para ANIM3|ANIMU277 (Liquidez detectada)
src.infrastructure.providers.mercado_data_provider | DEBUG | RTD: preco_ativo ANIM3=2.23 forçado com sucesso
src.infrastructure.providers.mercado_data_provider | DEBUG | RTD: Detalhes completos registrados para ABEV3|ABEVT164W2 (Liquidez detectada)
src.infrastructure.providers.mercado_data_provider | DEBUG | RTD: preco_ativo ABEV3=16.01 forçado com sucesso
src.infrastructure.providers.mercado_data_provider | DEBUG | RTD: Detalhes completos registrados para AURE3|AURET894 (Liquidez detectada)
src.infrastructure.providers.mercado_data_provider | DEBUG | RTD: preco_ativo AURE3=11.14 forçado com sucesso
src.infrastructure.providers.mercado_data_provider | DEBUG | RTD: Detalhes completos registrados para ASAI3|ASAIT850 (Liquidez detectada)
src.infrastructure.providers.mercado_data_provider | DEBUG | RTD: preco_ativo ASAI3=8.21 forçado com sucesso
src.infrastructure.providers.mercado_data_provider | DEBUG | RTD: Detalhes completos registrados para ALOS3|ALOSV253 (Liquidez detectada)
src.infrastructure.providers.mercado_data_provider | DEBUG | RTD: preco_ativo ALOS3=26.50 forçado com sucesso
src.infrastructure.providers.mercado_data_provider | DEBUG | RTD: Detalhes completos registrados para ABEV3|ABEVU113 (Liquidez detectada)
src.infrastructure.providers.mercado_data_provider | DEBUG | RTD: preco_ativo ABEV3=16.01 forçado com sucesso
src.infrastructure.providers.mercado_data_provider | DEBUG | RTD: Detalhes completos registrados para ASAI3|ASAIU550 (Liquidez detectada)
src.infrastructure.providers.mercado_data_provider | DEBUG | RTD: preco_ativo ASAI3=8.21 forçado com sucesso
src.infrastructure.providers.mercado_data_provider | DEBUG | RTD: Detalhes completos registrados para ALOS3|ALOSU294 (Liquidez detectada)
src.infrastructure.providers.mercado_data_provider | DEBUG | RTD: preco_ativo ALOS3=26.50 forçado com sucesso
src.infrastructure.providers.mercado_data_provider | DEBUG | RTD: Detalhes completos registrados para AXIA3|AXIAU337 (Liquidez detectada)
src.infrastructure.providers.mercado_data_provider | DEBUG | RTD: preco_ativo AXIA3=51.39 forçado com sucesso
src.infrastructure.providers.mercado_data_provider | DEBUG | RTD: Detalhes completos registrados para ABEV3|ABEVT127 (Liquidez detectada)
src.infrastructure.providers.mercado_data_provider | DEBUG | RTD: preco_ativo ABEV3=16.01 forçado com sucesso
src.infrastructure.providers.mercado_data_provider | DEBUG | RTD: Detalhes completos registrados para AXIA3|AXIAT52 (Liquidez detectada)
src.infrastructure.providers.mercado_data_provider | DEBUG | RTD: preco_ativo AXIA3=51.39 forçado com sucesso
src.infrastructure.providers.mercado_data_provider | DEBUG | RTD: Detalhes completos registrados para AXIA3|AXIAT340 (Liquidez detectada)
src.infrastructure.providers.mercado_data_provider | DEBUG | RTD: preco_ativo AXIA3=51.39 forçado com sucesso
src.infrastructure.providers.mercado_data_provider | DEBUG | RTD: Detalhes completos registrados para ALUP11|ALUPU336 (Liquidez detectada)
src.infrastructure.providers.mercado_data_provider | DEBUG | RTD: preco_ativo ALUP11=32.45 forçado com sucesso
src.infrastructure.providers.mercado_data_provider | DEBUG | RTD: Detalhes completos registrados para AXIA3|AXIAU514 (Liquidez detectada)
src.infrastructure.providers.mercado_data_provider | DEBUG | RTD: preco_ativo AXIA3=51.39 forçado com sucesso
src.infrastructure.providers.mercado_data_provider | DEBUG | RTD: Detalhes completos registrados para ALOS3|ALOSU226 (Liquidez detectada)
src.infrastructure.providers.mercado_data_provider | DEBUG | RTD: preco_ativo ALOS3=26.50 forçado com sucesso
src.infrastructure.providers.mercado_data_provider | DEBUG | RTD: Detalhes completos registrados para ANIM3|ANIMU287 (Liquidez detectada)
src.infrastructure.providers.mercado_data_provider | DEBUG | RTD: preco_ativo ANIM3=2.23 forçado com sucesso
src.infrastructure.providers.mercado_data_provider | DEBUG | RTD: Detalhes completos registrados para AGRO3|AGROX170 (Liquidez detectada)
src.infrastructure.providers.mercado_data_provider | DEBUG | RTD: preco_ativo AGRO3=18.97 forçado com sucesso
src.infrastructure.providers.mercado_data_provider | DEBUG | RTD: Detalhes completos registrados para B3SA3|B3SAT139 (Liquidez detectada)
src.infrastructure.providers.mercado_data_provider | DEBUG | RTD: preco_ativo B3SA3=15.46 forçado com sucesso
src.infrastructure.providers.mercado_data_provider | DEBUG | RTD: Detalhes completos registrados para ABEV3|ABEVV145 (Liquidez detectada)
src.infrastructure.providers.mercado_data_provider | DEBUG | RTD: preco_ativo ABEV3=16.01 forçado com sucesso
src.infrastructure.providers.mercado_data_provider | DEBUG | RTD: Detalhes completos registrados para ABEV3|ABEVT148W2 (Liquidez detectada)
src.infrastructure.providers.mercado_data_provider | DEBUG | RTD: preco_ativo ABEV3=16.01 forçado com sucesso
src.infrastructure.providers.mercado_data_provider | DEBUG | RTD: Detalhes completos registrados para B3SA3|B3SAT144W1 (Liquidez detectada)
src.infrastructure.providers.mercado_data_provider | DEBUG | RTD: preco_ativo B3SA3=15.46 forçado com sucesso
src.infrastructure.providers.mercado_data_provider | DEBUG | RTD: Detalhes completos registrados para AURE3|AUREU774 (Liquidez detectada)
src.infrastructure.providers.mercado_data_provider | DEBUG | RTD: preco_ativo AURE3=11.14 forçado com sucesso
src.infrastructure.providers.mercado_data_provider | DEBUG | RTD: Detalhes completos registrados para ANIM3|ANIMT272 (Liquidez detectada)
src.infrastructure.providers.mercado_data_provider | DEBUG | RTD: preco_ativo ANIM3=2.23 forçado com sucesso
src.infrastructure.providers.mercado_data_provider | DEBUG | RTD: Detalhes completos registrados para ALOS3|ALOSU248 (Liquidez detectada)
src.infrastructure.providers.mercado_data_provider | DEBUG | RTD: preco_ativo ALOS3=26.50 forçado com sucesso
src.infrastructure.providers.mercado_data_provider | DEBUG | RTD: Detalhes completos registrados para ALOS3|ALOST221 (Liquidez detectada)
src.infrastructure.providers.mercado_data_provider | DEBUG | RTD: preco_ativo ALOS3=26.50 forçado com sucesso
src.infrastructure.providers.mercado_data_provider | DEBUG | RTD: Detalhes completos registrados para AXIA3|AXIAT450W1 (Liquidez detectada)
src.infrastructure.providers.mercado_data_provider | DEBUG | RTD: preco_ativo AXIA3=51.39 forçado com sucesso
src.infrastructure.providers.mercado_data_provider | DEBUG | RTD: Detalhes completos registrados para AXIA3|AXIAT530W2 (Liquidez detectada)
src.infrastructure.providers.mercado_data_provider | DEBUG | RTD: preco_ativo AXIA3=51.39 forçado com sucesso
src.infrastructure.providers.mercado_data_provider | DEBUG | RTD: Detalhes completos registrados para ABEV3|ABEVU193 (Liquidez detectada)
src.infrastructure.providers.mercado_data_provider | DEBUG | RTD: preco_ativo ABEV3=16.01 forçado com sucesso
src.infrastructure.providers.mercado_data_provider | DEBUG | RTD: Detalhes completos registrados para ABEV3|ABEVW166 (Liquidez detectada)
src.infrastructure.providers.mercado_data_provider | DEBUG | RTD: preco_ativo ABEV3=16.01 forçado com sucesso
src.infrastructure.providers.mercado_data_provider | DEBUG | RTD: Detalhes completos registrados para ABEV3|ABEVW149 (Liquidez detectada)
src.infrastructure.providers.mercado_data_provider | DEBUG | RTD: preco_ativo ABEV3=16.01 forçado com sucesso
src.infrastructure.providers.mercado_data_provider | DEBUG | RTD: Detalhes completos registrados para B3SA3|B3SAT164W2 (Liquidez detectada)
src.infrastructure.providers.mercado_data_provider | DEBUG | RTD: preco_ativo B3SA3=15.46 forçado com sucesso
src.infrastructure.providers.mercado_data_provider | DEBUG | RTD: Detalhes completos registrados para ALPA4|ALPAU115 (Liquidez detectada)
src.infrastructure.providers.mercado_data_provider | DEBUG | RTD: preco_ativo ALPA4=11.52 forçado com sucesso
src.infrastructure.providers.mercado_data_provider | DEBUG | RTD: Detalhes completos registrados para ABCB4|ABCBU259 (Liquidez detectada)
src.infrastructure.providers.mercado_data_provider | DEBUG | RTD: preco_ativo ABCB4=23.67 forçado com sucesso
src.infrastructure.providers.mercado_data_provider | DEBUG | RTD: Detalhes completos registrados para AZZA3|AZZAT145 (Liquidez detectada)
src.infrastructure.providers.mercado_data_provider | DEBUG | RTD: preco_ativo AZZA3=16.34 forçado com sucesso
src.infrastructure.providers.mercado_data_provider | DEBUG | RTD: Detalhes completos registrados para ASAI3|ASAIU950 (Liquidez detectada)
src.infrastructure.providers.mercado_data_provider | DEBUG | RTD: preco_ativo ASAI3=8.21 forçado com sucesso
src.infrastructure.providers.mercado_data_provider | DEBUG | RTD: Detalhes completos registrados para ALUP11|ALUPU344 (Liquidez detectada)
src.infrastructure.providers.mercado_data_provider | DEBUG | RTD: preco_ativo ALUP11=32.45 forçado com sucesso
src.infrastructure.providers.mercado_data_provider | DEBUG | RTD: Detalhes completos registrados para AUAU3|AUAUU372 (Liquidez detectada)
src.infrastructure.providers.mercado_data_provider | DEBUG | RTD: preco_ativo AUAU3=3.33 forçado com sucesso
src.infrastructure.providers.mercado_data_provider | DEBUG | RTD: Detalhes completos registrados para AXIA3|AXIAT50 (Liquidez detectada)
src.infrastructure.providers.mercado_data_provider | DEBUG | RTD: preco_ativo AXIA3=51.39 forçado com sucesso
src.infrastructure.providers.mercado_data_provider | DEBUG | RTD: Detalhes completos registrados para AXIA3|AXIAU482 (Liquidez detectada)
src.infrastructure.providers.mercado_data_provider | DEBUG | RTD: preco_ativo AXIA3=51.39 forçado com sucesso
src.infrastructure.providers.mercado_data_provider | DEBUG | RTD: Detalhes completos registrados para ABEV3|ABEVX185 (Liquidez detectada)
src.infrastructure.providers.mercado_data_provider | DEBUG | RTD: preco_ativo ABEV3=16.01 forçado com sucesso
src.infrastructure.providers.mercado_data_provider | DEBUG | RTD: Detalhes completos registrados para ABEV3|ABEVT153W2 (Liquidez detectada)
src.infrastructure.providers.mercado_data_provider | DEBUG | RTD: preco_ativo ABEV3=16.01 forçado com sucesso
src.infrastructure.providers.mercado_data_provider | DEBUG | RTD: Detalhes completos registrados para ALOS3|ALOST242 (Liquidez detectada)
src.infrastructure.providers.mercado_data_provider | DEBUG | RTD: preco_ativo ALOS3=26.50 forçado com sucesso
src.infrastructure.providers.mercado_data_provider | DEBUG | RTD: Detalhes completos registrados para ABEV3|ABEVT140 (Liquidez detectada)
src.infrastructure.providers.mercado_data_provider | DEBUG | RTD: preco_ativo ABEV3=16.01 forçado com sucesso
src.infrastructure.providers.mercado_data_provider | DEBUG | RTD: Detalhes completos registrados para ALUP11|ALUPT304 (Liquidez detectada)
src.infrastructure.providers.mercado_data_provider | DEBUG | RTD: preco_ativo ALUP11=32.45 forçado com sucesso
src.infrastructure.providers.mercado_data_provider | DEBUG | RTD: Detalhes completos registrados para ASAI3|ASAIU690 (Liquidez detectada)
src.infrastructure.providers.mercado_data_provider | DEBUG | RTD: preco_ativo ASAI3=8.21 forçado com sucesso
src.infrastructure.providers.mercado_data_provider | DEBUG | RTD: Detalhes completos registrados para ASAI3|ASAIU900 (Liquidez detectada)
src.infrastructure.providers.mercado_data_provider | DEBUG | RTD: preco_ativo ASAI3=8.21 forçado com sucesso
src.infrastructure.providers.mercado_data_provider | DEBUG | RTD: Detalhes completos registrados para ABEV3|ABEVX137 (Liquidez detectada)
src.infrastructure.providers.mercado_data_provider | DEBUG | RTD: preco_ativo ABEV3=16.01 forçado com sucesso
src.infrastructure.providers.mercado_data_provider | DEBUG | RTD: Detalhes completos registrados para ASAI3|ASAIU870 (Liquidez detectada)
src.infrastructure.providers.mercado_data_provider | DEBUG | RTD: preco_ativo ASAI3=8.21 forçado com sucesso
src.infrastructure.providers.mercado_data_provider | DEBUG | RTD: Detalhes completos registrados para AXIA3|AXIAT440W2 (Liquidez detectada)
src.infrastructure.providers.mercado_data_provider | DEBUG | RTD: preco_ativo AXIA3=51.39 forçado com sucesso
src.infrastructure.providers.mercado_data_provider | DEBUG | RTD: Detalhes completos registrados para B3SA3|B3SAT134W2 (Liquidez detectada)
src.infrastructure.providers.mercado_data_provider | DEBUG | RTD: preco_ativo B3SA3=15.46 forçado com sucesso
src.infrastructure.providers.mercado_data_provider | DEBUG | RTD: Detalhes completos registrados para ABCB4|ABCBT265 (Liquidez detectada)
src.infrastructure.providers.mercado_data_provider | DEBUG | RTD: preco_ativo ABCB4=23.67 forçado com sucesso
src.infrastructure.providers.mercado_data_provider | DEBUG | RTD: Detalhes completos registrados para ALPA4|ALPAT120 (Liquidez detectada)
src.infrastructure.providers.mercado_data_provider | DEBUG | RTD: preco_ativo ALPA4=11.52 forçado com sucesso
src.infrastructure.providers.mercado_data_provider | DEBUG | RTD: Detalhes completos registrados para AURE3|AUREW80 (Liquidez detectada)
src.infrastructure.providers.mercado_data_provider | DEBUG | RTD: preco_ativo AURE3=11.14 forçado com sucesso
src.infrastructure.providers.mercado_data_provider | DEBUG | RTD: Detalhes completos registrados para ABEV3|ABEVT169W2 (Liquidez detectada)
src.infrastructure.providers.mercado_data_provider | DEBUG | RTD: preco_ativo ABEV3=16.01 forçado com sucesso
src.infrastructure.providers.mercado_data_provider | DEBUG | RTD: Detalhes completos registrados para ALPA4|ALPAT944 (Liquidez detectada)
src.infrastructure.providers.mercado_data_provider | DEBUG | RTD: preco_ativo ALPA4=11.52 forçado com sucesso
src.infrastructure.providers.mercado_data_provider | DEBUG | RTD: Detalhes completos registrados para ABEV3|ABEVT138W2 (Liquidez detectada)
src.infrastructure.providers.mercado_data_provider | DEBUG | RTD: preco_ativo ABEV3=16.01 forçado com sucesso
src.infrastructure.providers.mercado_data_provider | DEBUG | RTD: Detalhes completos registrados para ALUP11|ALUPT301 (Liquidez detectada)
src.infrastructure.providers.mercado_data_provider | DEBUG | RTD: preco_ativo ALUP11=32.45 forçado com sucesso
src.infrastructure.providers.mercado_data_provider | DEBUG | RTD: Detalhes completos registrados para AURE3|AUREU994 (Liquidez detectada)
src.infrastructure.providers.mercado_data_provider | DEBUG | RTD: preco_ativo AURE3=11.14 forçado com sucesso
src.infrastructure.providers.mercado_data_provider | DEBUG | RTD: Detalhes completos registrados para ANIM3|ANIMT262 (Liquidez detectada)
src.infrastructure.providers.mercado_data_provider | DEBUG | RTD: preco_ativo ANIM3=2.23 forçado com sucesso
src.infrastructure.providers.mercado_data_provider | DEBUG | RTD: Detalhes completos registrados para ALOS3|ALOST284 (Liquidez detectada)
src.infrastructure.providers.mercado_data_provider | DEBUG | RTD: preco_ativo ALOS3=26.50 forçado com sucesso
src.infrastructure.providers.mercado_data_provider | DEBUG | RTD: Detalhes completos registrados para AXIA3|AXIAU54 (Liquidez detectada)
src.infrastructure.providers.mercado_data_provider | DEBUG | RTD: preco_ativo AXIA3=51.39 forçado com sucesso
src.infrastructure.providers.mercado_data_provider | DEBUG | RTD: Detalhes completos registrados para AXIA3|AXIAT485W1 (Liquidez detectada)
src.infrastructure.providers.mercado_data_provider | DEBUG | RTD: preco_ativo AXIA3=51.39 forçado com sucesso
src.infrastructure.providers.mercado_data_provider | DEBUG | RTD: Detalhes completos registrados para ABEV3|ABEVU157W1 (Liquidez detectada)
src.infrastructure.providers.mercado_data_provider | DEBUG | RTD: preco_ativo ABEV3=16.01 forçado com sucesso
src.infrastructure.providers.mercado_data_provider | DEBUG | RTD: Detalhes completos registrados para AURE3|AURET102 (Liquidez detectada)
src.infrastructure.providers.mercado_data_provider | DEBUG | RTD: preco_ativo AURE3=11.14 forçado com sucesso
src.infrastructure.providers.mercado_data_provider | DEBUG | RTD: Detalhes completos registrados para ABEV3|ABEVT172 (Liquidez detectada)
src.infrastructure.providers.mercado_data_provider | DEBUG | RTD: preco_ativo ABEV3=16.01 forçado com sucesso
src.infrastructure.providers.mercado_data_provider | DEBUG | RTD: Detalhes completos registrados para ALUP11|ALUPU283 (Liquidez detectada)
src.infrastructure.providers.mercado_data_provider | DEBUG | RTD: preco_ativo ALUP11=32.45 forçado com sucesso
src.infrastructure.providers.mercado_data_provider | DEBUG | RTD: Detalhes completos registrados para ALOS3|ALOSU241 (Liquidez detectada)
src.infrastructure.providers.mercado_data_provider | DEBUG | RTD: preco_ativo ALOS3=26.50 forçado com sucesso
src.infrastructure.providers.mercado_data_provider | DEBUG | RTD: Detalhes completos registrados para ABEV3|ABEVU175 (Liquidez detectada)
src.infrastructure.providers.mercado_data_provider | DEBUG | RTD: preco_ativo ABEV3=16.01 forçado com sucesso
src.infrastructure.providers.mercado_data_provider | DEBUG | RTD: Detalhes completos registrados para ABEV3|ABEVX19 (Liquidez detectada)
src.infrastructure.providers.mercado_data_provider | DEBUG | RTD: preco_ativo ABEV3=16.01 forçado com sucesso
src.infrastructure.providers.mercado_data_provider | DEBUG | RTD: Detalhes completos registrados para AXIA3|AXIAT475W2 (Liquidez detectada)
src.infrastructure.providers.mercado_data_provider | DEBUG | RTD: preco_ativo AXIA3=51.39 forçado com sucesso
src.infrastructure.providers.mercado_data_provider | DEBUG | RTD: Detalhes completos registrados para ALOS3|ALOST238W1 (Liquidez detectada)
src.infrastructure.providers.mercado_data_provider | DEBUG | RTD: preco_ativo ALOS3=26.50 forçado com sucesso
src.infrastructure.providers.mercado_data_provider | DEBUG | RTD: Detalhes completos registrados para AURE3|AURET122 (Liquidez detectada)
src.infrastructure.providers.mercado_data_provider | DEBUG | RTD: preco_ativo AURE3=11.14 forçado com sucesso
src.infrastructure.providers.mercado_data_provider | DEBUG | RTD: Detalhes completos registrados para ALOS3|ALOSU271 (Liquidez detectada)
src.infrastructure.providers.mercado_data_provider | DEBUG | RTD: preco_ativo ALOS3=26.50 forçado com sucesso
src.infrastructure.providers.mercado_data_provider | DEBUG | RTD: Detalhes completos registrados para ALOS3|ALOST243W2 (Liquidez detectada)
src.infrastructure.providers.mercado_data_provider | DEBUG | RTD: preco_ativo ALOS3=26.50 forçado com sucesso
src.infrastructure.providers.mercado_data_provider | DEBUG | RTD: Detalhes completos registrados para AUAU3|AUAUU430 (Liquidez detectada)
src.infrastructure.providers.mercado_data_provider | DEBUG | RTD: preco_ativo AUAU3=3.33 forçado com sucesso
src.infrastructure.providers.mercado_data_provider | DEBUG | RTD: Detalhes completos registrados para ALPA4|ALPAT110 (Liquidez detectada)
src.infrastructure.providers.mercado_data_provider | DEBUG | RTD: preco_ativo ALPA4=11.52 forçado com sucesso
src.infrastructure.providers.mercado_data_provider | DEBUG | RTD: Detalhes completos registrados para ABEV3|ABEVX155 (Liquidez detectada)
src.infrastructure.providers.mercado_data_provider | DEBUG | RTD: preco_ativo ABEV3=16.01 forçado com sucesso
src.infrastructure.providers.mercado_data_provider | DEBUG | RTD: Detalhes completos registrados para AXIA3|AXIAU490 (Liquidez detectada)
src.infrastructure.providers.mercado_data_provider | DEBUG | RTD: preco_ativo AXIA3=51.39 forçado com sucesso
src.infrastructure.providers.mercado_data_provider | DEBUG | RTD: Detalhes completos registrados para AXIA3|AXIAT464 (Liquidez detectada)
src.infrastructure.providers.mercado_data_provider | DEBUG | RTD: preco_ativo AXIA3=51.39 forçado com sucesso
src.infrastructure.providers.mercado_data_provider | DEBUG | RTD: Detalhes completos registrados para AXIA3|AXIAT455W1 (Liquidez detectada)
src.infrastructure.providers.mercado_data_provider | DEBUG | RTD: preco_ativo AXIA3=51.39 forçado com sucesso
src.infrastructure.providers.mercado_data_provider | DEBUG | RTD: Detalhes completos registrados para AZZA3|AZZAU170 (Liquidez detectada)
src.infrastructure.providers.mercado_data_provider | DEBUG | RTD: preco_ativo AZZA3=16.34 forçado com sucesso
src.infrastructure.providers.mercado_data_provider | DEBUG | RTD: Detalhes completos registrados para AUAU3|AUAUT312W2 (Liquidez detectada)
src.infrastructure.providers.mercado_data_provider | DEBUG | RTD: preco_ativo AUAU3=3.33 forçado com sucesso
src.infrastructure.providers.mercado_data_provider | DEBUG | RTD: Detalhes completos registrados para AXIA3|AXIAU487 (Liquidez detectada)
src.infrastructure.providers.mercado_data_provider | DEBUG | RTD: preco_ativo AXIA3=51.39 forçado com sucesso
src.infrastructure.providers.mercado_data_provider | DEBUG | RTD: Detalhes completos registrados para AXIA3|AXIAT520W1 (Liquidez detectada)
src.infrastructure.providers.mercado_data_provider | DEBUG | RTD: preco_ativo AXIA3=51.39 forçado com sucesso
src.infrastructure.providers.mercado_data_provider | DEBUG | RTD: Detalhes completos registrados para ABCB4|ABCBX219 (Liquidez detectada)
src.infrastructure.providers.mercado_data_provider | DEBUG | RTD: preco_ativo ABCB4=23.67 forçado com sucesso
src.infrastructure.providers.mercado_data_provider | DEBUG | RTD: Detalhes completos registrados para AUAU3|AUAUU402 (Liquidez detectada)
src.infrastructure.providers.mercado_data_provider | DEBUG | RTD: preco_ativo AUAU3=3.33 forçado com sucesso
src.infrastructure.providers.mercado_data_provider | DEBUG | RTD: Detalhes completos registrados para AXIA3|AXIAX620 (Liquidez detectada)
src.infrastructure.providers.mercado_data_provider | DEBUG | RTD: preco_ativo AXIA3=51.39 forçado com sucesso
src.infrastructure.providers.mercado_data_provider | DEBUG | RTD: Detalhes completos registrados para B3SA3|B3SAT117 (Liquidez detectada)
src.infrastructure.providers.mercado_data_provider | DEBUG | RTD: preco_ativo B3SA3=15.46 forçado com sucesso
src.infrastructure.providers.mercado_data_provider | DEBUG | RTD: Detalhes completos registrados para ANIM3|ANIMU207 (Liquidez detectada)
src.infrastructure.providers.mercado_data_provider | DEBUG | RTD: preco_ativo ANIM3=2.23 forçado com sucesso
src.infrastructure.providers.mercado_data_provider | DEBUG | RTD: Detalhes completos registrados para ALOS3|ALOST253W2 (Liquidez detectada)
src.infrastructure.providers.mercado_data_provider | DEBUG | RTD: preco_ativo ALOS3=26.50 forçado com sucesso
src.infrastructure.providers.mercado_data_provider | DEBUG | RTD: Detalhes completos registrados para AUAU3|AUAUX395 (Liquidez detectada)
src.infrastructure.providers.mercado_data_provider | DEBUG | RTD: preco_ativo AUAU3=3.33 forçado com sucesso
src.infrastructure.providers.mercado_data_provider | DEBUG | RTD: Detalhes completos registrados para ABEV3|ABEVV173 (Liquidez detectada)
src.infrastructure.providers.mercado_data_provider | DEBUG | RTD: preco_ativo ABEV3=16.01 forçado com sucesso
src.infrastructure.providers.mercado_data_provider | DEBUG | RTD: Detalhes completos registrados para AGRO3|AGROT210 (Liquidez detectada)
src.infrastructure.providers.mercado_data_provider | DEBUG | RTD: preco_ativo AGRO3=18.97 forçado com sucesso
src.infrastructure.providers.mercado_data_provider | DEBUG | RTD: Detalhes completos registrados para ALUP11|ALUPU343 (Liquidez detectada)
src.infrastructure.providers.mercado_data_provider | DEBUG | RTD: preco_ativo ALUP11=32.45 forçado com sucesso
src.infrastructure.providers.mercado_data_provider | DEBUG | RTD: Detalhes completos registrados para ALOS3|ALOST243W1 (Liquidez detectada)
src.infrastructure.providers.mercado_data_provider | DEBUG | RTD: preco_ativo ALOS3=26.50 forçado com sucesso
src.infrastructure.providers.mercado_data_provider | DEBUG | RTD: Detalhes completos registrados para ASAI3|ASAIU570 (Liquidez detectada)
src.infrastructure.providers.mercado_data_provider | DEBUG | RTD: preco_ativo ASAI3=8.21 forçado com sucesso
src.infrastructure.providers.mercado_data_provider | DEBUG | RTD: Detalhes completos registrados para AUAU3|AUAUU327 (Liquidez detectada)
src.infrastructure.providers.mercado_data_provider | DEBUG | RTD: preco_ativo AUAU3=3.33 forçado com sucesso
src.infrastructure.providers.mercado_data_provider | DEBUG | RTD: Detalhes completos registrados para ALUP11|ALUPT299 (Liquidez detectada)
src.infrastructure.providers.mercado_data_provider | DEBUG | RTD: preco_ativo ALUP11=32.45 forçado com sucesso
src.infrastructure.providers.mercado_data_provider | DEBUG | RTD: Detalhes completos registrados para ALOS3|ALOST261 (Liquidez detectada)
src.infrastructure.providers.mercado_data_provider | DEBUG | RTD: preco_ativo ALOS3=26.50 forçado com sucesso
src.infrastructure.providers.mercado_data_provider | DEBUG | RTD: Detalhes completos registrados para B3SA3|B3SAV4 (Liquidez detectada)
src.infrastructure.providers.mercado_data_provider | DEBUG | RTD: preco_ativo B3SA3=15.46 forçado com sucesso
src.infrastructure.providers.mercado_data_provider | DEBUG | RTD: Detalhes completos registrados para AURE3|AUREX100 (Liquidez detectada)
src.infrastructure.providers.mercado_data_provider | DEBUG | RTD: preco_ativo AURE3=11.14 forçado com sucesso
src.infrastructure.providers.mercado_data_provider | DEBUG | RTD: Detalhes completos registrados para AGRO3|AGROT192 (Liquidez detectada)
src.infrastructure.providers.mercado_data_provider | DEBUG | RTD: preco_ativo AGRO3=18.97 forçado com sucesso
src.infrastructure.providers.mercado_data_provider | DEBUG | RTD: Detalhes completos registrados para ASAI3|ASAIT710 (Liquidez detectada)
src.infrastructure.providers.mercado_data_provider | DEBUG | RTD: preco_ativo ASAI3=8.21 forçado com sucesso
src.infrastructure.providers.mercado_data_provider | DEBUG | RTD: Detalhes completos registrados para ANIM3|ANIMU157 (Liquidez detectada)
src.infrastructure.providers.mercado_data_provider | DEBUG | RTD: preco_ativo ANIM3=2.23 forçado com sucesso
src.infrastructure.providers.mercado_data_provider | DEBUG | RTD: Detalhes completos registrados para AZZA3|AZZAT187 (Liquidez detectada)
src.infrastructure.providers.mercado_data_provider | DEBUG | RTD: preco_ativo AZZA3=16.34 forçado com sucesso
src.infrastructure.providers.mercado_data_provider | DEBUG | RTD: Detalhes completos registrados para B3SA3|B3SAT129W2 (Liquidez detectada)
src.infrastructure.providers.mercado_data_provider | DEBUG | RTD: preco_ativo B3SA3=15.46 forçado com sucesso
src.infrastructure.providers.mercado_data_provider | DEBUG | RTD: Detalhes completos registrados para AURE3|AURET112 (Liquidez detectada)
src.infrastructure.providers.mercado_data_provider | DEBUG | RTD: preco_ativo AURE3=11.14 forçado com sucesso
src.infrastructure.providers.mercado_data_provider | DEBUG | RTD: Detalhes completos registrados para ANIM3|ANIMT277 (Liquidez detectada)
src.infrastructure.providers.mercado_data_provider | DEBUG | RTD: preco_ativo ANIM3=2.23 forçado com sucesso
src.infrastructure.providers.mercado_data_provider | DEBUG | RTD: Detalhes completos registrados para ANIM3|ANIMT167 (Liquidez detectada)
src.infrastructure.providers.mercado_data_provider | DEBUG | RTD: preco_ativo ANIM3=2.23 forçado com sucesso
src.infrastructure.providers.mercado_data_provider | DEBUG | RTD: Detalhes completos registrados para AXIA3|AXIAT47 (Liquidez detectada)
src.infrastructure.providers.mercado_data_provider | DEBUG | RTD: preco_ativo AXIA3=51.39 forçado com sucesso
src.infrastructure.providers.mercado_data_provider | DEBUG | RTD: Detalhes completos registrados para AZZA3|AZZAT195 (Liquidez detectada)
src.infrastructure.providers.mercado_data_provider | DEBUG | RTD: preco_ativo AZZA3=16.34 forçado com sucesso
src.infrastructure.providers.mercado_data_provider | DEBUG | RTD: Detalhes completos registrados para AURE3|AURET974 (Liquidez detectada)
src.infrastructure.providers.mercado_data_provider | DEBUG | RTD: preco_ativo AURE3=11.14 forçado com sucesso
src.infrastructure.providers.mercado_data_provider | DEBUG | RTD: Detalhes completos registrados para B3SA3|B3SAU155 (Liquidez detectada)
src.infrastructure.providers.mercado_data_provider | DEBUG | RTD: preco_ativo B3SA3=15.46 forçado com sucesso
src.infrastructure.providers.mercado_data_provider | DEBUG | RTD: Detalhes completos registrados para AXIA3|AXIAU580 (Liquidez detectada)
src.infrastructure.providers.mercado_data_provider | DEBUG | RTD: preco_ativo AXIA3=51.39 forçado com sucesso
src.infrastructure.providers.mercado_data_provider | DEBUG | RTD: Detalhes completos registrados para B3SA3|B3SAT154W2 (Liquidez detectada)
src.infrastructure.providers.mercado_data_provider | DEBUG | RTD: preco_ativo B3SA3=15.46 forçado com sucesso
src.infrastructure.providers.mercado_data_provider | DEBUG | RTD: Detalhes completos registrados para B3SA3|B3SAU125 (Liquidez detectada)
src.infrastructure.providers.mercado_data_provider | DEBUG | RTD: preco_ativo B3SA3=15.46 forçado com sucesso
src.infrastructure.providers.mercado_data_provider | DEBUG | RTD: Detalhes completos registrados para AUAU3|AUAUU267 (Liquidez detectada)
src.infrastructure.providers.mercado_data_provider | DEBUG | RTD: preco_ativo AUAU3=3.33 forçado com sucesso
src.infrastructure.providers.mercado_data_provider | DEBUG | RTD: Detalhes completos registrados para AZZA3|AZZAT185 (Liquidez detectada)
src.infrastructure.providers.mercado_data_provider | DEBUG | RTD: preco_ativo AZZA3=16.34 forçado com sucesso
src.infrastructure.providers.mercado_data_provider | DEBUG | RTD: Detalhes completos registrados para AURE3|AURET984 (Liquidez detectada)
src.infrastructure.providers.mercado_data_provider | DEBUG | RTD: preco_ativo AURE3=11.14 forçado com sucesso
src.infrastructure.providers.mercado_data_provider | DEBUG | RTD: Detalhes completos registrados para AURE3|AUREX110 (Liquidez detectada)
src.infrastructure.providers.mercado_data_provider | DEBUG | RTD: preco_ativo AURE3=11.14 forçado com sucesso
src.infrastructure.providers.mercado_data_provider | DEBUG | RTD: Detalhes completos registrados para ALPA4|ALPAU784 (Liquidez detectada)
src.infrastructure.providers.mercado_data_provider | DEBUG | RTD: preco_ativo ALPA4=11.52 forçado com sucesso
src.infrastructure.providers.mercado_data_provider | DEBUG | RTD: Detalhes completos registrados para ALPA4|ALPAT105 (Liquidez detectada)
src.infrastructure.providers.mercado_data_provider | DEBUG | RTD: preco_ativo ALPA4=11.52 forçado com sucesso
src.infrastructure.providers.mercado_data_provider | DEBUG | RTD: Detalhes completos registrados para AUAU3|AUAUT332W2 (Liquidez detectada)
src.infrastructure.providers.mercado_data_provider | DEBUG | RTD: preco_ativo AUAU3=3.33 forçado com sucesso
src.infrastructure.providers.mercado_data_provider | DEBUG | RTD: Detalhes completos registrados para B3SA3|B3SAT212 (Liquidez detectada)
src.infrastructure.providers.mercado_data_provider | DEBUG | RTD: preco_ativo B3SA3=15.46 forçado com sucesso
src.infrastructure.providers.mercado_data_provider | DEBUG | RTD: Detalhes completos registrados para AZZA3|AZZAT130 (Liquidez detectada)
src.infrastructure.providers.mercado_data_provider | DEBUG | RTD: preco_ativo AZZA3=16.34 forçado com sucesso
src.infrastructure.providers.mercado_data_provider | DEBUG | RTD: Detalhes completos registrados para AURE3|AUREM110 (Liquidez detectada)
src.infrastructure.providers.mercado_data_provider | DEBUG | RTD: preco_ativo AURE3=11.14 forçado com sucesso
src.infrastructure.providers.mercado_data_provider | DEBUG | RTD: Detalhes completos registrados para ASAI3|ASAIU730 (Liquidez detectada)
src.infrastructure.providers.mercado_data_provider | DEBUG | RTD: preco_ativo ASAI3=8.21 forçado com sucesso
src.infrastructure.providers.mercado_data_provider | DEBUG | RTD: Detalhes completos registrados para ABCB4|ABCBU249 (Liquidez detectada)
src.infrastructure.providers.mercado_data_provider | DEBUG | RTD: preco_ativo ABCB4=23.67 forçado com sucesso
src.infrastructure.providers.mercado_data_provider | DEBUG | RTD: Detalhes completos registrados para ANIM3|ANIMT207 (Liquidez detectada)
src.infrastructure.providers.mercado_data_provider | DEBUG | RTD: preco_ativo ANIM3=2.23 forçado com sucesso
src.infrastructure.providers.mercado_data_provider | DEBUG | RTD: Detalhes completos registrados para AXIA3|AXIAT51 (Liquidez detectada)
src.infrastructure.providers.mercado_data_provider | DEBUG | RTD: preco_ativo AXIA3=51.39 forçado com sucesso
src.infrastructure.providers.mercado_data_provider | DEBUG | RTD: Detalhes completos registrados para AZZA3|AZZAT240 (Liquidez detectada)
src.infrastructure.providers.mercado_data_provider | DEBUG | RTD: preco_ativo AZZA3=16.34 forçado com sucesso
src.infrastructure.providers.mercado_data_provider | DEBUG | RTD: Detalhes completos registrados para B3SA3|B3SAU177 (Liquidez detectada)
src.infrastructure.providers.mercado_data_provider | DEBUG | RTD: preco_ativo B3SA3=15.46 forçado com sucesso
src.infrastructure.providers.mercado_data_provider | DEBUG | RTD: Detalhes completos registrados para B3SA3|B3SAT141 (Liquidez detectada)
src.infrastructure.providers.mercado_data_provider | DEBUG | RTD: preco_ativo B3SA3=15.46 forçado com sucesso
src.infrastructure.providers.mercado_data_provider | DEBUG | RTD: Detalhes completos registrados para B3SA3|B3SAV16 (Liquidez detectada)
src.infrastructure.providers.mercado_data_provider | DEBUG | RTD: preco_ativo B3SA3=15.46 forçado com sucesso
src.infrastructure.providers.mercado_data_provider | DEBUG | RTD: Detalhes completos registrados para ABEV3|ABEVT161W2 (Liquidez detectada)
src.infrastructure.providers.mercado_data_provider | DEBUG | RTD: preco_ativo ABEV3=16.01 forçado com sucesso
src.infrastructure.providers.mercado_data_provider | DEBUG | RTD: Detalhes completos registrados para ALOS3|ALOST271 (Liquidez detectada)
src.infrastructure.providers.mercado_data_provider | DEBUG | RTD: preco_ativo ALOS3=26.50 forçado com sucesso
src.infrastructure.providers.mercado_data_provider | DEBUG | RTD: Detalhes completos registrados para AUAU3|AUAUT357 (Liquidez detectada)
src.infrastructure.providers.mercado_data_provider | DEBUG | RTD: preco_ativo AUAU3=3.33 forçado com sucesso
src.infrastructure.providers.mercado_data_provider | DEBUG | RTD: Detalhes completos registrados para ASAI3|ASAIX720 (Liquidez detectada)
src.infrastructure.providers.mercado_data_provider | DEBUG | RTD: preco_ativo ASAI3=8.21 forçado com sucesso
src.infrastructure.providers.mercado_data_provider | DEBUG | RTD: Detalhes completos registrados para AXIA3|AXIAT490W2 (Liquidez detectada)
src.infrastructure.providers.mercado_data_provider | DEBUG | RTD: preco_ativo AXIA3=51.39 forçado com sucesso
src.infrastructure.providers.mercado_data_provider | DEBUG | RTD: Detalhes completos registrados para ABEV3|ABEVT153W1 (Liquidez detectada)
src.infrastructure.providers.mercado_data_provider | DEBUG | RTD: preco_ativo ABEV3=16.01 forçado com sucesso
src.infrastructure.providers.mercado_data_provider | DEBUG | RTD: Detalhes completos registrados para AZZA3|AZZAU145 (Liquidez detectada)
src.infrastructure.providers.mercado_data_provider | DEBUG | RTD: preco_ativo AZZA3=16.34 forçado com sucesso
src.infrastructure.providers.mercado_data_provider | DEBUG | RTD: Detalhes completos registrados para AUAU3|AUAUT347W2 (Liquidez detectada)
src.infrastructure.providers.mercado_data_provider | DEBUG | RTD: preco_ativo AUAU3=3.33 forçado com sucesso
src.infrastructure.providers.mercado_data_provider | DEBUG | RTD: Detalhes completos registrados para AUAU3|AUAUU317 (Liquidez detectada)
src.infrastructure.providers.mercado_data_provider | DEBUG | RTD: preco_ativo AUAU3=3.33 forçado com sucesso
src.infrastructure.providers.mercado_data_provider | DEBUG | RTD: Detalhes completos registrados para ALUP11|ALUPT311 (Liquidez detectada)
src.infrastructure.providers.mercado_data_provider | DEBUG | RTD: preco_ativo ALUP11=32.45 forçado com sucesso
src.infrastructure.providers.mercado_data_provider | DEBUG | RTD: Detalhes completos registrados para ALOS3|ALOSV273 (Liquidez detectada)
src.infrastructure.providers.mercado_data_provider | DEBUG | RTD: preco_ativo ALOS3=26.50 forçado com sucesso
src.infrastructure.providers.mercado_data_provider | DEBUG | RTD: Detalhes completos registrados para B3SA3|B3SAU174 (Liquidez detectada)
src.infrastructure.providers.mercado_data_provider | DEBUG | RTD: preco_ativo B3SA3=15.46 forçado com sucesso
src.infrastructure.providers.mercado_data_provider | DEBUG | RTD: Detalhes completos registrados para ABEV3|ABEVU130 (Liquidez detectada)
src.infrastructure.providers.mercado_data_provider | DEBUG | RTD: preco_ativo ABEV3=16.01 forçado com sucesso
src.infrastructure.providers.mercado_data_provider | DEBUG | RTD: Detalhes completos registrados para AUAU3|AUAUT342W2 (Liquidez detectada)
src.infrastructure.providers.mercado_data_provider | DEBUG | RTD: preco_ativo AUAU3=3.33 forçado com sucesso
src.infrastructure.providers.mercado_data_provider | DEBUG | RTD: Detalhes completos registrados para ANIM3|ANIMU217 (Liquidez detectada)
src.infrastructure.providers.mercado_data_provider | DEBUG | RTD: preco_ativo ANIM3=2.23 forçado com sucesso
src.infrastructure.providers.mercado_data_provider | DEBUG | RTD: Detalhes completos registrados para AURE3|AUREU814 (Liquidez detectada)
src.infrastructure.providers.mercado_data_provider | DEBUG | RTD: preco_ativo AURE3=11.14 forçado com sucesso
src.infrastructure.providers.mercado_data_provider | DEBUG | RTD: Detalhes completos registrados para B3SA3|B3SAV166 (Liquidez detectada)
src.infrastructure.providers.mercado_data_provider | DEBUG | RTD: preco_ativo B3SA3=15.46 forçado com sucesso
src.infrastructure.providers.mercado_data_provider | DEBUG | RTD: Detalhes completos registrados para B3SA3|B3SAU194 (Liquidez detectada)
src.infrastructure.providers.mercado_data_provider | DEBUG | RTD: preco_ativo B3SA3=15.46 forçado com sucesso
src.infrastructure.providers.mercado_data_provider | DEBUG | RTD: Detalhes completos registrados para AURE3|AUREU126 (Liquidez detectada)
src.infrastructure.providers.mercado_data_provider | DEBUG | RTD: preco_ativo AURE3=11.14 forçado com sucesso
src.infrastructure.providers.mercado_data_provider | DEBUG | RTD: Detalhes completos registrados para AZZA3|AZZAT150 (Liquidez detectada)
src.infrastructure.providers.mercado_data_provider | DEBUG | RTD: preco_ativo AZZA3=16.34 forçado com sucesso
src.infrastructure.providers.mercado_data_provider | DEBUG | RTD: Detalhes completos registrados para ABEV3|ABEVT117 (Liquidez detectada)
src.infrastructure.providers.mercado_data_provider | DEBUG | RTD: preco_ativo ABEV3=16.01 forçado com sucesso
src.infrastructure.providers.mercado_data_provider | DEBUG | RTD: Detalhes completos registrados para ASAI3|ASAIU790 (Liquidez detectada)
src.infrastructure.providers.mercado_data_provider | DEBUG | RTD: preco_ativo ASAI3=8.21 forçado com sucesso
src.infrastructure.providers.mercado_data_provider | DEBUG | RTD: Detalhes completos registrados para AURE3|AURET115 (Liquidez detectada)
src.infrastructure.providers.mercado_data_provider | DEBUG | RTD: preco_ativo AURE3=11.14 forçado com sucesso
src.infrastructure.providers.mercado_data_provider | DEBUG | RTD: Detalhes completos registrados para AXIA3|AXIAW480 (Liquidez detectada)
src.infrastructure.providers.mercado_data_provider | DEBUG | RTD: preco_ativo AXIA3=51.39 forçado com sucesso
src.infrastructure.providers.mercado_data_provider | DEBUG | RTD: Detalhes completos registrados para ALPA4|ALPAU122 (Liquidez detectada)
src.infrastructure.providers.mercado_data_provider | DEBUG | RTD: preco_ativo ALPA4=11.52 forçado com sucesso
src.infrastructure.providers.mercado_data_provider | DEBUG | RTD: Detalhes completos registrados para ALPA4|ALPAU844 (Liquidez detectada)
src.infrastructure.providers.mercado_data_provider | DEBUG | RTD: preco_ativo ALPA4=11.52 forçado com sucesso
src.infrastructure.providers.mercado_data_provider | DEBUG | RTD: Detalhes completos registrados para ABEV3|ABEVU160W2 (Liquidez detectada)
src.infrastructure.providers.mercado_data_provider | DEBUG | RTD: preco_ativo ABEV3=16.01 forçado com sucesso
src.infrastructure.providers.mercado_data_provider | DEBUG | RTD: Detalhes completos registrados para ALPA4|ALPAU834 (Liquidez detectada)
src.infrastructure.providers.mercado_data_provider | DEBUG | RTD: preco_ativo ALPA4=11.52 forçado com sucesso
src.infrastructure.providers.mercado_data_provider | DEBUG | RTD: Detalhes completos registrados para AUAU3|AUAUT297 (Liquidez detectada)
src.infrastructure.providers.mercado_data_provider | DEBUG | RTD: preco_ativo AUAU3=3.33 forçado com sucesso
src.infrastructure.providers.mercado_data_provider | DEBUG | RTD: Detalhes completos registrados para AUAU3|AUAUU287 (Liquidez detectada)
src.infrastructure.providers.mercado_data_provider | DEBUG | RTD: preco_ativo AUAU3=3.33 forçado com sucesso
src.infrastructure.providers.mercado_data_provider | DEBUG | RTD: Detalhes completos registrados para AZZA3|AZZAT100 (Liquidez detectada)
src.infrastructure.providers.mercado_data_provider | DEBUG | RTD: preco_ativo AZZA3=16.34 forçado com sucesso
src.infrastructure.providers.mercado_data_provider | DEBUG | RTD: Detalhes completos registrados para AGRO3|AGROX172 (Liquidez detectada)
src.infrastructure.providers.mercado_data_provider | DEBUG | RTD: preco_ativo AGRO3=18.97 forçado com sucesso
src.infrastructure.providers.mercado_data_provider | DEBUG | RTD: Detalhes completos registrados para ABEV3|ABEVT115 (Liquidez detectada)
src.infrastructure.providers.mercado_data_provider | DEBUG | RTD: preco_ativo ABEV3=16.01 forçado com sucesso
src.infrastructure.providers.mercado_data_provider | DEBUG | RTD: Detalhes completos registrados para ABCB4|ABCBX200 (Liquidez detectada)
src.infrastructure.providers.mercado_data_provider | DEBUG | RTD: preco_ativo ABCB4=23.67 forçado com sucesso
src.infrastructure.providers.mercado_data_provider | DEBUG | RTD: Detalhes completos registrados para ALOS3|ALOST273W2 (Liquidez detectada)
src.infrastructure.providers.mercado_data_provider | DEBUG | RTD: preco_ativo ALOS3=26.50 forçado com sucesso
src.infrastructure.providers.mercado_data_provider | DEBUG | RTD: Detalhes completos registrados para ALUP11|ALUPT321 (Liquidez detectada)
src.infrastructure.providers.mercado_data_provider | DEBUG | RTD: preco_ativo ALUP11=32.45 forçado com sucesso
src.infrastructure.providers.mercado_data_provider | DEBUG | RTD: Detalhes completos registrados para ABEV3|ABEVT171W2 (Liquidez detectada)
src.infrastructure.providers.mercado_data_provider | DEBUG | RTD: preco_ativo ABEV3=16.01 forçado com sucesso
src.infrastructure.providers.mercado_data_provider | DEBUG | RTD: Detalhes completos registrados para AUAU3|AUAUU347 (Liquidez detectada)
src.infrastructure.providers.mercado_data_provider | DEBUG | RTD: preco_ativo AUAU3=3.33 forçado com sucesso
src.infrastructure.providers.mercado_data_provider | DEBUG | RTD: Detalhes completos registrados para AUAU3|AUAUT382 (Liquidez detectada)
src.infrastructure.providers.mercado_data_provider | DEBUG | RTD: preco_ativo AUAU3=3.33 forçado com sucesso
src.infrastructure.providers.mercado_data_provider | DEBUG | RTD: Detalhes completos registrados para B3SA3|B3SAU157 (Liquidez detectada)
src.infrastructure.providers.mercado_data_provider | DEBUG | RTD: preco_ativo B3SA3=15.46 forçado com sucesso
src.infrastructure.providers.mercado_data_provider | DEBUG | RTD: Detalhes completos registrados para ABCB4|ABCBU199 (Liquidez detectada)
src.infrastructure.providers.mercado_data_provider | DEBUG | RTD: preco_ativo ABCB4=23.67 forçado com sucesso
src.infrastructure.providers.mercado_data_provider | DEBUG | RTD: Detalhes completos registrados para ALPA4|ALPAU130 (Liquidez detectada)
src.infrastructure.providers.mercado_data_provider | DEBUG | RTD: preco_ativo ALPA4=11.52 forçado com sucesso
src.infrastructure.providers.mercado_data_provider | DEBUG | RTD: Detalhes completos registrados para B3SA3|B3SAU130 (Liquidez detectada)
src.infrastructure.providers.mercado_data_provider | DEBUG | RTD: preco_ativo B3SA3=15.46 forçado com sucesso
src.infrastructure.providers.mercado_data_provider | DEBUG | RTD: Detalhes completos registrados para AZZA3|AZZAT180 (Liquidez detectada)
src.infrastructure.providers.mercado_data_provider | DEBUG | RTD: preco_ativo AZZA3=16.34 forçado com sucesso
src.infrastructure.providers.mercado_data_provider | DEBUG | RTD: Detalhes completos registrados para ARML3|ARMLU283 (Liquidez detectada)
src.infrastructure.providers.mercado_data_provider | DEBUG | RTD: preco_ativo ARML3=3.33 forçado com sucesso
src.infrastructure.providers.mercado_data_provider | DEBUG | RTD: Detalhes completos registrados para ABEV3|ABEVT110 (Liquidez detectada)
src.infrastructure.providers.mercado_data_provider | DEBUG | RTD: preco_ativo ABEV3=16.01 forçado com sucesso
src.infrastructure.providers.mercado_data_provider | DEBUG | RTD: Detalhes completos registrados para AXIA3|AXIAT470W2 (Liquidez detectada)
src.infrastructure.providers.mercado_data_provider | DEBUG | RTD: preco_ativo AXIA3=51.39 forçado com sucesso
src.infrastructure.providers.mercado_data_provider | DEBUG | RTD: Detalhes completos registrados para B3SA3|B3SAT149W2 (Liquidez detectada)
src.infrastructure.providers.mercado_data_provider | DEBUG | RTD: preco_ativo B3SA3=15.46 forçado com sucesso
src.infrastructure.providers.mercado_data_provider | DEBUG | RTD: Detalhes completos registrados para BBAS3|BBAST186W2 (Liquidez detectada)
src.infrastructure.providers.mercado_data_provider | DEBUG | RTD: preco_ativo BBAS3=20.82 forçado com sucesso
src.infrastructure.providers.mercado_data_provider | DEBUG | RTD: Detalhes completos registrados para ABEV3|ABEVU123 (Liquidez detectada)
src.infrastructure.providers.mercado_data_provider | DEBUG | RTD: preco_ativo ABEV3=16.01 forçado com sucesso
src.infrastructure.providers.mercado_data_provider | DEBUG | RTD: Detalhes completos registrados para ABEV3|ABEVU158 (Liquidez detectada)
src.infrastructure.providers.mercado_data_provider | DEBUG | RTD: preco_ativo ABEV3=16.01 forçado com sucesso
src.infrastructure.providers.mercado_data_provider | DEBUG | RTD: Detalhes completos registrados para B3SA3|B3SAW189 (Liquidez detectada)
src.infrastructure.providers.mercado_data_provider | DEBUG | RTD: preco_ativo B3SA3=15.46 forçado com sucesso
src.infrastructure.providers.mercado_data_provider | DEBUG | RTD: Detalhes completos registrados para ALPA4|ALPAU734 (Liquidez detectada)
src.infrastructure.providers.mercado_data_provider | DEBUG | RTD: preco_ativo ALPA4=11.52 forçado com sucesso
src.infrastructure.providers.mercado_data_provider | DEBUG | RTD: Detalhes completos registrados para AUAU3|AUAUU232 (Liquidez detectada)
src.infrastructure.providers.mercado_data_provider | DEBUG | RTD: preco_ativo AUAU3=3.33 forçado com sucesso
src.infrastructure.providers.mercado_data_provider | DEBUG | RTD: Detalhes completos registrados para AURE3|AURET117 (Liquidez detectada)
src.infrastructure.providers.mercado_data_provider | DEBUG | RTD: preco_ativo AURE3=11.14 forçado com sucesso
src.infrastructure.providers.mercado_data_provider | DEBUG | RTD: Detalhes completos registrados para BBAS3|BBAST161W1 (Liquidez detectada)
src.infrastructure.providers.mercado_data_provider | DEBUG | RTD: preco_ativo BBAS3=20.82 forçado com sucesso
src.infrastructure.providers.mercado_data_provider | DEBUG | RTD: Detalhes completos registrados para ASAI3|ASAIU820 (Liquidez detectada)
src.infrastructure.providers.mercado_data_provider | DEBUG | RTD: preco_ativo ASAI3=8.21 forçado com sucesso
src.infrastructure.providers.mercado_data_provider | DEBUG | RTD: Detalhes completos registrados para AUAU3|AUAUT302 (Liquidez detectada)
src.infrastructure.providers.mercado_data_provider | DEBUG | RTD: preco_ativo AUAU3=3.33 forçado com sucesso
src.infrastructure.providers.mercado_data_provider | DEBUG | RTD: Detalhes completos registrados para ABEV3|ABEVT143W1 (Liquidez detectada)
src.infrastructure.providers.mercado_data_provider | DEBUG | RTD: preco_ativo ABEV3=16.01 forçado com sucesso
src.infrastructure.providers.mercado_data_provider | DEBUG | RTD: Detalhes completos registrados para AZZA3|AZZAU155 (Liquidez detectada)
src.infrastructure.providers.mercado_data_provider | DEBUG | RTD: preco_ativo AZZA3=16.34 forçado com sucesso
src.infrastructure.providers.mercado_data_provider | DEBUG | RTD: Detalhes completos registrados para AXIA3|AXIAU534 (Liquidez detectada)
src.infrastructure.providers.mercado_data_provider | DEBUG | RTD: preco_ativo AXIA3=51.39 forçado com sucesso
src.infrastructure.providers.mercado_data_provider | DEBUG | RTD: Detalhes completos registrados para ASAI3|ASAIT740 (Liquidez detectada)
src.infrastructure.providers.mercado_data_provider | DEBUG | RTD: preco_ativo ASAI3=8.21 forçado com sucesso
src.infrastructure.providers.mercado_data_provider | DEBUG | RTD: Detalhes completos registrados para AXIA3|AXIAT534 (Liquidez detectada)
src.infrastructure.providers.mercado_data_provider | DEBUG | RTD: preco_ativo AXIA3=51.39 forçado com sucesso
src.infrastructure.providers.mercado_data_provider | DEBUG | RTD: Detalhes completos registrados para ALOS3|ALOST24 (Liquidez detectada)
src.infrastructure.providers.mercado_data_provider | DEBUG | RTD: preco_ativo ALOS3=26.50 forçado com sucesso
src.infrastructure.providers.mercado_data_provider | DEBUG | RTD: Detalhes completos registrados para AXIA3|AXIAT480W1 (Liquidez detectada)
src.infrastructure.providers.mercado_data_provider | DEBUG | RTD: preco_ativo AXIA3=51.39 forçado com sucesso
src.infrastructure.providers.mercado_data_provider | DEBUG | RTD: Detalhes completos registrados para ALOS3|ALOSU229 (Liquidez detectada)
src.infrastructure.providers.mercado_data_provider | DEBUG | RTD: preco_ativo ALOS3=26.50 forçado com sucesso
src.infrastructure.providers.mercado_data_provider | DEBUG | RTD: Detalhes completos registrados para B3SA3|B3SAU182 (Liquidez detectada)
src.infrastructure.providers.mercado_data_provider | DEBUG | RTD: preco_ativo B3SA3=15.46 forçado com sucesso
src.infrastructure.providers.mercado_data_provider | DEBUG | RTD: Detalhes completos registrados para ALUP11|ALUPT309 (Liquidez detectada)
src.infrastructure.providers.mercado_data_provider | DEBUG | RTD: preco_ativo ALUP11=32.45 forçado com sucesso
src.infrastructure.providers.mercado_data_provider | DEBUG | RTD: Detalhes completos registrados para ABCB4|ABCBU214 (Liquidez detectada)
src.infrastructure.providers.mercado_data_provider | DEBUG | RTD: preco_ativo ABCB4=23.67 forçado com sucesso
src.infrastructure.providers.mercado_data_provider | DEBUG | RTD: Detalhes completos registrados para AXIA3|AXIAT55 (Liquidez detectada)
src.infrastructure.providers.mercado_data_provider | DEBUG | RTD: preco_ativo AXIA3=51.39 forçado com sucesso
src.infrastructure.providers.mercado_data_provider | DEBUG | RTD: Detalhes completos registrados para ALUP11|ALUPT284 (Liquidez detectada)
src.infrastructure.providers.mercado_data_provider | DEBUG | RTD: preco_ativo ALUP11=32.45 forçado com sucesso
src.infrastructure.providers.mercado_data_provider | DEBUG | RTD: Detalhes completos registrados para AXIA3|AXIAT514 (Liquidez detectada)
src.infrastructure.providers.mercado_data_provider | DEBUG | RTD: preco_ativo AXIA3=51.39 forçado com sucesso
src.infrastructure.providers.mercado_data_provider | DEBUG | RTD: Detalhes completos registrados para AURE3|AUREU914 (Liquidez detectada)
src.infrastructure.providers.mercado_data_provider | DEBUG | RTD: preco_ativo AURE3=11.14 forçado com sucesso
src.infrastructure.providers.mercado_data_provider | DEBUG | RTD: Detalhes completos registrados para BBAS3|BBAST197 (Liquidez detectada)
src.infrastructure.providers.mercado_data_provider | DEBUG | RTD: preco_ativo BBAS3=20.82 forçado com sucesso
src.infrastructure.providers.mercado_data_provider | DEBUG | RTD: Detalhes completos registrados para AXIA3|AXIAU420 (Liquidez detectada)
src.infrastructure.providers.mercado_data_provider | DEBUG | RTD: preco_ativo AXIA3=51.39 forçado com sucesso
src.infrastructure.providers.mercado_data_provider | DEBUG | RTD: Detalhes completos registrados para ALOS3|ALOSV269 (Liquidez detectada)
src.infrastructure.providers.mercado_data_provider | DEBUG | RTD: preco_ativo ALOS3=26.50 forçado com sucesso
src.infrastructure.providers.mercado_data_provider | DEBUG | RTD: Detalhes completos registrados para ABEV3|ABEVU138 (Liquidez detectada)
src.infrastructure.providers.mercado_data_provider | DEBUG | RTD: preco_ativo ABEV3=16.01 forçado com sucesso
src.infrastructure.providers.mercado_data_provider | DEBUG | RTD: Detalhes completos registrados para ALUP11|ALUPT329 (Liquidez detectada)
src.infrastructure.providers.mercado_data_provider | DEBUG | RTD: preco_ativo ALUP11=32.45 forçado com sucesso
src.infrastructure.providers.mercado_data_provider | DEBUG | RTD: Detalhes completos registrados para AXIA3|AXIAU472 (Liquidez detectada)
src.infrastructure.providers.mercado_data_provider | DEBUG | RTD: preco_ativo AXIA3=51.39 forçado com sucesso
src.infrastructure.providers.mercado_data_provider | DEBUG | RTD: Detalhes completos registrados para B3SA3|B3SAT121 (Liquidez detectada)
src.infrastructure.providers.mercado_data_provider | DEBUG | RTD: preco_ativo B3SA3=15.46 forçado com sucesso
src.infrastructure.providers.mercado_data_provider | DEBUG | RTD: Detalhes completos registrados para B3SA3|B3SAT182 (Liquidez detectada)
src.infrastructure.providers.mercado_data_provider | DEBUG | RTD: preco_ativo B3SA3=15.46 forçado com sucesso
src.infrastructure.providers.mercado_data_provider | DEBUG | RTD: Detalhes completos registrados para AUAU3|AUAUT287W2 (Liquidez detectada)
src.infrastructure.providers.mercado_data_provider | DEBUG | RTD: preco_ativo AUAU3=3.33 forçado com sucesso
src.infrastructure.providers.mercado_data_provider | DEBUG | RTD: Detalhes completos registrados para B3SA3|B3SAU202 (Liquidez detectada)
src.infrastructure.providers.mercado_data_provider | DEBUG | RTD: preco_ativo B3SA3=15.46 forçado com sucesso
src.infrastructure.providers.mercado_data_provider | DEBUG | RTD: Detalhes completos registrados para AXIA3|AXIAT482 (Liquidez detectada)
src.infrastructure.providers.mercado_data_provider | DEBUG | RTD: preco_ativo AXIA3=51.39 forçado com sucesso
src.infrastructure.providers.mercado_data_provider | DEBUG | RTD: Detalhes completos registrados para ALOS3|ALOST244 (Liquidez detectada)
src.infrastructure.providers.mercado_data_provider | DEBUG | RTD: preco_ativo ALOS3=26.50 forçado com sucesso
src.infrastructure.providers.mercado_data_provider | DEBUG | RTD: Detalhes completos registrados para ANIM3|ANIMU297 (Liquidez detectada)
src.infrastructure.providers.mercado_data_provider | DEBUG | RTD: preco_ativo ANIM3=2.23 forçado com sucesso
src.infrastructure.providers.mercado_data_provider | DEBUG | RTD: Detalhes completos registrados para ASAI3|ASAIU840 (Liquidez detectada)
src.infrastructure.providers.mercado_data_provider | DEBUG | RTD: preco_ativo ASAI3=8.21 forçado com sucesso
src.infrastructure.providers.mercado_data_provider | DEBUG | RTD: Detalhes completos registrados para B3SA3|B3SAV146 (Liquidez detectada)
src.infrastructure.providers.mercado_data_provider | DEBUG | RTD: preco_ativo B3SA3=15.46 forçado com sucesso
src.infrastructure.providers.mercado_data_provider | DEBUG | RTD: Detalhes completos registrados para ALUP11|ALUPT336 (Liquidez detectada)
src.infrastructure.providers.mercado_data_provider | DEBUG | RTD: preco_ativo ALUP11=32.45 forçado com sucesso
src.infrastructure.providers.mercado_data_provider | DEBUG | RTD: Detalhes completos registrados para B3SA3|B3SAU172 (Liquidez detectada)
src.infrastructure.providers.mercado_data_provider | DEBUG | RTD: preco_ativo B3SA3=15.46 forçado com sucesso
src.infrastructure.providers.mercado_data_provider | DEBUG | RTD: Detalhes completos registrados para BBAS3|BBAST146W2 (Liquidez detectada)
src.infrastructure.providers.mercado_data_provider | DEBUG | RTD: preco_ativo BBAS3=20.82 forçado com sucesso
src.infrastructure.providers.mercado_data_provider | DEBUG | RTD: Detalhes completos registrados para ALUP11|ALUPT346 (Liquidez detectada)
src.infrastructure.providers.mercado_data_provider | DEBUG | RTD: preco_ativo ALUP11=32.45 forçado com sucesso
src.infrastructure.providers.mercado_data_provider | DEBUG | RTD: Detalhes completos registrados para ALOS3|ALOSV236 (Liquidez detectada)
src.infrastructure.providers.mercado_data_provider | DEBUG | RTD: preco_ativo ALOS3=26.50 forçado com sucesso
src.infrastructure.providers.mercado_data_provider | DEBUG | RTD: Detalhes completos registrados para BBAS3|BBAST141W2 (Liquidez detectada)
src.infrastructure.providers.mercado_data_provider | DEBUG | RTD: preco_ativo BBAS3=20.82 forçado com sucesso
src.infrastructure.providers.mercado_data_provider | DEBUG | RTD: Detalhes completos registrados para ASAI3|ASAIU710 (Liquidez detectada)
src.infrastructure.providers.mercado_data_provider | DEBUG | RTD: preco_ativo ASAI3=8.21 forçado com sucesso
src.infrastructure.providers.mercado_data_provider | DEBUG | RTD: Detalhes completos registrados para ALOS3|ALOSU239 (Liquidez detectada)
src.infrastructure.providers.mercado_data_provider | DEBUG | RTD: preco_ativo ALOS3=26.50 forçado com sucesso
src.infrastructure.providers.mercado_data_provider | DEBUG | RTD: Detalhes completos registrados para ASAI3|ASAIU630 (Liquidez detectada)
src.infrastructure.providers.mercado_data_provider | DEBUG | RTD: preco_ativo ASAI3=8.21 forçado com sucesso
src.infrastructure.providers.mercado_data_provider | DEBUG | RTD: Detalhes completos registrados para ABEV3|ABEVT152W4 (Liquidez detectada)
src.infrastructure.providers.mercado_data_provider | DEBUG | RTD: preco_ativo ABEV3=16.01 forçado com sucesso
src.infrastructure.providers.mercado_data_provider | DEBUG | RTD: Detalhes completos registrados para AXIA3|AXIAU477 (Liquidez detectada)
src.infrastructure.providers.mercado_data_provider | DEBUG | RTD: preco_ativo AXIA3=51.39 forçado com sucesso
src.infrastructure.providers.mercado_data_provider | DEBUG | RTD: Detalhes completos registrados para AXIA3|AXIAU1 (Liquidez detectada)
src.infrastructure.providers.mercado_data_provider | DEBUG | RTD: preco_ativo AXIA3=51.39 forçado com sucesso
src.infrastructure.providers.mercado_data_provider | DEBUG | RTD: Detalhes completos registrados para B3SA3|B3SAW179 (Liquidez detectada)
src.infrastructure.providers.mercado_data_provider | DEBUG | RTD: preco_ativo B3SA3=15.46 forçado com sucesso
src.infrastructure.providers.mercado_data_provider | DEBUG | RTD: Detalhes completos registrados para ABEV3|ABEVX131 (Liquidez detectada)
src.infrastructure.providers.mercado_data_provider | DEBUG | RTD: preco_ativo ABEV3=16.01 forçado com sucesso
src.infrastructure.providers.mercado_data_provider | DEBUG | RTD: Detalhes completos registrados para ABCB4|ABCBU184 (Liquidez detectada)
src.infrastructure.providers.mercado_data_provider | DEBUG | RTD: preco_ativo ABCB4=23.67 forçado com sucesso
src.infrastructure.providers.mercado_data_provider | DEBUG | RTD: Detalhes completos registrados para ABEV3|ABEVW144 (Liquidez detectada)
src.infrastructure.providers.mercado_data_provider | DEBUG | RTD: preco_ativo ABEV3=16.01 forçado com sucesso
src.infrastructure.providers.mercado_data_provider | DEBUG | RTD: Detalhes completos registrados para ASAI3|ASAIU610 (Liquidez detectada)
src.infrastructure.providers.mercado_data_provider | DEBUG | RTD: preco_ativo ASAI3=8.21 forçado com sucesso
src.infrastructure.providers.mercado_data_provider | DEBUG | RTD: Detalhes completos registrados para ANIM3|ANIMT267 (Liquidez detectada)
src.infrastructure.providers.mercado_data_provider | DEBUG | RTD: preco_ativo ANIM3=2.23 forçado com sucesso
src.infrastructure.providers.mercado_data_provider | DEBUG | RTD: Detalhes completos registrados para AZZA3|AZZAU175 (Liquidez detectada)
src.infrastructure.providers.mercado_data_provider | DEBUG | RTD: preco_ativo AZZA3=16.34 forçado com sucesso
src.infrastructure.providers.mercado_data_provider | DEBUG | RTD: Detalhes completos registrados para BBAS3|BBAST177 (Liquidez detectada)
src.infrastructure.providers.mercado_data_provider | DEBUG | RTD: preco_ativo BBAS3=20.82 forçado com sucesso
src.infrastructure.providers.mercado_data_provider | DEBUG | RTD: Detalhes completos registrados para ALUP11|ALUPT334 (Liquidez detectada)
src.infrastructure.providers.mercado_data_provider | DEBUG | RTD: preco_ativo ALUP11=32.45 forçado com sucesso
src.infrastructure.providers.mercado_data_provider | DEBUG | RTD: Detalhes completos registrados para AXIA3|AXIAT53 (Liquidez detectada)
src.infrastructure.providers.mercado_data_provider | DEBUG | RTD: preco_ativo AXIA3=51.39 forçado com sucesso
src.infrastructure.providers.mercado_data_provider | DEBUG | RTD: Detalhes completos registrados para ALOS3|ALOST232 (Liquidez detectada)
src.infrastructure.providers.mercado_data_provider | DEBUG | RTD: preco_ativo ALOS3=26.50 forçado com sucesso
src.infrastructure.providers.mercado_data_provider | DEBUG | RTD: Detalhes completos registrados para AXIA3|AXIAT525W2 (Liquidez detectada)
src.infrastructure.providers.mercado_data_provider | DEBUG | RTD: preco_ativo AXIA3=51.39 forçado com sucesso
src.infrastructure.providers.mercado_data_provider | DEBUG | RTD: Detalhes completos registrados para BBAS3|BBAST188W2 (Liquidez detectada)
src.infrastructure.providers.mercado_data_provider | DEBUG | RTD: preco_ativo BBAS3=20.82 forçado com sucesso
src.infrastructure.providers.mercado_data_provider | DEBUG | RTD: Detalhes completos registrados para B3SA3|B3SAU135 (Liquidez detectada)
src.infrastructure.providers.mercado_data_provider | DEBUG | RTD: preco_ativo B3SA3=15.46 forçado com sucesso
src.infrastructure.providers.mercado_data_provider | DEBUG | RTD: Detalhes completos registrados para AXIA3|AXIAT1 (Liquidez detectada)
src.infrastructure.providers.mercado_data_provider | DEBUG | RTD: preco_ativo AXIA3=51.39 forçado com sucesso
src.infrastructure.providers.mercado_data_provider | DEBUG | RTD: Detalhes completos registrados para BBAS3|BBAST205W1 (Liquidez detectada)
src.infrastructure.providers.mercado_data_provider | DEBUG | RTD: preco_ativo BBAS3=20.82 forçado com sucesso
src.infrastructure.providers.mercado_data_provider | DEBUG | RTD: Detalhes completos registrados para AZZA3|AZZAT162 (Liquidez detectada)
src.infrastructure.providers.mercado_data_provider | DEBUG | RTD: preco_ativo AZZA3=16.34 forçado com sucesso
src.infrastructure.providers.mercado_data_provider | DEBUG | RTD: Detalhes completos registrados para AUAU3|AUAUT272 (Liquidez detectada)
src.infrastructure.providers.mercado_data_provider | DEBUG | RTD: preco_ativo AUAU3=3.33 forçado com sucesso
src.infrastructure.providers.mercado_data_provider | DEBUG | RTD: Detalhes completos registrados para ALOS3|ALOSU214 (Liquidez detectada)
src.infrastructure.providers.mercado_data_provider | DEBUG | RTD: preco_ativo ALOS3=26.50 forçado com sucesso
src.infrastructure.providers.mercado_data_provider | DEBUG | RTD: Detalhes completos registrados para AZZA3|AZZAT175 (Liquidez detectada)
src.infrastructure.providers.mercado_data_provider | DEBUG | RTD: preco_ativo AZZA3=16.34 forçado com sucesso
src.infrastructure.providers.mercado_data_provider | DEBUG | RTD: Detalhes completos registrados para AUAU3|AUAUT352W2 (Liquidez detectada)
src.infrastructure.providers.mercado_data_provider | DEBUG | RTD: preco_ativo AUAU3=3.33 forçado com sucesso
src.infrastructure.providers.mercado_data_provider | DEBUG | RTD: Detalhes completos registrados para ABEV3|ABEVU165 (Liquidez detectada)
src.infrastructure.providers.mercado_data_provider | DEBUG | RTD: preco_ativo ABEV3=16.01 forçado com sucesso
src.infrastructure.providers.mercado_data_provider | DEBUG | RTD: Detalhes completos registrados para BBAS3|BBAST198W2 (Liquidez detectada)
src.infrastructure.providers.mercado_data_provider | DEBUG | RTD: preco_ativo BBAS3=20.82 forçado com sucesso
src.infrastructure.providers.mercado_data_provider | DEBUG | RTD: Detalhes completos registrados para AXIA3|AXIAT490W1 (Liquidez detectada)
src.infrastructure.providers.mercado_data_provider | DEBUG | RTD: preco_ativo AXIA3=51.39 forçado com sucesso
src.infrastructure.providers.mercado_data_provider | DEBUG | RTD: Detalhes completos registrados para ALOS3|ALOST268W1 (Liquidez detectada)
src.infrastructure.providers.mercado_data_provider | DEBUG | RTD: preco_ativo ALOS3=26.50 forçado com sucesso
src.infrastructure.providers.mercado_data_provider | DEBUG | RTD: Detalhes completos registrados para BBAS3|BBAST190 (Liquidez detectada)
src.infrastructure.providers.mercado_data_provider | DEBUG | RTD: preco_ativo BBAS3=20.82 forçado com sucesso
src.infrastructure.providers.mercado_data_provider | DEBUG | RTD: Detalhes completos registrados para B3SA3|B3SAT131 (Liquidez detectada)
src.infrastructure.providers.mercado_data_provider | DEBUG | RTD: preco_ativo B3SA3=15.46 forçado com sucesso
src.infrastructure.providers.mercado_data_provider | DEBUG | RTD: Detalhes completos registrados para AXIA3|AXIAV465 (Liquidez detectada)
src.infrastructure.providers.mercado_data_provider | DEBUG | RTD: preco_ativo AXIA3=51.39 forçado com sucesso
src.infrastructure.providers.mercado_data_provider | DEBUG | RTD: Detalhes completos registrados para ABEV3|ABEVU185 (Liquidez detectada)
src.infrastructure.providers.mercado_data_provider | DEBUG | RTD: preco_ativo ABEV3=16.01 forçado com sucesso
src.infrastructure.providers.mercado_data_provider | DEBUG | RTD: Detalhes completos registrados para ALPA4|ALPAU132 (Liquidez detectada)
src.infrastructure.providers.mercado_data_provider | DEBUG | RTD: preco_ativo ALPA4=11.52 forçado com sucesso
src.infrastructure.providers.mercado_data_provider | DEBUG | RTD: Detalhes completos registrados para AURE3|AUREU984 (Liquidez detectada)
src.infrastructure.providers.mercado_data_provider | DEBUG | RTD: preco_ativo AURE3=11.14 forçado com sucesso
src.infrastructure.providers.mercado_data_provider | DEBUG | RTD: Detalhes completos registrados para BBAS3|BBAST217W1 (Liquidez detectada)
src.infrastructure.providers.mercado_data_provider | DEBUG | RTD: preco_ativo BBAS3=20.82 forçado com sucesso
src.infrastructure.providers.mercado_data_provider | DEBUG | RTD: Detalhes completos registrados para BBAS3|BBAST23 (Liquidez detectada)
src.infrastructure.providers.mercado_data_provider | DEBUG | RTD: preco_ativo BBAS3=20.82 forçado com sucesso
src.infrastructure.providers.mercado_data_provider | DEBUG | RTD: Detalhes completos registrados para ALOS3|ALOST271W2 (Liquidez detectada)
src.infrastructure.providers.mercado_data_provider | DEBUG | RTD: preco_ativo ALOS3=26.50 forçado com sucesso
src.infrastructure.providers.mercado_data_provider | DEBUG | RTD: Detalhes completos registrados para B3SA3|B3SAU149 (Liquidez detectada)
src.infrastructure.providers.mercado_data_provider | DEBUG | RTD: preco_ativo B3SA3=15.46 forçado com sucesso
src.infrastructure.providers.mercado_data_provider | DEBUG | RTD: Detalhes completos registrados para B3SA3|B3SAW173 (Liquidez detectada)
src.infrastructure.providers.mercado_data_provider | DEBUG | RTD: preco_ativo B3SA3=15.46 forçado com sucesso
src.infrastructure.providers.mercado_data_provider | DEBUG | RTD: Detalhes completos registrados para ALOS3|ALOSM261 (Liquidez detectada)
src.infrastructure.providers.mercado_data_provider | DEBUG | RTD: preco_ativo ALOS3=26.50 forçado com sucesso
src.infrastructure.providers.mercado_data_provider | DEBUG | RTD: Detalhes completos registrados para ALOS3|ALOSU324 (Liquidez detectada)
src.infrastructure.providers.mercado_data_provider | DEBUG | RTD: preco_ativo ALOS3=26.50 forçado com sucesso
src.infrastructure.providers.mercado_data_provider | DEBUG | RTD: Detalhes completos registrados para AXIA3|AXIAT475W1 (Liquidez detectada)
src.infrastructure.providers.mercado_data_provider | DEBUG | RTD: preco_ativo AXIA3=51.39 forçado com sucesso
src.infrastructure.providers.mercado_data_provider | DEBUG | RTD: Detalhes completos registrados para ASAI3|ASAIU880 (Liquidez detectada)
src.infrastructure.providers.mercado_data_provider | DEBUG | RTD: preco_ativo ASAI3=8.21 forçado com sucesso
src.infrastructure.providers.mercado_data_provider | DEBUG | RTD: Detalhes completos registrados para AURE3|AURET110 (Liquidez detectada)
src.infrastructure.providers.mercado_data_provider | DEBUG | RTD: preco_ativo AURE3=11.14 forçado com sucesso
src.infrastructure.providers.mercado_data_provider | DEBUG | RTD: Detalhes completos registrados para BBAS3|BBAST170 (Liquidez detectada)
src.infrastructure.providers.mercado_data_provider | DEBUG | RTD: preco_ativo BBAS3=20.82 forçado com sucesso
src.infrastructure.providers.mercado_data_provider | DEBUG | RTD: Detalhes completos registrados para AXIA3|AXIAU450 (Liquidez detectada)
src.infrastructure.providers.mercado_data_provider | DEBUG | RTD: preco_ativo AXIA3=51.39 forçado com sucesso
src.infrastructure.providers.mercado_data_provider | DEBUG | RTD: Detalhes completos registrados para B3SA3|B3SAT134W1 (Liquidez detectada)
src.infrastructure.providers.mercado_data_provider | DEBUG | RTD: preco_ativo B3SA3=15.46 forçado com sucesso
src.infrastructure.providers.mercado_data_provider | DEBUG | RTD: Detalhes completos registrados para AUAU3|AUAUT322 (Liquidez detectada)
src.infrastructure.providers.mercado_data_provider | DEBUG | RTD: preco_ativo AUAU3=3.33 forçado com sucesso
src.infrastructure.providers.mercado_data_provider | DEBUG | RTD: Detalhes completos registrados para ALUP11|ALUPU269 (Liquidez detectada)
src.infrastructure.providers.mercado_data_provider | DEBUG | RTD: preco_ativo ALUP11=32.45 forçado com sucesso
src.infrastructure.providers.mercado_data_provider | DEBUG | RTD: Detalhes completos registrados para ALPA4|ALPAT864 (Liquidez detectada)
src.infrastructure.providers.mercado_data_provider | DEBUG | RTD: preco_ativo ALPA4=11.52 forçado com sucesso
src.infrastructure.providers.mercado_data_provider | DEBUG | RTD: Detalhes completos registrados para BBAS3|BBAST172W1 (Liquidez detectada)
src.infrastructure.providers.mercado_data_provider | DEBUG | RTD: preco_ativo BBAS3=20.82 forçado com sucesso
src.infrastructure.providers.mercado_data_provider | DEBUG | RTD: Detalhes completos registrados para AURE3|AUREU874 (Liquidez detectada)
src.infrastructure.providers.mercado_data_provider | DEBUG | RTD: preco_ativo AURE3=11.14 forçado com sucesso
src.infrastructure.providers.mercado_data_provider | DEBUG | RTD: Detalhes completos registrados para AXIA3|AXIAT46 (Liquidez detectada)
src.infrastructure.providers.mercado_data_provider | DEBUG | RTD: preco_ativo AXIA3=51.39 forçado com sucesso
src.infrastructure.providers.mercado_data_provider | DEBUG | RTD: Detalhes completos registrados para ALPA4|ALPAU934 (Liquidez detectada)
src.infrastructure.providers.mercado_data_provider | DEBUG | RTD: preco_ativo ALPA4=11.52 forçado com sucesso
src.infrastructure.providers.mercado_data_provider | DEBUG | RTD: Detalhes completos registrados para ALPA4|ALPAU864 (Liquidez detectada)
src.infrastructure.providers.mercado_data_provider | DEBUG | RTD: preco_ativo ALPA4=11.52 forçado com sucesso
src.infrastructure.providers.mercado_data_provider | DEBUG | RTD: Detalhes completos registrados para ALOS3|ALOST264 (Liquidez detectada)
src.infrastructure.providers.mercado_data_provider | DEBUG | RTD: preco_ativo ALOS3=26.50 forçado com sucesso
src.infrastructure.providers.mercado_data_provider | DEBUG | RTD: Detalhes completos registrados para BBAS3|BBAST21 (Liquidez detectada)
src.infrastructure.providers.mercado_data_provider | DEBUG | RTD: preco_ativo BBAS3=20.82 forçado com sucesso
src.infrastructure.providers.mercado_data_provider | DEBUG | RTD: Detalhes completos registrados para ABEV3|ABEVT166W2 (Liquidez detectada)
src.infrastructure.providers.mercado_data_provider | DEBUG | RTD: preco_ativo ABEV3=16.01 forçado com sucesso
src.infrastructure.providers.mercado_data_provider | DEBUG | RTD: Detalhes completos registrados para BBAS3|BBASU923 (Liquidez detectada)
src.infrastructure.providers.mercado_data_provider | DEBUG | RTD: preco_ativo BBAS3=20.82 forçado com sucesso
src.infrastructure.providers.mercado_data_provider | DEBUG | RTD: Detalhes completos registrados para AZZA3|AZZAU160 (Liquidez detectada)
src.infrastructure.providers.mercado_data_provider | DEBUG | RTD: preco_ativo AZZA3=16.34 forçado com sucesso
src.infrastructure.providers.mercado_data_provider | DEBUG | RTD: Detalhes completos registrados para ALOS3|ALOST234 (Liquidez detectada)
src.infrastructure.providers.mercado_data_provider | DEBUG | RTD: preco_ativo ALOS3=26.50 forçado com sucesso
src.infrastructure.providers.mercado_data_provider | DEBUG | RTD: Detalhes completos registrados para AUAU3|AUAUT307W2 (Liquidez detectada)
src.infrastructure.providers.mercado_data_provider | DEBUG | RTD: preco_ativo AUAU3=3.33 forçado com sucesso
src.infrastructure.providers.mercado_data_provider | DEBUG | RTD: Detalhes completos registrados para AMAR3|AMART600 (Liquidez detectada)
src.infrastructure.providers.mercado_data_provider | DEBUG | RTD: preco_ativo AMAR3=0.59 forçado com sucesso
src.infrastructure.providers.mercado_data_provider | DEBUG | RTD: Detalhes completos registrados para ALPA4|ALPAT924 (Liquidez detectada)
src.infrastructure.providers.mercado_data_provider | DEBUG | RTD: preco_ativo ALPA4=11.52 forçado com sucesso
src.infrastructure.providers.mercado_data_provider | DEBUG | RTD: Detalhes completos registrados para ALOS3|ALOSV278 (Liquidez detectada)
src.infrastructure.providers.mercado_data_provider | DEBUG | RTD: preco_ativo ALOS3=26.50 forçado com sucesso
src.infrastructure.providers.mercado_data_provider | DEBUG | RTD: Detalhes completos registrados para ABEV3|ABEVU180 (Liquidez detectada)
src.infrastructure.providers.mercado_data_provider | DEBUG | RTD: preco_ativo ABEV3=16.01 forçado com sucesso
src.infrastructure.providers.mercado_data_provider | DEBUG | RTD: Detalhes completos registrados para BBAS3|BBAST947 (Liquidez detectada)
src.infrastructure.providers.mercado_data_provider | DEBUG | RTD: preco_ativo BBAS3=20.82 forçado com sucesso
src.infrastructure.providers.mercado_data_provider | DEBUG | RTD: Detalhes completos registrados para AXIA3|AXIAU462 (Liquidez detectada)
src.infrastructure.providers.mercado_data_provider | DEBUG | RTD: preco_ativo AXIA3=51.39 forçado com sucesso
src.infrastructure.providers.mercado_data_provider | DEBUG | RTD: Detalhes completos registrados para B3SA3|B3SAT142W2 (Liquidez detectada)
src.infrastructure.providers.mercado_data_provider | DEBUG | RTD: preco_ativo B3SA3=15.46 forçado com sucesso
src.infrastructure.providers.mercado_data_provider | DEBUG | RTD: Detalhes completos registrados para BBAS3|BBAST126W1 (Liquidez detectada)
src.infrastructure.providers.mercado_data_provider | DEBUG | RTD: preco_ativo BBAS3=20.82 forçado com sucesso
src.infrastructure.providers.mercado_data_provider | DEBUG | RTD: Detalhes completos registrados para ALOS3|ALOSU256 (Liquidez detectada)
src.infrastructure.providers.mercado_data_provider | DEBUG | RTD: preco_ativo ALOS3=26.50 forçado com sucesso
src.infrastructure.providers.mercado_data_provider | DEBUG | RTD: Detalhes completos registrados para BBAS3|BBAST987 (Liquidez detectada)
src.infrastructure.providers.mercado_data_provider | DEBUG | RTD: preco_ativo BBAS3=20.82 forçado com sucesso
src.infrastructure.providers.mercado_data_provider | DEBUG | RTD: Detalhes completos registrados para AURE3|AURET120 (Liquidez detectada)
src.infrastructure.providers.mercado_data_provider | DEBUG | RTD: preco_ativo AURE3=11.14 forçado com sucesso
src.infrastructure.providers.mercado_data_provider | DEBUG | RTD: Detalhes completos registrados para ABCB4|ABCBU204 (Liquidez detectada)
src.infrastructure.providers.mercado_data_provider | DEBUG | RTD: preco_ativo ABCB4=23.67 forçado com sucesso
src.infrastructure.providers.mercado_data_provider | DEBUG | RTD: Detalhes completos registrados para ANIM3|ANIMT282 (Liquidez detectada)
src.infrastructure.providers.mercado_data_provider | DEBUG | RTD: preco_ativo ANIM3=2.23 forçado com sucesso
src.infrastructure.providers.mercado_data_provider | DEBUG | RTD: Detalhes completos registrados para ALOS3|ALOSU25 (Liquidez detectada)
src.infrastructure.providers.mercado_data_provider | DEBUG | RTD: preco_ativo ALOS3=26.50 forçado com sucesso
src.infrastructure.providers.mercado_data_provider | DEBUG | RTD: Detalhes completos registrados para AXIA3|AXIAU55 (Liquidez detectada)
src.infrastructure.providers.mercado_data_provider | DEBUG | RTD: preco_ativo AXIA3=51.39 forçado com sucesso
src.infrastructure.providers.mercado_data_provider | DEBUG | RTD: Detalhes completos registrados para ABCB4|ABCBT237 (Liquidez detectada)
src.infrastructure.providers.mercado_data_provider | DEBUG | RTD: preco_ativo ABCB4=23.67 forçado com sucesso
src.infrastructure.providers.mercado_data_provider | DEBUG | RTD: Detalhes completos registrados para BBAS3|BBASU144 (Liquidez detectada)
src.infrastructure.providers.mercado_data_provider | DEBUG | RTD: preco_ativo BBAS3=20.82 forçado com sucesso
src.infrastructure.providers.mercado_data_provider | DEBUG | RTD: Detalhes completos registrados para AXIA3|AXIAV470 (Liquidez detectada)
src.infrastructure.providers.mercado_data_provider | DEBUG | RTD: preco_ativo AXIA3=51.39 forçado com sucesso
src.infrastructure.providers.mercado_data_provider | DEBUG | RTD: Detalhes completos registrados para AURE3|AUREU121 (Liquidez detectada)
src.infrastructure.providers.mercado_data_provider | DEBUG | RTD: preco_ativo AURE3=11.14 forçado com sucesso
src.infrastructure.providers.mercado_data_provider | DEBUG | RTD: Detalhes completos registrados para AXIA3|AXIAT500W2 (Liquidez detectada)
src.infrastructure.providers.mercado_data_provider | DEBUG | RTD: preco_ativo AXIA3=51.39 forçado com sucesso
src.infrastructure.providers.mercado_data_provider | DEBUG | RTD: Detalhes completos registrados para AZZA3|AZZAU177 (Liquidez detectada)
src.infrastructure.providers.mercado_data_provider | DEBUG | RTD: preco_ativo AZZA3=16.34 forçado com sucesso
src.infrastructure.providers.mercado_data_provider | DEBUG | RTD: Detalhes completos registrados para B3SA3|B3SAT132W2 (Liquidez detectada)
src.infrastructure.providers.mercado_data_provider | DEBUG | RTD: preco_ativo B3SA3=15.46 forçado com sucesso
src.infrastructure.providers.mercado_data_provider | DEBUG | RTD: Detalhes completos registrados para BBAS3|BBAST155 (Liquidez detectada)
src.infrastructure.providers.mercado_data_provider | DEBUG | RTD: preco_ativo BBAS3=20.82 forçado com sucesso
src.infrastructure.providers.mercado_data_provider | DEBUG | RTD: Detalhes completos registrados para B3SA3|B3SAT169 (Liquidez detectada)
src.infrastructure.providers.mercado_data_provider | DEBUG | RTD: preco_ativo B3SA3=15.46 forçado com sucesso
src.infrastructure.providers.mercado_data_provider | DEBUG | RTD: Detalhes completos registrados para BBAS3|BBAST795 (Liquidez detectada)
src.infrastructure.providers.mercado_data_provider | DEBUG | RTD: preco_ativo BBAS3=20.82 forçado com sucesso
src.infrastructure.providers.mercado_data_provider | DEBUG | RTD: Detalhes completos registrados para ABEV3|ABEVT165 (Liquidez detectada)
src.infrastructure.providers.mercado_data_provider | DEBUG | RTD: preco_ativo ABEV3=16.01 forçado com sucesso
src.infrastructure.providers.mercado_data_provider | DEBUG | RTD: Detalhes completos registrados para ALUP11|ALUPT331 (Liquidez detectada)
src.infrastructure.providers.mercado_data_provider | DEBUG | RTD: preco_ativo ALUP11=32.45 forçado com sucesso
src.infrastructure.providers.mercado_data_provider | DEBUG | RTD: Detalhes completos registrados para ALOS3|ALOSU304 (Liquidez detectada)
src.infrastructure.providers.mercado_data_provider | DEBUG | RTD: preco_ativo ALOS3=26.50 forçado com sucesso
src.infrastructure.providers.mercado_data_provider | DEBUG | RTD: Detalhes completos registrados para ABEV3|ABEVU128 (Liquidez detectada)
src.infrastructure.providers.mercado_data_provider | DEBUG | RTD: preco_ativo ABEV3=16.01 forçado com sucesso
src.infrastructure.providers.mercado_data_provider | DEBUG | RTD: Detalhes completos registrados para AUAU3|AUAUT332 (Liquidez detectada)
src.infrastructure.providers.mercado_data_provider | DEBUG | RTD: preco_ativo AUAU3=3.33 forçado com sucesso
src.infrastructure.providers.mercado_data_provider | DEBUG | RTD: Detalhes completos registrados para B3SA3|B3SAU107 (Liquidez detectada)
src.infrastructure.providers.mercado_data_provider | DEBUG | RTD: preco_ativo B3SA3=15.46 forçado com sucesso
src.infrastructure.providers.mercado_data_provider | DEBUG | RTD: Detalhes completos registrados para ALUP11|ALUPU308 (Liquidez detectada)
src.infrastructure.providers.mercado_data_provider | DEBUG | RTD: preco_ativo ALUP11=32.45 forçado com sucesso
src.infrastructure.providers.mercado_data_provider | DEBUG | RTD: Detalhes completos registrados para B3SA3|B3SAU120 (Liquidez detectada)
src.infrastructure.providers.mercado_data_provider | DEBUG | RTD: preco_ativo B3SA3=15.46 forçado com sucesso
src.infrastructure.providers.mercado_data_provider | DEBUG | RTD: Detalhes completos registrados para ABEV3|ABEVU183 (Liquidez detectada)
src.infrastructure.providers.mercado_data_provider | DEBUG | RTD: preco_ativo ABEV3=16.01 forçado com sucesso
src.infrastructure.providers.mercado_data_provider | DEBUG | RTD: Detalhes completos registrados para AZZA3|AZZAU165 (Liquidez detectada)
src.infrastructure.providers.mercado_data_provider | DEBUG | RTD: preco_ativo AZZA3=16.34 forçado com sucesso
src.infrastructure.providers.mercado_data_provider | DEBUG | RTD: Detalhes completos registrados para BBAS3|BBAST215 (Liquidez detectada)
src.infrastructure.providers.mercado_data_provider | DEBUG | RTD: preco_ativo BBAS3=20.82 forçado com sucesso
src.infrastructure.providers.mercado_data_provider | DEBUG | RTD: Detalhes completos registrados para AXIA3|AXIAT390 (Liquidez detectada)
src.infrastructure.providers.mercado_data_provider | DEBUG | RTD: preco_ativo AXIA3=51.39 forçado com sucesso
src.infrastructure.providers.mercado_data_provider | DEBUG | RTD: Detalhes completos registrados para AGRO3|AGROV20 (Liquidez detectada)
src.infrastructure.providers.mercado_data_provider | DEBUG | RTD: preco_ativo AGRO3=18.97 forçado com sucesso
src.infrastructure.providers.mercado_data_provider | DEBUG | RTD: Detalhes completos registrados para ABCB4|ABCBU194 (Liquidez detectada)
src.infrastructure.providers.mercado_data_provider | DEBUG | RTD: preco_ativo ABCB4=23.67 forçado com sucesso
src.infrastructure.providers.mercado_data_provider | DEBUG | RTD: Detalhes completos registrados para ALOS3|ALOST281W2 (Liquidez detectada)
src.infrastructure.providers.mercado_data_provider | DEBUG | RTD: preco_ativo ALOS3=26.50 forçado com sucesso
src.infrastructure.providers.mercado_data_provider | DEBUG | RTD: Detalhes completos registrados para AZZA3|AZZAT157 (Liquidez detectada)
src.infrastructure.providers.mercado_data_provider | DEBUG | RTD: preco_ativo AZZA3=16.34 forçado com sucesso
src.infrastructure.providers.mercado_data_provider | DEBUG | RTD: Detalhes completos registrados para AUAU3|AUAUT355 (Liquidez detectada)
src.infrastructure.providers.mercado_data_provider | DEBUG | RTD: preco_ativo AUAU3=3.33 forçado com sucesso
src.infrastructure.providers.mercado_data_provider | DEBUG | RTD: Detalhes completos registrados para B3SA3|B3SAU164 (Liquidez detectada)
src.infrastructure.providers.mercado_data_provider | DEBUG | RTD: preco_ativo B3SA3=15.46 forçado com sucesso
src.infrastructure.providers.mercado_data_provider | DEBUG | RTD: Detalhes completos registrados para AZZA3|AZZAT235 (Liquidez detectada)
src.infrastructure.providers.mercado_data_provider | DEBUG | RTD: preco_ativo AZZA3=16.34 forçado com sucesso
src.infrastructure.providers.mercado_data_provider | DEBUG | RTD: Detalhes completos registrados para AUAU3|AUAUT307W1 (Liquidez detectada)
src.infrastructure.providers.mercado_data_provider | DEBUG | RTD: preco_ativo AUAU3=3.33 forçado com sucesso
src.infrastructure.providers.mercado_data_provider | DEBUG | RTD: Detalhes completos registrados para BBAS3|BBASU149 (Liquidez detectada)
src.infrastructure.providers.mercado_data_provider | DEBUG | RTD: preco_ativo BBAS3=20.82 forçado com sucesso
src.infrastructure.providers.mercado_data_provider | DEBUG | RTD: Detalhes completos registrados para ABEV3|ABEVT138W1 (Liquidez detectada)
src.infrastructure.providers.mercado_data_provider | DEBUG | RTD: preco_ativo ABEV3=16.01 forçado com sucesso
src.infrastructure.providers.mercado_data_provider | DEBUG | RTD: Detalhes completos registrados para ANIM3|ANIMU167 (Liquidez detectada)
src.infrastructure.providers.mercado_data_provider | DEBUG | RTD: preco_ativo ANIM3=2.23 forçado com sucesso
src.infrastructure.providers.mercado_data_provider | DEBUG | RTD: Detalhes completos registrados para AUAU3|AUAUU342 (Liquidez detectada)
src.infrastructure.providers.mercado_data_provider | DEBUG | RTD: preco_ativo AUAU3=3.33 forçado com sucesso
src.infrastructure.providers.mercado_data_provider | DEBUG | RTD: Detalhes completos registrados para BBAS3|BBAST201W2 (Liquidez detectada)
src.infrastructure.providers.mercado_data_provider | DEBUG | RTD: preco_ativo BBAS3=20.82 forçado com sucesso
src.infrastructure.providers.mercado_data_provider | DEBUG | RTD: Detalhes completos registrados para B3SA3|B3SAT136 (Liquidez detectada)
src.infrastructure.providers.mercado_data_provider | DEBUG | RTD: preco_ativo B3SA3=15.46 forçado com sucesso
src.infrastructure.providers.mercado_data_provider | DEBUG | RTD: Detalhes completos registrados para BBAS3|BBAST151W1 (Liquidez detectada)
src.infrastructure.providers.mercado_data_provider | DEBUG | RTD: preco_ativo BBAS3=20.82 forçado com sucesso
src.infrastructure.providers.mercado_data_provider | DEBUG | RTD: Detalhes completos registrados para ABEV3|ABEVT177 (Liquidez detectada)
src.infrastructure.providers.mercado_data_provider | DEBUG | RTD: preco_ativo ABEV3=16.01 forçado com sucesso
src.infrastructure.providers.mercado_data_provider | DEBUG | RTD: Detalhes completos registrados para B3SA3|B3SAU184 (Liquidez detectada)
src.infrastructure.providers.mercado_data_provider | DEBUG | RTD: preco_ativo B3SA3=15.46 forçado com sucesso
src.infrastructure.providers.mercado_data_provider | DEBUG | RTD: Detalhes completos registrados para ABEV3|ABEVM120 (Liquidez detectada)
src.infrastructure.providers.mercado_data_provider | DEBUG | RTD: preco_ativo ABEV3=16.01 forçado com sucesso
src.infrastructure.providers.mercado_data_provider | DEBUG | RTD: Detalhes completos registrados para BBAS3|BBAST195W1 (Liquidez detectada)
src.infrastructure.providers.mercado_data_provider | DEBUG | RTD: preco_ativo BBAS3=20.82 forçado com sucesso
src.infrastructure.providers.mercado_data_provider | DEBUG | RTD: Detalhes completos registrados para ASAI3|ASAIT840 (Liquidez detectada)
src.infrastructure.providers.mercado_data_provider | DEBUG | RTD: preco_ativo ASAI3=8.21 forçado com sucesso
src.infrastructure.providers.mercado_data_provider | DEBUG | RTD: Detalhes completos registrados para ALOS3|ALOSU312 (Liquidez detectada)
src.infrastructure.providers.mercado_data_provider | DEBUG | RTD: preco_ativo ALOS3=26.50 forçado com sucesso
src.infrastructure.providers.mercado_data_provider | DEBUG | RTD: Detalhes completos registrados para ABCB4|ABCBT247 (Liquidez detectada)
src.infrastructure.providers.mercado_data_provider | DEBUG | RTD: preco_ativo ABCB4=23.67 forçado com sucesso
src.infrastructure.providers.mercado_data_provider | DEBUG | RTD: Detalhes completos registrados para ABEV3|ABEVX181 (Liquidez detectada)
src.infrastructure.providers.mercado_data_provider | DEBUG | RTD: preco_ativo ABEV3=16.01 forçado com sucesso
src.infrastructure.providers.mercado_data_provider | DEBUG | RTD: Detalhes completos registrados para B3SA3|B3SAU192 (Liquidez detectada)
src.infrastructure.providers.mercado_data_provider | DEBUG | RTD: preco_ativo B3SA3=15.46 forçado com sucesso
src.infrastructure.providers.mercado_data_provider | DEBUG | RTD: Detalhes completos registrados para ABCB4|ABCBT242 (Liquidez detectada)
src.infrastructure.providers.mercado_data_provider | DEBUG | RTD: preco_ativo ABCB4=23.67 forçado com sucesso
src.infrastructure.providers.mercado_data_provider | DEBUG | RTD: Detalhes completos registrados para AXIA3|AXIAT525W1 (Liquidez detectada)
src.infrastructure.providers.mercado_data_provider | DEBUG | RTD: preco_ativo AXIA3=51.39 forçado com sucesso
src.infrastructure.providers.mercado_data_provider | DEBUG | RTD: Detalhes completos registrados para ALPA4|ALPAU110 (Liquidez detectada)
src.infrastructure.providers.mercado_data_provider | DEBUG | RTD: preco_ativo ALPA4=11.52 forçado com sucesso
src.infrastructure.providers.mercado_data_provider | DEBUG | RTD: Detalhes completos registrados para BBAS3|BBAST171W2 (Liquidez detectada)
src.infrastructure.providers.mercado_data_provider | DEBUG | RTD: preco_ativo BBAS3=20.82 forçado com sucesso
src.infrastructure.providers.mercado_data_provider | DEBUG | RTD: Detalhes completos registrados para AXIA3|AXIAU470 (Liquidez detectada)
src.infrastructure.providers.mercado_data_provider | DEBUG | RTD: preco_ativo AXIA3=51.39 forçado com sucesso
src.infrastructure.providers.mercado_data_provider | DEBUG | RTD: Detalhes completos registrados para ALOS3|ALOSU292 (Liquidez detectada)
src.infrastructure.providers.mercado_data_provider | DEBUG | RTD: preco_ativo ALOS3=26.50 forçado com sucesso
src.infrastructure.providers.mercado_data_provider | DEBUG | RTD: Detalhes completos registrados para B3SA3|B3SAU117 (Liquidez detectada)
src.infrastructure.providers.mercado_data_provider | DEBUG | RTD: preco_ativo B3SA3=15.46 forçado com sucesso
src.infrastructure.providers.mercado_data_provider | DEBUG | RTD: Detalhes completos registrados para ALUP11|ALUPT269 (Liquidez detectada)
src.infrastructure.providers.mercado_data_provider | DEBUG | RTD: preco_ativo ALUP11=32.45 forçado com sucesso
src.infrastructure.providers.mercado_data_provider | DEBUG | RTD: Detalhes completos registrados para ABEV3|ABEVT151W2 (Liquidez detectada)
src.infrastructure.providers.mercado_data_provider | DEBUG | RTD: preco_ativo ABEV3=16.01 forçado com sucesso
src.infrastructure.providers.mercado_data_provider | DEBUG | RTD: Detalhes completos registrados para ASAI3|ASAIT800 (Liquidez detectada)
src.infrastructure.providers.mercado_data_provider | DEBUG | RTD: preco_ativo ASAI3=8.21 forçado com sucesso
src.infrastructure.providers.mercado_data_provider | DEBUG | RTD: Detalhes completos registrados para ABEV3|ABEVT137 (Liquidez detectada)
src.infrastructure.providers.mercado_data_provider | DEBUG | RTD: preco_ativo ABEV3=16.01 forçado com sucesso
src.infrastructure.providers.mercado_data_provider | DEBUG | RTD: Detalhes completos registrados para AXIA3|AXIAU544 (Liquidez detectada)
src.infrastructure.providers.mercado_data_provider | DEBUG | RTD: preco_ativo AXIA3=51.39 forçado com sucesso
src.infrastructure.providers.mercado_data_provider | DEBUG | RTD: Detalhes completos registrados para AXIA3|AXIAU57 (Liquidez detectada)
src.infrastructure.providers.mercado_data_provider | DEBUG | RTD: preco_ativo AXIA3=51.39 forçado com sucesso
src.infrastructure.providers.mercado_data_provider | DEBUG | RTD: Detalhes completos registrados para BBAS3|BBASU119 (Liquidez detectada)
src.infrastructure.providers.mercado_data_provider | DEBUG | RTD: preco_ativo BBAS3=20.82 forçado com sucesso
src.infrastructure.providers.mercado_data_provider | DEBUG | RTD: Detalhes completos registrados para AXIA3|AXIAT524 (Liquidez detectada)
src.infrastructure.providers.mercado_data_provider | DEBUG | RTD: preco_ativo AXIA3=51.39 forçado com sucesso
src.infrastructure.providers.mercado_data_provider | DEBUG | RTD: Detalhes completos registrados para AXIA3|AXIAT457 (Liquidez detectada)
src.infrastructure.providers.mercado_data_provider | DEBUG | RTD: preco_ativo AXIA3=51.39 forçado com sucesso
src.infrastructure.providers.mercado_data_provider | DEBUG | RTD: Detalhes completos registrados para BBAS3|BBASU254 (Liquidez detectada)
src.infrastructure.providers.mercado_data_provider | DEBUG | RTD: preco_ativo BBAS3=20.82 forçado com sucesso
src.infrastructure.providers.mercado_data_provider | DEBUG | RTD: Detalhes completos registrados para AZZA3|AZZAT135 (Liquidez detectada)
src.infrastructure.providers.mercado_data_provider | DEBUG | RTD: preco_ativo AZZA3=16.34 forçado com sucesso
src.infrastructure.providers.mercado_data_provider | DEBUG | RTD: Detalhes completos registrados para ABEV3|ABEVU170 (Liquidez detectada)
src.infrastructure.providers.mercado_data_provider | DEBUG | RTD: preco_ativo ABEV3=16.01 forçado com sucesso
src.infrastructure.providers.mercado_data_provider | INFO | Background scan: 1735 novos instrumentos registrados
src.infrastructure.providers.mercado_data_provider | INFO | RTD: Onda 1 (Cabeçalhos) concluída. 6282 monitorados. (Pulos: 0)
src.infrastructure.providers.mercado_data_provider | INFO | Onda 1 prioritária concluída: 6282 instrumentos monitorados. Background scan ativo para novos entrantes.
src.infrastructure.providers.mercado_data_provider | INFO | Onda 1 concluída — forçando refresh inicial...
src.infrastructure.providers.mercado_data_provider | DEBUG | Varredura: _chaves_com_book=428 _chaves_detalhes=428
src.infrastructure.providers.mercado_data_provider | INFO | Varredura(F): monitor=6282 book=428 | reg=0.146 ref=0.001 var=0.031 total=0.031 | inst_map=0.000 | onda2=428(0.028) onda1=0(0.000) cab_skip=0 status=0.000
src.infrastructure.providers.mercado_data_provider | DEBUG | Varredura: _chaves_com_book=428 _chaves_detalhes=428
src.infrastructure.providers.mercado_data_provider | INFO | Varredura(F): monitor=6282 book=428 | reg=0.000 ref=0.009 var=0.067 total=0.077 | inst_map=0.000 | onda2=23(0.004) onda1=0(0.000) cab_skip=405 status=0.017
src.infrastructure.providers.mercado_data_provider | INFO | Background scan: 1647 novos instrumentos registrados
src.infrastructure.providers.mercado_data_provider | DEBUG | Varredura: _chaves_com_book=428 _chaves_detalhes=428
src.infrastructure.providers.mercado_data_provider | INFO | Varredura(F): monitor=8004 book=428 | reg=0.000 ref=0.010 var=0.040 total=0.050 | inst_map=0.000 | onda2=15(0.001) onda1=0(0.000) cab_skip=413 status=0.017
src.infrastructure.providers.mercado_data_provider | DEBUG | Varredura: _chaves_com_book=428 _chaves_detalhes=428
src.infrastructure.providers.mercado_data_provider | DEBUG | Varredura: sem_preco=0 sem_dados_rtd=1 chaves_com_book=428
src.infrastructure.providers.mercado_data_provider | INFO | Varredura(F): monitor=8004 book=427 | reg=0.000 ref=0.007 var=0.020 total=0.027 | inst_map=0.000 | onda2=335(0.013) onda1=0(0.000) cab_skip=93 status=0.003
src.infrastructure.providers.mercado_data_provider | INFO | Background scan: 1704 novos instrumentos registrados
src.infrastructure.providers.mercado_data_provider | DEBUG | Varredura: _chaves_com_book=428 _chaves_detalhes=428
src.infrastructure.providers.mercado_data_provider | DEBUG | Varredura: sem_preco=0 sem_dados_rtd=1 chaves_com_book=428
src.infrastructure.providers.mercado_data_provider | INFO | Varredura(F): monitor=9798 book=427 | reg=0.000 ref=0.002 var=0.012 total=0.014 | inst_map=0.000 | onda2=352(0.009) onda1=0(0.000) cab_skip=76 status=0.001
src.infrastructure.providers.mercado_data_provider | DEBUG | Varredura: _chaves_com_book=428 _chaves_detalhes=428
src.infrastructure.providers.mercado_data_provider | INFO | Varredura(F): monitor=9798 book=428 | reg=0.000 ref=0.010 var=0.021 total=0.030 | inst_map=0.005 | onda2=111(0.004) onda1=0(0.000) cab_skip=317 status=0.007
src.infrastructure.providers.mercado_data_provider | INFO | Background scan: 1803 novos instrumentos registrados
src.infrastructure.providers.mercado_data_provider | DEBUG | Varredura: _chaves_com_book=428 _chaves_detalhes=428
src.infrastructure.providers.mercado_data_provider | INFO | Varredura(F): monitor=11674 book=428 | reg=0.000 ref=0.004 var=0.013 total=0.017 | inst_map=0.000 | onda2=89(0.003) onda1=0(0.000) cab_skip=339 status=0.007
src.infrastructure.providers.mercado_data_provider | DEBUG | Varredura: _chaves_com_book=428 _chaves_detalhes=428
src.infrastructure.providers.mercado_data_provider | INFO | Varredura(G): monitor=11674 book=428 | reg=0.000 ref=0.009 var=0.025 total=0.034 | inst_map=0.000 | onda2=132(0.006) onda1=0(0.000) cab_skip=296 status=0.011
src.infrastructure.providers.mercado_data_provider | INFO | Background scan: 1716 novos instrumentos registrados
src.infrastructure.providers.mercado_data_provider | DEBUG | Varredura: _chaves_com_book=428 _chaves_detalhes=428
src.infrastructure.providers.mercado_data_provider | INFO | Varredura(F): monitor=13496 book=428 | reg=0.000 ref=0.005 var=0.013 total=0.017 | inst_map=0.000 | onda2=63(0.002) onda1=0(0.000) cab_skip=365 status=0.008
src.infrastructure.providers.mercado_data_provider | DEBUG | Varredura: _chaves_com_book=428 _chaves_detalhes=428
src.infrastructure.providers.mercado_data_provider | INFO | Varredura(F): monitor=13496 book=428 | reg=0.000 ref=0.002 var=0.020 total=0.022 | inst_map=0.000 | onda2=0(0.000) onda1=0(0.000) cab_skip=428 status=0.011
src.infrastructure.providers.mercado_data_provider | INFO | Background scan: 1725 novos instrumentos registrados
src.infrastructure.providers.mercado_data_provider | DEBUG | Varredura: _chaves_com_book=428 _chaves_detalhes=428
src.infrastructure.providers.mercado_data_provider | INFO | Varredura(F): monitor=15283 book=428 | reg=0.000 ref=0.013 var=0.039 total=0.052 | inst_map=0.000 | onda2=57(0.003) onda1=0(0.000) cab_skip=371 status=0.014
src.infrastructure.providers.mercado_data_provider | DEBUG | Varredura: _chaves_com_book=428 _chaves_detalhes=428
src.infrastructure.providers.mercado_data_provider | INFO | Varredura(F): monitor=15283 book=428 | reg=0.000 ref=0.004 var=0.014 total=0.019 | inst_map=0.000 | onda2=49(0.002) onda1=0(0.000) cab_skip=379 status=0.009
src.infrastructure.providers.mercado_data_provider | INFO | Background scan: 1681 novos instrumentos registrados
src.infrastructure.providers.mercado_data_provider | DEBUG | Varredura: _chaves_com_book=428 _chaves_detalhes=428
src.infrastructure.providers.mercado_data_provider | INFO | Varredura(F): monitor=17022 book=428 | reg=0.000 ref=0.013 var=0.070 total=0.083 | inst_map=0.000 | onda2=80(0.005) onda1=0(0.000) cab_skip=348 status=0.020
src.infrastructure.providers.mercado_data_provider | DEBUG | Varredura: _chaves_com_book=428 _chaves_detalhes=428
src.infrastructure.providers.mercado_data_provider | INFO | Varredura(F): monitor=17022 book=428 | reg=0.000 ref=0.035 var=0.046 total=0.081 | inst_map=0.007 | onda2=79(0.007) onda1=0(0.000) cab_skip=349 status=0.018
src.infrastructure.providers.mercado_data_provider | INFO | Background scan: 1653 novos instrumentos registrados
src.infrastructure.providers.mercado_data_provider | DEBUG | Varredura: _chaves_com_book=428 _chaves_detalhes=428
src.infrastructure.providers.mercado_data_provider | INFO | Varredura(F): monitor=18778 book=428 | reg=0.000 ref=0.001 var=0.130 total=0.131 | inst_map=0.000 | onda2=0(0.000) onda1=0(0.000) cab_skip=428 status=0.053
src.infrastructure.providers.mercado_data_provider | DEBUG | Varredura: _chaves_com_book=428 _chaves_detalhes=428
src.infrastructure.providers.mercado_data_provider | INFO | Varredura(F): monitor=18778 book=428 | reg=0.000 ref=0.001 var=0.053 total=0.054 | inst_map=0.000 | onda2=0(0.000) onda1=0(0.000) cab_skip=428 status=0.032
src.infrastructure.providers.mercado_data_provider | INFO | Background scan: 1635 novos instrumentos registrados
src.infrastructure.providers.mercado_data_provider | DEBUG | Varredura: _chaves_com_book=428 _chaves_detalhes=428
src.infrastructure.providers.mercado_data_provider | INFO | Varredura(F): monitor=20443 book=428 | reg=0.000 ref=0.004 var=0.046 total=0.050 | inst_map=0.000 | onda2=0(0.000) onda1=0(0.000) cab_skip=428 status=0.023
src.infrastructure.providers.mercado_data_provider | DEBUG | Varredura: _chaves_com_book=428 _chaves_detalhes=428
src.infrastructure.providers.mercado_data_provider | INFO | Varredura(G): monitor=20443 book=428 | reg=0.000 ref=0.018 var=0.042 total=0.060 | inst_map=0.000 | onda2=59(0.003) onda1=0(0.000) cab_skip=369 status=0.012
src.infrastructure.providers.mercado_data_provider | INFO | Background scan: 1710 novos instrumentos registrados
src.infrastructure.providers.mercado_data_provider | DEBUG | Varredura: _chaves_com_book=428 _chaves_detalhes=428
src.infrastructure.providers.mercado_data_provider | INFO | Varredura(F): monitor=22213 book=428 | reg=0.000 ref=0.012 var=0.070 total=0.082 | inst_map=0.000 | onda2=49(0.003) onda1=0(0.000) cab_skip=379 status=0.043
src.infrastructure.providers.mercado_data_provider | DEBUG | Varredura: _chaves_com_book=428 _chaves_detalhes=428
src.infrastructure.providers.mercado_data_provider | INFO | Varredura(F): monitor=22213 book=428 | reg=0.000 ref=0.014 var=0.108 total=0.121 | inst_map=0.019 | onda2=33(0.011) onda1=0(0.000) cab_skip=395 status=0.037
src.infrastructure.providers.mercado_data_provider | DEBUG | RTD: Detalhes completos registrados para HYPE3|HYPEU196 (Liquidez detectada)
src.infrastructure.providers.mercado_data_provider | DEBUG | RTD: preco_ativo HYPE3=21.05 forçado com sucesso
src.infrastructure.providers.mercado_data_provider | DEBUG | RTD: Detalhes completos registrados para BBSE3|BBSEU424 (Liquidez detectada)
src.infrastructure.providers.mercado_data_provider | DEBUG | RTD: preco_ativo BBSE3=41.17 forçado com sucesso
src.infrastructure.providers.mercado_data_provider | DEBUG | RTD: Detalhes completos registrados para PETR3|PETRU48 (Liquidez detectada)
src.infrastructure.providers.mercado_data_provider | DEBUG | RTD: preco_ativo PETR3=47.42 forçado com sucesso
src.infrastructure.providers.mercado_data_provider | DEBUG | RTD: Detalhes completos registrados para IGTI11|IGTIT226 (Liquidez detectada)
src.infrastructure.providers.mercado_data_provider | DEBUG | RTD: preco_ativo IGTI11=24.52 forçado com sucesso
src.infrastructure.providers.mercado_data_provider | DEBUG | RTD: Detalhes completos registrados para CYRE3|CYRET204W1 (Liquidez detectada)
src.infrastructure.providers.mercado_data_provider | DEBUG | RTD: preco_ativo CYRE3=20.67 forçado com sucesso
src.infrastructure.providers.mercado_data_provider | DEBUG | RTD: Detalhes completos registrados para EZTC3|EZTCT114 (Liquidez detectada)
src.infrastructure.providers.mercado_data_provider | DEBUG | RTD: preco_ativo EZTC3=11.16 forçado com sucesso
src.infrastructure.providers.mercado_data_provider | DEBUG | RTD: Detalhes completos registrados para AXIA3|AXIAU492 (Liquidez detectada)
src.infrastructure.providers.mercado_data_provider | DEBUG | RTD: preco_ativo AXIA3=51.42 forçado com sucesso
src.infrastructure.providers.mercado_data_provider | DEBUG | RTD: Detalhes completos registrados para BRAV3|BRAVU200 (Liquidez detectada)
src.infrastructure.providers.mercado_data_provider | DEBUG | RTD: preco_ativo BRAV3=20.86 forçado com sucesso
src.infrastructure.providers.mercado_data_provider | DEBUG | RTD: Detalhes completos registrados para EMBJ3|EMBJT718W2 (Liquidez detectada)
src.infrastructure.providers.mercado_data_provider | DEBUG | RTD: preco_ativo EMBJ3=86.66 forçado com sucesso
src.infrastructure.providers.mercado_data_provider | DEBUG | RTD: Detalhes completos registrados para BMOB3|BMOBT245 (Liquidez detectada)
src.infrastructure.providers.mercado_data_provider | DEBUG | RTD: preco_ativo BMOB3=22.82 forçado com sucesso
src.infrastructure.providers.mercado_data_provider | DEBUG | RTD: Detalhes completos registrados para BBAS3|BBAST211W2 (Liquidez detectada)
src.infrastructure.providers.mercado_data_provider | DEBUG | RTD: preco_ativo BBAS3=20.82 forçado com sucesso
src.infrastructure.providers.mercado_data_provider | DEBUG | RTD: Detalhes completos registrados para CSAN3|CSANU435 (Liquidez detectada)
src.infrastructure.providers.mercado_data_provider | DEBUG | RTD: preco_ativo CSAN3=3.92 forçado com sucesso
src.infrastructure.providers.mercado_data_provider | DEBUG | RTD: Detalhes completos registrados para ITUB4|ITUBU330 (Liquidez detectada)
src.infrastructure.providers.mercado_data_provider | DEBUG | RTD: preco_ativo ITUB4=42.01 forçado com sucesso
src.infrastructure.providers.mercado_data_provider | DEBUG | RTD: Detalhes completos registrados para BPAC11|BPACU359 (Liquidez detectada)
src.infrastructure.providers.mercado_data_provider | DEBUG | RTD: preco_ativo BPAC11=55.03 forçado com sucesso
src.infrastructure.providers.mercado_data_provider | DEBUG | RTD: Detalhes completos registrados para CURY3|CURYU284 (Liquidez detectada)
src.infrastructure.providers.mercado_data_provider | DEBUG | RTD: preco_ativo CURY3=28.80 forçado com sucesso
src.infrastructure.providers.mercado_data_provider | DEBUG | RTD: Detalhes completos registrados para EMBJ3|EMBJT733 (Liquidez detectada)
src.infrastructure.providers.mercado_data_provider | DEBUG | RTD: preco_ativo EMBJ3=86.66 forçado com sucesso
src.infrastructure.providers.mercado_data_provider | DEBUG | RTD: Detalhes completos registrados para COGN3|COGNU184 (Liquidez detectada)
src.infrastructure.providers.mercado_data_provider | DEBUG | RTD: preco_ativo COGN3=2.19 forçado com sucesso
src.infrastructure.providers.mercado_data_provider | DEBUG | RTD: Detalhes completos registrados para HAPV3|HAPVT490 (Liquidez detectada)
src.infrastructure.providers.mercado_data_provider | DEBUG | RTD: preco_ativo HAPV3=10.52 forçado com sucesso
src.infrastructure.providers.mercado_data_provider | DEBUG | RTD: Detalhes completos registrados para BRAP4|BRAPU194 (Liquidez detectada)
src.infrastructure.providers.mercado_data_provider | DEBUG | RTD: preco_ativo BRAP4=21.68 forçado com sucesso
src.infrastructure.providers.mercado_data_provider | DEBUG | RTD: Detalhes completos registrados para BPAC11|BPACU661 (Liquidez detectada)
src.infrastructure.providers.mercado_data_provider | DEBUG | RTD: preco_ativo BPAC11=55.03 forçado com sucesso
src.infrastructure.providers.mercado_data_provider | DEBUG | RTD: Detalhes completos registrados para CPLE3|CPLET145 (Liquidez detectada)
src.infrastructure.providers.mercado_data_provider | DEBUG | RTD: preco_ativo CPLE3=14.67 forçado com sucesso
src.infrastructure.providers.mercado_data_provider | DEBUG | RTD: Detalhes completos registrados para GGBR4|GGBRU292 (Liquidez detectada)
src.infrastructure.providers.mercado_data_provider | DEBUG | RTD: preco_ativo GGBR4=24.83 forçado com sucesso
src.infrastructure.providers.mercado_data_provider | DEBUG | RTD: Detalhes completos registrados para PETR4|PETRU392 (Liquidez detectada)
src.infrastructure.providers.mercado_data_provider | DEBUG | RTD: preco_ativo PETR4=41.93 forçado com sucesso
src.infrastructure.providers.mercado_data_provider | DEBUG | RTD: Detalhes completos registrados para MULT3|MULTT278 (Liquidez detectada)
src.infrastructure.providers.mercado_data_provider | DEBUG | RTD: preco_ativo MULT3=27.62 forçado com sucesso
src.infrastructure.providers.mercado_data_provider | DEBUG | RTD: Detalhes completos registrados para PETR3|PETRT455 (Liquidez detectada)
src.infrastructure.providers.mercado_data_provider | DEBUG | RTD: preco_ativo PETR3=47.42 forçado com sucesso
src.infrastructure.providers.mercado_data_provider | DEBUG | RTD: Detalhes completos registrados para ITUB4|ITUBU388 (Liquidez detectada)
src.infrastructure.providers.mercado_data_provider | DEBUG | RTD: preco_ativo ITUB4=42.01 forçado com sucesso
src.infrastructure.providers.mercado_data_provider | DEBUG | RTD: Detalhes completos registrados para EMBJ3|EMBJT828W2 (Liquidez detectada)
src.infrastructure.providers.mercado_data_provider | DEBUG | RTD: preco_ativo EMBJ3=86.66 forçado com sucesso
src.infrastructure.providers.mercado_data_provider | DEBUG | RTD: Detalhes completos registrados para MGLU3|MGLUU450 (Liquidez detectada)
src.infrastructure.providers.mercado_data_provider | DEBUG | RTD: preco_ativo MGLU3=4.76 forçado com sucesso
src.infrastructure.providers.mercado_data_provider | DEBUG | RTD: Detalhes completos registrados para B3SA3|B3SAW150 (Liquidez detectada)
src.infrastructure.providers.mercado_data_provider | DEBUG | RTD: preco_ativo B3SA3=15.47 forçado com sucesso
src.infrastructure.providers.mercado_data_provider | DEBUG | RTD: Detalhes completos registrados para PETR3|PETRT47 (Liquidez detectada)
src.infrastructure.providers.mercado_data_provider | DEBUG | RTD: preco_ativo PETR3=47.42 forçado com sucesso
src.infrastructure.providers.mercado_data_provider | DEBUG | RTD: Detalhes completos registrados para ITSA4|ITSAT129W2 (Liquidez detectada)
src.infrastructure.providers.mercado_data_provider | DEBUG | RTD: preco_ativo ITSA4=13.53 forçado com sucesso
src.infrastructure.providers.mercado_data_provider | DEBUG | RTD: Detalhes completos registrados para PRIO3|PRIOT450 (Liquidez detectada)
src.infrastructure.providers.mercado_data_provider | DEBUG | RTD: preco_ativo PRIO3=58.27 forçado com sucesso
src.infrastructure.providers.mercado_data_provider | DEBUG | RTD: Detalhes completos registrados para PETR4|PETRU464 (Liquidez detectada)
src.infrastructure.providers.mercado_data_provider | DEBUG | RTD: preco_ativo PETR4=41.93 forçado com sucesso
src.infrastructure.providers.mercado_data_provider | DEBUG | RTD: Detalhes completos registrados para ENGI11|ENGIU378 (Liquidez detectada)
src.infrastructure.providers.mercado_data_provider | DEBUG | RTD: preco_ativo ENGI11=49.01 forçado com sucesso
src.infrastructure.providers.mercado_data_provider | DEBUG | RTD: Detalhes completos registrados para BMOB3|BMOBU233 (Liquidez detectada)
src.infrastructure.providers.mercado_data_provider | DEBUG | RTD: preco_ativo BMOB3=22.82 forçado com sucesso
src.infrastructure.providers.mercado_data_provider | DEBUG | RTD: Detalhes completos registrados para ITUB4|ITUBT445 (Liquidez detectada)
src.infrastructure.providers.mercado_data_provider | DEBUG | RTD: preco_ativo ITUB4=42.01 forçado com sucesso
src.infrastructure.providers.mercado_data_provider | DEBUG | RTD: Detalhes completos registrados para PETR4|PETRX36 (Liquidez detectada)
src.infrastructure.providers.mercado_data_provider | DEBUG | RTD: preco_ativo PETR4=41.93 forçado com sucesso
src.infrastructure.providers.mercado_data_provider | DEBUG | RTD: Detalhes completos registrados para CSAN3|CSANT390 (Liquidez detectada)
src.infrastructure.providers.mercado_data_provider | DEBUG | RTD: preco_ativo CSAN3=3.92 forçado com sucesso
src.infrastructure.providers.mercado_data_provider | DEBUG | RTD: Detalhes completos registrados para CPFE3|CPFET434 (Liquidez detectada)
src.infrastructure.providers.mercado_data_provider | DEBUG | RTD: preco_ativo CPFE3=45.20 forçado com sucesso
src.infrastructure.providers.mercado_data_provider | DEBUG | RTD: Detalhes completos registrados para EMBJ3|EMBJU893 (Liquidez detectada)
src.infrastructure.providers.mercado_data_provider | DEBUG | RTD: preco_ativo EMBJ3=86.66 forçado com sucesso
src.infrastructure.providers.mercado_data_provider | DEBUG | RTD: Detalhes completos registrados para CSAN3|CSANT410W2 (Liquidez detectada)
src.infrastructure.providers.mercado_data_provider | DEBUG | RTD: preco_ativo CSAN3=3.92 forçado com sucesso
src.infrastructure.providers.mercado_data_provider | DEBUG | RTD: Detalhes completos registrados para CSMG3|CSMGU673 (Liquidez detectada)
src.infrastructure.providers.mercado_data_provider | DEBUG | RTD: preco_ativo CSMG3=61.93 forçado com sucesso
src.infrastructure.providers.mercado_data_provider | DEBUG | RTD: Detalhes completos registrados para PETR4|PETRT316W1 (Liquidez detectada)
src.infrastructure.providers.mercado_data_provider | DEBUG | RTD: preco_ativo PETR4=41.93 forçado com sucesso
src.infrastructure.providers.mercado_data_provider | DEBUG | RTD: Detalhes completos registrados para CYRE3|CYREU137 (Liquidez detectada)
src.infrastructure.providers.mercado_data_provider | DEBUG | RTD: preco_ativo CYRE3=20.67 forçado com sucesso
src.infrastructure.providers.mercado_data_provider | DEBUG | RTD: Detalhes completos registrados para CSMG3|CSMGT643 (Liquidez detectada)
src.infrastructure.providers.mercado_data_provider | DEBUG | RTD: preco_ativo CSMG3=61.93 forçado com sucesso
src.infrastructure.providers.mercado_data_provider | DEBUG | RTD: Detalhes completos registrados para EMBJ3|EMBJU480 (Liquidez detectada)
src.infrastructure.providers.mercado_data_provider | DEBUG | RTD: preco_ativo EMBJ3=86.66 forçado com sucesso
src.infrastructure.providers.mercado_data_provider | DEBUG | RTD: Detalhes completos registrados para EMBJ3|EMBJT663 (Liquidez detectada)
src.infrastructure.providers.mercado_data_provider | DEBUG | RTD: preco_ativo EMBJ3=86.66 forçado com sucesso
src.infrastructure.providers.mercado_data_provider | DEBUG | RTD: Detalhes completos registrados para PETR4|PETRT396W2 (Liquidez detectada)
src.infrastructure.providers.mercado_data_provider | DEBUG | RTD: preco_ativo PETR4=41.93 forçado com sucesso
src.infrastructure.providers.mercado_data_provider | DEBUG | RTD: Detalhes completos registrados para IGTI11|IGTIU231 (Liquidez detectada)
src.infrastructure.providers.mercado_data_provider | DEBUG | RTD: preco_ativo IGTI11=24.52 forçado com sucesso
src.infrastructure.providers.mercado_data_provider | DEBUG | RTD: Detalhes completos registrados para JHSF3|JHSFU838 (Liquidez detectada)
src.infrastructure.providers.mercado_data_provider | DEBUG | RTD: preco_ativo JHSF3=10.67 forçado com sucesso
src.infrastructure.providers.mercado_data_provider | DEBUG | RTD: Detalhes completos registrados para PETR4|PETRT291W1 (Liquidez detectada)
src.infrastructure.providers.mercado_data_provider | DEBUG | RTD: preco_ativo PETR4=41.93 forçado com sucesso
src.infrastructure.providers.mercado_data_provider | DEBUG | RTD: Detalhes completos registrados para EMBJ3|EMBJU790 (Liquidez detectada)
src.infrastructure.providers.mercado_data_provider | DEBUG | RTD: preco_ativo EMBJ3=86.66 forçado com sucesso
src.infrastructure.providers.mercado_data_provider | DEBUG | RTD: Detalhes completos registrados para POMO4|POMOU499 (Liquidez detectada)
src.infrastructure.providers.mercado_data_provider | DEBUG | RTD: preco_ativo POMO4=5.33 forçado com sucesso
src.infrastructure.providers.mercado_data_provider | DEBUG | RTD: Detalhes completos registrados para CSMG3|CSMGX625 (Liquidez detectada)
src.infrastructure.providers.mercado_data_provider | DEBUG | RTD: preco_ativo CSMG3=61.93 forçado com sucesso
src.infrastructure.providers.mercado_data_provider | DEBUG | RTD: Detalhes completos registrados para GGBR4|GGBRU172 (Liquidez detectada)
src.infrastructure.providers.mercado_data_provider | DEBUG | RTD: preco_ativo GGBR4=24.83 forçado com sucesso
src.infrastructure.providers.mercado_data_provider | DEBUG | RTD: Detalhes completos registrados para ITSA4|ITSAM15 (Liquidez detectada)
src.infrastructure.providers.mercado_data_provider | DEBUG | RTD: preco_ativo ITSA4=13.53 forçado com sucesso
src.infrastructure.providers.mercado_data_provider | DEBUG | RTD: Detalhes completos registrados para DIRR3|DIRRU122 (Liquidez detectada)
src.infrastructure.providers.mercado_data_provider | DEBUG | RTD: preco_ativo DIRR3=11.10 forçado com sucesso
src.infrastructure.providers.mercado_data_provider | DEBUG | RTD: Detalhes completos registrados para ENGI11|ENGIT468 (Liquidez detectada)
src.infrastructure.providers.mercado_data_provider | DEBUG | RTD: preco_ativo ENGI11=49.01 forçado com sucesso
src.infrastructure.providers.mercado_data_provider | DEBUG | RTD: Detalhes completos registrados para IVVB11|IVVBU308 (Liquidez detectada)
src.infrastructure.providers.mercado_data_provider | DEBUG | RTD: preco_ativo IVVB11=427.25 forçado com sucesso
src.infrastructure.providers.mercado_data_provider | DEBUG | RTD: Detalhes completos registrados para MBRF3|MBRFU165 (Liquidez detectada)
src.infrastructure.providers.mercado_data_provider | DEBUG | RTD: preco_ativo MBRF3=16.61 forçado com sucesso
src.infrastructure.providers.mercado_data_provider | DEBUG | RTD: Detalhes completos registrados para EQTL3|EQTLU422 (Liquidez detectada)
src.infrastructure.providers.mercado_data_provider | DEBUG | RTD: preco_ativo EQTL3=37.98 forçado com sucesso
src.infrastructure.providers.mercado_data_provider | DEBUG | RTD: Detalhes completos registrados para BBAS3|BBAST115 (Liquidez detectada)
src.infrastructure.providers.mercado_data_provider | DEBUG | RTD: preco_ativo BBAS3=20.82 forçado com sucesso
src.infrastructure.providers.mercado_data_provider | DEBUG | RTD: Detalhes completos registrados para JHSF3|JHSFU758 (Liquidez detectada)
src.infrastructure.providers.mercado_data_provider | DEBUG | RTD: preco_ativo JHSF3=10.67 forçado com sucesso
src.infrastructure.providers.mercado_data_provider | DEBUG | RTD: Detalhes completos registrados para PETR4|PETRT313W2 (Liquidez detectada)
src.infrastructure.providers.mercado_data_provider | DEBUG | RTD: preco_ativo PETR4=41.93 forçado com sucesso
src.infrastructure.providers.mercado_data_provider | DEBUG | RTD: Detalhes completos registrados para PETR4|PETRX361 (Liquidez detectada)
src.infrastructure.providers.mercado_data_provider | DEBUG | RTD: preco_ativo PETR4=41.93 forçado com sucesso
src.infrastructure.providers.mercado_data_provider | DEBUG | RTD: Detalhes completos registrados para BBAS3|BBAST192 (Liquidez detectada)
src.infrastructure.providers.mercado_data_provider | DEBUG | RTD: preco_ativo BBAS3=20.82 forçado com sucesso
src.infrastructure.providers.mercado_data_provider | DEBUG | RTD: Detalhes completos registrados para ITSA4|ITSAU158 (Liquidez detectada)
src.infrastructure.providers.mercado_data_provider | DEBUG | RTD: preco_ativo ITSA4=13.53 forçado com sucesso
src.infrastructure.providers.mercado_data_provider | DEBUG | RTD: Detalhes completos registrados para PNVL3|PNVLU984 (Liquidez detectada)
src.infrastructure.providers.mercado_data_provider | DEBUG | RTD: preco_ativo PNVL3=11.47 forçado com sucesso
src.infrastructure.providers.mercado_data_provider | DEBUG | RTD: Detalhes completos registrados para MULT3|MULTT228 (Liquidez detectada)
src.infrastructure.providers.mercado_data_provider | DEBUG | RTD: preco_ativo MULT3=27.62 forçado com sucesso
src.infrastructure.providers.mercado_data_provider | DEBUG | RTD: Detalhes completos registrados para BBSE3|BBSEU399 (Liquidez detectada)
src.infrastructure.providers.mercado_data_provider | DEBUG | RTD: preco_ativo BBSE3=41.17 forçado com sucesso
src.infrastructure.providers.mercado_data_provider | DEBUG | RTD: Detalhes completos registrados para PETR4|PETRU562 (Liquidez detectada)
src.infrastructure.providers.mercado_data_provider | DEBUG | RTD: preco_ativo PETR4=41.93 forçado com sucesso
src.infrastructure.providers.mercado_data_provider | DEBUG | RTD: Detalhes completos registrados para AZZA3|AZZAT155 (Liquidez detectada)
src.infrastructure.providers.mercado_data_provider | DEBUG | RTD: preco_ativo AZZA3=16.36 forçado com sucesso
src.infrastructure.providers.mercado_data_provider | DEBUG | RTD: Detalhes completos registrados para PETR4|PETRT343W2 (Liquidez detectada)
src.infrastructure.providers.mercado_data_provider | DEBUG | RTD: preco_ativo PETR4=41.93 forçado com sucesso
src.infrastructure.providers.mercado_data_provider | DEBUG | RTD: Detalhes completos registrados para BBAS3|BBAST197W1 (Liquidez detectada)
src.infrastructure.providers.mercado_data_provider | DEBUG | RTD: preco_ativo BBAS3=20.82 forçado com sucesso
src.infrastructure.providers.mercado_data_provider | DEBUG | RTD: Detalhes completos registrados para PRIO3|PRIOT545W2 (Liquidez detectada)
src.infrastructure.providers.mercado_data_provider | DEBUG | RTD: preco_ativo PRIO3=58.27 forçado com sucesso
src.infrastructure.providers.mercado_data_provider | DEBUG | RTD: Detalhes completos registrados para PETR3|PETRT4 (Liquidez detectada)
src.infrastructure.providers.mercado_data_provider | DEBUG | RTD: preco_ativo PETR3=47.42 forçado com sucesso
src.infrastructure.providers.mercado_data_provider | DEBUG | RTD: Detalhes completos registrados para HASH11|HASHT470 (Liquidez detectada)
src.infrastructure.providers.mercado_data_provider | DEBUG | RTD: preco_ativo HASH11=42.65 forçado com sucesso
src.infrastructure.providers.mercado_data_provider | DEBUG | RTD: Detalhes completos registrados para BBAS3|BBASX170 (Liquidez detectada)
src.infrastructure.providers.mercado_data_provider | DEBUG | RTD: preco_ativo BBAS3=20.82 forçado com sucesso
src.infrastructure.providers.mercado_data_provider | DEBUG | RTD: Detalhes completos registrados para BBDC4|BBDCT161W2 (Liquidez detectada)
src.infrastructure.providers.mercado_data_provider | DEBUG | RTD: preco_ativo BBDC4=18.38 forçado com sucesso
src.infrastructure.providers.mercado_data_provider | DEBUG | RTD: Detalhes completos registrados para PETR4|PETRT297 (Liquidez detectada)
src.infrastructure.providers.mercado_data_provider | DEBUG | RTD: preco_ativo PETR4=41.93 forçado com sucesso
src.infrastructure.providers.mercado_data_provider | DEBUG | RTD: Detalhes completos registrados para EQTL3|EQTLT362W1 (Liquidez detectada)
src.infrastructure.providers.mercado_data_provider | DEBUG | RTD: preco_ativo EQTL3=37.98 forçado com sucesso
src.infrastructure.providers.mercado_data_provider | DEBUG | RTD: Detalhes completos registrados para AXIA3|AXIAV460 (Liquidez detectada)
src.infrastructure.providers.mercado_data_provider | DEBUG | RTD: preco_ativo AXIA3=51.42 forçado com sucesso
src.infrastructure.providers.mercado_data_provider | DEBUG | RTD: Detalhes completos registrados para ENEV3|ENEVU295 (Liquidez detectada)
src.infrastructure.providers.mercado_data_provider | DEBUG | RTD: preco_ativo ENEV3=25.92 forçado com sucesso
src.infrastructure.providers.mercado_data_provider | DEBUG | RTD: Detalhes completos registrados para PETR4|PETRT497 (Liquidez detectada)
src.infrastructure.providers.mercado_data_provider | DEBUG | RTD: preco_ativo PETR4=41.93 forçado com sucesso
src.infrastructure.providers.mercado_data_provider | DEBUG | RTD: Detalhes completos registrados para NATU3|NATUT122 (Liquidez detectada)
src.infrastructure.providers.mercado_data_provider | DEBUG | RTD: preco_ativo NATU3=8.35 forçado com sucesso
src.infrastructure.providers.mercado_data_provider | DEBUG | RTD: Detalhes completos registrados para BBDC3|BBDCU183 (Liquidez detectada)
src.infrastructure.providers.mercado_data_provider | DEBUG | RTD: preco_ativo BBDC3=16.03 forçado com sucesso
src.infrastructure.providers.mercado_data_provider | DEBUG | RTD: Detalhes completos registrados para MULT3|MULTU261 (Liquidez detectada)
src.infrastructure.providers.mercado_data_provider | DEBUG | RTD: preco_ativo MULT3=27.62 forçado com sucesso
src.infrastructure.providers.mercado_data_provider | DEBUG | RTD: Detalhes completos registrados para MBRF3|MBRFT168 (Liquidez detectada)
src.infrastructure.providers.mercado_data_provider | DEBUG | RTD: preco_ativo MBRF3=16.61 forçado com sucesso
src.infrastructure.providers.mercado_data_provider | DEBUG | RTD: Detalhes completos registrados para CEAB3|CEABT912 (Liquidez detectada)
src.infrastructure.providers.mercado_data_provider | DEBUG | RTD: preco_ativo CEAB3=9.17 forçado com sucesso
src.infrastructure.providers.mercado_data_provider | DEBUG | RTD: Detalhes completos registrados para ITSA4|ITSAM130 (Liquidez detectada)
src.infrastructure.providers.mercado_data_provider | DEBUG | RTD: preco_ativo ITSA4=13.53 forçado com sucesso
src.infrastructure.providers.mercado_data_provider | DEBUG | RTD: Detalhes completos registrados para CVCB3|CVCBU800 (Liquidez detectada)
src.infrastructure.providers.mercado_data_provider | DEBUG | RTD: preco_ativo CVCB3=1.28 forçado com sucesso
src.infrastructure.providers.mercado_data_provider | DEBUG | RTD: Detalhes completos registrados para KLBN11|KLBNU179 (Liquidez detectada)
src.infrastructure.providers.mercado_data_provider | DEBUG | RTD: preco_ativo KLBN11=18.02 forçado com sucesso
src.infrastructure.providers.mercado_data_provider | DEBUG | RTD: Detalhes completos registrados para BBDC4|BBDCX200 (Liquidez detectada)
src.infrastructure.providers.mercado_data_provider | DEBUG | RTD: preco_ativo BBDC4=18.38 forçado com sucesso
src.infrastructure.providers.mercado_data_provider | DEBUG | RTD: Detalhes completos registrados para ITUB4|ITUBT424 (Liquidez detectada)
src.infrastructure.providers.mercado_data_provider | DEBUG | RTD: preco_ativo ITUB4=42.01 forçado com sucesso
src.infrastructure.providers.mercado_data_provider | DEBUG | RTD: Detalhes completos registrados para ISAE4|ISAEU252 (Liquidez detectada)
src.infrastructure.providers.mercado_data_provider | DEBUG | RTD: preco_ativo ISAE4=26.51 forçado com sucesso
src.infrastructure.providers.mercado_data_provider | DEBUG | RTD: Detalhes completos registrados para KLBN11|KLBNU177 (Liquidez detectada)
src.infrastructure.providers.mercado_data_provider | DEBUG | RTD: preco_ativo KLBN11=18.02 forçado com sucesso
src.infrastructure.providers.mercado_data_provider | DEBUG | RTD: Detalhes completos registrados para AZZA3|AZZAU190 (Liquidez detectada)
src.infrastructure.providers.mercado_data_provider | DEBUG | RTD: preco_ativo AZZA3=16.36 forçado com sucesso
src.infrastructure.providers.mercado_data_provider | DEBUG | RTD: Detalhes completos registrados para PRIO3|PRIOT457 (Liquidez detectada)
src.infrastructure.providers.mercado_data_provider | DEBUG | RTD: preco_ativo PRIO3=58.27 forçado com sucesso
src.infrastructure.providers.mercado_data_provider | DEBUG | RTD: Detalhes completos registrados para BITH11|BITHT710 (Liquidez detectada)
src.infrastructure.providers.mercado_data_provider | DEBUG | RTD: preco_ativo BITH11=73.80 forçado com sucesso
src.infrastructure.providers.mercado_data_provider | DEBUG | RTD: Detalhes completos registrados para BRSR6|BRSRT139 (Liquidez detectada)
src.infrastructure.providers.mercado_data_provider | DEBUG | RTD: preco_ativo BRSR6=13.91 forçado com sucesso
src.infrastructure.providers.mercado_data_provider | DEBUG | RTD: Detalhes completos registrados para BBAS3|BBASX178 (Liquidez detectada)
src.infrastructure.providers.mercado_data_provider | DEBUG | RTD: preco_ativo BBAS3=20.82 forçado com sucesso
src.infrastructure.providers.mercado_data_provider | DEBUG | RTD: Detalhes completos registrados para EMBJ3|EMBJT555 (Liquidez detectada)
src.infrastructure.providers.mercado_data_provider | DEBUG | RTD: preco_ativo EMBJ3=86.66 forçado com sucesso
src.infrastructure.providers.mercado_data_provider | DEBUG | RTD: Detalhes completos registrados para PETR4|PETRT482 (Liquidez detectada)
src.infrastructure.providers.mercado_data_provider | DEBUG | RTD: preco_ativo PETR4=41.93 forçado com sucesso
src.infrastructure.providers.mercado_data_provider | DEBUG | RTD: Detalhes completos registrados para MRVE3|MRVET490W2 (Liquidez detectada)
src.infrastructure.providers.mercado_data_provider | DEBUG | RTD: preco_ativo MRVE3=4.56 forçado com sucesso
src.infrastructure.providers.mercado_data_provider | DEBUG | RTD: Detalhes completos registrados para BEEF3|BEEFU307 (Liquidez detectada)
src.infrastructure.providers.mercado_data_provider | DEBUG | RTD: preco_ativo BEEF3=3.47 forçado com sucesso
src.infrastructure.providers.mercado_data_provider | DEBUG | RTD: Detalhes completos registrados para JHSF3|JHSFX100 (Liquidez detectada)
src.infrastructure.providers.mercado_data_provider | DEBUG | RTD: preco_ativo JHSF3=10.67 forçado com sucesso
src.infrastructure.providers.mercado_data_provider | DEBUG | RTD: Detalhes completos registrados para ITUB4|ITUBT490 (Liquidez detectada)
src.infrastructure.providers.mercado_data_provider | DEBUG | RTD: preco_ativo ITUB4=42.01 forçado com sucesso
src.infrastructure.providers.mercado_data_provider | DEBUG | RTD: Detalhes completos registrados para CMIN3|CMINT50 (Liquidez detectada)
src.infrastructure.providers.mercado_data_provider | DEBUG | RTD: preco_ativo CMIN3=5.91 forçado com sucesso
src.infrastructure.providers.mercado_data_provider | DEBUG | RTD: Detalhes completos registrados para PETR4|PETRT24 (Liquidez detectada)
src.infrastructure.providers.mercado_data_provider | DEBUG | RTD: preco_ativo PETR4=41.93 forçado com sucesso
src.infrastructure.providers.mercado_data_provider | DEBUG | RTD: Detalhes completos registrados para BEEF3|BEEFT287 (Liquidez detectada)
src.infrastructure.providers.mercado_data_provider | DEBUG | RTD: preco_ativo BEEF3=3.47 forçado com sucesso
src.infrastructure.providers.mercado_data_provider | DEBUG | RTD: Detalhes completos registrados para GGBR4|GGBRU205 (Liquidez detectada)
src.infrastructure.providers.mercado_data_provider | DEBUG | RTD: preco_ativo GGBR4=24.83 forçado com sucesso
src.infrastructure.providers.mercado_data_provider | DEBUG | RTD: Detalhes completos registrados para BBDC3|BBDCU11 (Liquidez detectada)
src.infrastructure.providers.mercado_data_provider | DEBUG | RTD: preco_ativo BBDC3=16.03 forçado com sucesso
src.infrastructure.providers.mercado_data_provider | DEBUG | RTD: Detalhes completos registrados para EMBJ3|EMBJW798 (Liquidez detectada)
src.infrastructure.providers.mercado_data_provider | DEBUG | RTD: preco_ativo EMBJ3=86.66 forçado com sucesso
src.infrastructure.providers.mercado_data_provider | DEBUG | RTD: Detalhes completos registrados para ITUB4|ITUBT389W2 (Liquidez detectada)
src.infrastructure.providers.mercado_data_provider | DEBUG | RTD: preco_ativo ITUB4=42.01 forçado com sucesso
src.infrastructure.providers.mercado_data_provider | DEBUG | RTD: Detalhes completos registrados para BBSE3|BBSET344 (Liquidez detectada)
src.infrastructure.providers.mercado_data_provider | DEBUG | RTD: preco_ativo BBSE3=41.17 forçado com sucesso
src.infrastructure.providers.mercado_data_provider | DEBUG | RTD: Detalhes completos registrados para MBRF3|MBRFU150 (Liquidez detectada)
src.infrastructure.providers.mercado_data_provider | DEBUG | RTD: preco_ativo MBRF3=16.61 forçado com sucesso
src.infrastructure.providers.mercado_data_provider | DEBUG | RTD: Detalhes completos registrados para ITSA4|ITSAU113 (Liquidez detectada)
src.infrastructure.providers.mercado_data_provider | DEBUG | RTD: preco_ativo ITSA4=13.53 forçado com sucesso
src.infrastructure.providers.mercado_data_provider | DEBUG | RTD: Detalhes completos registrados para CSMG3|CSMGT550W4 (Liquidez detectada)
src.infrastructure.providers.mercado_data_provider | DEBUG | RTD: preco_ativo CSMG3=61.93 forçado com sucesso
src.infrastructure.providers.mercado_data_provider | DEBUG | RTD: Detalhes completos registrados para HAPV3|HAPVT430 (Liquidez detectada)
src.infrastructure.providers.mercado_data_provider | DEBUG | RTD: preco_ativo HAPV3=10.52 forçado com sucesso
src.infrastructure.providers.mercado_data_provider | DEBUG | RTD: Detalhes completos registrados para GGBR4|GGBRT203W1 (Liquidez detectada)
src.infrastructure.providers.mercado_data_provider | DEBUG | RTD: preco_ativo GGBR4=24.83 forçado com sucesso
src.infrastructure.providers.mercado_data_provider | DEBUG | RTD: Detalhes completos registrados para LREN3|LRENU143 (Liquidez detectada)
src.infrastructure.providers.mercado_data_provider | DEBUG | RTD: preco_ativo LREN3=13.38 forçado com sucesso
src.infrastructure.providers.mercado_data_provider | DEBUG | RTD: Detalhes completos registrados para MGLU3|MGLUX400 (Liquidez detectada)
src.infrastructure.providers.mercado_data_provider | DEBUG | RTD: preco_ativo MGLU3=4.76 forçado com sucesso
src.infrastructure.providers.mercado_data_provider | DEBUG | RTD: Detalhes completos registrados para ISAE4|ISAEW227 (Liquidez detectada)
src.infrastructure.providers.mercado_data_provider | DEBUG | RTD: preco_ativo ISAE4=26.51 forçado com sucesso
src.infrastructure.providers.mercado_data_provider | DEBUG | RTD: Detalhes completos registrados para PRIO3|PRIOT447 (Liquidez detectada)
src.infrastructure.providers.mercado_data_provider | DEBUG | RTD: preco_ativo PRIO3=58.27 forçado com sucesso
src.infrastructure.providers.mercado_data_provider | DEBUG | RTD: Detalhes completos registrados para MYPK3|MYPKU925 (Liquidez detectada)
src.infrastructure.providers.mercado_data_provider | DEBUG | RTD: preco_ativo MYPK3=9.43 forçado com sucesso
src.infrastructure.providers.mercado_data_provider | DEBUG | RTD: Detalhes completos registrados para DIRR3|DIRRT938 (Liquidez detectada)
src.infrastructure.providers.mercado_data_provider | DEBUG | RTD: preco_ativo DIRR3=11.10 forçado com sucesso
src.infrastructure.providers.mercado_data_provider | DEBUG | RTD: Detalhes completos registrados para PETR4|PETRU512 (Liquidez detectada)
src.infrastructure.providers.mercado_data_provider | DEBUG | RTD: preco_ativo PETR4=41.93 forçado com sucesso
src.infrastructure.providers.mercado_data_provider | DEBUG | RTD: Detalhes completos registrados para ENGI11|ENGIU536 (Liquidez detectada)
src.infrastructure.providers.mercado_data_provider | DEBUG | RTD: preco_ativo ENGI11=49.01 forçado com sucesso
src.infrastructure.providers.mercado_data_provider | DEBUG | RTD: Detalhes completos registrados para LREN3|LRENT11 (Liquidez detectada)
src.infrastructure.providers.mercado_data_provider | DEBUG | RTD: preco_ativo LREN3=13.38 forçado com sucesso
src.infrastructure.providers.mercado_data_provider | DEBUG | RTD: Detalhes completos registrados para BRAV3|BRAVU142 (Liquidez detectada)
src.infrastructure.providers.mercado_data_provider | DEBUG | RTD: preco_ativo BRAV3=20.86 forçado com sucesso
src.infrastructure.providers.mercado_data_provider | DEBUG | RTD: Detalhes completos registrados para B3SA3|B3SAW174 (Liquidez detectada)
src.infrastructure.providers.mercado_data_provider | DEBUG | RTD: preco_ativo B3SA3=15.47 forçado com sucesso
src.infrastructure.providers.mercado_data_provider | DEBUG | RTD: Detalhes completos registrados para MGLU3|MGLUT505W1 (Liquidez detectada)
src.infrastructure.providers.mercado_data_provider | DEBUG | RTD: preco_ativo MGLU3=4.76 forçado com sucesso
src.infrastructure.providers.mercado_data_provider | DEBUG | RTD: Detalhes completos registrados para PETR3|PETRT408 (Liquidez detectada)
src.infrastructure.providers.mercado_data_provider | DEBUG | RTD: preco_ativo PETR3=47.42 forçado com sucesso
src.infrastructure.providers.mercado_data_provider | DEBUG | RTD: Detalhes completos registrados para EMBJ3|EMBJT803W1 (Liquidez detectada)
src.infrastructure.providers.mercado_data_provider | DEBUG | RTD: preco_ativo EMBJ3=86.66 forçado com sucesso
src.infrastructure.providers.mercado_data_provider | DEBUG | RTD: Detalhes completos registrados para ITUB4|ITUBU314 (Liquidez detectada)
src.infrastructure.providers.mercado_data_provider | DEBUG | RTD: preco_ativo ITUB4=42.01 forçado com sucesso
src.infrastructure.providers.mercado_data_provider | DEBUG | RTD: Detalhes completos registrados para GOAU4|GOAUU115 (Liquidez detectada)
src.infrastructure.providers.mercado_data_provider | DEBUG | RTD: preco_ativo GOAU4=10.75 forçado com sucesso
src.infrastructure.providers.mercado_data_provider | DEBUG | RTD: Detalhes completos registrados para EMBJ3|EMBJT485 (Liquidez detectada)
src.infrastructure.providers.mercado_data_provider | DEBUG | RTD: preco_ativo EMBJ3=86.66 forçado com sucesso
src.infrastructure.providers.mercado_data_provider | DEBUG | RTD: Detalhes completos registrados para MGLU3|MGLUV469 (Liquidez detectada)
src.infrastructure.providers.mercado_data_provider | DEBUG | RTD: preco_ativo MGLU3=4.76 forçado com sucesso
src.infrastructure.providers.mercado_data_provider | DEBUG | RTD: Detalhes completos registrados para CSMG3|CSMGU497 (Liquidez detectada)
src.infrastructure.providers.mercado_data_provider | DEBUG | RTD: preco_ativo CSMG3=61.93 forçado com sucesso
src.infrastructure.providers.mercado_data_provider | DEBUG | RTD: Detalhes completos registrados para BBDC4|BBDCT166W2 (Liquidez detectada)
src.infrastructure.providers.mercado_data_provider | DEBUG | RTD: preco_ativo BBDC4=18.38 forçado com sucesso
src.infrastructure.providers.mercado_data_provider | DEBUG | RTD: Detalhes completos registrados para MOTV3|MOTVU129 (Liquidez detectada)
src.infrastructure.providers.mercado_data_provider | DEBUG | RTD: preco_ativo MOTV3=14.18 forçado com sucesso
src.infrastructure.providers.mercado_data_provider | DEBUG | RTD: Detalhes completos registrados para ENEV3|ENEVT197 (Liquidez detectada)
src.infrastructure.providers.mercado_data_provider | DEBUG | RTD: preco_ativo ENEV3=25.92 forçado com sucesso
src.infrastructure.providers.mercado_data_provider | DEBUG | RTD: Detalhes completos registrados para PETR4|PETRU434 (Liquidez detectada)
src.infrastructure.providers.mercado_data_provider | DEBUG | RTD: preco_ativo PETR4=41.93 forçado com sucesso
src.infrastructure.providers.mercado_data_provider | DEBUG | RTD: Detalhes completos registrados para EMBJ3|EMBJT873 (Liquidez detectada)
src.infrastructure.providers.mercado_data_provider | DEBUG | RTD: preco_ativo EMBJ3=86.66 forçado com sucesso
src.infrastructure.providers.mercado_data_provider | DEBUG | RTD: Detalhes completos registrados para BPAC11|BPACT466W2 (Liquidez detectada)
src.infrastructure.providers.mercado_data_provider | DEBUG | RTD: preco_ativo BPAC11=55.03 forçado com sucesso
src.infrastructure.providers.mercado_data_provider | DEBUG | RTD: Detalhes completos registrados para KEPL3|KEPLU578 (Liquidez detectada)
src.infrastructure.providers.mercado_data_provider | DEBUG | RTD: preco_ativo KEPL3=6.42 forçado com sucesso
src.infrastructure.providers.mercado_data_provider | DEBUG | RTD: Detalhes completos registrados para PETR4|PETRT286W1 (Liquidez detectada)
src.infrastructure.providers.mercado_data_provider | DEBUG | RTD: preco_ativo PETR4=41.93 forçado com sucesso
src.infrastructure.providers.mercado_data_provider | DEBUG | RTD: Detalhes completos registrados para CYRE3|CYRET228 (Liquidez detectada)
src.infrastructure.providers.mercado_data_provider | DEBUG | RTD: preco_ativo CYRE3=20.67 forçado com sucesso
src.infrastructure.providers.mercado_data_provider | DEBUG | RTD: Detalhes completos registrados para LREN3|LRENU181 (Liquidez detectada)
src.infrastructure.providers.mercado_data_provider | DEBUG | RTD: preco_ativo LREN3=13.38 forçado com sucesso
src.infrastructure.providers.mercado_data_provider | DEBUG | RTD: Detalhes completos registrados para PETR4|PETRT464W1 (Liquidez detectada)
src.infrastructure.providers.mercado_data_provider | DEBUG | RTD: preco_ativo PETR4=41.93 forçado com sucesso
src.infrastructure.providers.mercado_data_provider | DEBUG | RTD: Detalhes completos registrados para CSMG3|CSMGU495 (Liquidez detectada)
src.infrastructure.providers.mercado_data_provider | DEBUG | RTD: preco_ativo CSMG3=61.93 forçado com sucesso
src.infrastructure.providers.mercado_data_provider | DEBUG | RTD: Detalhes completos registrados para EQTL3|EQTLU323 (Liquidez detectada)
src.infrastructure.providers.mercado_data_provider | DEBUG | RTD: preco_ativo EQTL3=37.98 forçado com sucesso
src.infrastructure.providers.mercado_data_provider | DEBUG | RTD: Detalhes completos registrados para PETR4|PETRU292 (Liquidez detectada)
src.infrastructure.providers.mercado_data_provider | DEBUG | RTD: preco_ativo PETR4=41.93 forçado com sucesso
src.infrastructure.providers.mercado_data_provider | DEBUG | RTD: Detalhes completos registrados para BBSE3|BBSET341 (Liquidez detectada)
src.infrastructure.providers.mercado_data_provider | DEBUG | RTD: preco_ativo BBSE3=41.17 forçado com sucesso
src.infrastructure.providers.mercado_data_provider | DEBUG | RTD: Detalhes completos registrados para EQTL3|EQTLU292 (Liquidez detectada)
src.infrastructure.providers.mercado_data_provider | DEBUG | RTD: preco_ativo EQTL3=37.98 forçado com sucesso
src.infrastructure.providers.mercado_data_provider | DEBUG | RTD: Detalhes completos registrados para CMIG4|CMIGW996 (Liquidez detectada)
src.infrastructure.providers.mercado_data_provider | DEBUG | RTD: preco_ativo CMIG4=11.10 forçado com sucesso
src.infrastructure.providers.mercado_data_provider | DEBUG | RTD: Detalhes completos registrados para GGBR4|GGBRT231W1 (Liquidez detectada)
src.infrastructure.providers.mercado_data_provider | DEBUG | RTD: preco_ativo GGBR4=24.83 forçado com sucesso
src.infrastructure.providers.mercado_data_provider | DEBUG | RTD: Detalhes completos registrados para CSNA3|CSNAU765 (Liquidez detectada)
src.infrastructure.providers.mercado_data_provider | DEBUG | RTD: preco_ativo CSNA3=5.28 forçado com sucesso
src.infrastructure.providers.mercado_data_provider | DEBUG | RTD: Detalhes completos registrados para BBAS3|BBAST192W1 (Liquidez detectada)
src.infrastructure.providers.mercado_data_provider | DEBUG | RTD: preco_ativo BBAS3=20.82 forçado com sucesso
src.infrastructure.providers.mercado_data_provider | DEBUG | RTD: Detalhes completos registrados para INTB3|INTBT111 (Liquidez detectada)
src.infrastructure.providers.mercado_data_provider | DEBUG | RTD: preco_ativo INTB3=13.48 forçado com sucesso
src.infrastructure.providers.mercado_data_provider | DEBUG | RTD: Detalhes completos registrados para ITSA4|ITSAW126 (Liquidez detectada)
src.infrastructure.providers.mercado_data_provider | DEBUG | RTD: preco_ativo ITSA4=13.53 forçado com sucesso
src.infrastructure.providers.mercado_data_provider | DEBUG | RTD: Detalhes completos registrados para BBAS3|BBAST957 (Liquidez detectada)
src.infrastructure.providers.mercado_data_provider | DEBUG | RTD: preco_ativo BBAS3=20.82 forçado com sucesso
src.infrastructure.providers.mercado_data_provider | DEBUG | RTD: Detalhes completos registrados para PETR4|PETRU499 (Liquidez detectada)
src.infrastructure.providers.mercado_data_provider | DEBUG | RTD: preco_ativo PETR4=41.93 forçado com sucesso
src.infrastructure.providers.mercado_data_provider | DEBUG | RTD: Detalhes completos registrados para BBDC4|BBDCW162 (Liquidez detectada)
src.infrastructure.providers.mercado_data_provider | DEBUG | RTD: preco_ativo BBDC4=18.38 forçado com sucesso
src.infrastructure.providers.mercado_data_provider | DEBUG | RTD: Detalhes completos registrados para BBDC4|BBDCT173W2 (Liquidez detectada)
src.infrastructure.providers.mercado_data_provider | DEBUG | RTD: preco_ativo BBDC4=18.38 forçado com sucesso
src.infrastructure.providers.mercado_data_provider | DEBUG | RTD: Detalhes completos registrados para BBAS3|BBASW179 (Liquidez detectada)
src.infrastructure.providers.mercado_data_provider | DEBUG | RTD: preco_ativo BBAS3=20.82 forçado com sucesso
src.infrastructure.providers.mercado_data_provider | DEBUG | RTD: Detalhes completos registrados para CMIG4|CMIGU884 (Liquidez detectada)
src.infrastructure.providers.mercado_data_provider | DEBUG | RTD: preco_ativo CMIG4=11.10 forçado com sucesso
src.infrastructure.providers.mercado_data_provider | DEBUG | RTD: Detalhes completos registrados para BBSE3|BBSEV302 (Liquidez detectada)
src.infrastructure.providers.mercado_data_provider | DEBUG | RTD: preco_ativo BBSE3=41.17 forçado com sucesso
src.infrastructure.providers.mercado_data_provider | DEBUG | RTD: Detalhes completos registrados para CYRE3|CYRET161 (Liquidez detectada)
src.infrastructure.providers.mercado_data_provider | DEBUG | RTD: preco_ativo CYRE3=20.67 forçado com sucesso
src.infrastructure.providers.mercado_data_provider | DEBUG | RTD: Detalhes completos registrados para COGN3|COGNT263 (Liquidez detectada)
src.infrastructure.providers.mercado_data_provider | DEBUG | RTD: preco_ativo COGN3=2.19 forçado com sucesso
src.infrastructure.providers.mercado_data_provider | DEBUG | RTD: Detalhes completos registrados para ENEV3|ENEVU280 (Liquidez detectada)
src.infrastructure.providers.mercado_data_provider | DEBUG | RTD: preco_ativo ENEV3=25.92 forçado com sucesso
src.infrastructure.providers.mercado_data_provider | DEBUG | RTD: Detalhes completos registrados para CURY3|CURYT244 (Liquidez detectada)
src.infrastructure.providers.mercado_data_provider | DEBUG | RTD: preco_ativo CURY3=28.80 forçado com sucesso
src.infrastructure.providers.mercado_data_provider | DEBUG | RTD: Detalhes completos registrados para BRKM5|BRKMT520 (Liquidez detectada)
src.infrastructure.providers.mercado_data_provider | DEBUG | RTD: preco_ativo BRKM5=6.12 forçado com sucesso
src.infrastructure.providers.mercado_data_provider | DEBUG | RTD: Detalhes completos registrados para CSMG3|CSMGU555 (Liquidez detectada)
src.infrastructure.providers.mercado_data_provider | DEBUG | RTD: preco_ativo CSMG3=61.93 forçado com sucesso
src.infrastructure.providers.mercado_data_provider | DEBUG | RTD: Detalhes completos registrados para GGBR4|GGBRU170 (Liquidez detectada)
src.infrastructure.providers.mercado_data_provider | DEBUG | RTD: preco_ativo GGBR4=24.83 forçado com sucesso
src.infrastructure.providers.mercado_data_provider | DEBUG | RTD: Detalhes completos registrados para ITSA4|ITSAX900 (Liquidez detectada)
src.infrastructure.providers.mercado_data_provider | DEBUG | RTD: preco_ativo ITSA4=13.53 forçado com sucesso
src.infrastructure.providers.mercado_data_provider | DEBUG | RTD: Detalhes completos registrados para B3SA3|B3SAU187 (Liquidez detectada)
src.infrastructure.providers.mercado_data_provider | DEBUG | RTD: preco_ativo B3SA3=15.47 forçado com sucesso
src.infrastructure.providers.mercado_data_provider | DEBUG | RTD: Detalhes completos registrados para ISAE4|ISAEW255 (Liquidez detectada)
src.infrastructure.providers.mercado_data_provider | DEBUG | RTD: preco_ativo ISAE4=26.51 forçado com sucesso
src.infrastructure.providers.mercado_data_provider | DEBUG | RTD: Detalhes completos registrados para PETR4|PETRT259 (Liquidez detectada)
src.infrastructure.providers.mercado_data_provider | DEBUG | RTD: preco_ativo PETR4=41.93 forçado com sucesso
src.infrastructure.providers.mercado_data_provider | DEBUG | RTD: Detalhes completos registrados para ISAE4|ISAEU292 (Liquidez detectada)
src.infrastructure.providers.mercado_data_provider | DEBUG | RTD: preco_ativo ISAE4=26.51 forçado com sucesso
src.infrastructure.providers.mercado_data_provider | DEBUG | RTD: Detalhes completos registrados para CXSE3|CXSET244 (Liquidez detectada)
src.infrastructure.providers.mercado_data_provider | DEBUG | RTD: preco_ativo CXSE3=20.41 forçado com sucesso
src.infrastructure.providers.mercado_data_provider | DEBUG | RTD: Detalhes completos registrados para IRBR3|IRBRT503W1 (Liquidez detectada)
src.infrastructure.providers.mercado_data_provider | DEBUG | RTD: preco_ativo IRBR3=53.33 forçado com sucesso
src.infrastructure.providers.mercado_data_provider | DEBUG | RTD: Detalhes completos registrados para LREN3|LRENT117 (Liquidez detectada)
src.infrastructure.providers.mercado_data_provider | DEBUG | RTD: preco_ativo LREN3=13.38 forçado com sucesso
src.infrastructure.providers.mercado_data_provider | DEBUG | RTD: Detalhes completos registrados para MDIA3|MDIAU152 (Liquidez detectada)
src.infrastructure.providers.mercado_data_provider | DEBUG | RTD: preco_ativo MDIA3=17.04 forçado com sucesso
src.infrastructure.providers.mercado_data_provider | DEBUG | RTD: Detalhes completos registrados para BPAC11|BPACT496 (Liquidez detectada)
src.infrastructure.providers.mercado_data_provider | DEBUG | RTD: preco_ativo BPAC11=55.03 forçado com sucesso
src.infrastructure.providers.mercado_data_provider | DEBUG | RTD: Detalhes completos registrados para ITUB4|ITUBU306 (Liquidez detectada)
src.infrastructure.providers.mercado_data_provider | DEBUG | RTD: preco_ativo ITUB4=42.01 forçado com sucesso
src.infrastructure.providers.mercado_data_provider | DEBUG | RTD: Detalhes completos registrados para KLBN11|KLBNV161 (Liquidez detectada)
src.infrastructure.providers.mercado_data_provider | DEBUG | RTD: preco_ativo KLBN11=18.02 forçado com sucesso
src.infrastructure.providers.mercado_data_provider | DEBUG | RTD: Detalhes completos registrados para PRIO3|PRIOT480 (Liquidez detectada)
src.infrastructure.providers.mercado_data_provider | DEBUG | RTD: preco_ativo PRIO3=58.27 forçado com sucesso
src.infrastructure.providers.mercado_data_provider | DEBUG | RTD: Detalhes completos registrados para PETR3|PETRU357 (Liquidez detectada)
src.infrastructure.providers.mercado_data_provider | DEBUG | RTD: preco_ativo PETR3=47.42 forçado com sucesso
src.infrastructure.providers.mercado_data_provider | DEBUG | RTD: Detalhes completos registrados para HAPV3|HAPVT117W2 (Liquidez detectada)
src.infrastructure.providers.mercado_data_provider | DEBUG | RTD: preco_ativo HAPV3=10.52 forçado com sucesso
src.infrastructure.providers.mercado_data_provider | DEBUG | RTD: Detalhes completos registrados para PETR4|PETRU492 (Liquidez detectada)
src.infrastructure.providers.mercado_data_provider | DEBUG | RTD: preco_ativo PETR4=41.93 forçado com sucesso
src.infrastructure.providers.mercado_data_provider | DEBUG | RTD: Detalhes completos registrados para CSMG3|CSMGX623 (Liquidez detectada)
src.infrastructure.providers.mercado_data_provider | DEBUG | RTD: preco_ativo CSMG3=61.93 forçado com sucesso
src.infrastructure.providers.mercado_data_provider | DEBUG | RTD: Detalhes completos registrados para CYRE3|CYREU167 (Liquidez detectada)
src.infrastructure.providers.mercado_data_provider | DEBUG | RTD: preco_ativo CYRE3=20.67 forçado com sucesso
src.infrastructure.providers.mercado_data_provider | DEBUG | RTD: Detalhes completos registrados para PETR4|PETRT351W2 (Liquidez detectada)
src.infrastructure.providers.mercado_data_provider | DEBUG | RTD: preco_ativo PETR4=41.93 forçado com sucesso
src.infrastructure.providers.mercado_data_provider | DEBUG | RTD: Detalhes completos registrados para ITUB4|ITUBX404 (Liquidez detectada)
src.infrastructure.providers.mercado_data_provider | DEBUG | RTD: preco_ativo ITUB4=42.01 forçado com sucesso
src.infrastructure.providers.mercado_data_provider | DEBUG | RTD: Detalhes completos registrados para BBAS3|BBASV170 (Liquidez detectada)
src.infrastructure.providers.mercado_data_provider | DEBUG | RTD: preco_ativo BBAS3=20.82 forçado com sucesso
src.infrastructure.providers.mercado_data_provider | DEBUG | RTD: Detalhes completos registrados para MOTV3|MOTVU146 (Liquidez detectada)
src.infrastructure.providers.mercado_data_provider | DEBUG | RTD: preco_ativo MOTV3=14.18 forçado com sucesso
src.infrastructure.providers.mercado_data_provider | DEBUG | RTD: Detalhes completos registrados para CMIG4|CMIGT924 (Liquidez detectada)
src.infrastructure.providers.mercado_data_provider | DEBUG | RTD: preco_ativo CMIG4=11.10 forçado com sucesso
src.infrastructure.providers.mercado_data_provider | DEBUG | RTD: Detalhes completos registrados para KLBN11|KLBNU187 (Liquidez detectada)
src.infrastructure.providers.mercado_data_provider | DEBUG | RTD: preco_ativo KLBN11=18.02 forçado com sucesso
src.infrastructure.providers.mercado_data_provider | DEBUG | RTD: Detalhes completos registrados para ECOR3|ECORU574 (Liquidez detectada)
src.infrastructure.providers.mercado_data_provider | DEBUG | RTD: preco_ativo ECOR3=6.89 forçado com sucesso
src.infrastructure.providers.mercado_data_provider | DEBUG | RTD: Detalhes completos registrados para MRVE3|MRVEU470 (Liquidez detectada)
src.infrastructure.providers.mercado_data_provider | DEBUG | RTD: preco_ativo MRVE3=4.56 forçado com sucesso
src.infrastructure.providers.mercado_data_provider | DEBUG | RTD: Detalhes completos registrados para CPFE3|CPFET374 (Liquidez detectada)
src.infrastructure.providers.mercado_data_provider | DEBUG | RTD: preco_ativo CPFE3=45.20 forçado com sucesso
src.infrastructure.providers.mercado_data_provider | DEBUG | RTD: Detalhes completos registrados para PETR4|PETRW343 (Liquidez detectada)
src.infrastructure.providers.mercado_data_provider | DEBUG | RTD: preco_ativo PETR4=41.93 forçado com sucesso
src.infrastructure.providers.mercado_data_provider | DEBUG | RTD: Detalhes completos registrados para CEAB3|CEABU892 (Liquidez detectada)
src.infrastructure.providers.mercado_data_provider | DEBUG | RTD: preco_ativo CEAB3=9.17 forçado com sucesso
src.infrastructure.providers.mercado_data_provider | DEBUG | RTD: Detalhes completos registrados para EMBJ3|EMBJT823W2 (Liquidez detectada)
src.infrastructure.providers.mercado_data_provider | DEBUG | RTD: preco_ativo EMBJ3=86.66 forçado com sucesso
src.infrastructure.providers.mercado_data_provider | DEBUG | RTD: Detalhes completos registrados para CSNA3|CSNAT807 (Liquidez detectada)
src.infrastructure.providers.mercado_data_provider | DEBUG | RTD: preco_ativo CSNA3=5.28 forçado com sucesso
src.infrastructure.providers.mercado_data_provider | DEBUG | RTD: Detalhes completos registrados para PETR3|PETRU386 (Liquidez detectada)
src.infrastructure.providers.mercado_data_provider | DEBUG | RTD: preco_ativo PETR3=47.42 forçado com sucesso
src.infrastructure.providers.mercado_data_provider | DEBUG | RTD: Detalhes completos registrados para GRND3|GRNDV370 (Liquidez detectada)
src.infrastructure.providers.mercado_data_provider | DEBUG | RTD: preco_ativo GRND3=3.68 forçado com sucesso
src.infrastructure.providers.mercado_data_provider | DEBUG | RTD: Detalhes completos registrados para CPFE3|CPFET444 (Liquidez detectada)
src.infrastructure.providers.mercado_data_provider | DEBUG | RTD: preco_ativo CPFE3=45.20 forçado com sucesso
src.infrastructure.providers.mercado_data_provider | DEBUG | RTD: Detalhes completos registrados para ENEV3|ENEVT250 (Liquidez detectada)
src.infrastructure.providers.mercado_data_provider | DEBUG | RTD: preco_ativo ENEV3=25.92 forçado com sucesso
src.infrastructure.providers.mercado_data_provider | DEBUG | RTD: Detalhes completos registrados para POSI3|POSIT335 (Liquidez detectada)
src.infrastructure.providers.mercado_data_provider | DEBUG | RTD: preco_ativo POSI3=3.56 forçado com sucesso
src.infrastructure.providers.mercado_data_provider | DEBUG | RTD: Detalhes completos registrados para BBDC3|BBDCU146 (Liquidez detectada)
src.infrastructure.providers.mercado_data_provider | DEBUG | RTD: preco_ativo BBDC3=16.03 forçado com sucesso
src.infrastructure.providers.mercado_data_provider | DEBUG | RTD: Detalhes completos registrados para PETR4|PETRT333 (Liquidez detectada)
src.infrastructure.providers.mercado_data_provider | DEBUG | RTD: preco_ativo PETR4=41.93 forçado com sucesso
src.infrastructure.providers.mercado_data_provider | DEBUG | RTD: Detalhes completos registrados para EMBJ3|EMBJT848W1 (Liquidez detectada)
src.infrastructure.providers.mercado_data_provider | DEBUG | RTD: preco_ativo EMBJ3=86.66 forçado com sucesso
src.infrastructure.providers.mercado_data_provider | DEBUG | RTD: Detalhes completos registrados para PETR4|PETRT237 (Liquidez detectada)
src.infrastructure.providers.mercado_data_provider | DEBUG | RTD: preco_ativo PETR4=41.93 forçado com sucesso
src.infrastructure.providers.mercado_data_provider | DEBUG | RTD: Detalhes completos registrados para PETR4|PETRT393W2 (Liquidez detectada)
src.infrastructure.providers.mercado_data_provider | DEBUG | RTD: preco_ativo PETR4=41.93 forçado com sucesso
src.infrastructure.providers.mercado_data_provider | DEBUG | RTD: Detalhes completos registrados para CPLE3|CPLET130 (Liquidez detectada)
src.infrastructure.providers.mercado_data_provider | DEBUG | RTD: preco_ativo CPLE3=14.67 forçado com sucesso
src.infrastructure.providers.mercado_data_provider | DEBUG | RTD: Detalhes completos registrados para PRIO3|PRIOT355 (Liquidez detectada)
src.infrastructure.providers.mercado_data_provider | DEBUG | RTD: preco_ativo PRIO3=58.28 forçado com sucesso
src.infrastructure.providers.mercado_data_provider | DEBUG | RTD: Detalhes completos registrados para BRAP4|BRAPT214 (Liquidez detectada)
src.infrastructure.providers.mercado_data_provider | DEBUG | RTD: preco_ativo BRAP4=21.68 forçado com sucesso
src.infrastructure.providers.mercado_data_provider | DEBUG | RTD: Detalhes completos registrados para MGLU3|MGLUT476 (Liquidez detectada)
src.infrastructure.providers.mercado_data_provider | DEBUG | RTD: preco_ativo MGLU3=4.76 forçado com sucesso
src.infrastructure.providers.mercado_data_provider | DEBUG | RTD: Detalhes completos registrados para CURY3|CURYU304 (Liquidez detectada)
src.infrastructure.providers.mercado_data_provider | DEBUG | RTD: preco_ativo CURY3=28.80 forçado com sucesso
src.infrastructure.providers.mercado_data_provider | DEBUG | RTD: Detalhes completos registrados para BBDC4|BBDCV178 (Liquidez detectada)
src.infrastructure.providers.mercado_data_provider | DEBUG | RTD: preco_ativo BBDC4=18.38 forçado com sucesso
src.infrastructure.providers.mercado_data_provider | DEBUG | RTD: Detalhes completos registrados para PETR4|PETRU351W2 (Liquidez detectada)
src.infrastructure.providers.mercado_data_provider | DEBUG | RTD: preco_ativo PETR4=41.93 forçado com sucesso
src.infrastructure.providers.mercado_data_provider | DEBUG | RTD: Detalhes completos registrados para IRBR3|IRBRT461 (Liquidez detectada)
src.infrastructure.providers.mercado_data_provider | DEBUG | RTD: preco_ativo IRBR3=53.33 forçado com sucesso
src.infrastructure.providers.mercado_data_provider | DEBUG | RTD: Detalhes completos registrados para BBDC4|BBDCX171 (Liquidez detectada)
src.infrastructure.providers.mercado_data_provider | DEBUG | RTD: preco_ativo BBDC4=18.38 forçado com sucesso
src.infrastructure.providers.mercado_data_provider | DEBUG | RTD: Detalhes completos registrados para BRKM5|BRKMT640 (Liquidez detectada)
src.infrastructure.providers.mercado_data_provider | DEBUG | RTD: preco_ativo BRKM5=6.12 forçado com sucesso
src.infrastructure.providers.mercado_data_provider | DEBUG | RTD: Detalhes completos registrados para BBSE3|BBSEV394 (Liquidez detectada)
src.infrastructure.providers.mercado_data_provider | DEBUG | RTD: preco_ativo BBSE3=41.17 forçado com sucesso
src.infrastructure.providers.mercado_data_provider | DEBUG | RTD: Detalhes completos registrados para GOLD11|GOLDT210 (Liquidez detectada)
src.infrastructure.providers.mercado_data_provider | DEBUG | RTD: preco_ativo GOLD11=21.54 forçado com sucesso
src.infrastructure.providers.mercado_data_provider | DEBUG | RTD: Detalhes completos registrados para PETR4|PETRT333W2 (Liquidez detectada)
src.infrastructure.providers.mercado_data_provider | DEBUG | RTD: preco_ativo PETR4=41.93 forçado com sucesso
src.infrastructure.providers.mercado_data_provider | DEBUG | RTD: Detalhes completos registrados para PETR4|PETRT484 (Liquidez detectada)
src.infrastructure.providers.mercado_data_provider | DEBUG | RTD: preco_ativo PETR4=41.93 forçado com sucesso
src.infrastructure.providers.mercado_data_provider | DEBUG | RTD: Detalhes completos registrados para CMIG4|CMIGU105 (Liquidez detectada)
src.infrastructure.providers.mercado_data_provider | DEBUG | RTD: preco_ativo CMIG4=11.10 forçado com sucesso
src.infrastructure.providers.mercado_data_provider | DEBUG | RTD: Detalhes completos registrados para ENEV3|ENEVU260 (Liquidez detectada)
src.infrastructure.providers.mercado_data_provider | DEBUG | RTD: preco_ativo ENEV3=25.92 forçado com sucesso
src.infrastructure.providers.mercado_data_provider | DEBUG | RTD: Detalhes completos registrados para ITUB4|ITUBU46 (Liquidez detectada)
src.infrastructure.providers.mercado_data_provider | DEBUG | RTD: preco_ativo ITUB4=42.01 forçado com sucesso
src.infrastructure.providers.mercado_data_provider | DEBUG | RTD: Detalhes completos registrados para BBSE3|BBSET346 (Liquidez detectada)
src.infrastructure.providers.mercado_data_provider | DEBUG | RTD: preco_ativo BBSE3=41.17 forçado com sucesso
src.infrastructure.providers.mercado_data_provider | DEBUG | RTD: Detalhes completos registrados para ITUB4|ITUBT384 (Liquidez detectada)
src.infrastructure.providers.mercado_data_provider | DEBUG | RTD: preco_ativo ITUB4=42.01 forçado com sucesso
src.infrastructure.providers.mercado_data_provider | DEBUG | RTD: Detalhes completos registrados para ITUB4|ITUBU434 (Liquidez detectada)
src.infrastructure.providers.mercado_data_provider | DEBUG | RTD: preco_ativo ITUB4=42.01 forçado com sucesso
src.infrastructure.providers.mercado_data_provider | DEBUG | RTD: Detalhes completos registrados para EMBJ3|EMBJU950 (Liquidez detectada)
src.infrastructure.providers.mercado_data_provider | DEBUG | RTD: preco_ativo EMBJ3=86.66 forçado com sucesso
src.infrastructure.providers.mercado_data_provider | DEBUG | RTD: Detalhes completos registrados para CSMG3|CSMGU668 (Liquidez detectada)
src.infrastructure.providers.mercado_data_provider | DEBUG | RTD: preco_ativo CSMG3=61.93 forçado com sucesso
src.infrastructure.providers.mercado_data_provider | DEBUG | RTD: Detalhes completos registrados para BRAV3|BRAVU135 (Liquidez detectada)
src.infrastructure.providers.mercado_data_provider | DEBUG | RTD: preco_ativo BRAV3=20.86 forçado com sucesso
src.infrastructure.providers.mercado_data_provider | DEBUG | RTD: Detalhes completos registrados para BPAC11|BPACU416 (Liquidez detectada)
src.infrastructure.providers.mercado_data_provider | DEBUG | RTD: preco_ativo BPAC11=55.03 forçado com sucesso
src.infrastructure.providers.mercado_data_provider | DEBUG | RTD: Detalhes completos registrados para PETR4|PETRT393W4 (Liquidez detectada)
src.infrastructure.providers.mercado_data_provider | DEBUG | RTD: preco_ativo PETR4=41.93 forçado com sucesso
src.infrastructure.providers.mercado_data_provider | DEBUG | RTD: Detalhes completos registrados para EQTL3|EQTLT407 (Liquidez detectada)
src.infrastructure.providers.mercado_data_provider | DEBUG | RTD: preco_ativo EQTL3=37.98 forçado com sucesso
src.infrastructure.providers.mercado_data_provider | DEBUG | RTD: Detalhes completos registrados para CYRE3|CYREU222 (Liquidez detectada)
src.infrastructure.providers.mercado_data_provider | DEBUG | RTD: preco_ativo CYRE3=20.67 forçado com sucesso
src.infrastructure.providers.mercado_data_provider | DEBUG | RTD: Detalhes completos registrados para BBDC4|BBDCT144 (Liquidez detectada)
src.infrastructure.providers.mercado_data_provider | DEBUG | RTD: preco_ativo BBDC4=18.38 forçado com sucesso
src.infrastructure.providers.mercado_data_provider | DEBUG | RTD: Detalhes completos registrados para GGBR4|GGBRV20 (Liquidez detectada)
src.infrastructure.providers.mercado_data_provider | DEBUG | RTD: preco_ativo GGBR4=24.83 forçado com sucesso
src.infrastructure.providers.mercado_data_provider | DEBUG | RTD: Detalhes completos registrados para MYPK3|MYPKT100 (Liquidez detectada)
src.infrastructure.providers.mercado_data_provider | DEBUG | RTD: preco_ativo MYPK3=9.43 forçado com sucesso
src.infrastructure.providers.mercado_data_provider | DEBUG | RTD: Detalhes completos registrados para CSMG3|CSMGT612W2 (Liquidez detectada)
src.infrastructure.providers.mercado_data_provider | DEBUG | RTD: preco_ativo CSMG3=61.93 forçado com sucesso
src.infrastructure.providers.mercado_data_provider | DEBUG | RTD: Detalhes completos registrados para PETR4|PETRU457 (Liquidez detectada)
src.infrastructure.providers.mercado_data_provider | DEBUG | RTD: preco_ativo PETR4=41.93 forçado com sucesso
src.infrastructure.providers.mercado_data_provider | DEBUG | RTD: Detalhes completos registrados para PETR4|PETRV398W2 (Liquidez detectada)
src.infrastructure.providers.mercado_data_provider | DEBUG | RTD: preco_ativo PETR4=41.93 forçado com sucesso
src.infrastructure.providers.mercado_data_provider | DEBUG | RTD: Detalhes completos registrados para POMO4|POMOM606 (Liquidez detectada)
src.infrastructure.providers.mercado_data_provider | DEBUG | RTD: preco_ativo POMO4=5.33 forçado com sucesso
src.infrastructure.providers.mercado_data_provider | DEBUG | RTD: Detalhes completos registrados para HAPV3|HAPVU830 (Liquidez detectada)
src.infrastructure.providers.mercado_data_provider | DEBUG | RTD: preco_ativo HAPV3=10.52 forçado com sucesso
src.infrastructure.providers.mercado_data_provider | DEBUG | RTD: Detalhes completos registrados para IGTI11|IGTIU244 (Liquidez detectada)
src.infrastructure.providers.mercado_data_provider | DEBUG | RTD: preco_ativo IGTI11=24.52 forçado com sucesso
src.infrastructure.providers.mercado_data_provider | DEBUG | RTD: Detalhes completos registrados para HYPE3|HYPEU205 (Liquidez detectada)
src.infrastructure.providers.mercado_data_provider | DEBUG | RTD: preco_ativo HYPE3=21.05 forçado com sucesso
src.infrastructure.providers.mercado_data_provider | DEBUG | RTD: Detalhes completos registrados para PETR4|PETRU477 (Liquidez detectada)
src.infrastructure.providers.mercado_data_provider | DEBUG | RTD: preco_ativo PETR4=41.93 forçado com sucesso
src.infrastructure.providers.mercado_data_provider | DEBUG | RTD: Detalhes completos registrados para DIRR3|DIRRV102 (Liquidez detectada)
src.infrastructure.providers.mercado_data_provider | DEBUG | RTD: preco_ativo DIRR3=11.10 forçado com sucesso
src.infrastructure.providers.mercado_data_provider | DEBUG | RTD: Detalhes completos registrados para EMBJ3|EMBJT101 (Liquidez detectada)
src.infrastructure.providers.mercado_data_provider | DEBUG | RTD: preco_ativo EMBJ3=86.66 forçado com sucesso
src.infrastructure.providers.mercado_data_provider | DEBUG | RTD: Detalhes completos registrados para MGLU3|MGLUV514 (Liquidez detectada)
src.infrastructure.providers.mercado_data_provider | DEBUG | RTD: preco_ativo MGLU3=4.76 forçado com sucesso
src.infrastructure.providers.mercado_data_provider | DEBUG | RTD: Detalhes completos registrados para CYRE3|CYREU152 (Liquidez detectada)
src.infrastructure.providers.mercado_data_provider | DEBUG | RTD: preco_ativo CYRE3=20.67 forçado com sucesso
src.infrastructure.providers.mercado_data_provider | DEBUG | RTD: Detalhes completos registrados para EMBJ3|EMBJT773W2 (Liquidez detectada)
src.infrastructure.providers.mercado_data_provider | DEBUG | RTD: preco_ativo EMBJ3=86.66 forçado com sucesso
src.infrastructure.providers.mercado_data_provider | DEBUG | RTD: Detalhes completos registrados para BPAC11|BPACT576W2 (Liquidez detectada)
src.infrastructure.providers.mercado_data_provider | DEBUG | RTD: preco_ativo BPAC11=55.03 forçado com sucesso
src.infrastructure.providers.mercado_data_provider | DEBUG | RTD: Detalhes completos registrados para BBDC4|BBDCT239 (Liquidez detectada)
src.infrastructure.providers.mercado_data_provider | DEBUG | RTD: preco_ativo BBDC4=18.38 forçado com sucesso
src.infrastructure.providers.mercado_data_provider | DEBUG | RTD: Detalhes completos registrados para GGBR4|GGBRW191 (Liquidez detectada)
src.infrastructure.providers.mercado_data_provider | DEBUG | RTD: preco_ativo GGBR4=24.83 forçado com sucesso
src.infrastructure.providers.mercado_data_provider | DEBUG | RTD: Detalhes completos registrados para BBSE3|BBSEX365 (Liquidez detectada)
src.infrastructure.providers.mercado_data_provider | DEBUG | RTD: preco_ativo BBSE3=41.17 forçado com sucesso
src.infrastructure.providers.mercado_data_provider | DEBUG | RTD: Detalhes completos registrados para CURY3|CURYT317 (Liquidez detectada)
src.infrastructure.providers.mercado_data_provider | DEBUG | RTD: preco_ativo CURY3=28.80 forçado com sucesso
src.infrastructure.providers.mercado_data_provider | DEBUG | RTD: Detalhes completos registrados para B3SA3|B3SAX108 (Liquidez detectada)
src.infrastructure.providers.mercado_data_provider | DEBUG | RTD: preco_ativo B3SA3=15.47 forçado com sucesso
src.infrastructure.providers.mercado_data_provider | DEBUG | RTD: Detalhes completos registrados para ITUB4|ITUBU38 (Liquidez detectada)
src.infrastructure.providers.mercado_data_provider | DEBUG | RTD: preco_ativo ITUB4=42.01 forçado com sucesso
src.infrastructure.providers.mercado_data_provider | DEBUG | RTD: Detalhes completos registrados para PRIO3|PRIOT575 (Liquidez detectada)
src.infrastructure.providers.mercado_data_provider | DEBUG | RTD: preco_ativo PRIO3=58.28 forçado com sucesso
src.infrastructure.providers.mercado_data_provider | DEBUG | RTD: Detalhes completos registrados para ITUB4|ITUBU319 (Liquidez detectada)
src.infrastructure.providers.mercado_data_provider | DEBUG | RTD: preco_ativo ITUB4=42.01 forçado com sucesso
src.infrastructure.providers.mercado_data_provider | DEBUG | RTD: Detalhes completos registrados para PETR4|PETRT266W1 (Liquidez detectada)
src.infrastructure.providers.mercado_data_provider | DEBUG | RTD: preco_ativo PETR4=41.93 forçado com sucesso
src.infrastructure.providers.mercado_data_provider | DEBUG | RTD: Detalhes completos registrados para PETR3|PETRU370 (Liquidez detectada)
src.infrastructure.providers.mercado_data_provider | DEBUG | RTD: preco_ativo PETR3=47.42 forçado com sucesso
src.infrastructure.providers.mercado_data_provider | DEBUG | RTD: Detalhes completos registrados para PETR4|PETRT251W1 (Liquidez detectada)
src.infrastructure.providers.mercado_data_provider | DEBUG | RTD: preco_ativo PETR4=41.93 forçado com sucesso
src.infrastructure.providers.mercado_data_provider | DEBUG | RTD: Detalhes completos registrados para BBAS3|BBASV157 (Liquidez detectada)
src.infrastructure.providers.mercado_data_provider | DEBUG | RTD: preco_ativo BBAS3=20.82 forçado com sucesso
src.infrastructure.providers.mercado_data_provider | DEBUG | RTD: Detalhes completos registrados para CEAB3|CEABT952 (Liquidez detectada)
src.infrastructure.providers.mercado_data_provider | DEBUG | RTD: preco_ativo CEAB3=9.17 forçado com sucesso
src.infrastructure.providers.mercado_data_provider | DEBUG | RTD: Detalhes completos registrados para EMBJ3|EMBJT653 (Liquidez detectada)
src.infrastructure.providers.mercado_data_provider | DEBUG | RTD: preco_ativo EMBJ3=86.66 forçado com sucesso
src.infrastructure.providers.mercado_data_provider | DEBUG | RTD: Detalhes completos registrados para EMBJ3|EMBJT395 (Liquidez detectada)
src.infrastructure.providers.mercado_data_provider | DEBUG | RTD: preco_ativo EMBJ3=86.66 forçado com sucesso
src.infrastructure.providers.mercado_data_provider | DEBUG | RTD: Detalhes completos registrados para LREN3|LRENT114W2 (Liquidez detectada)
src.infrastructure.providers.mercado_data_provider | DEBUG | RTD: preco_ativo LREN3=13.38 forçado com sucesso
src.infrastructure.providers.mercado_data_provider | DEBUG | RTD: Detalhes completos registrados para PETR4|PETRT421W1 (Liquidez detectada)
src.infrastructure.providers.mercado_data_provider | DEBUG | RTD: preco_ativo PETR4=41.93 forçado com sucesso
src.infrastructure.providers.mercado_data_provider | DEBUG | RTD: Detalhes completos registrados para NATU3|NATUU860 (Liquidez detectada)
src.infrastructure.providers.mercado_data_provider | DEBUG | RTD: preco_ativo NATU3=8.35 forçado com sucesso
src.infrastructure.providers.mercado_data_provider | DEBUG | RTD: Detalhes completos registrados para CMIN3|CMINU501 (Liquidez detectada)
src.infrastructure.providers.mercado_data_provider | DEBUG | RTD: preco_ativo CMIN3=5.91 forçado com sucesso
src.infrastructure.providers.mercado_data_provider | DEBUG | RTD: Detalhes completos registrados para GGBR4|GGBRT187 (Liquidez detectada)
src.infrastructure.providers.mercado_data_provider | DEBUG | RTD: preco_ativo GGBR4=24.83 forçado com sucesso
src.infrastructure.providers.mercado_data_provider | DEBUG | RTD: Detalhes completos registrados para BRAV3|BRAVU988 (Liquidez detectada)
src.infrastructure.providers.mercado_data_provider | DEBUG | RTD: preco_ativo BRAV3=20.86 forçado com sucesso
src.infrastructure.providers.mercado_data_provider | DEBUG | RTD: Detalhes completos registrados para PETR4|PETRT477 (Liquidez detectada)
src.infrastructure.providers.mercado_data_provider | DEBUG | RTD: preco_ativo PETR4=41.93 forçado com sucesso
src.infrastructure.providers.mercado_data_provider | DEBUG | RTD: Detalhes completos registrados para PETR4|PETRT371W1 (Liquidez detectada)
src.infrastructure.providers.mercado_data_provider | DEBUG | RTD: preco_ativo PETR4=41.93 forçado com sucesso
src.infrastructure.providers.mercado_data_provider | DEBUG | RTD: Detalhes completos registrados para ITUB4|ITUBU439 (Liquidez detectada)
src.infrastructure.providers.mercado_data_provider | DEBUG | RTD: preco_ativo ITUB4=42.01 forçado com sucesso
src.infrastructure.providers.mercado_data_provider | DEBUG | RTD: Detalhes completos registrados para PETR4|PETRU378 (Liquidez detectada)
src.infrastructure.providers.mercado_data_provider | DEBUG | RTD: preco_ativo PETR4=41.93 forçado com sucesso
src.infrastructure.providers.mercado_data_provider | DEBUG | RTD: Detalhes completos registrados para IRBR3|IRBRU428 (Liquidez detectada)
src.infrastructure.providers.mercado_data_provider | DEBUG | RTD: preco_ativo IRBR3=53.33 forçado com sucesso
src.infrastructure.providers.mercado_data_provider | DEBUG | RTD: Detalhes completos registrados para PETR4|PETRT439W1 (Liquidez detectada)
src.infrastructure.providers.mercado_data_provider | DEBUG | RTD: preco_ativo PETR4=41.93 forçado com sucesso
src.infrastructure.providers.mercado_data_provider | DEBUG | RTD: Detalhes completos registrados para ITUB4|ITUBT430W1 (Liquidez detectada)
src.infrastructure.providers.mercado_data_provider | DEBUG | RTD: preco_ativo ITUB4=42.01 forçado com sucesso
src.infrastructure.providers.mercado_data_provider | DEBUG | RTD: Detalhes completos registrados para PETR4|PETRV2 (Liquidez detectada)
src.infrastructure.providers.mercado_data_provider | DEBUG | RTD: preco_ativo PETR4=41.93 forçado com sucesso
src.infrastructure.providers.mercado_data_provider | DEBUG | RTD: Detalhes completos registrados para KEPL3|KEPLU618 (Liquidez detectada)
src.infrastructure.providers.mercado_data_provider | DEBUG | RTD: preco_ativo KEPL3=6.42 forçado com sucesso
src.infrastructure.providers.mercado_data_provider | DEBUG | RTD: Detalhes completos registrados para CEAB3|CEABU912 (Liquidez detectada)
src.infrastructure.providers.mercado_data_provider | DEBUG | RTD: preco_ativo CEAB3=9.17 forçado com sucesso
src.infrastructure.providers.mercado_data_provider | DEBUG | RTD: Detalhes completos registrados para BBDC3|BBDCU133 (Liquidez detectada)
src.infrastructure.providers.mercado_data_provider | DEBUG | RTD: preco_ativo BBDC3=16.03 forçado com sucesso
src.infrastructure.providers.mercado_data_provider | DEBUG | RTD: Detalhes completos registrados para ITUB4|ITUBT444W1 (Liquidez detectada)
src.infrastructure.providers.mercado_data_provider | DEBUG | RTD: preco_ativo ITUB4=42.01 forçado com sucesso
src.infrastructure.providers.mercado_data_provider | DEBUG | RTD: Detalhes completos registrados para LREN3|LRENT150 (Liquidez detectada)
src.infrastructure.providers.mercado_data_provider | DEBUG | RTD: preco_ativo LREN3=13.38 forçado com sucesso
src.infrastructure.providers.mercado_data_provider | DEBUG | RTD: Detalhes completos registrados para CEAB3|CEABM90 (Liquidez detectada)
src.infrastructure.providers.mercado_data_provider | DEBUG | RTD: preco_ativo CEAB3=9.17 forçado com sucesso
src.infrastructure.providers.mercado_data_provider | DEBUG | RTD: Detalhes completos registrados para CSMG3|CSMGT552W2 (Liquidez detectada)
src.infrastructure.providers.mercado_data_provider | DEBUG | RTD: preco_ativo CSMG3=61.93 forçado com sucesso
src.infrastructure.providers.mercado_data_provider | DEBUG | RTD: Detalhes completos registrados para CSMG3|CSMGT543 (Liquidez detectada)
src.infrastructure.providers.mercado_data_provider | DEBUG | RTD: preco_ativo CSMG3=61.93 forçado com sucesso
src.infrastructure.providers.mercado_data_provider | DEBUG | RTD: Detalhes completos registrados para ITUB4|ITUBW358 (Liquidez detectada)
src.infrastructure.providers.mercado_data_provider | DEBUG | RTD: preco_ativo ITUB4=42.01 forçado com sucesso
src.infrastructure.providers.mercado_data_provider | DEBUG | RTD: Detalhes completos registrados para CSAN3|CSANU375 (Liquidez detectada)
src.infrastructure.providers.mercado_data_provider | DEBUG | RTD: preco_ativo CSAN3=3.92 forçado com sucesso
src.infrastructure.providers.mercado_data_provider | DEBUG | RTD: Detalhes completos registrados para GGBR4|GGBRU199 (Liquidez detectada)
src.infrastructure.providers.mercado_data_provider | DEBUG | RTD: preco_ativo GGBR4=24.83 forçado com sucesso
src.infrastructure.providers.mercado_data_provider | DEBUG | RTD: Detalhes completos registrados para HASH11|HASHT380 (Liquidez detectada)
src.infrastructure.providers.mercado_data_provider | DEBUG | RTD: preco_ativo HASH11=42.65 forçado com sucesso
src.infrastructure.providers.mercado_data_provider | DEBUG | RTD: Detalhes completos registrados para PETR4|PETRT376W1 (Liquidez detectada)
src.infrastructure.providers.mercado_data_provider | DEBUG | RTD: preco_ativo PETR4=41.93 forçado com sucesso
src.infrastructure.providers.mercado_data_provider | DEBUG | RTD: Detalhes completos registrados para BBAS3|BBASX211 (Liquidez detectada)
src.infrastructure.providers.mercado_data_provider | DEBUG | RTD: preco_ativo BBAS3=20.82 forçado com sucesso
src.infrastructure.providers.mercado_data_provider | DEBUG | RTD: Detalhes completos registrados para CYRE3|CYREU180 (Liquidez detectada)
src.infrastructure.providers.mercado_data_provider | DEBUG | RTD: preco_ativo CYRE3=20.67 forçado com sucesso
src.infrastructure.providers.mercado_data_provider | DEBUG | RTD: Detalhes completos registrados para BRAV3|BRAVX170 (Liquidez detectada)
src.infrastructure.providers.mercado_data_provider | DEBUG | RTD: preco_ativo BRAV3=20.86 forçado com sucesso
src.infrastructure.providers.mercado_data_provider | DEBUG | RTD: Detalhes completos registrados para EMBJ3|EMBJT970 (Liquidez detectada)
src.infrastructure.providers.mercado_data_provider | DEBUG | RTD: preco_ativo EMBJ3=86.66 forçado com sucesso
src.infrastructure.providers.mercado_data_provider | DEBUG | RTD: Detalhes completos registrados para BBDC4|BBDCT229 (Liquidez detectada)
src.infrastructure.providers.mercado_data_provider | DEBUG | RTD: preco_ativo BBDC4=18.38 forçado com sucesso
src.infrastructure.providers.mercado_data_provider | DEBUG | RTD: Detalhes completos registrados para MGLU3|MGLUT405W1 (Liquidez detectada)
src.infrastructure.providers.mercado_data_provider | DEBUG | RTD: preco_ativo MGLU3=4.76 forçado com sucesso
src.infrastructure.providers.mercado_data_provider | DEBUG | RTD: Detalhes completos registrados para COGN3|COGNT226W2 (Liquidez detectada)
src.infrastructure.providers.mercado_data_provider | DEBUG | RTD: preco_ativo COGN3=2.19 forçado com sucesso
src.infrastructure.providers.mercado_data_provider | DEBUG | RTD: Detalhes completos registrados para ITUB4|ITUBT417W2 (Liquidez detectada)
src.infrastructure.providers.mercado_data_provider | DEBUG | RTD: preco_ativo ITUB4=42.01 forçado com sucesso
src.infrastructure.providers.mercado_data_provider | DEBUG | RTD: Detalhes completos registrados para PETR4|PETRU246 (Liquidez detectada)
src.infrastructure.providers.mercado_data_provider | DEBUG | RTD: preco_ativo PETR4=41.93 forçado com sucesso
src.infrastructure.providers.mercado_data_provider | DEBUG | RTD: Detalhes completos registrados para PETR4|PETRT273W1 (Liquidez detectada)
src.infrastructure.providers.mercado_data_provider | DEBUG | RTD: preco_ativo PETR4=41.93 forçado com sucesso
src.infrastructure.providers.mercado_data_provider | DEBUG | RTD: Detalhes completos registrados para DXCO3|DXCOU405 (Liquidez detectada)
src.infrastructure.providers.mercado_data_provider | DEBUG | RTD: preco_ativo DXCO3=4.97 forçado com sucesso
src.infrastructure.providers.mercado_data_provider | DEBUG | RTD: Detalhes completos registrados para IRBR3|IRBRT511W2 (Liquidez detectada)
src.infrastructure.providers.mercado_data_provider | DEBUG | RTD: preco_ativo IRBR3=53.33 forçado com sucesso
src.infrastructure.providers.mercado_data_provider | DEBUG | RTD: Detalhes completos registrados para BBDC4|BBDCT181W2 (Liquidez detectada)
src.infrastructure.providers.mercado_data_provider | DEBUG | RTD: preco_ativo BBDC4=18.38 forçado com sucesso
src.infrastructure.providers.mercado_data_provider | DEBUG | RTD: Detalhes completos registrados para CXSE3|CXSEU20 (Liquidez detectada)
src.infrastructure.providers.mercado_data_provider | DEBUG | RTD: preco_ativo CXSE3=20.41 forçado com sucesso
src.infrastructure.providers.mercado_data_provider | DEBUG | RTD: Detalhes completos registrados para PETR4|PETRX218 (Liquidez detectada)
src.infrastructure.providers.mercado_data_provider | DEBUG | RTD: preco_ativo PETR4=41.93 forçado com sucesso
src.infrastructure.providers.mercado_data_provider | DEBUG | RTD: Detalhes completos registrados para EQTL3|EQTLT397 (Liquidez detectada)
src.infrastructure.providers.mercado_data_provider | DEBUG | RTD: preco_ativo EQTL3=37.98 forçado com sucesso
src.infrastructure.providers.mercado_data_provider | DEBUG | RTD: Detalhes completos registrados para EMBJ3|EMBJT793 (Liquidez detectada)
src.infrastructure.providers.mercado_data_provider | DEBUG | RTD: preco_ativo EMBJ3=86.66 forçado com sucesso
src.infrastructure.providers.mercado_data_provider | DEBUG | RTD: Detalhes completos registrados para BRAV3|BRAVT183 (Liquidez detectada)
src.infrastructure.providers.mercado_data_provider | DEBUG | RTD: preco_ativo BRAV3=20.86 forçado com sucesso
src.infrastructure.providers.mercado_data_provider | DEBUG | RTD: Detalhes completos registrados para CMIN3|CMINX527 (Liquidez detectada)
src.infrastructure.providers.mercado_data_provider | DEBUG | RTD: preco_ativo CMIN3=5.91 forçado com sucesso
src.infrastructure.providers.mercado_data_provider | DEBUG | RTD: Detalhes completos registrados para BBDC4|BBDCV184 (Liquidez detectada)
src.infrastructure.providers.mercado_data_provider | DEBUG | RTD: preco_ativo BBDC4=18.38 forçado com sucesso
src.infrastructure.providers.mercado_data_provider | DEBUG | RTD: Detalhes completos registrados para MRVE3|MRVEU420 (Liquidez detectada)
src.infrastructure.providers.mercado_data_provider | DEBUG | RTD: preco_ativo MRVE3=4.56 forçado com sucesso
src.infrastructure.providers.mercado_data_provider | DEBUG | RTD: Detalhes completos registrados para LREN3|LRENU108 (Liquidez detectada)
src.infrastructure.providers.mercado_data_provider | DEBUG | RTD: preco_ativo LREN3=13.38 forçado com sucesso
src.infrastructure.providers.mercado_data_provider | DEBUG | RTD: Detalhes completos registrados para ITUB4|ITUBU378 (Liquidez detectada)
src.infrastructure.providers.mercado_data_provider | DEBUG | RTD: preco_ativo ITUB4=42.01 forçado com sucesso
src.infrastructure.providers.mercado_data_provider | DEBUG | RTD: Detalhes completos registrados para CMIG4|CMIGU100 (Liquidez detectada)
src.infrastructure.providers.mercado_data_provider | DEBUG | RTD: preco_ativo CMIG4=11.10 forçado com sucesso
src.infrastructure.providers.mercado_data_provider | DEBUG | RTD: Detalhes completos registrados para ITUB3|ITUBU406 (Liquidez detectada)
src.infrastructure.providers.mercado_data_provider | DEBUG | RTD: preco_ativo ITUB3=44.53 forçado com sucesso
src.infrastructure.providers.mercado_data_provider | DEBUG | RTD: Detalhes completos registrados para HYPE3|HYPET190 (Liquidez detectada)
src.infrastructure.providers.mercado_data_provider | DEBUG | RTD: preco_ativo HYPE3=21.05 forçado com sucesso
src.infrastructure.providers.mercado_data_provider | DEBUG | RTD: Detalhes completos registrados para CVCB3|CVCBU20 (Liquidez detectada)
src.infrastructure.providers.mercado_data_provider | DEBUG | RTD: preco_ativo CVCB3=1.28 forçado com sucesso
src.infrastructure.providers.mercado_data_provider | DEBUG | RTD: Detalhes completos registrados para BBAS3|BBASW222 (Liquidez detectada)
src.infrastructure.providers.mercado_data_provider | DEBUG | RTD: preco_ativo BBAS3=20.82 forçado com sucesso
src.infrastructure.providers.mercado_data_provider | DEBUG | RTD: Detalhes completos registrados para EQTL3|EQTLT349 (Liquidez detectada)
src.infrastructure.providers.mercado_data_provider | DEBUG | RTD: preco_ativo EQTL3=37.98 forçado com sucesso
src.infrastructure.providers.mercado_data_provider | DEBUG | RTD: Detalhes completos registrados para PETR4|PETRU19 (Liquidez detectada)
src.infrastructure.providers.mercado_data_provider | DEBUG | RTD: preco_ativo PETR4=41.93 forçado com sucesso
src.infrastructure.providers.mercado_data_provider | DEBUG | RTD: Detalhes completos registrados para EMBJ3|EMBJT813W2 (Liquidez detectada)
src.infrastructure.providers.mercado_data_provider | DEBUG | RTD: preco_ativo EMBJ3=86.66 forçado com sucesso
src.infrastructure.providers.mercado_data_provider | DEBUG | RTD: Detalhes completos registrados para HAPV3|HAPVT770 (Liquidez detectada)
src.infrastructure.providers.mercado_data_provider | DEBUG | RTD: preco_ativo HAPV3=10.52 forçado com sucesso
src.infrastructure.providers.mercado_data_provider | DEBUG | RTD: Detalhes completos registrados para PETR4|PETRU279 (Liquidez detectada)
src.infrastructure.providers.mercado_data_provider | DEBUG | RTD: preco_ativo PETR4=41.93 forçado com sucesso
src.infrastructure.providers.mercado_data_provider | DEBUG | RTD: Detalhes completos registrados para MGLU3|MGLUU440 (Liquidez detectada)
src.infrastructure.providers.mercado_data_provider | DEBUG | RTD: preco_ativo MGLU3=4.76 forçado com sucesso
src.infrastructure.providers.mercado_data_provider | DEBUG | RTD: Detalhes completos registrados para IRBR3|IRBRT541W2 (Liquidez detectada)
src.infrastructure.providers.mercado_data_provider | DEBUG | RTD: preco_ativo IRBR3=53.33 forçado com sucesso
src.infrastructure.providers.mercado_data_provider | DEBUG | RTD: Detalhes completos registrados para CEAB3|CEABU100 (Liquidez detectada)
src.infrastructure.providers.mercado_data_provider | DEBUG | RTD: preco_ativo CEAB3=9.17 forçado com sucesso
src.infrastructure.providers.mercado_data_provider | DEBUG | RTD: Detalhes completos registrados para EMBJ3|EMBJT723W1 (Liquidez detectada)
src.infrastructure.providers.mercado_data_provider | DEBUG | RTD: preco_ativo EMBJ3=86.66 forçado com sucesso
src.infrastructure.providers.mercado_data_provider | DEBUG | RTD: Detalhes completos registrados para CMIG4|CMIGT113W2 (Liquidez detectada)
src.infrastructure.providers.mercado_data_provider | DEBUG | RTD: preco_ativo CMIG4=11.10 forçado com sucesso
src.infrastructure.providers.mercado_data_provider | DEBUG | RTD: Detalhes completos registrados para EMBJ3|EMBJU325 (Liquidez detectada)
src.infrastructure.providers.mercado_data_provider | DEBUG | RTD: preco_ativo EMBJ3=86.66 forçado com sucesso
src.infrastructure.providers.mercado_data_provider | DEBUG | RTD: Detalhes completos registrados para BMOB3|BMOBU238 (Liquidez detectada)
src.infrastructure.providers.mercado_data_provider | DEBUG | RTD: preco_ativo BMOB3=22.83 forçado com sucesso
src.infrastructure.providers.mercado_data_provider | DEBUG | RTD: Detalhes completos registrados para BRSR6|BRSRU139 (Liquidez detectada)
src.infrastructure.providers.mercado_data_provider | DEBUG | RTD: preco_ativo BRSR6=13.91 forçado com sucesso
src.infrastructure.providers.mercado_data_provider | DEBUG | RTD: Detalhes completos registrados para PRIO3|PRIOT525 (Liquidez detectada)
src.infrastructure.providers.mercado_data_provider | DEBUG | RTD: preco_ativo PRIO3=58.28 forçado com sucesso
src.infrastructure.providers.mercado_data_provider | DEBUG | RTD: Detalhes completos registrados para ITUB4|ITUBU355 (Liquidez detectada)
src.infrastructure.providers.mercado_data_provider | DEBUG | RTD: preco_ativo ITUB4=42.01 forçado com sucesso
src.infrastructure.providers.mercado_data_provider | DEBUG | RTD: Detalhes completos registrados para PETR3|PETRT6 (Liquidez detectada)
src.infrastructure.providers.mercado_data_provider | DEBUG | RTD: preco_ativo PETR3=47.42 forçado com sucesso
src.infrastructure.providers.mercado_data_provider | DEBUG | RTD: Detalhes completos registrados para BBSE3|BBSET376W2 (Liquidez detectada)
src.infrastructure.providers.mercado_data_provider | DEBUG | RTD: preco_ativo BBSE3=41.17 forçado com sucesso
src.infrastructure.providers.mercado_data_provider | DEBUG | RTD: Detalhes completos registrados para BBAS3|BBASW19 (Liquidez detectada)
src.infrastructure.providers.mercado_data_provider | DEBUG | RTD: preco_ativo BBAS3=20.82 forçado com sucesso
src.infrastructure.providers.mercado_data_provider | DEBUG | RTD: Detalhes completos registrados para PETR4|PETRU484 (Liquidez detectada)
src.infrastructure.providers.mercado_data_provider | DEBUG | RTD: preco_ativo PETR4=41.93 forçado com sucesso
src.infrastructure.providers.mercado_data_provider | DEBUG | RTD: Detalhes completos registrados para EMBJ3|EMBJT718W1 (Liquidez detectada)
src.infrastructure.providers.mercado_data_provider | DEBUG | RTD: preco_ativo EMBJ3=86.66 forçado com sucesso
src.infrastructure.providers.mercado_data_provider | DEBUG | RTD: Detalhes completos registrados para MYPK3|MYPKT985 (Liquidez detectada)
src.infrastructure.providers.mercado_data_provider | DEBUG | RTD: preco_ativo MYPK3=9.43 forçado com sucesso
src.infrastructure.providers.mercado_data_provider | DEBUG | RTD: Detalhes completos registrados para CPFE3|CPFEU459 (Liquidez detectada)
src.infrastructure.providers.mercado_data_provider | DEBUG | RTD: preco_ativo CPFE3=45.20 forçado com sucesso
src.infrastructure.providers.mercado_data_provider | DEBUG | RTD: Detalhes completos registrados para PETR4|PETRX11 (Liquidez detectada)
src.infrastructure.providers.mercado_data_provider | DEBUG | RTD: preco_ativo PETR4=41.93 forçado com sucesso
src.infrastructure.providers.mercado_data_provider | DEBUG | RTD: Detalhes completos registrados para CYRE3|CYRET217W2 (Liquidez detectada)
src.infrastructure.providers.mercado_data_provider | DEBUG | RTD: preco_ativo CYRE3=20.67 forçado com sucesso
src.infrastructure.providers.mercado_data_provider | DEBUG | RTD: Detalhes completos registrados para PETR4|PETRT231W1 (Liquidez detectada)
src.infrastructure.providers.mercado_data_provider | DEBUG | RTD: preco_ativo PETR4=41.93 forçado com sucesso
src.infrastructure.providers.mercado_data_provider | DEBUG | RTD: Detalhes completos registrados para ITSA4|ITSAX135 (Liquidez detectada)
src.infrastructure.providers.mercado_data_provider | DEBUG | RTD: preco_ativo ITSA4=13.53 forçado com sucesso
src.infrastructure.providers.mercado_data_provider | DEBUG | RTD: Detalhes completos registrados para CMIN3|CMINX396 (Liquidez detectada)
src.infrastructure.providers.mercado_data_provider | DEBUG | RTD: preco_ativo CMIN3=5.91 forçado com sucesso
src.infrastructure.providers.mercado_data_provider | DEBUG | RTD: Detalhes completos registrados para CSAN3|CSANU350 (Liquidez detectada)
src.infrastructure.providers.mercado_data_provider | DEBUG | RTD: preco_ativo CSAN3=3.92 forçado com sucesso
src.infrastructure.providers.mercado_data_provider | DEBUG | RTD: Detalhes completos registrados para EGIE3|EGIET277W1 (Liquidez detectada)
src.infrastructure.providers.mercado_data_provider | DEBUG | RTD: preco_ativo EGIE3=29.41 forçado com sucesso
src.infrastructure.providers.mercado_data_provider | DEBUG | RTD: Detalhes completos registrados para ITUB4|ITUBU44 (Liquidez detectada)
src.infrastructure.providers.mercado_data_provider | DEBUG | RTD: preco_ativo ITUB4=42.01 forçado com sucesso
src.infrastructure.providers.mercado_data_provider | DEBUG | RTD: Detalhes completos registrados para PRIO3|PRIOT550W2 (Liquidez detectada)
src.infrastructure.providers.mercado_data_provider | DEBUG | RTD: preco_ativo PRIO3=58.28 forçado com sucesso
src.infrastructure.providers.mercado_data_provider | DEBUG | RTD: Detalhes completos registrados para EMBJ3|EMBJU880 (Liquidez detectada)
src.infrastructure.providers.mercado_data_provider | DEBUG | RTD: preco_ativo EMBJ3=86.66 forçado com sucesso
src.infrastructure.providers.mercado_data_provider | DEBUG | RTD: Detalhes completos registrados para MGLU3|MGLUT641 (Liquidez detectada)
src.infrastructure.providers.mercado_data_provider | DEBUG | RTD: preco_ativo MGLU3=4.76 forçado com sucesso
src.infrastructure.providers.mercado_data_provider | DEBUG | RTD: Detalhes completos registrados para HASH11|HASHU425 (Liquidez detectada)
src.infrastructure.providers.mercado_data_provider | DEBUG | RTD: preco_ativo HASH11=42.65 forçado com sucesso
src.infrastructure.providers.mercado_data_provider | DEBUG | RTD: Detalhes completos registrados para PETR4|PETRU439 (Liquidez detectada)
src.infrastructure.providers.mercado_data_provider | DEBUG | RTD: preco_ativo PETR4=41.93 forçado com sucesso
src.infrastructure.providers.mercado_data_provider | DEBUG | RTD: Detalhes completos registrados para ITUB4|ITUBX435 (Liquidez detectada)
src.infrastructure.providers.mercado_data_provider | DEBUG | RTD: preco_ativo ITUB4=42.01 forçado com sucesso
src.infrastructure.providers.mercado_data_provider | DEBUG | RTD: Detalhes completos registrados para LOGN3|LOGNU290 (Liquidez detectada)
src.infrastructure.providers.mercado_data_provider | DEBUG | RTD: preco_ativo LOGN3=27.37 forçado com sucesso
src.infrastructure.providers.mercado_data_provider | DEBUG | RTD: Detalhes completos registrados para LREN3|LRENU105 (Liquidez detectada)
src.infrastructure.providers.mercado_data_provider | DEBUG | RTD: preco_ativo LREN3=13.38 forçado com sucesso
src.infrastructure.providers.mercado_data_provider | DEBUG | RTD: Detalhes completos registrados para CXSE3|CXSEU184 (Liquidez detectada)
src.infrastructure.providers.mercado_data_provider | DEBUG | RTD: preco_ativo CXSE3=20.41 forçado com sucesso
src.infrastructure.providers.mercado_data_provider | DEBUG | RTD: Detalhes completos registrados para MGLU3|MGLUW740 (Liquidez detectada)
src.infrastructure.providers.mercado_data_provider | DEBUG | RTD: preco_ativo MGLU3=4.76 forçado com sucesso
src.infrastructure.providers.mercado_data_provider | DEBUG | RTD: Detalhes completos registrados para BPAC11|BPACW512 (Liquidez detectada)
src.infrastructure.providers.mercado_data_provider | DEBUG | RTD: preco_ativo BPAC11=55.03 forçado com sucesso
src.infrastructure.providers.mercado_data_provider | DEBUG | RTD: Detalhes completos registrados para PRIO3|PRIOT477W1 (Liquidez detectada)
src.infrastructure.providers.mercado_data_provider | DEBUG | RTD: preco_ativo PRIO3=58.28 forçado com sucesso
src.infrastructure.providers.mercado_data_provider | DEBUG | RTD: Detalhes completos registrados para ENEV3|ENEVT275 (Liquidez detectada)
src.infrastructure.providers.mercado_data_provider | DEBUG | RTD: preco_ativo ENEV3=25.92 forçado com sucesso
src.infrastructure.providers.mercado_data_provider | DEBUG | RTD: Detalhes completos registrados para HYPE3|HYPET155 (Liquidez detectada)
src.infrastructure.providers.mercado_data_provider | DEBUG | RTD: preco_ativo HYPE3=21.05 forçado com sucesso
src.infrastructure.providers.mercado_data_provider | DEBUG | RTD: Detalhes completos registrados para PETR4|PETRV31 (Liquidez detectada)
src.infrastructure.providers.mercado_data_provider | DEBUG | RTD: preco_ativo PETR4=41.93 forçado com sucesso
src.infrastructure.providers.mercado_data_provider | DEBUG | RTD: Detalhes completos registrados para EQTL3|EQTLU404 (Liquidez detectada)
src.infrastructure.providers.mercado_data_provider | DEBUG | RTD: preco_ativo EQTL3=37.98 forçado com sucesso
src.infrastructure.providers.mercado_data_provider | DEBUG | RTD: Detalhes completos registrados para COGN3|COGNT258 (Liquidez detectada)
src.infrastructure.providers.mercado_data_provider | DEBUG | RTD: preco_ativo COGN3=2.19 forçado com sucesso
src.infrastructure.providers.mercado_data_provider | DEBUG | RTD: Detalhes completos registrados para HASH11|HASHT455 (Liquidez detectada)
src.infrastructure.providers.mercado_data_provider | DEBUG | RTD: preco_ativo HASH11=42.65 forçado com sucesso
src.infrastructure.providers.mercado_data_provider | DEBUG | RTD: Detalhes completos registrados para BBAS3|BBASV210 (Liquidez detectada)
src.infrastructure.providers.mercado_data_provider | DEBUG | RTD: preco_ativo BBAS3=20.82 forçado com sucesso
src.infrastructure.providers.mercado_data_provider | DEBUG | RTD: Detalhes completos registrados para BPAC11|BPACU566 (Liquidez detectada)
src.infrastructure.providers.mercado_data_provider | DEBUG | RTD: preco_ativo BPAC11=55.03 forçado com sucesso
src.infrastructure.providers.mercado_data_provider | DEBUG | RTD: Detalhes completos registrados para BBSE3|BBSET434 (Liquidez detectada)
src.infrastructure.providers.mercado_data_provider | DEBUG | RTD: preco_ativo BBSE3=41.17 forçado com sucesso
src.infrastructure.providers.mercado_data_provider | DEBUG | RTD: Detalhes completos registrados para PETR3|PETRU498 (Liquidez detectada)
src.infrastructure.providers.mercado_data_provider | DEBUG | RTD: preco_ativo PETR3=47.42 forçado com sucesso
src.infrastructure.providers.mercado_data_provider | DEBUG | RTD: Detalhes completos registrados para BBDC3|BBDCU188 (Liquidez detectada)
src.infrastructure.providers.mercado_data_provider | DEBUG | RTD: preco_ativo BBDC3=16.03 forçado com sucesso
src.infrastructure.providers.mercado_data_provider | DEBUG | RTD: Detalhes completos registrados para BPAC11|BPACT506W2 (Liquidez detectada)
src.infrastructure.providers.mercado_data_provider | DEBUG | RTD: preco_ativo BPAC11=55.03 forçado com sucesso
src.infrastructure.providers.mercado_data_provider | DEBUG | RTD: Detalhes completos registrados para ENEV3|ENEVU162 (Liquidez detectada)
src.infrastructure.providers.mercado_data_provider | DEBUG | RTD: preco_ativo ENEV3=25.92 forçado com sucesso
src.infrastructure.providers.mercado_data_provider | DEBUG | RTD: Detalhes completos registrados para ISAE4|ISAET200 (Liquidez detectada)
src.infrastructure.providers.mercado_data_provider | DEBUG | RTD: preco_ativo ISAE4=26.51 forçado com sucesso
src.infrastructure.providers.mercado_data_provider | DEBUG | RTD: Detalhes completos registrados para HYPE3|HYPEU233 (Liquidez detectada)
src.infrastructure.providers.mercado_data_provider | DEBUG | RTD: preco_ativo HYPE3=21.05 forçado com sucesso
src.infrastructure.providers.mercado_data_provider | DEBUG | RTD: Detalhes completos registrados para HAPV3|HAPVT360 (Liquidez detectada)
src.infrastructure.providers.mercado_data_provider | DEBUG | RTD: preco_ativo HAPV3=10.52 forçado com sucesso
src.infrastructure.providers.mercado_data_provider | DEBUG | RTD: Detalhes completos registrados para CEAB3|CEABU110 (Liquidez detectada)
src.infrastructure.providers.mercado_data_provider | DEBUG | RTD: preco_ativo CEAB3=9.17 forçado com sucesso
src.infrastructure.providers.mercado_data_provider | DEBUG | RTD: Detalhes completos registrados para PETR4|PETRT232 (Liquidez detectada)
src.infrastructure.providers.mercado_data_provider | DEBUG | RTD: preco_ativo PETR4=41.93 forçado com sucesso
src.infrastructure.providers.mercado_data_provider | DEBUG | RTD: Detalhes completos registrados para HAPV3|HAPVT980 (Liquidez detectada)
src.infrastructure.providers.mercado_data_provider | DEBUG | RTD: preco_ativo HAPV3=10.52 forçado com sucesso
src.infrastructure.providers.mercado_data_provider | DEBUG | RTD: Detalhes completos registrados para PETR4|PETRT358W1 (Liquidez detectada)
src.infrastructure.providers.mercado_data_provider | DEBUG | RTD: preco_ativo PETR4=41.93 forçado com sucesso
src.infrastructure.providers.mercado_data_provider | DEBUG | RTD: Detalhes completos registrados para GOAU4|GOAUU129 (Liquidez detectada)
src.infrastructure.providers.mercado_data_provider | DEBUG | RTD: preco_ativo GOAU4=10.75 forçado com sucesso
src.infrastructure.providers.mercado_data_provider | DEBUG | RTD: Detalhes completos registrados para BBAS3|BBASV22 (Liquidez detectada)
src.infrastructure.providers.mercado_data_provider | DEBUG | RTD: preco_ativo BBAS3=20.82 forçado com sucesso
src.infrastructure.providers.mercado_data_provider | DEBUG | RTD: Detalhes completos registrados para BBAS3|BBASW135 (Liquidez detectada)
src.infrastructure.providers.mercado_data_provider | DEBUG | RTD: preco_ativo BBAS3=20.82 forçado com sucesso
src.infrastructure.providers.mercado_data_provider | DEBUG | RTD: Detalhes completos registrados para FESA4|FESAU558 (Liquidez detectada)
src.infrastructure.providers.mercado_data_provider | DEBUG | RTD: preco_ativo FESA4=5.95 forçado com sucesso
src.infrastructure.providers.mercado_data_provider | DEBUG | RTD: Detalhes completos registrados para CMIN3|CMINT465 (Liquidez detectada)
src.infrastructure.providers.mercado_data_provider | DEBUG | RTD: preco_ativo CMIN3=5.91 forçado com sucesso
src.infrastructure.providers.mercado_data_provider | DEBUG | RTD: Detalhes completos registrados para PETR4|PETRM37 (Liquidez detectada)
src.infrastructure.providers.mercado_data_provider | DEBUG | RTD: preco_ativo PETR4=41.93 forçado com sucesso
src.infrastructure.providers.mercado_data_provider | DEBUG | RTD: Detalhes completos registrados para BPAC11|BPACU479 (Liquidez detectada)
src.infrastructure.providers.mercado_data_provider | DEBUG | RTD: preco_ativo BPAC11=55.03 forçado com sucesso
src.infrastructure.providers.mercado_data_provider | DEBUG | RTD: Detalhes completos registrados para ECOR3|ECORT72 (Liquidez detectada)
src.infrastructure.providers.mercado_data_provider | DEBUG | RTD: preco_ativo ECOR3=6.89 forçado com sucesso
src.infrastructure.providers.mercado_data_provider | DEBUG | RTD: Detalhes completos registrados para CSAN3|CSANU355 (Liquidez detectada)
src.infrastructure.providers.mercado_data_provider | DEBUG | RTD: preco_ativo CSAN3=3.92 forçado com sucesso
src.infrastructure.providers.mercado_data_provider | DEBUG | RTD: Detalhes completos registrados para PETR4|PETRT467 (Liquidez detectada)
src.infrastructure.providers.mercado_data_provider | DEBUG | RTD: preco_ativo PETR4=41.93 forçado com sucesso
src.infrastructure.providers.mercado_data_provider | DEBUG | RTD: Detalhes completos registrados para PETR4|PETRT399 (Liquidez detectada)
src.infrastructure.providers.mercado_data_provider | DEBUG | RTD: preco_ativo PETR4=41.93 forçado com sucesso
src.infrastructure.providers.mercado_data_provider | DEBUG | RTD: Detalhes completos registrados para HAPV3|HAPVX110 (Liquidez detectada)
src.infrastructure.providers.mercado_data_provider | DEBUG | RTD: preco_ativo HAPV3=10.52 forçado com sucesso
src.infrastructure.providers.mercado_data_provider | DEBUG | RTD: Detalhes completos registrados para PRIO3|PRIOT610W1 (Liquidez detectada)
src.infrastructure.providers.mercado_data_provider | DEBUG | RTD: preco_ativo PRIO3=58.28 forçado com sucesso
src.infrastructure.providers.mercado_data_provider | DEBUG | RTD: Detalhes completos registrados para CPLE3|CPLEU105 (Liquidez detectada)
src.infrastructure.providers.mercado_data_provider | DEBUG | RTD: preco_ativo CPLE3=14.67 forçado com sucesso
src.infrastructure.providers.mercado_data_provider | DEBUG | RTD: Detalhes completos registrados para PETR4|PETRV261 (Liquidez detectada)
src.infrastructure.providers.mercado_data_provider | DEBUG | RTD: preco_ativo PETR4=41.93 forçado com sucesso
src.infrastructure.providers.mercado_data_provider | DEBUG | RTD: Detalhes completos registrados para MRVE3|MRVET360W2 (Liquidez detectada)
src.infrastructure.providers.mercado_data_provider | DEBUG | RTD: preco_ativo MRVE3=4.56 forçado com sucesso
src.infrastructure.providers.mercado_data_provider | DEBUG | RTD: Detalhes completos registrados para BRKM5|BRKMT600 (Liquidez detectada)
src.infrastructure.providers.mercado_data_provider | DEBUG | RTD: preco_ativo BRKM5=6.12 forçado com sucesso
src.infrastructure.providers.mercado_data_provider | DEBUG | RTD: Detalhes completos registrados para HAPV3|HAPVM105 (Liquidez detectada)
src.infrastructure.providers.mercado_data_provider | DEBUG | RTD: preco_ativo HAPV3=10.52 forçado com sucesso
src.infrastructure.providers.mercado_data_provider | DEBUG | RTD: Detalhes completos registrados para EQTL3|EQTLU389 (Liquidez detectada)
src.infrastructure.providers.mercado_data_provider | DEBUG | RTD: preco_ativo EQTL3=37.98 forçado com sucesso
src.infrastructure.providers.mercado_data_provider | DEBUG | RTD: Detalhes completos registrados para IGTI11|IGTIT239 (Liquidez detectada)
src.infrastructure.providers.mercado_data_provider | DEBUG | RTD: preco_ativo IGTI11=24.52 forçado com sucesso
src.infrastructure.providers.mercado_data_provider | DEBUG | RTD: Detalhes completos registrados para KLBN11|KLBNX164 (Liquidez detectada)
src.infrastructure.providers.mercado_data_provider | DEBUG | RTD: preco_ativo KLBN11=18.02 forçado com sucesso
src.infrastructure.providers.mercado_data_provider | DEBUG | RTD: Detalhes completos registrados para ENEV3|ENEVU192 (Liquidez detectada)
src.infrastructure.providers.mercado_data_provider | DEBUG | RTD: preco_ativo ENEV3=25.92 forçado com sucesso
src.infrastructure.providers.mercado_data_provider | DEBUG | RTD: Detalhes completos registrados para CSAN3|CSANX400 (Liquidez detectada)
src.infrastructure.providers.mercado_data_provider | DEBUG | RTD: preco_ativo CSAN3=3.92 forçado com sucesso
src.infrastructure.providers.mercado_data_provider | DEBUG | RTD: Detalhes completos registrados para CMIG4|CMIGT105W1 (Liquidez detectada)
src.infrastructure.providers.mercado_data_provider | DEBUG | RTD: preco_ativo CMIG4=11.10 forçado com sucesso
src.infrastructure.providers.mercado_data_provider | DEBUG | RTD: Detalhes completos registrados para BRAV3|BRAVU180 (Liquidez detectada)
src.infrastructure.providers.mercado_data_provider | DEBUG | RTD: preco_ativo BRAV3=20.86 forçado com sucesso
src.infrastructure.providers.mercado_data_provider | DEBUG | RTD: Detalhes completos registrados para EQTL3|EQTLM332 (Liquidez detectada)
src.infrastructure.providers.mercado_data_provider | DEBUG | RTD: preco_ativo EQTL3=37.98 forçado com sucesso
src.infrastructure.providers.mercado_data_provider | DEBUG | RTD: Detalhes completos registrados para HYPE3|HYPET193W2 (Liquidez detectada)
src.infrastructure.providers.mercado_data_provider | DEBUG | RTD: preco_ativo HYPE3=21.05 forçado com sucesso
src.infrastructure.providers.mercado_data_provider | DEBUG | RTD: Detalhes completos registrados para CSNA3|CSNAT435W2 (Liquidez detectada)
src.infrastructure.providers.mercado_data_provider | DEBUG | RTD: preco_ativo CSNA3=5.28 forçado com sucesso
src.infrastructure.providers.mercado_data_provider | DEBUG | RTD: Detalhes completos registrados para BBDC3|BBDCU108 (Liquidez detectada)
src.infrastructure.providers.mercado_data_provider | DEBUG | RTD: preco_ativo BBDC3=16.03 forçado com sucesso
src.infrastructure.providers.mercado_data_provider | DEBUG | RTD: Detalhes completos registrados para DXCO3|DXCOU500 (Liquidez detectada)
src.infrastructure.providers.mercado_data_provider | DEBUG | RTD: preco_ativo DXCO3=4.97 forçado com sucesso
src.infrastructure.providers.mercado_data_provider | DEBUG | RTD: Detalhes completos registrados para PRIO3|PRIOU385 (Liquidez detectada)
src.infrastructure.providers.mercado_data_provider | DEBUG | RTD: preco_ativo PRIO3=58.28 forçado com sucesso
src.infrastructure.providers.mercado_data_provider | DEBUG | RTD: Detalhes completos registrados para IRBR3|IRBRU561 (Liquidez detectada)
src.infrastructure.providers.mercado_data_provider | DEBUG | RTD: preco_ativo IRBR3=53.33 forçado com sucesso
src.infrastructure.providers.mercado_data_provider | DEBUG | RTD: Detalhes completos registrados para LWSA3|LWSAU300 (Liquidez detectada)
src.infrastructure.providers.mercado_data_provider | DEBUG | RTD: preco_ativo LWSA3=3.71 forçado com sucesso
src.infrastructure.providers.mercado_data_provider | DEBUG | RTD: Detalhes completos registrados para PETR4|PETRT489 (Liquidez detectada)
src.infrastructure.providers.mercado_data_provider | DEBUG | RTD: preco_ativo PETR4=41.93 forçado com sucesso
src.infrastructure.providers.mercado_data_provider | DEBUG | RTD: Detalhes completos registrados para GGBR4|GGBRT175 (Liquidez detectada)
src.infrastructure.providers.mercado_data_provider | DEBUG | RTD: preco_ativo GGBR4=24.83 forçado com sucesso
src.infrastructure.providers.mercado_data_provider | DEBUG | RTD: Detalhes completos registrados para BPAC11|BPACT471W2 (Liquidez detectada)
src.infrastructure.providers.mercado_data_provider | DEBUG | RTD: preco_ativo BPAC11=55.03 forçado com sucesso
src.infrastructure.providers.mercado_data_provider | DEBUG | RTD: Detalhes completos registrados para ISAE4|ISAEU280 (Liquidez detectada)
src.infrastructure.providers.mercado_data_provider | DEBUG | RTD: preco_ativo ISAE4=26.51 forçado com sucesso
src.infrastructure.providers.mercado_data_provider | DEBUG | RTD: Detalhes completos registrados para ITSA4|ITSAU148 (Liquidez detectada)
src.infrastructure.providers.mercado_data_provider | DEBUG | RTD: preco_ativo ITSA4=13.53 forçado com sucesso
src.infrastructure.providers.mercado_data_provider | DEBUG | RTD: Detalhes completos registrados para MBRF3|MBRFW139 (Liquidez detectada)
src.infrastructure.providers.mercado_data_provider | DEBUG | RTD: preco_ativo MBRF3=16.61 forçado com sucesso
src.infrastructure.providers.mercado_data_provider | DEBUG | RTD: Detalhes completos registrados para EMBJ3|EMBJT870W1 (Liquidez detectada)
src.infrastructure.providers.mercado_data_provider | DEBUG | RTD: preco_ativo EMBJ3=86.66 forçado com sucesso
src.infrastructure.providers.mercado_data_provider | DEBUG | RTD: Detalhes completos registrados para PRIO3|PRIOT460 (Liquidez detectada)
src.infrastructure.providers.mercado_data_provider | DEBUG | RTD: preco_ativo PRIO3=58.28 forçado com sucesso
src.infrastructure.providers.mercado_data_provider | DEBUG | RTD: Detalhes completos registrados para BMGB4|BMGBU572 (Liquidez detectada)
src.infrastructure.providers.mercado_data_provider | DEBUG | RTD: preco_ativo BMGB4=5.19 forçado com sucesso
src.infrastructure.providers.mercado_data_provider | DEBUG | RTD: Detalhes completos registrados para ITSA4|ITSAU150 (Liquidez detectada)
src.infrastructure.providers.mercado_data_provider | DEBUG | RTD: preco_ativo ITSA4=13.53 forçado com sucesso
src.infrastructure.providers.mercado_data_provider | DEBUG | RTD: Detalhes completos registrados para CSAN3|CSANU305 (Liquidez detectada)
src.infrastructure.providers.mercado_data_provider | DEBUG | RTD: preco_ativo CSAN3=3.92 forçado com sucesso
src.infrastructure.providers.mercado_data_provider | DEBUG | RTD: Detalhes completos registrados para EQTL3|EQTLT332 (Liquidez detectada)
src.infrastructure.providers.mercado_data_provider | DEBUG | RTD: preco_ativo EQTL3=37.98 forçado com sucesso
src.infrastructure.providers.mercado_data_provider | DEBUG | RTD: Detalhes completos registrados para CSMG3|CSMGU650 (Liquidez detectada)
src.infrastructure.providers.mercado_data_provider | DEBUG | RTD: preco_ativo CSMG3=61.93 forçado com sucesso
src.infrastructure.providers.mercado_data_provider | DEBUG | RTD: Detalhes completos registrados para BBAS3|BBASU275 (Liquidez detectada)
src.infrastructure.providers.mercado_data_provider | DEBUG | RTD: preco_ativo BBAS3=20.82 forçado com sucesso
src.infrastructure.providers.mercado_data_provider | DEBUG | RTD: Detalhes completos registrados para POMO4|POMOU80 (Liquidez detectada)
src.infrastructure.providers.mercado_data_provider | DEBUG | RTD: preco_ativo POMO4=5.33 forçado com sucesso
src.infrastructure.providers.mercado_data_provider | DEBUG | RTD: Detalhes completos registrados para BBSE3|BBSEU406 (Liquidez detectada)
src.infrastructure.providers.mercado_data_provider | DEBUG | RTD: preco_ativo BBSE3=41.17 forçado com sucesso
src.infrastructure.providers.mercado_data_provider | DEBUG | RTD: Detalhes completos registrados para B3SA3|B3SAX16 (Liquidez detectada)
src.infrastructure.providers.mercado_data_provider | DEBUG | RTD: preco_ativo B3SA3=15.47 forçado com sucesso
src.infrastructure.providers.mercado_data_provider | DEBUG | RTD: Detalhes completos registrados para LJQQ3|LJQQT100 (Liquidez detectada)
src.infrastructure.providers.mercado_data_provider | DEBUG | RTD: preco_ativo LJQQ3=1.20 forçado com sucesso
src.infrastructure.providers.mercado_data_provider | DEBUG | RTD: Detalhes completos registrados para COGN3|COGNU154 (Liquidez detectada)
src.infrastructure.providers.mercado_data_provider | DEBUG | RTD: preco_ativo COGN3=2.19 forçado com sucesso
src.infrastructure.providers.mercado_data_provider | DEBUG | RTD: Detalhes completos registrados para BBSE3|BBSEU281 (Liquidez detectada)
src.infrastructure.providers.mercado_data_provider | DEBUG | RTD: preco_ativo BBSE3=41.17 forçado com sucesso
src.infrastructure.providers.mercado_data_provider | DEBUG | RTD: Detalhes completos registrados para BBDC4|BBDCT189 (Liquidez detectada)
src.infrastructure.providers.mercado_data_provider | DEBUG | RTD: preco_ativo BBDC4=18.38 forçado com sucesso
src.infrastructure.providers.mercado_data_provider | DEBUG | RTD: Detalhes completos registrados para PETR4|PETRU382 (Liquidez detectada)
src.infrastructure.providers.mercado_data_provider | DEBUG | RTD: preco_ativo PETR4=41.93 forçado com sucesso
src.infrastructure.providers.mercado_data_provider | DEBUG | RTD: Detalhes completos registrados para CEAB3|CEABU762 (Liquidez detectada)
src.infrastructure.providers.mercado_data_provider | DEBUG | RTD: preco_ativo CEAB3=9.17 forçado com sucesso
src.infrastructure.providers.mercado_data_provider | DEBUG | RTD: Detalhes completos registrados para PETR4|PETRT329 (Liquidez detectada)
src.infrastructure.providers.mercado_data_provider | DEBUG | RTD: preco_ativo PETR4=41.93 forçado com sucesso
src.infrastructure.providers.mercado_data_provider | DEBUG | RTD: Detalhes completos registrados para BRAV3|BRAVU968 (Liquidez detectada)
src.infrastructure.providers.mercado_data_provider | DEBUG | RTD: preco_ativo BRAV3=20.86 forçado com sucesso
src.infrastructure.providers.mercado_data_provider | DEBUG | RTD: Detalhes completos registrados para BBSE3|BBSET411 (Liquidez detectada)
src.infrastructure.providers.mercado_data_provider | DEBUG | RTD: preco_ativo BBSE3=41.17 forçado com sucesso
src.infrastructure.providers.mercado_data_provider | DEBUG | RTD: Detalhes completos registrados para MGLU3|MGLUT495W2 (Liquidez detectada)
src.infrastructure.providers.mercado_data_provider | DEBUG | RTD: preco_ativo MGLU3=4.76 forçado com sucesso
src.infrastructure.providers.mercado_data_provider | DEBUG | RTD: Detalhes completos registrados para COGN3|COGNT138 (Liquidez detectada)
src.infrastructure.providers.mercado_data_provider | DEBUG | RTD: preco_ativo COGN3=2.19 forçado com sucesso
src.infrastructure.providers.mercado_data_provider | DEBUG | RTD: Detalhes completos registrados para BBAS3|BBASM190 (Liquidez detectada)
src.infrastructure.providers.mercado_data_provider | DEBUG | RTD: preco_ativo BBAS3=20.82 forçado com sucesso
src.infrastructure.providers.mercado_data_provider | DEBUG | RTD: Detalhes completos registrados para PETR4|PETRT368W2 (Liquidez detectada)
src.infrastructure.providers.mercado_data_provider | DEBUG | RTD: preco_ativo PETR4=41.93 forçado com sucesso
src.infrastructure.providers.mercado_data_provider | DEBUG | RTD: Detalhes completos registrados para CSMG3|CSMGU483 (Liquidez detectada)
src.infrastructure.providers.mercado_data_provider | DEBUG | RTD: preco_ativo CSMG3=61.93 forçado com sucesso
src.infrastructure.providers.mercado_data_provider | DEBUG | RTD: Detalhes completos registrados para ENEV3|ENEVT247 (Liquidez detectada)
src.infrastructure.providers.mercado_data_provider | DEBUG | RTD: preco_ativo ENEV3=25.92 forçado com sucesso
src.infrastructure.providers.mercado_data_provider | DEBUG | RTD: Detalhes completos registrados para BBSE3|BBSEU414 (Liquidez detectada)
src.infrastructure.providers.mercado_data_provider | DEBUG | RTD: preco_ativo BBSE3=41.17 forçado com sucesso
src.infrastructure.providers.mercado_data_provider | DEBUG | RTD: Detalhes completos registrados para CMIN3|CMINU451 (Liquidez detectada)
src.infrastructure.providers.mercado_data_provider | DEBUG | RTD: preco_ativo CMIN3=5.91 forçado com sucesso
src.infrastructure.providers.mercado_data_provider | DEBUG | RTD: Detalhes completos registrados para PETR3|PETRU395 (Liquidez detectada)
src.infrastructure.providers.mercado_data_provider | DEBUG | RTD: preco_ativo PETR3=47.42 forçado com sucesso
src.infrastructure.providers.mercado_data_provider | DEBUG | RTD: Detalhes completos registrados para CXSE3|CXSEV182 (Liquidez detectada)
src.infrastructure.providers.mercado_data_provider | DEBUG | RTD: preco_ativo CXSE3=20.41 forçado com sucesso
src.infrastructure.providers.mercado_data_provider | DEBUG | RTD: Detalhes completos registrados para NATU3|NATUU740 (Liquidez detectada)
src.infrastructure.providers.mercado_data_provider | DEBUG | RTD: preco_ativo NATU3=8.35 forçado com sucesso
src.infrastructure.providers.mercado_data_provider | DEBUG | RTD: Detalhes completos registrados para EGIE3|EGIET249 (Liquidez detectada)
src.infrastructure.providers.mercado_data_provider | DEBUG | RTD: preco_ativo EGIE3=29.41 forçado com sucesso
src.infrastructure.providers.mercado_data_provider | DEBUG | RTD: Detalhes completos registrados para B3SA3|B3SAV14 (Liquidez detectada)
src.infrastructure.providers.mercado_data_provider | DEBUG | RTD: preco_ativo B3SA3=15.47 forçado com sucesso
src.infrastructure.providers.mercado_data_provider | DEBUG | RTD: Detalhes completos registrados para CSMG3|CSMGU488 (Liquidez detectada)
src.infrastructure.providers.mercado_data_provider | DEBUG | RTD: preco_ativo CSMG3=61.93 forçado com sucesso
src.infrastructure.providers.mercado_data_provider | DEBUG | RTD: Detalhes completos registrados para EGIE3|EGIEU400 (Liquidez detectada)
src.infrastructure.providers.mercado_data_provider | DEBUG | RTD: preco_ativo EGIE3=29.41 forçado com sucesso
src.infrastructure.providers.mercado_data_provider | DEBUG | RTD: Detalhes completos registrados para HASH11|HASHT475 (Liquidez detectada)
src.infrastructure.providers.mercado_data_provider | DEBUG | RTD: preco_ativo HASH11=42.65 forçado com sucesso
src.infrastructure.providers.mercado_data_provider | DEBUG | RTD: Detalhes completos registrados para BRAV3|BRAVU147 (Liquidez detectada)
src.infrastructure.providers.mercado_data_provider | DEBUG | RTD: preco_ativo BRAV3=20.86 forçado com sucesso
src.infrastructure.providers.mercado_data_provider | DEBUG | RTD: Detalhes completos registrados para BBSE3|BBSEX37 (Liquidez detectada)
src.infrastructure.providers.mercado_data_provider | DEBUG | RTD: preco_ativo BBSE3=41.17 forçado com sucesso
src.infrastructure.providers.mercado_data_provider | DEBUG | RTD: Detalhes completos registrados para MBRF3|MBRFU895 (Liquidez detectada)
src.infrastructure.providers.mercado_data_provider | DEBUG | RTD: preco_ativo MBRF3=16.61 forçado com sucesso
src.infrastructure.providers.mercado_data_provider | DEBUG | RTD: Detalhes completos registrados para LWSA3|LWSAT290 (Liquidez detectada)
src.infrastructure.providers.mercado_data_provider | DEBUG | RTD: preco_ativo LWSA3=3.71 forçado com sucesso
src.infrastructure.providers.mercado_data_provider | DEBUG | RTD: Detalhes completos registrados para BBDC4|BBDCX160 (Liquidez detectada)
src.infrastructure.providers.mercado_data_provider | DEBUG | RTD: preco_ativo BBDC4=18.38 forçado com sucesso
src.infrastructure.providers.mercado_data_provider | DEBUG | RTD: Detalhes completos registrados para PETR4|PETRV264 (Liquidez detectada)
src.infrastructure.providers.mercado_data_provider | DEBUG | RTD: preco_ativo PETR4=41.93 forçado com sucesso
src.infrastructure.providers.mercado_data_provider | DEBUG | RTD: Detalhes completos registrados para CYRE3|CYREU162 (Liquidez detectada)
src.infrastructure.providers.mercado_data_provider | DEBUG | RTD: preco_ativo CYRE3=20.67 forçado com sucesso
src.infrastructure.providers.mercado_data_provider | DEBUG | RTD: Detalhes completos registrados para BRSR6|BRSRT78 (Liquidez detectada)
src.infrastructure.providers.mercado_data_provider | DEBUG | RTD: preco_ativo BRSR6=13.91 forçado com sucesso
src.infrastructure.providers.mercado_data_provider | DEBUG | RTD: Detalhes completos registrados para BPAC11|BPACU426 (Liquidez detectada)
src.infrastructure.providers.mercado_data_provider | DEBUG | RTD: preco_ativo BPAC11=55.03 forçado com sucesso
src.infrastructure.providers.mercado_data_provider | DEBUG | RTD: Detalhes completos registrados para EGIE3|EGIEU322 (Liquidez detectada)
src.infrastructure.providers.mercado_data_provider | DEBUG | RTD: preco_ativo EGIE3=29.41 forçado com sucesso
src.infrastructure.providers.mercado_data_provider | DEBUG | RTD: Detalhes completos registrados para BMGB4|BMGBU484 (Liquidez detectada)
src.infrastructure.providers.mercado_data_provider | DEBUG | RTD: preco_ativo BMGB4=5.19 forçado com sucesso
src.infrastructure.providers.mercado_data_provider | DEBUG | RTD: Detalhes completos registrados para CMIN3|CMINM70 (Liquidez detectada)
src.infrastructure.providers.mercado_data_provider | DEBUG | RTD: preco_ativo CMIN3=5.91 forçado com sucesso
src.infrastructure.providers.mercado_data_provider | DEBUG | RTD: Detalhes completos registrados para BBDC4|BBDCV20 (Liquidez detectada)
src.infrastructure.providers.mercado_data_provider | DEBUG | RTD: preco_ativo BBDC4=18.38 forçado com sucesso
src.infrastructure.providers.mercado_data_provider | DEBUG | RTD: Detalhes completos registrados para BBAS3|BBASW194 (Liquidez detectada)
src.infrastructure.providers.mercado_data_provider | DEBUG | RTD: preco_ativo BBAS3=20.82 forçado com sucesso
src.infrastructure.providers.mercado_data_provider | DEBUG | RTD: Detalhes completos registrados para BBDC4|BBDCW15 (Liquidez detectada)
src.infrastructure.providers.mercado_data_provider | DEBUG | RTD: preco_ativo BBDC4=18.38 forçado com sucesso
src.infrastructure.providers.mercado_data_provider | DEBUG | RTD: Detalhes completos registrados para PETR4|PETRT319 (Liquidez detectada)
src.infrastructure.providers.mercado_data_provider | DEBUG | RTD: preco_ativo PETR4=41.93 forçado com sucesso
src.infrastructure.providers.mercado_data_provider | DEBUG | RTD: Detalhes completos registrados para IRBR3|IRBRX399 (Liquidez detectada)
src.infrastructure.providers.mercado_data_provider | DEBUG | RTD: preco_ativo IRBR3=53.33 forçado com sucesso
src.infrastructure.providers.mercado_data_provider | DEBUG | RTD: Detalhes completos registrados para PETR4|PETRT408W4 (Liquidez detectada)
src.infrastructure.providers.mercado_data_provider | DEBUG | RTD: preco_ativo PETR4=41.93 forçado com sucesso
src.infrastructure.providers.mercado_data_provider | DEBUG | RTD: Detalhes completos registrados para CPFE3|CPFEU502 (Liquidez detectada)
src.infrastructure.providers.mercado_data_provider | DEBUG | RTD: preco_ativo CPFE3=45.20 forçado com sucesso
src.infrastructure.providers.mercado_data_provider | DEBUG | RTD: Detalhes completos registrados para EQTL3|EQTLT374W2 (Liquidez detectada)
src.infrastructure.providers.mercado_data_provider | DEBUG | RTD: preco_ativo EQTL3=37.98 forçado com sucesso
src.infrastructure.providers.mercado_data_provider | DEBUG | RTD: Detalhes completos registrados para KEPL3|KEPLU598 (Liquidez detectada)
src.infrastructure.providers.mercado_data_provider | DEBUG | RTD: preco_ativo KEPL3=6.42 forçado com sucesso
src.infrastructure.providers.mercado_data_provider | DEBUG | RTD: Detalhes completos registrados para BRAP4|BRAPT224 (Liquidez detectada)
src.infrastructure.providers.mercado_data_provider | DEBUG | RTD: preco_ativo BRAP4=21.68 forçado com sucesso
src.infrastructure.providers.mercado_data_provider | DEBUG | RTD: Detalhes completos registrados para BBSE3|BBSET321 (Liquidez detectada)
src.infrastructure.providers.mercado_data_provider | DEBUG | RTD: preco_ativo BBSE3=41.17 forçado com sucesso
src.infrastructure.providers.mercado_data_provider | DEBUG | RTD: Detalhes completos registrados para CPLE3|CPLEU152 (Liquidez detectada)
src.infrastructure.providers.mercado_data_provider | DEBUG | RTD: preco_ativo CPLE3=14.67 forçado com sucesso
src.infrastructure.providers.mercado_data_provider | DEBUG | RTD: Detalhes completos registrados para BRKM5|BRKMT630 (Liquidez detectada)
src.infrastructure.providers.mercado_data_provider | DEBUG | RTD: preco_ativo BRKM5=6.12 forçado com sucesso
src.infrastructure.providers.mercado_data_provider | DEBUG | RTD: Detalhes completos registrados para LREN3|LRENT139W2 (Liquidez detectada)
src.infrastructure.providers.mercado_data_provider | DEBUG | RTD: preco_ativo LREN3=13.38 forçado com sucesso
src.infrastructure.providers.mercado_data_provider | DEBUG | RTD: Detalhes completos registrados para ISAE4|ISAEU275 (Liquidez detectada)
src.infrastructure.providers.mercado_data_provider | DEBUG | RTD: preco_ativo ISAE4=26.51 forçado com sucesso
src.infrastructure.providers.mercado_data_provider | DEBUG | RTD: Detalhes completos registrados para COGN3|COGNX190 (Liquidez detectada)
src.infrastructure.providers.mercado_data_provider | DEBUG | RTD: preco_ativo COGN3=2.19 forçado com sucesso
src.infrastructure.providers.mercado_data_provider | DEBUG | RTD: Detalhes completos registrados para EMBJ3|EMBJU365 (Liquidez detectada)
src.infrastructure.providers.mercado_data_provider | DEBUG | RTD: preco_ativo EMBJ3=86.66 forçado com sucesso
src.infrastructure.providers.mercado_data_provider | DEBUG | RTD: Detalhes completos registrados para GGBR4|GGBRU207 (Liquidez detectada)
src.infrastructure.providers.mercado_data_provider | DEBUG | RTD: preco_ativo GGBR4=24.83 forçado com sucesso
src.infrastructure.providers.mercado_data_provider | DEBUG | RTD: Detalhes completos registrados para CSNA3|CSNAU685 (Liquidez detectada)
src.infrastructure.providers.mercado_data_provider | DEBUG | RTD: preco_ativo CSNA3=5.28 forçado com sucesso
src.infrastructure.providers.mercado_data_provider | DEBUG | RTD: Detalhes completos registrados para BBAS3|BBAST147 (Liquidez detectada)
src.infrastructure.providers.mercado_data_provider | DEBUG | RTD: preco_ativo BBAS3=20.82 forçado com sucesso
src.infrastructure.providers.mercado_data_provider | DEBUG | RTD: Detalhes completos registrados para MBRF3|MBRFT949 (Liquidez detectada)
src.infrastructure.providers.mercado_data_provider | DEBUG | RTD: preco_ativo MBRF3=16.61 forçado com sucesso
src.infrastructure.providers.mercado_data_provider | DEBUG | _flush_buffer: 6500 registros em 0.10s
src.infrastructure.providers.mercado_data_provider | INFO | Background scan: 1702 novos instrumentos registrados
src.infrastructure.providers.mercado_data_provider | DEBUG | Varredura: _chaves_com_book=928 _chaves_detalhes=928
src.infrastructure.providers.mercado_data_provider | INFO | Varredura(F): monitor=23985 book=928 | reg=0.000 ref=0.005 var=0.030 total=0.036 | inst_map=0.000 | onda2=544(0.017) onda1=0(0.000) cab_skip=384 status=0.009
src.infrastructure.providers.mercado_data_provider | DEBUG | Varredura: _chaves_com_book=928 _chaves_detalhes=928
src.infrastructure.providers.mercado_data_provider | INFO | Varredura(F): monitor=23985 book=928 | reg=0.000 ref=0.008 var=0.030 total=0.038 | inst_map=0.000 | onda2=154(0.005) onda1=0(0.000) cab_skip=774 status=0.016
src.infrastructure.providers.mercado_data_provider | DEBUG | RTD: Detalhes completos registrados para ROMI3|ROMIT605 (Liquidez detectada)
src.infrastructure.providers.mercado_data_provider | DEBUG | RTD: preco_ativo ROMI3=5.91 forçado com sucesso
src.infrastructure.providers.mercado_data_provider | DEBUG | RTD: Detalhes completos registrados para RAIL3|RAILU853 (Liquidez detectada)
src.infrastructure.providers.mercado_data_provider | DEBUG | RTD: preco_ativo RAIL3=13.97 forçado com sucesso
src.infrastructure.providers.mercado_data_provider | DEBUG | RTD: Detalhes completos registrados para ABCB4|ABCBT262 (Liquidez detectada)
src.infrastructure.providers.mercado_data_provider | DEBUG | RTD: preco_ativo ABCB4=23.68 forçado com sucesso
src.infrastructure.providers.mercado_data_provider | DEBUG | RTD: Detalhes completos registrados para SUZB3|SUZBU343 (Liquidez detectada)
src.infrastructure.providers.mercado_data_provider | DEBUG | RTD: preco_ativo SUZB3=42.65 forçado com sucesso
src.infrastructure.providers.mercado_data_provider | DEBUG | RTD: Detalhes completos registrados para PRIO3|PRIOV530 (Liquidez detectada)
src.infrastructure.providers.mercado_data_provider | DEBUG | RTD: preco_ativo PRIO3=58.28 forçado com sucesso
src.infrastructure.providers.mercado_data_provider | DEBUG | RTD: Detalhes completos registrados para RADL3|RADLT130 (Liquidez detectada)
src.infrastructure.providers.mercado_data_provider | DEBUG | RTD: preco_ativo RADL3=17.74 forçado com sucesso
src.infrastructure.providers.mercado_data_provider | DEBUG | RTD: Detalhes completos registrados para ALOS3|ALOSU274 (Liquidez detectada)
src.infrastructure.providers.mercado_data_provider | DEBUG | RTD: preco_ativo ALOS3=26.52 forçado com sucesso
src.infrastructure.providers.mercado_data_provider | DEBUG | RTD: Detalhes completos registrados para TOTS3|TOTSV256 (Liquidez detectada)
src.infrastructure.providers.mercado_data_provider | DEBUG | RTD: preco_ativo TOTS3=29.55 forçado com sucesso
src.infrastructure.providers.mercado_data_provider | DEBUG | RTD: Detalhes completos registrados para VALE3|VALEV804 (Liquidez detectada)
src.infrastructure.providers.mercado_data_provider | DEBUG | RTD: preco_ativo VALE3=75.11 forçado com sucesso
src.infrastructure.providers.mercado_data_provider | DEBUG | RTD: Detalhes completos registrados para RENT3|RENTU298 (Liquidez detectada)
src.infrastructure.providers.mercado_data_provider | DEBUG | RTD: preco_ativo RENT3=37.32 forçado com sucesso
src.infrastructure.providers.mercado_data_provider | DEBUG | RTD: Detalhes completos registrados para SMTO3|SMTOU151 (Liquidez detectada)
src.infrastructure.providers.mercado_data_provider | DEBUG | RTD: preco_ativo SMTO3=14.19 forçado com sucesso
src.infrastructure.providers.mercado_data_provider | DEBUG | RTD: Detalhes completos registrados para ABEV3|ABEVT156W2 (Liquidez detectada)
src.infrastructure.providers.mercado_data_provider | DEBUG | RTD: preco_ativo ABEV3=16.03 forçado com sucesso
src.infrastructure.providers.mercado_data_provider | DEBUG | RTD: Detalhes completos registrados para ALOS3|ALOST28 (Liquidez detectada)
src.infrastructure.providers.mercado_data_provider | DEBUG | RTD: preco_ativo ALOS3=26.52 forçado com sucesso
src.infrastructure.providers.mercado_data_provider | DEBUG | RTD: Detalhes completos registrados para RADL3|RADLU192 (Liquidez detectada)
src.infrastructure.providers.mercado_data_provider | DEBUG | RTD: preco_ativo RADL3=17.74 forçado com sucesso
src.infrastructure.providers.mercado_data_provider | DEBUG | RTD: Detalhes completos registrados para TAEE11|TAEEU356W2 (Liquidez detectada)
src.infrastructure.providers.mercado_data_provider | DEBUG | RTD: preco_ativo TAEE11=39.12 forçado com sucesso
src.infrastructure.providers.mercado_data_provider | DEBUG | RTD: Detalhes completos registrados para ALUP11|ALUPU27 (Liquidez detectada)
src.infrastructure.providers.mercado_data_provider | DEBUG | RTD: preco_ativo ALUP11=32.48 forçado com sucesso
src.infrastructure.providers.mercado_data_provider | DEBUG | RTD: Detalhes completos registrados para UGPA3|UGPAU357 (Liquidez detectada)
src.infrastructure.providers.mercado_data_provider | DEBUG | RTD: preco_ativo UGPA3=32.13 forçado com sucesso
src.infrastructure.providers.mercado_data_provider | DEBUG | RTD: Detalhes completos registrados para VIVT3|VIVTT353 (Liquidez detectada)
src.infrastructure.providers.mercado_data_provider | DEBUG | RTD: preco_ativo VIVT3=32.39 forçado com sucesso
src.infrastructure.providers.mercado_data_provider | DEBUG | RTD: Detalhes completos registrados para ASAI3|ASAIT780 (Liquidez detectada)
src.infrastructure.providers.mercado_data_provider | DEBUG | RTD: preco_ativo ASAI3=8.21 forçado com sucesso
src.infrastructure.providers.mercado_data_provider | DEBUG | RTD: Detalhes completos registrados para PSSA3|PSSAW466 (Liquidez detectada)
src.infrastructure.providers.mercado_data_provider | DEBUG | RTD: preco_ativo PSSA3=53.61 forçado com sucesso
src.infrastructure.providers.mercado_data_provider | DEBUG | RTD: Detalhes completos registrados para PRIO3|PRIOU570 (Liquidez detectada)
src.infrastructure.providers.mercado_data_provider | DEBUG | RTD: preco_ativo PRIO3=58.28 forçado com sucesso
src.infrastructure.providers.mercado_data_provider | DEBUG | RTD: Detalhes completos registrados para PRIO3|PRIOU475 (Liquidez detectada)
src.infrastructure.providers.mercado_data_provider | DEBUG | RTD: preco_ativo PRIO3=58.28 forçado com sucesso
src.infrastructure.providers.mercado_data_provider | DEBUG | RTD: Detalhes completos registrados para ALOS3|ALOST248W2 (Liquidez detectada)
src.infrastructure.providers.mercado_data_provider | DEBUG | RTD: preco_ativo ALOS3=26.52 forçado com sucesso
src.infrastructure.providers.mercado_data_provider | DEBUG | RTD: Detalhes completos registrados para SOJA3|SOJAT590 (Liquidez detectada)
src.infrastructure.providers.mercado_data_provider | DEBUG | RTD: preco_ativo SOJA3=5.39 forçado com sucesso
src.infrastructure.providers.mercado_data_provider | DEBUG | RTD: Detalhes completos registrados para PSSA3|PSSAT553 (Liquidez detectada)
src.infrastructure.providers.mercado_data_provider | DEBUG | RTD: preco_ativo PSSA3=53.61 forçado com sucesso
src.infrastructure.providers.mercado_data_provider | DEBUG | RTD: Detalhes completos registrados para ASAI3|ASAIT630 (Liquidez detectada)
src.infrastructure.providers.mercado_data_provider | DEBUG | RTD: preco_ativo ASAI3=8.21 forçado com sucesso
src.infrastructure.providers.mercado_data_provider | DEBUG | RTD: Detalhes completos registrados para VALE3|VALET651W2 (Liquidez detectada)
src.infrastructure.providers.mercado_data_provider | DEBUG | RTD: preco_ativo VALE3=75.11 forçado com sucesso
src.infrastructure.providers.mercado_data_provider | DEBUG | RTD: Detalhes completos registrados para VALE3|VALEM836 (Liquidez detectada)
src.infrastructure.providers.mercado_data_provider | DEBUG | RTD: preco_ativo VALE3=75.11 forçado com sucesso
src.infrastructure.providers.mercado_data_provider | DEBUG | RTD: Detalhes completos registrados para ALPA4|ALPAU724 (Liquidez detectada)
src.infrastructure.providers.mercado_data_provider | DEBUG | RTD: preco_ativo ALPA4=11.52 forçado com sucesso
src.infrastructure.providers.mercado_data_provider | DEBUG | RTD: Detalhes completos registrados para ALOS3|ALOSU221 (Liquidez detectada)
src.infrastructure.providers.mercado_data_provider | DEBUG | RTD: preco_ativo ALOS3=26.52 forçado com sucesso
src.infrastructure.providers.mercado_data_provider | DEBUG | RTD: Detalhes completos registrados para PRIO3|PRIOU665 (Liquidez detectada)
src.infrastructure.providers.mercado_data_provider | DEBUG | RTD: preco_ativo PRIO3=58.28 forçado com sucesso
src.infrastructure.providers.mercado_data_provider | DEBUG | RTD: Detalhes completos registrados para RDOR3|RDORU275 (Liquidez detectada)
src.infrastructure.providers.mercado_data_provider | DEBUG | RTD: preco_ativo RDOR3=33.85 forçado com sucesso
src.infrastructure.providers.mercado_data_provider | DEBUG | RTD: Detalhes completos registrados para ANIM3|ANIMU202 (Liquidez detectada)
src.infrastructure.providers.mercado_data_provider | DEBUG | RTD: preco_ativo ANIM3=2.23 forçado com sucesso
src.infrastructure.providers.mercado_data_provider | DEBUG | RTD: Detalhes completos registrados para VALE3|VALEU321 (Liquidez detectada)
src.infrastructure.providers.mercado_data_provider | DEBUG | RTD: preco_ativo VALE3=75.11 forçado com sucesso
src.infrastructure.providers.mercado_data_provider | DEBUG | RTD: Detalhes completos registrados para WEGE3|WEGET462W1 (Liquidez detectada)
src.infrastructure.providers.mercado_data_provider | DEBUG | RTD: preco_ativo WEGE3=45.77 forçado com sucesso
src.infrastructure.providers.mercado_data_provider | DEBUG | RTD: Detalhes completos registrados para ABEV3|ABEVV153 (Liquidez detectada)
src.infrastructure.providers.mercado_data_provider | DEBUG | RTD: preco_ativo ABEV3=16.03 forçado com sucesso
src.infrastructure.providers.mercado_data_provider | DEBUG | RTD: Detalhes completos registrados para TAEE11|TAEEU370 (Liquidez detectada)
src.infrastructure.providers.mercado_data_provider | DEBUG | RTD: preco_ativo TAEE11=39.12 forçado com sucesso
src.infrastructure.providers.mercado_data_provider | DEBUG | RTD: Detalhes completos registrados para SBFG3|SBFGT731 (Liquidez detectada)
src.infrastructure.providers.mercado_data_provider | DEBUG | RTD: preco_ativo SBFG3=9.37 forçado com sucesso
src.infrastructure.providers.mercado_data_provider | DEBUG | RTD: Detalhes completos registrados para SBSP3|SBSPX120 (Liquidez detectada)
src.infrastructure.providers.mercado_data_provider | DEBUG | RTD: preco_ativo SBSP3=27.14 forçado com sucesso
src.infrastructure.providers.mercado_data_provider | DEBUG | RTD: Detalhes completos registrados para ALPA4|ALPAU120 (Liquidez detectada)
src.infrastructure.providers.mercado_data_provider | DEBUG | RTD: preco_ativo ALPA4=11.52 forçado com sucesso
src.infrastructure.providers.mercado_data_provider | DEBUG | RTD: Detalhes completos registrados para ALUP11|ALUPT306 (Liquidez detectada)
src.infrastructure.providers.mercado_data_provider | DEBUG | RTD: preco_ativo ALUP11=32.48 forçado com sucesso
src.infrastructure.providers.mercado_data_provider | DEBUG | RTD: Detalhes completos registrados para ABEV3|ABEVU150 (Liquidez detectada)
src.infrastructure.providers.mercado_data_provider | DEBUG | RTD: preco_ativo ABEV3=16.03 forçado com sucesso
src.infrastructure.providers.mercado_data_provider | DEBUG | RTD: Detalhes completos registrados para USIM5|USIMT960 (Liquidez detectada)
src.infrastructure.providers.mercado_data_provider | DEBUG | RTD: preco_ativo USIM5=8.25 forçado com sucesso
src.infrastructure.providers.mercado_data_provider | DEBUG | RTD: Detalhes completos registrados para TEND3|TENDT207 (Liquidez detectada)
src.infrastructure.providers.mercado_data_provider | DEBUG | RTD: preco_ativo TEND3=29.13 forçado com sucesso
src.infrastructure.providers.mercado_data_provider | DEBUG | RTD: Detalhes completos registrados para ABEV3|ABEVT157 (Liquidez detectada)
src.infrastructure.providers.mercado_data_provider | DEBUG | RTD: preco_ativo ABEV3=16.03 forçado com sucesso
src.infrastructure.providers.mercado_data_provider | DEBUG | RTD: Detalhes completos registrados para SUZB3|SUZBX351 (Liquidez detectada)
src.infrastructure.providers.mercado_data_provider | DEBUG | RTD: preco_ativo SUZB3=42.65 forçado com sucesso
src.infrastructure.providers.mercado_data_provider | DEBUG | RTD: Detalhes completos registrados para ABEV3|ABEVT175 (Liquidez detectada)
src.infrastructure.providers.mercado_data_provider | DEBUG | RTD: preco_ativo ABEV3=16.03 forçado com sucesso
src.infrastructure.providers.mercado_data_provider | DEBUG | RTD: Detalhes completos registrados para PRIO3|PRIOU540 (Liquidez detectada)
src.infrastructure.providers.mercado_data_provider | DEBUG | RTD: preco_ativo PRIO3=58.28 forçado com sucesso
src.infrastructure.providers.mercado_data_provider | DEBUG | RTD: Detalhes completos registrados para PSSA3|PSSAT543 (Liquidez detectada)
src.infrastructure.providers.mercado_data_provider | DEBUG | RTD: preco_ativo PSSA3=53.61 forçado com sucesso
src.infrastructure.providers.mercado_data_provider | DEBUG | RTD: Detalhes completos registrados para PRIO3|PRIOU685 (Liquidez detectada)
src.infrastructure.providers.mercado_data_provider | DEBUG | RTD: preco_ativo PRIO3=58.28 forçado com sucesso
src.infrastructure.providers.mercado_data_provider | DEBUG | RTD: Detalhes completos registrados para ABEV3|ABEVV136 (Liquidez detectada)
src.infrastructure.providers.mercado_data_provider | DEBUG | RTD: preco_ativo ABEV3=16.03 forçado com sucesso
src.infrastructure.providers.mercado_data_provider | DEBUG | RTD: Detalhes completos registrados para ALUP11|ALUPT314 (Liquidez detectada)
src.infrastructure.providers.mercado_data_provider | DEBUG | RTD: preco_ativo ALUP11=32.48 forçado com sucesso
src.infrastructure.providers.mercado_data_provider | DEBUG | RTD: Detalhes completos registrados para ALUP11|ALUPU328 (Liquidez detectada)
src.infrastructure.providers.mercado_data_provider | DEBUG | RTD: preco_ativo ALUP11=32.48 forçado com sucesso
src.infrastructure.providers.mercado_data_provider | DEBUG | RTD: Detalhes completos registrados para ALOS3|ALOSV246 (Liquidez detectada)
src.infrastructure.providers.mercado_data_provider | DEBUG | RTD: preco_ativo ALOS3=26.52 forçado com sucesso
src.infrastructure.providers.mercado_data_provider | DEBUG | RTD: Detalhes completos registrados para UGPA3|UGPAU260 (Liquidez detectada)
src.infrastructure.providers.mercado_data_provider | DEBUG | RTD: preco_ativo UGPA3=32.13 forçado com sucesso
src.infrastructure.providers.mercado_data_provider | DEBUG | RTD: Detalhes completos registrados para RADL3|RADLT137 (Liquidez detectada)
src.infrastructure.providers.mercado_data_provider | DEBUG | RTD: preco_ativo RADL3=17.74 forçado com sucesso
src.infrastructure.providers.mercado_data_provider | DEBUG | RTD: Detalhes completos registrados para VALE3|VALET681W2 (Liquidez detectada)
src.infrastructure.providers.mercado_data_provider | DEBUG | RTD: preco_ativo VALE3=75.11 forçado com sucesso
src.infrastructure.providers.mercado_data_provider | DEBUG | RTD: Detalhes completos registrados para PRIO3|PRIOV650 (Liquidez detectada)
src.infrastructure.providers.mercado_data_provider | DEBUG | RTD: preco_ativo PRIO3=58.28 forçado com sucesso
src.infrastructure.providers.mercado_data_provider | DEBUG | RTD: Detalhes completos registrados para ALOS3|ALOST211 (Liquidez detectada)
src.infrastructure.providers.mercado_data_provider | DEBUG | RTD: preco_ativo ALOS3=26.52 forçado com sucesso
src.infrastructure.providers.mercado_data_provider | DEBUG | RTD: Detalhes completos registrados para SUZB3|SUZBT378 (Liquidez detectada)
src.infrastructure.providers.mercado_data_provider | DEBUG | RTD: preco_ativo SUZB3=42.65 forçado com sucesso
src.infrastructure.providers.mercado_data_provider | DEBUG | RTD: Detalhes completos registrados para PRIO3|PRIOM630 (Liquidez detectada)
src.infrastructure.providers.mercado_data_provider | DEBUG | RTD: preco_ativo PRIO3=58.28 forçado com sucesso
src.infrastructure.providers.mercado_data_provider | DEBUG | RTD: Detalhes completos registrados para ALOS3|ALOSV261 (Liquidez detectada)
src.infrastructure.providers.mercado_data_provider | DEBUG | RTD: preco_ativo ALOS3=26.52 forçado com sucesso
src.infrastructure.providers.mercado_data_provider | DEBUG | RTD: Detalhes completos registrados para PSSA3|PSSAU451 (Liquidez detectada)
src.infrastructure.providers.mercado_data_provider | DEBUG | RTD: preco_ativo PSSA3=53.61 forçado com sucesso
src.infrastructure.providers.mercado_data_provider | DEBUG | RTD: Detalhes completos registrados para VALE3|VALEV830 (Liquidez detectada)
src.infrastructure.providers.mercado_data_provider | DEBUG | RTD: preco_ativo VALE3=75.11 forçado com sucesso
src.infrastructure.providers.mercado_data_provider | DEBUG | RTD: Detalhes completos registrados para WEGE3|WEGET487 (Liquidez detectada)
src.infrastructure.providers.mercado_data_provider | DEBUG | RTD: preco_ativo WEGE3=45.77 forçado com sucesso
src.infrastructure.providers.mercado_data_provider | DEBUG | RTD: Detalhes completos registrados para ALPA4|ALPAU100 (Liquidez detectada)
src.infrastructure.providers.mercado_data_provider | DEBUG | RTD: preco_ativo ALPA4=11.52 forçado com sucesso
src.infrastructure.providers.mercado_data_provider | DEBUG | RTD: Detalhes completos registrados para SMAL11|SMALT111 (Liquidez detectada)
src.infrastructure.providers.mercado_data_provider | DEBUG | RTD: preco_ativo SMAL11=105.34 forçado com sucesso
src.infrastructure.providers.mercado_data_provider | DEBUG | RTD: Detalhes completos registrados para VALE3|VALET269 (Liquidez detectada)
src.infrastructure.providers.mercado_data_provider | DEBUG | RTD: preco_ativo VALE3=75.11 forçado com sucesso
src.infrastructure.providers.mercado_data_provider | DEBUG | RTD: Detalhes completos registrados para UGPA3|UGPAT292 (Liquidez detectada)
src.infrastructure.providers.mercado_data_provider | DEBUG | RTD: preco_ativo UGPA3=32.13 forçado com sucesso
src.infrastructure.providers.mercado_data_provider | DEBUG | RTD: Detalhes completos registrados para ABCB4|ABCBT240 (Liquidez detectada)
src.infrastructure.providers.mercado_data_provider | DEBUG | RTD: preco_ativo ABCB4=23.68 forçado com sucesso
src.infrastructure.providers.mercado_data_provider | DEBUG | RTD: Detalhes completos registrados para VALE3|VALET811W2 (Liquidez detectada)
src.infrastructure.providers.mercado_data_provider | DEBUG | RTD: preco_ativo VALE3=75.11 forçado com sucesso
src.infrastructure.providers.mercado_data_provider | DEBUG | RTD: Detalhes completos registrados para ALOS3|ALOST276W2 (Liquidez detectada)
src.infrastructure.providers.mercado_data_provider | DEBUG | RTD: preco_ativo ALOS3=26.52 forçado com sucesso
src.infrastructure.providers.mercado_data_provider | DEBUG | RTD: Detalhes completos registrados para ABCB4|ABCBU219 (Liquidez detectada)
src.infrastructure.providers.mercado_data_provider | DEBUG | RTD: preco_ativo ABCB4=23.68 forçado com sucesso
src.infrastructure.providers.mercado_data_provider | DEBUG | RTD: Detalhes completos registrados para TEND3|TENDT262 (Liquidez detectada)
src.infrastructure.providers.mercado_data_provider | DEBUG | RTD: preco_ativo TEND3=29.13 forçado com sucesso
src.infrastructure.providers.mercado_data_provider | DEBUG | RTD: Detalhes completos registrados para PETR4|PETRU596 (Liquidez detectada)
src.infrastructure.providers.mercado_data_provider | DEBUG | RTD: preco_ativo PETR4=41.93 forçado com sucesso
src.infrastructure.providers.mercado_data_provider | DEBUG | RTD: Detalhes completos registrados para KLBN11|KLBNT183 (Liquidez detectada)
src.infrastructure.providers.mercado_data_provider | DEBUG | RTD: preco_ativo KLBN11=18.02 forçado com sucesso
src.infrastructure.providers.mercado_data_provider | DEBUG | RTD: Detalhes completos registrados para PETR4|PETRT348W2 (Liquidez detectada)
src.infrastructure.providers.mercado_data_provider | DEBUG | RTD: preco_ativo PETR4=41.93 forçado com sucesso
src.infrastructure.providers.mercado_data_provider | DEBUG | RTD: Detalhes completos registrados para PSSA3|PSSAT476 (Liquidez detectada)
src.infrastructure.providers.mercado_data_provider | DEBUG | RTD: preco_ativo PSSA3=53.61 forçado com sucesso
src.infrastructure.providers.mercado_data_provider | DEBUG | RTD: Detalhes completos registrados para AGRO3|AGROU177 (Liquidez detectada)
src.infrastructure.providers.mercado_data_provider | DEBUG | RTD: preco_ativo AGRO3=18.97 forçado com sucesso
src.infrastructure.providers.mercado_data_provider | DEBUG | RTD: Detalhes completos registrados para ITSA4|ITSAV133 (Liquidez detectada)
src.infrastructure.providers.mercado_data_provider | DEBUG | RTD: preco_ativo ITSA4=13.53 forçado com sucesso
src.infrastructure.providers.mercado_data_provider | DEBUG | RTD: Detalhes completos registrados para RAIL3|RAILT149 (Liquidez detectada)
src.infrastructure.providers.mercado_data_provider | DEBUG | RTD: preco_ativo RAIL3=13.97 forçado com sucesso
src.infrastructure.providers.mercado_data_provider | DEBUG | RTD: Detalhes completos registrados para BRAP4|BRAPU207 (Liquidez detectada)
src.infrastructure.providers.mercado_data_provider | DEBUG | RTD: preco_ativo BRAP4=21.68 forçado com sucesso
src.infrastructure.providers.mercado_data_provider | DEBUG | RTD: Detalhes completos registrados para PRIO3|PRIOT460W1 (Liquidez detectada)
src.infrastructure.providers.mercado_data_provider | DEBUG | RTD: preco_ativo PRIO3=58.28 forçado com sucesso
src.infrastructure.providers.mercado_data_provider | DEBUG | RTD: Detalhes completos registrados para PRIO3|PRIOT480W1 (Liquidez detectada)
src.infrastructure.providers.mercado_data_provider | DEBUG | RTD: preco_ativo PRIO3=58.28 forçado com sucesso
src.infrastructure.providers.mercado_data_provider | DEBUG | RTD: Detalhes completos registrados para BBAS3|BBASU206 (Liquidez detectada)
src.infrastructure.providers.mercado_data_provider | DEBUG | RTD: preco_ativo BBAS3=20.82 forçado com sucesso
src.infrastructure.providers.mercado_data_provider | DEBUG | RTD: Detalhes completos registrados para ENEV3|ENEVU290 (Liquidez detectada)
src.infrastructure.providers.mercado_data_provider | DEBUG | RTD: preco_ativo ENEV3=25.93 forçado com sucesso
src.infrastructure.providers.mercado_data_provider | DEBUG | RTD: Detalhes completos registrados para PRIO3|PRIOT407 (Liquidez detectada)
src.infrastructure.providers.mercado_data_provider | DEBUG | RTD: preco_ativo PRIO3=58.28 forçado com sucesso
src.infrastructure.providers.mercado_data_provider | DEBUG | RTD: Detalhes completos registrados para AXIA3|AXIAU524 (Liquidez detectada)
src.infrastructure.providers.mercado_data_provider | DEBUG | RTD: preco_ativo AXIA3=51.42 forçado com sucesso
src.infrastructure.providers.mercado_data_provider | DEBUG | RTD: Detalhes completos registrados para LJQQ3|LJQQU105 (Liquidez detectada)
src.infrastructure.providers.mercado_data_provider | DEBUG | RTD: preco_ativo LJQQ3=1.20 forçado com sucesso
src.infrastructure.providers.mercado_data_provider | DEBUG | RTD: Detalhes completos registrados para PRIO3|PRIOU530 (Liquidez detectada)
src.infrastructure.providers.mercado_data_provider | DEBUG | RTD: preco_ativo PRIO3=58.28 forçado com sucesso
src.infrastructure.providers.mercado_data_provider | DEBUG | RTD: Detalhes completos registrados para BEEF3|BEEFU405 (Liquidez detectada)
src.infrastructure.providers.mercado_data_provider | DEBUG | RTD: preco_ativo BEEF3=3.47 forçado com sucesso
src.infrastructure.providers.mercado_data_provider | DEBUG | RTD: Detalhes completos registrados para CSNA3|CSNAM681 (Liquidez detectada)
src.infrastructure.providers.mercado_data_provider | DEBUG | RTD: preco_ativo CSNA3=5.28 forçado com sucesso
src.infrastructure.providers.mercado_data_provider | DEBUG | RTD: Detalhes completos registrados para BBDC4|BBDCT169 (Liquidez detectada)
src.infrastructure.providers.mercado_data_provider | DEBUG | RTD: preco_ativo BBDC4=18.38 forçado com sucesso
src.infrastructure.providers.mercado_data_provider | DEBUG | RTD: Detalhes completos registrados para CXSE3|CXSET1 (Liquidez detectada)
src.infrastructure.providers.mercado_data_provider | DEBUG | RTD: preco_ativo CXSE3=20.41 forçado com sucesso
src.infrastructure.providers.mercado_data_provider | DEBUG | RTD: Detalhes completos registrados para B3SA3|B3SAT107 (Liquidez detectada)
src.infrastructure.providers.mercado_data_provider | DEBUG | RTD: preco_ativo B3SA3=15.47 forçado com sucesso
src.infrastructure.providers.mercado_data_provider | DEBUG | RTD: Detalhes completos registrados para CSNA3|CSNAT347 (Liquidez detectada)
src.infrastructure.providers.mercado_data_provider | DEBUG | RTD: preco_ativo CSNA3=5.28 forçado com sucesso
src.infrastructure.providers.mercado_data_provider | DEBUG | RTD: Detalhes completos registrados para JHSF3|JHSFU104 (Liquidez detectada)
src.infrastructure.providers.mercado_data_provider | DEBUG | RTD: preco_ativo JHSF3=10.67 forçado com sucesso
src.infrastructure.providers.mercado_data_provider | DEBUG | RTD: Detalhes completos registrados para RDOR3|RDORU265 (Liquidez detectada)
src.infrastructure.providers.mercado_data_provider | DEBUG | RTD: preco_ativo RDOR3=33.85 forçado com sucesso
src.infrastructure.providers.mercado_data_provider | DEBUG | RTD: Detalhes completos registrados para CSMG3|CSMGT673 (Liquidez detectada)
src.infrastructure.providers.mercado_data_provider | DEBUG | RTD: preco_ativo CSMG3=61.93 forçado com sucesso
src.infrastructure.providers.mercado_data_provider | DEBUG | RTD: Detalhes completos registrados para MGLU3|MGLUU290 (Liquidez detectada)
src.infrastructure.providers.mercado_data_provider | DEBUG | RTD: preco_ativo MGLU3=4.76 forçado com sucesso
src.infrastructure.providers.mercado_data_provider | DEBUG | RTD: Detalhes completos registrados para EGIE3|EGIEU312 (Liquidez detectada)
src.infrastructure.providers.mercado_data_provider | DEBUG | RTD: preco_ativo EGIE3=29.41 forçado com sucesso
src.infrastructure.providers.mercado_data_provider | DEBUG | RTD: Detalhes completos registrados para CSAN3|CSANT265 (Liquidez detectada)
src.infrastructure.providers.mercado_data_provider | DEBUG | RTD: preco_ativo CSAN3=3.92 forçado com sucesso
src.infrastructure.providers.mercado_data_provider | DEBUG | RTD: Detalhes completos registrados para BBAS3|BBAST150 (Liquidez detectada)
src.infrastructure.providers.mercado_data_provider | DEBUG | RTD: preco_ativo BBAS3=20.82 forçado com sucesso
src.infrastructure.providers.mercado_data_provider | DEBUG | RTD: Detalhes completos registrados para MGLU3|MGLUU530 (Liquidez detectada)
src.infrastructure.providers.mercado_data_provider | DEBUG | RTD: preco_ativo MGLU3=4.76 forçado com sucesso
src.infrastructure.providers.mercado_data_provider | DEBUG | RTD: Detalhes completos registrados para CSNA3|CSNAU440 (Liquidez detectada)
src.infrastructure.providers.mercado_data_provider | DEBUG | RTD: preco_ativo CSNA3=5.28 forçado com sucesso
src.infrastructure.providers.mercado_data_provider | DEBUG | RTD: Detalhes completos registrados para MDIA3|MDIAU135 (Liquidez detectada)
src.infrastructure.providers.mercado_data_provider | DEBUG | RTD: preco_ativo MDIA3=17.04 forçado com sucesso
src.infrastructure.providers.mercado_data_provider | DEBUG | RTD: Detalhes completos registrados para CPLE3|CPLEV125 (Liquidez detectada)
src.infrastructure.providers.mercado_data_provider | DEBUG | RTD: preco_ativo CPLE3=14.67 forçado com sucesso
src.infrastructure.providers.mercado_data_provider | DEBUG | RTD: Detalhes completos registrados para PRIO3|PRIOT430 (Liquidez detectada)
src.infrastructure.providers.mercado_data_provider | DEBUG | RTD: preco_ativo PRIO3=58.28 forçado com sucesso
src.infrastructure.providers.mercado_data_provider | DEBUG | RTD: Detalhes completos registrados para BRAV3|BRAVU160 (Liquidez detectada)
src.infrastructure.providers.mercado_data_provider | DEBUG | RTD: preco_ativo BRAV3=20.86 forçado com sucesso
src.infrastructure.providers.mercado_data_provider | DEBUG | RTD: Detalhes completos registrados para PETR3|PETRU493 (Liquidez detectada)
src.infrastructure.providers.mercado_data_provider | DEBUG | RTD: preco_ativo PETR3=47.42 forçado com sucesso
src.infrastructure.providers.mercado_data_provider | DEBUG | RTD: Detalhes completos registrados para FLRY3|FLRYU136 (Liquidez detectada)
src.infrastructure.providers.mercado_data_provider | DEBUG | RTD: preco_ativo FLRY3=16.80 forçado com sucesso
src.infrastructure.providers.mercado_data_provider | DEBUG | RTD: Detalhes completos registrados para VULC3|VULCT140 (Liquidez detectada)
src.infrastructure.providers.mercado_data_provider | DEBUG | RTD: preco_ativo VULC3=13.91 forçado com sucesso
src.infrastructure.providers.mercado_data_provider | DEBUG | RTD: Detalhes completos registrados para ALOS3|ALOSU201 (Liquidez detectada)
src.infrastructure.providers.mercado_data_provider | DEBUG | RTD: preco_ativo ALOS3=26.52 forçado com sucesso
src.infrastructure.providers.mercado_data_provider | DEBUG | RTD: Detalhes completos registrados para ABEV3|ABEVT125 (Liquidez detectada)
src.infrastructure.providers.mercado_data_provider | DEBUG | RTD: preco_ativo ABEV3=16.03 forçado com sucesso
src.infrastructure.providers.mercado_data_provider | DEBUG | RTD: Detalhes completos registrados para CPFE3|CPFET47 (Liquidez detectada)
src.infrastructure.providers.mercado_data_provider | DEBUG | RTD: preco_ativo CPFE3=45.23 forçado com sucesso
src.infrastructure.providers.mercado_data_provider | DEBUG | RTD: Detalhes completos registrados para LJQQ3|LJQQU145 (Liquidez detectada)
src.infrastructure.providers.mercado_data_provider | DEBUG | RTD: preco_ativo LJQQ3=1.20 forçado com sucesso
src.infrastructure.providers.mercado_data_provider | DEBUG | RTD: Detalhes completos registrados para EZTC3|EZTCU120 (Liquidez detectada)
src.infrastructure.providers.mercado_data_provider | DEBUG | RTD: preco_ativo EZTC3=11.16 forçado com sucesso
src.infrastructure.providers.mercado_data_provider | DEBUG | RTD: Detalhes completos registrados para EMBJ3|EMBJU320 (Liquidez detectada)
src.infrastructure.providers.mercado_data_provider | DEBUG | RTD: preco_ativo EMBJ3=86.64 forçado com sucesso
src.infrastructure.providers.mercado_data_provider | DEBUG | RTD: Detalhes completos registrados para CSNA3|CSNAV490 (Liquidez detectada)
src.infrastructure.providers.mercado_data_provider | DEBUG | RTD: preco_ativo CSNA3=5.28 forçado com sucesso
src.infrastructure.providers.mercado_data_provider | DEBUG | RTD: Detalhes completos registrados para ENEV3|ENEVU165 (Liquidez detectada)
src.infrastructure.providers.mercado_data_provider | DEBUG | RTD: preco_ativo ENEV3=25.93 forçado com sucesso
src.infrastructure.providers.mercado_data_provider | DEBUG | RTD: Detalhes completos registrados para ISAE4|ISAET24 (Liquidez detectada)
src.infrastructure.providers.mercado_data_provider | DEBUG | RTD: preco_ativo ISAE4=26.51 forçado com sucesso
src.infrastructure.providers.mercado_data_provider | DEBUG | RTD: Detalhes completos registrados para PETR4|PETRT327 (Liquidez detectada)
src.infrastructure.providers.mercado_data_provider | DEBUG | RTD: preco_ativo PETR4=41.93 forçado com sucesso
src.infrastructure.providers.mercado_data_provider | DEBUG | RTD: Detalhes completos registrados para RAIL3|RAILT105 (Liquidez detectada)
src.infrastructure.providers.mercado_data_provider | DEBUG | RTD: preco_ativo RAIL3=13.97 forçado com sucesso
src.infrastructure.providers.mercado_data_provider | DEBUG | RTD: Detalhes completos registrados para PRIO3|PRIOU325 (Liquidez detectada)
src.infrastructure.providers.mercado_data_provider | DEBUG | RTD: preco_ativo PRIO3=58.28 forçado com sucesso
src.infrastructure.providers.mercado_data_provider | DEBUG | RTD: Detalhes completos registrados para BRAV3|BRAVU115 (Liquidez detectada)
src.infrastructure.providers.mercado_data_provider | DEBUG | RTD: preco_ativo BRAV3=20.86 forçado com sucesso
src.infrastructure.providers.mercado_data_provider | DEBUG | RTD: Detalhes completos registrados para EVEN3|EVENX60 (Liquidez detectada)
src.infrastructure.providers.mercado_data_provider | DEBUG | RTD: preco_ativo EVEN3=4.82 forçado com sucesso
src.infrastructure.providers.mercado_data_provider | DEBUG | RTD: Detalhes completos registrados para PETR4|PETRX194 (Liquidez detectada)
src.infrastructure.providers.mercado_data_provider | DEBUG | RTD: preco_ativo PETR4=41.93 forçado com sucesso
src.infrastructure.providers.mercado_data_provider | DEBUG | RTD: Detalhes completos registrados para GGBR4|GGBRT271 (Liquidez detectada)
src.infrastructure.providers.mercado_data_provider | DEBUG | RTD: preco_ativo GGBR4=24.82 forçado com sucesso
src.infrastructure.providers.mercado_data_provider | DEBUG | RTD: Detalhes completos registrados para ABEV3|ABEVT184 (Liquidez detectada)
src.infrastructure.providers.mercado_data_provider | DEBUG | RTD: preco_ativo ABEV3=16.03 forçado com sucesso
src.infrastructure.providers.mercado_data_provider | DEBUG | RTD: Detalhes completos registrados para LJQQ3|LJQQU700 (Liquidez detectada)
src.infrastructure.providers.mercado_data_provider | DEBUG | RTD: preco_ativo LJQQ3=1.20 forçado com sucesso
src.infrastructure.providers.mercado_data_provider | DEBUG | RTD: Detalhes completos registrados para HAPV3|HAPVT110W1 (Liquidez detectada)
src.infrastructure.providers.mercado_data_provider | DEBUG | RTD: preco_ativo HAPV3=10.51 forçado com sucesso
src.infrastructure.providers.mercado_data_provider | DEBUG | RTD: Detalhes completos registrados para ENGI11|ENGIU463 (Liquidez detectada)
src.infrastructure.providers.mercado_data_provider | DEBUG | RTD: preco_ativo ENGI11=49.01 forçado com sucesso
src.infrastructure.providers.mercado_data_provider | DEBUG | RTD: Detalhes completos registrados para EQTL3|EQTLU317 (Liquidez detectada)
src.infrastructure.providers.mercado_data_provider | DEBUG | RTD: preco_ativo EQTL3=38.00 forçado com sucesso
src.infrastructure.providers.mercado_data_provider | DEBUG | RTD: Detalhes completos registrados para BBSE3|BBSET441 (Liquidez detectada)
src.infrastructure.providers.mercado_data_provider | DEBUG | RTD: preco_ativo BBSE3=41.17 forçado com sucesso
src.infrastructure.providers.mercado_data_provider | DEBUG | RTD: Detalhes completos registrados para BBAS3|BBASV175 (Liquidez detectada)
src.infrastructure.providers.mercado_data_provider | DEBUG | RTD: preco_ativo BBAS3=20.82 forçado com sucesso
src.infrastructure.providers.mercado_data_provider | DEBUG | RTD: Detalhes completos registrados para CEAB3|CEABU842 (Liquidez detectada)
src.infrastructure.providers.mercado_data_provider | DEBUG | RTD: preco_ativo CEAB3=9.17 forçado com sucesso
src.infrastructure.providers.mercado_data_provider | DEBUG | RTD: Detalhes completos registrados para EMBJ3|EMBJT415 (Liquidez detectada)
src.infrastructure.providers.mercado_data_provider | DEBUG | RTD: preco_ativo EMBJ3=86.64 forçado com sucesso
src.infrastructure.providers.mercado_data_provider | DEBUG | RTD: Detalhes completos registrados para BBDC4|BBDCT125W2 (Liquidez detectada)
src.infrastructure.providers.mercado_data_provider | DEBUG | RTD: preco_ativo BBDC4=18.38 forçado com sucesso
src.infrastructure.providers.mercado_data_provider | DEBUG | RTD: Detalhes completos registrados para RENT3|RENTT407 (Liquidez detectada)
src.infrastructure.providers.mercado_data_provider | DEBUG | RTD: preco_ativo RENT3=37.32 forçado com sucesso
src.infrastructure.providers.mercado_data_provider | DEBUG | RTD: Detalhes completos registrados para EMBJ3|EMBJT433 (Liquidez detectada)
src.infrastructure.providers.mercado_data_provider | DEBUG | RTD: preco_ativo EMBJ3=86.64 forçado com sucesso
src.infrastructure.providers.mercado_data_provider | DEBUG | RTD: Detalhes completos registrados para TEND3|TENDU265 (Liquidez detectada)
src.infrastructure.providers.mercado_data_provider | DEBUG | RTD: preco_ativo TEND3=29.13 forçado com sucesso
src.infrastructure.providers.mercado_data_provider | DEBUG | RTD: Detalhes completos registrados para POMO4|POMOT414 (Liquidez detectada)
src.infrastructure.providers.mercado_data_provider | DEBUG | RTD: preco_ativo POMO4=5.33 forçado com sucesso
src.infrastructure.providers.mercado_data_provider | DEBUG | RTD: Detalhes completos registrados para VALE3|VALEU500 (Liquidez detectada)
src.infrastructure.providers.mercado_data_provider | DEBUG | RTD: preco_ativo VALE3=75.11 forçado com sucesso
src.infrastructure.providers.mercado_data_provider | DEBUG | RTD: Detalhes completos registrados para VALE3|VALET761W1 (Liquidez detectada)
src.infrastructure.providers.mercado_data_provider | DEBUG | RTD: preco_ativo VALE3=75.11 forçado com sucesso
src.infrastructure.providers.mercado_data_provider | DEBUG | RTD: Detalhes completos registrados para BBDC4|BBDCX208 (Liquidez detectada)
src.infrastructure.providers.mercado_data_provider | DEBUG | RTD: preco_ativo BBDC4=18.38 forçado com sucesso
src.infrastructure.providers.mercado_data_provider | DEBUG | RTD: Detalhes completos registrados para BBDC4|BBDCT211 (Liquidez detectada)
src.infrastructure.providers.mercado_data_provider | DEBUG | RTD: preco_ativo BBDC4=18.38 forçado com sucesso
src.infrastructure.providers.mercado_data_provider | DEBUG | RTD: Detalhes completos registrados para KEPL3|KEPLX700 (Liquidez detectada)
src.infrastructure.providers.mercado_data_provider | DEBUG | RTD: preco_ativo KEPL3=6.42 forçado com sucesso
src.infrastructure.providers.mercado_data_provider | DEBUG | RTD: Detalhes completos registrados para BBAS3|BBASW174 (Liquidez detectada)
src.infrastructure.providers.mercado_data_provider | DEBUG | RTD: preco_ativo BBAS3=20.82 forçado com sucesso
src.infrastructure.providers.mercado_data_provider | DEBUG | RTD: Detalhes completos registrados para HAPV3|HAPVT990 (Liquidez detectada)
src.infrastructure.providers.mercado_data_provider | DEBUG | RTD: preco_ativo HAPV3=10.51 forçado com sucesso
src.infrastructure.providers.mercado_data_provider | DEBUG | RTD: Detalhes completos registrados para HAPV3|HAPVT330 (Liquidez detectada)
src.infrastructure.providers.mercado_data_provider | DEBUG | RTD: preco_ativo HAPV3=10.51 forçado com sucesso
src.infrastructure.providers.mercado_data_provider | DEBUG | RTD: Detalhes completos registrados para KLBN11|KLBNU174 (Liquidez detectada)
src.infrastructure.providers.mercado_data_provider | DEBUG | RTD: preco_ativo KLBN11=18.02 forçado com sucesso
src.infrastructure.providers.mercado_data_provider | DEBUG | RTD: Detalhes completos registrados para EMBJ3|EMBJT920W2 (Liquidez detectada)
src.infrastructure.providers.mercado_data_provider | DEBUG | RTD: preco_ativo EMBJ3=86.64 forçado com sucesso
src.infrastructure.providers.mercado_data_provider | DEBUG | RTD: Detalhes completos registrados para SAPR11|SAPRT306 (Liquidez detectada)
src.infrastructure.providers.mercado_data_provider | DEBUG | RTD: preco_ativo SAPR11=35.67 forçado com sucesso
src.infrastructure.providers.mercado_data_provider | DEBUG | RTD: Detalhes completos registrados para RECV3|RECVX104 (Liquidez detectada)
src.infrastructure.providers.mercado_data_provider | DEBUG | RTD: preco_ativo RECV3=10.36 forçado com sucesso
src.infrastructure.providers.mercado_data_provider | DEBUG | RTD: Detalhes completos registrados para DIRR3|DIRRU112 (Liquidez detectada)
src.infrastructure.providers.mercado_data_provider | DEBUG | RTD: preco_ativo DIRR3=11.10 forçado com sucesso
src.infrastructure.providers.mercado_data_provider | DEBUG | RTD: Detalhes completos registrados para DIRR3|DIRRT978 (Liquidez detectada)
src.infrastructure.providers.mercado_data_provider | DEBUG | RTD: preco_ativo DIRR3=11.10 forçado com sucesso
src.infrastructure.providers.mercado_data_provider | DEBUG | RTD: Detalhes completos registrados para PRIO3|PRIOU335 (Liquidez detectada)
src.infrastructure.providers.mercado_data_provider | DEBUG | RTD: preco_ativo PRIO3=58.28 forçado com sucesso
src.infrastructure.providers.mercado_data_provider | DEBUG | RTD: Detalhes completos registrados para PETR4|PETRM456 (Liquidez detectada)
src.infrastructure.providers.mercado_data_provider | DEBUG | RTD: preco_ativo PETR4=41.93 forçado com sucesso
src.infrastructure.providers.mercado_data_provider | DEBUG | RTD: Detalhes completos registrados para CEAB3|CEABU822 (Liquidez detectada)
src.infrastructure.providers.mercado_data_provider | DEBUG | RTD: preco_ativo CEAB3=9.17 forçado com sucesso
src.infrastructure.providers.mercado_data_provider | DEBUG | RTD: Detalhes completos registrados para MRVE3|MRVEU450 (Liquidez detectada)
src.infrastructure.providers.mercado_data_provider | DEBUG | RTD: preco_ativo MRVE3=4.56 forçado com sucesso
src.infrastructure.providers.mercado_data_provider | DEBUG | RTD: Detalhes completos registrados para LEVE3|LEVEU298 (Liquidez detectada)
src.infrastructure.providers.mercado_data_provider | DEBUG | RTD: preco_ativo LEVE3=31.27 forçado com sucesso
src.infrastructure.providers.mercado_data_provider | DEBUG | RTD: Detalhes completos registrados para EMBJ3|EMBJT738W1 (Liquidez detectada)
src.infrastructure.providers.mercado_data_provider | DEBUG | RTD: preco_ativo EMBJ3=86.64 forçado com sucesso
src.infrastructure.providers.mercado_data_provider | DEBUG | RTD: Detalhes completos registrados para ASAI3|ASAIT650 (Liquidez detectada)
src.infrastructure.providers.mercado_data_provider | DEBUG | RTD: preco_ativo ASAI3=8.21 forçado com sucesso
src.infrastructure.providers.mercado_data_provider | DEBUG | RTD: Detalhes completos registrados para ASAI3|ASAIT700 (Liquidez detectada)
src.infrastructure.providers.mercado_data_provider | DEBUG | RTD: preco_ativo ASAI3=8.21 forçado com sucesso
src.infrastructure.providers.mercado_data_provider | DEBUG | RTD: Detalhes completos registrados para BEEF3|BEEFU372 (Liquidez detectada)
src.infrastructure.providers.mercado_data_provider | DEBUG | RTD: preco_ativo BEEF3=3.47 forçado com sucesso
src.infrastructure.providers.mercado_data_provider | DEBUG | RTD: Detalhes completos registrados para BPAC11|BPACT551W2 (Liquidez detectada)
src.infrastructure.providers.mercado_data_provider | DEBUG | RTD: preco_ativo BPAC11=55.03 forçado com sucesso
src.infrastructure.providers.mercado_data_provider | DEBUG | RTD: Detalhes completos registrados para COGN3|COGNT163 (Liquidez detectada)
src.infrastructure.providers.mercado_data_provider | DEBUG | RTD: preco_ativo COGN3=2.19 forçado com sucesso
src.infrastructure.providers.mercado_data_provider | DEBUG | RTD: Detalhes completos registrados para MYPK3|MYPKU985 (Liquidez detectada)
src.infrastructure.providers.mercado_data_provider | DEBUG | RTD: preco_ativo MYPK3=9.43 forçado com sucesso
src.infrastructure.providers.mercado_data_provider | DEBUG | RTD: Detalhes completos registrados para ALUP11|ALUPU264 (Liquidez detectada)
src.infrastructure.providers.mercado_data_provider | DEBUG | RTD: preco_ativo ALUP11=32.48 forçado com sucesso
src.infrastructure.providers.mercado_data_provider | DEBUG | RTD: Detalhes completos registrados para ENEV3|ENEVU230 (Liquidez detectada)
src.infrastructure.providers.mercado_data_provider | DEBUG | RTD: preco_ativo ENEV3=25.93 forçado com sucesso
src.infrastructure.providers.mercado_data_provider | DEBUG | RTD: Detalhes completos registrados para IRBR3|IRBRT463W1 (Liquidez detectada)
src.infrastructure.providers.mercado_data_provider | DEBUG | RTD: preco_ativo IRBR3=53.33 forçado com sucesso
src.infrastructure.providers.mercado_data_provider | DEBUG | RTD: Detalhes completos registrados para IRBR3|IRBRT426 (Liquidez detectada)
src.infrastructure.providers.mercado_data_provider | DEBUG | RTD: preco_ativo IRBR3=53.33 forçado com sucesso
src.infrastructure.providers.mercado_data_provider | DEBUG | RTD: Detalhes completos registrados para LJQQ3|LJQQW20 (Liquidez detectada)
src.infrastructure.providers.mercado_data_provider | DEBUG | RTD: preco_ativo LJQQ3=1.20 forçado com sucesso
src.infrastructure.providers.mercado_data_provider | DEBUG | RTD: Detalhes completos registrados para WEGE3|WEGET420 (Liquidez detectada)
src.infrastructure.providers.mercado_data_provider | DEBUG | RTD: preco_ativo WEGE3=45.77 forçado com sucesso
src.infrastructure.providers.mercado_data_provider | DEBUG | RTD: Detalhes completos registrados para ITUB4|ITUBW44 (Liquidez detectada)
src.infrastructure.providers.mercado_data_provider | DEBUG | RTD: preco_ativo ITUB4=42.01 forçado com sucesso
src.infrastructure.providers.mercado_data_provider | DEBUG | RTD: Detalhes completos registrados para BBAS3|BBASV235 (Liquidez detectada)
src.infrastructure.providers.mercado_data_provider | DEBUG | RTD: preco_ativo BBAS3=20.82 forçado com sucesso
src.infrastructure.providers.mercado_data_provider | DEBUG | RTD: Detalhes completos registrados para MGLU3|MGLUW335 (Liquidez detectada)
src.infrastructure.providers.mercado_data_provider | DEBUG | RTD: preco_ativo MGLU3=4.76 forçado com sucesso
src.infrastructure.providers.mercado_data_provider | DEBUG | RTD: Detalhes completos registrados para SUZB3|SUZBT383W2 (Liquidez detectada)
src.infrastructure.providers.mercado_data_provider | DEBUG | RTD: preco_ativo SUZB3=42.65 forçado com sucesso
src.infrastructure.providers.mercado_data_provider | DEBUG | RTD: Detalhes completos registrados para RENT3|RENTT443 (Liquidez detectada)
src.infrastructure.providers.mercado_data_provider | DEBUG | RTD: preco_ativo RENT3=37.32 forçado com sucesso
src.infrastructure.providers.mercado_data_provider | DEBUG | RTD: Detalhes completos registrados para GOAU4|GOAUT807 (Liquidez detectada)
src.infrastructure.providers.mercado_data_provider | DEBUG | RTD: preco_ativo GOAU4=10.75 forçado com sucesso
src.infrastructure.providers.mercado_data_provider | DEBUG | RTD: Detalhes completos registrados para SBSP3|SBSPT245 (Liquidez detectada)
src.infrastructure.providers.mercado_data_provider | DEBUG | RTD: preco_ativo SBSP3=27.14 forçado com sucesso
src.infrastructure.providers.mercado_data_provider | DEBUG | RTD: Detalhes completos registrados para PSSA3|PSSAU458 (Liquidez detectada)
src.infrastructure.providers.mercado_data_provider | DEBUG | RTD: preco_ativo PSSA3=53.61 forçado com sucesso
src.infrastructure.providers.mercado_data_provider | DEBUG | RTD: Detalhes completos registrados para MGLU3|MGLUM504 (Liquidez detectada)
src.infrastructure.providers.mercado_data_provider | DEBUG | RTD: preco_ativo MGLU3=4.76 forçado com sucesso
src.infrastructure.providers.mercado_data_provider | DEBUG | RTD: Detalhes completos registrados para PETR4|PETRT366W1 (Liquidez detectada)
src.infrastructure.providers.mercado_data_provider | DEBUG | RTD: preco_ativo PETR4=41.93 forçado com sucesso
src.infrastructure.providers.mercado_data_provider | DEBUG | RTD: Detalhes completos registrados para ITUB4|ITUBT366 (Liquidez detectada)
src.infrastructure.providers.mercado_data_provider | DEBUG | RTD: preco_ativo ITUB4=42.01 forçado com sucesso
src.infrastructure.providers.mercado_data_provider | DEBUG | RTD: Detalhes completos registrados para COGN3|COGNT236W2 (Liquidez detectada)
src.infrastructure.providers.mercado_data_provider | DEBUG | RTD: preco_ativo COGN3=2.19 forçado com sucesso
src.infrastructure.providers.mercado_data_provider | DEBUG | RTD: Detalhes completos registrados para ENEV3|ENEVT202 (Liquidez detectada)
src.infrastructure.providers.mercado_data_provider | DEBUG | RTD: preco_ativo ENEV3=25.93 forçado com sucesso
src.infrastructure.providers.mercado_data_provider | DEBUG | RTD: Detalhes completos registrados para JHSF3|JHSFT988 (Liquidez detectada)
src.infrastructure.providers.mercado_data_provider | DEBUG | RTD: preco_ativo JHSF3=10.67 forçado com sucesso
src.infrastructure.providers.mercado_data_provider | DEBUG | RTD: Detalhes completos registrados para BBDC4|BBDCV207 (Liquidez detectada)
src.infrastructure.providers.mercado_data_provider | DEBUG | RTD: preco_ativo BBDC4=18.38 forçado com sucesso
src.infrastructure.providers.mercado_data_provider | DEBUG | RTD: Detalhes completos registrados para PRIO3|PRIOU720 (Liquidez detectada)
src.infrastructure.providers.mercado_data_provider | DEBUG | RTD: preco_ativo PRIO3=58.28 forçado com sucesso
src.infrastructure.providers.mercado_data_provider | DEBUG | RTD: Detalhes completos registrados para GOAU4|GOAUT100 (Liquidez detectada)
src.infrastructure.providers.mercado_data_provider | DEBUG | RTD: preco_ativo GOAU4=10.75 forçado com sucesso
src.infrastructure.providers.mercado_data_provider | DEBUG | RTD: Detalhes completos registrados para ASAI3|ASAIT610 (Liquidez detectada)
src.infrastructure.providers.mercado_data_provider | DEBUG | RTD: preco_ativo ASAI3=8.21 forçado com sucesso
src.infrastructure.providers.mercado_data_provider | DEBUG | RTD: Detalhes completos registrados para IVVB11|IVVBW39 (Liquidez detectada)
src.infrastructure.providers.mercado_data_provider | DEBUG | RTD: preco_ativo IVVB11=427.27 forçado com sucesso
src.infrastructure.providers.mercado_data_provider | DEBUG | RTD: Detalhes completos registrados para ITUB4|ITUBT460 (Liquidez detectada)
src.infrastructure.providers.mercado_data_provider | DEBUG | RTD: preco_ativo ITUB4=42.01 forçado com sucesso
src.infrastructure.providers.mercado_data_provider | DEBUG | RTD: Detalhes completos registrados para BPAC11|BPACT489W1 (Liquidez detectada)
src.infrastructure.providers.mercado_data_provider | DEBUG | RTD: preco_ativo BPAC11=55.03 forçado com sucesso
src.infrastructure.providers.mercado_data_provider | DEBUG | RTD: Detalhes completos registrados para EGIE3|EGIET400 (Liquidez detectada)
src.infrastructure.providers.mercado_data_provider | DEBUG | RTD: preco_ativo EGIE3=29.41 forçado com sucesso
src.infrastructure.providers.mercado_data_provider | DEBUG | RTD: Detalhes completos registrados para CVCB3|CVCBU900 (Liquidez detectada)
src.infrastructure.providers.mercado_data_provider | DEBUG | RTD: preco_ativo CVCB3=1.28 forçado com sucesso
src.infrastructure.providers.mercado_data_provider | DEBUG | RTD: Detalhes completos registrados para ASAI3|ASAIT770 (Liquidez detectada)
src.infrastructure.providers.mercado_data_provider | DEBUG | RTD: preco_ativo ASAI3=8.21 forçado com sucesso
src.infrastructure.providers.mercado_data_provider | DEBUG | RTD: Detalhes completos registrados para EMBJ3|EMBJT880W1 (Liquidez detectada)
src.infrastructure.providers.mercado_data_provider | DEBUG | RTD: preco_ativo EMBJ3=86.64 forçado com sucesso
src.infrastructure.providers.mercado_data_provider | DEBUG | RTD: Detalhes completos registrados para BBAS3|BBASW159 (Liquidez detectada)
src.infrastructure.providers.mercado_data_provider | DEBUG | RTD: preco_ativo BBAS3=20.82 forçado com sucesso
src.infrastructure.providers.mercado_data_provider | DEBUG | RTD: Detalhes completos registrados para SUZB3|SUZBT408W1 (Liquidez detectada)
src.infrastructure.providers.mercado_data_provider | DEBUG | RTD: preco_ativo SUZB3=42.65 forçado com sucesso
src.infrastructure.providers.mercado_data_provider | DEBUG | RTD: Detalhes completos registrados para RADL3|RADLU21 (Liquidez detectada)
src.infrastructure.providers.mercado_data_provider | DEBUG | RTD: preco_ativo RADL3=17.74 forçado com sucesso
src.infrastructure.providers.mercado_data_provider | DEBUG | RTD: Detalhes completos registrados para ITUB4|ITUBT435W1 (Liquidez detectada)
src.infrastructure.providers.mercado_data_provider | DEBUG | RTD: preco_ativo ITUB4=42.01 forçado com sucesso
src.infrastructure.providers.mercado_data_provider | DEBUG | RTD: Detalhes completos registrados para EMBJ3|EMBJU605 (Liquidez detectada)
src.infrastructure.providers.mercado_data_provider | DEBUG | RTD: preco_ativo EMBJ3=86.64 forçado com sucesso
src.infrastructure.providers.mercado_data_provider | DEBUG | RTD: Detalhes completos registrados para ITUB4|ITUBW464 (Liquidez detectada)
src.infrastructure.providers.mercado_data_provider | DEBUG | RTD: preco_ativo ITUB4=42.01 forçado com sucesso
src.infrastructure.providers.mercado_data_provider | DEBUG | RTD: Detalhes completos registrados para CXSE3|CXSEU176 (Liquidez detectada)
src.infrastructure.providers.mercado_data_provider | DEBUG | RTD: preco_ativo CXSE3=20.41 forçado com sucesso
src.infrastructure.providers.mercado_data_provider | DEBUG | RTD: Detalhes completos registrados para MGLU3|MGLUT621 (Liquidez detectada)
src.infrastructure.providers.mercado_data_provider | DEBUG | RTD: preco_ativo MGLU3=4.76 forçado com sucesso
src.infrastructure.providers.mercado_data_provider | DEBUG | RTD: Detalhes completos registrados para HAPV3|HAPVT760 (Liquidez detectada)
src.infrastructure.providers.mercado_data_provider | DEBUG | RTD: preco_ativo HAPV3=10.51 forçado com sucesso
src.infrastructure.providers.mercado_data_provider | DEBUG | RTD: Detalhes completos registrados para MGLU3|MGLUM654 (Liquidez detectada)
src.infrastructure.providers.mercado_data_provider | DEBUG | RTD: preco_ativo MGLU3=4.76 forçado com sucesso
src.infrastructure.providers.mercado_data_provider | DEBUG | RTD: Detalhes completos registrados para EMBJ3|EMBJT929 (Liquidez detectada)
src.infrastructure.providers.mercado_data_provider | DEBUG | RTD: preco_ativo EMBJ3=86.64 forçado com sucesso
src.infrastructure.providers.mercado_data_provider | DEBUG | RTD: Detalhes completos registrados para CPFE3|CPFET522 (Liquidez detectada)
src.infrastructure.providers.mercado_data_provider | DEBUG | RTD: preco_ativo CPFE3=45.23 forçado com sucesso
src.infrastructure.providers.mercado_data_provider | DEBUG | RTD: Detalhes completos registrados para SBSP3|SBSPT242 (Liquidez detectada)
src.infrastructure.providers.mercado_data_provider | DEBUG | RTD: preco_ativo SBSP3=27.14 forçado com sucesso
src.infrastructure.providers.mercado_data_provider | DEBUG | RTD: Detalhes completos registrados para ENEV3|ENEVU180 (Liquidez detectada)
src.infrastructure.providers.mercado_data_provider | DEBUG | RTD: preco_ativo ENEV3=25.93 forçado com sucesso
src.infrastructure.providers.mercado_data_provider | DEBUG | RTD: Detalhes completos registrados para IGTI11|IGTIT261 (Liquidez detectada)
src.infrastructure.providers.mercado_data_provider | DEBUG | RTD: preco_ativo IGTI11=24.52 forçado com sucesso
src.infrastructure.providers.mercado_data_provider | DEBUG | RTD: Detalhes completos registrados para CSMG3|CSMGX26 (Liquidez detectada)
src.infrastructure.providers.mercado_data_provider | DEBUG | RTD: preco_ativo CSMG3=61.93 forçado com sucesso
src.infrastructure.providers.mercado_data_provider | DEBUG | RTD: Detalhes completos registrados para EMBJ3|EMBJT693W2 (Liquidez detectada)
src.infrastructure.providers.mercado_data_provider | DEBUG | RTD: preco_ativo EMBJ3=86.64 forçado com sucesso
src.infrastructure.providers.mercado_data_provider | DEBUG | RTD: Detalhes completos registrados para ECOR3|ECORU804 (Liquidez detectada)
src.infrastructure.providers.mercado_data_provider | DEBUG | RTD: preco_ativo ECOR3=6.89 forçado com sucesso
src.infrastructure.providers.mercado_data_provider | DEBUG | RTD: Detalhes completos registrados para COGN3|COGNT308 (Liquidez detectada)
src.infrastructure.providers.mercado_data_provider | DEBUG | RTD: preco_ativo COGN3=2.19 forçado com sucesso
src.infrastructure.providers.mercado_data_provider | DEBUG | RTD: Detalhes completos registrados para BBSE3|BBSEU309 (Liquidez detectada)
src.infrastructure.providers.mercado_data_provider | DEBUG | RTD: preco_ativo BBSE3=41.17 forçado com sucesso
src.infrastructure.providers.mercado_data_provider | DEBUG | RTD: Detalhes completos registrados para PETR4|PETRT363 (Liquidez detectada)
src.infrastructure.providers.mercado_data_provider | DEBUG | RTD: preco_ativo PETR4=41.93 forçado com sucesso
src.infrastructure.providers.mercado_data_provider | DEBUG | RTD: Detalhes completos registrados para ALPA4|ALPAT884 (Liquidez detectada)
src.infrastructure.providers.mercado_data_provider | DEBUG | RTD: preco_ativo ALPA4=11.52 forçado com sucesso
src.infrastructure.providers.mercado_data_provider | DEBUG | RTD: Detalhes completos registrados para BPAC11|BPACU571 (Liquidez detectada)
src.infrastructure.providers.mercado_data_provider | DEBUG | RTD: preco_ativo BPAC11=55.03 forçado com sucesso
src.infrastructure.providers.mercado_data_provider | DEBUG | RTD: Detalhes completos registrados para BBAS3|BBASW196 (Liquidez detectada)
src.infrastructure.providers.mercado_data_provider | DEBUG | RTD: preco_ativo BBAS3=20.82 forçado com sucesso
src.infrastructure.providers.mercado_data_provider | DEBUG | RTD: Detalhes completos registrados para BPAC11|BPACT545 (Liquidez detectada)
src.infrastructure.providers.mercado_data_provider | DEBUG | RTD: preco_ativo BPAC11=55.03 forçado com sucesso
src.infrastructure.providers.mercado_data_provider | DEBUG | RTD: Detalhes completos registrados para MGLU3|MGLUT430W2 (Liquidez detectada)
src.infrastructure.providers.mercado_data_provider | DEBUG | RTD: preco_ativo MGLU3=4.76 forçado com sucesso
src.infrastructure.providers.mercado_data_provider | DEBUG | RTD: Detalhes completos registrados para PETR4|PETRT307 (Liquidez detectada)
src.infrastructure.providers.mercado_data_provider | DEBUG | RTD: preco_ativo PETR4=41.93 forçado com sucesso
src.infrastructure.providers.mercado_data_provider | DEBUG | RTD: Detalhes completos registrados para CBAV3|CBAVM500 (Liquidez detectada)
src.infrastructure.providers.mercado_data_provider | DEBUG | RTD: preco_ativo CBAV3=10.94 forçado com sucesso
src.infrastructure.providers.mercado_data_provider | DEBUG | RTD: Detalhes completos registrados para HAPV3|HAPVU950 (Liquidez detectada)
src.infrastructure.providers.mercado_data_provider | DEBUG | RTD: preco_ativo HAPV3=10.51 forçado com sucesso
src.infrastructure.providers.mercado_data_provider | DEBUG | RTD: Detalhes completos registrados para JHSF3|JHSFT838 (Liquidez detectada)
src.infrastructure.providers.mercado_data_provider | DEBUG | RTD: preco_ativo JHSF3=10.67 forçado com sucesso
src.infrastructure.providers.mercado_data_provider | DEBUG | RTD: Detalhes completos registrados para MULT3|MULTT21 (Liquidez detectada)
src.infrastructure.providers.mercado_data_provider | DEBUG | RTD: preco_ativo MULT3=27.63 forçado com sucesso
src.infrastructure.providers.mercado_data_provider | DEBUG | RTD: Detalhes completos registrados para BBAS3|BBAST152 (Liquidez detectada)
src.infrastructure.providers.mercado_data_provider | DEBUG | RTD: preco_ativo BBAS3=20.82 forçado com sucesso
src.infrastructure.providers.mercado_data_provider | DEBUG | RTD: Detalhes completos registrados para PETR4|PETRU442 (Liquidez detectada)
src.infrastructure.providers.mercado_data_provider | DEBUG | RTD: preco_ativo PETR4=41.93 forçado com sucesso
src.infrastructure.providers.mercado_data_provider | DEBUG | RTD: Detalhes completos registrados para BBSE3|BBSET376 (Liquidez detectada)
src.infrastructure.providers.mercado_data_provider | DEBUG | RTD: preco_ativo BBSE3=41.17 forçado com sucesso
src.infrastructure.providers.mercado_data_provider | DEBUG | RTD: Detalhes completos registrados para MGLU3|MGLUT435W2 (Liquidez detectada)
src.infrastructure.providers.mercado_data_provider | DEBUG | RTD: preco_ativo MGLU3=4.76 forçado com sucesso
src.infrastructure.providers.mercado_data_provider | DEBUG | RTD: Detalhes completos registrados para INTB3|INTBT146 (Liquidez detectada)
src.infrastructure.providers.mercado_data_provider | DEBUG | RTD: preco_ativo INTB3=13.48 forçado com sucesso
src.infrastructure.providers.mercado_data_provider | DEBUG | RTD: Detalhes completos registrados para ABCB4|ABCBT225 (Liquidez detectada)
src.infrastructure.providers.mercado_data_provider | DEBUG | RTD: preco_ativo ABCB4=23.68 forçado com sucesso
src.infrastructure.providers.mercado_data_provider | DEBUG | RTD: Detalhes completos registrados para EQTL3|EQTLU384 (Liquidez detectada)
src.infrastructure.providers.mercado_data_provider | DEBUG | RTD: preco_ativo EQTL3=38.00 forçado com sucesso
src.infrastructure.providers.mercado_data_provider | DEBUG | RTD: Detalhes completos registrados para ENEV3|ENEVT252 (Liquidez detectada)
src.infrastructure.providers.mercado_data_provider | DEBUG | RTD: preco_ativo ENEV3=25.93 forçado com sucesso
src.infrastructure.providers.mercado_data_provider | DEBUG | RTD: Detalhes completos registrados para LWSA3|LWSAT395 (Liquidez detectada)
src.infrastructure.providers.mercado_data_provider | DEBUG | RTD: preco_ativo LWSA3=3.71 forçado com sucesso
src.infrastructure.providers.mercado_data_provider | DEBUG | RTD: Detalhes completos registrados para GGBR4|GGBRT278 (Liquidez detectada)
src.infrastructure.providers.mercado_data_provider | DEBUG | RTD: preco_ativo GGBR4=24.82 forçado com sucesso
src.infrastructure.providers.mercado_data_provider | DEBUG | RTD: Detalhes completos registrados para PETR4|PETRT388W1 (Liquidez detectada)
src.infrastructure.providers.mercado_data_provider | DEBUG | RTD: preco_ativo PETR4=41.93 forçado com sucesso
src.infrastructure.providers.mercado_data_provider | DEBUG | RTD: Detalhes completos registrados para RENT3|RENTU358 (Liquidez detectada)
src.infrastructure.providers.mercado_data_provider | DEBUG | RTD: preco_ativo RENT3=37.32 forçado com sucesso
src.infrastructure.providers.mercado_data_provider | DEBUG | RTD: Detalhes completos registrados para IGTI11|IGTIT236 (Liquidez detectada)
src.infrastructure.providers.mercado_data_provider | DEBUG | RTD: preco_ativo IGTI11=24.52 forçado com sucesso
src.infrastructure.providers.mercado_data_provider | DEBUG | RTD: Detalhes completos registrados para BBAS3|BBAST837 (Liquidez detectada)
src.infrastructure.providers.mercado_data_provider | DEBUG | RTD: preco_ativo BBAS3=20.82 forçado com sucesso
src.infrastructure.providers.mercado_data_provider | DEBUG | RTD: Detalhes completos registrados para HAPV3|HAPVU660 (Liquidez detectada)
src.infrastructure.providers.mercado_data_provider | DEBUG | RTD: preco_ativo HAPV3=10.51 forçado com sucesso
src.infrastructure.providers.mercado_data_provider | DEBUG | RTD: Detalhes completos registrados para USIM5|USIMT710 (Liquidez detectada)
src.infrastructure.providers.mercado_data_provider | DEBUG | RTD: preco_ativo USIM5=8.25 forçado com sucesso
src.infrastructure.providers.mercado_data_provider | DEBUG | RTD: Detalhes completos registrados para VALE3|VALEU911 (Liquidez detectada)
src.infrastructure.providers.mercado_data_provider | DEBUG | RTD: preco_ativo VALE3=75.11 forçado com sucesso
src.infrastructure.providers.mercado_data_provider | DEBUG | RTD: Detalhes completos registrados para MRVE3|MRVET485W2 (Liquidez detectada)
src.infrastructure.providers.mercado_data_provider | DEBUG | RTD: preco_ativo MRVE3=4.56 forçado com sucesso
src.infrastructure.providers.mercado_data_provider | DEBUG | RTD: Detalhes completos registrados para HASH11|HASHT465 (Liquidez detectada)
src.infrastructure.providers.mercado_data_provider | DEBUG | RTD: preco_ativo HASH11=42.65 forçado com sucesso
src.infrastructure.providers.mercado_data_provider | DEBUG | RTD: Detalhes completos registrados para HYPE3|HYPEV207 (Liquidez detectada)
src.infrastructure.providers.mercado_data_provider | DEBUG | RTD: preco_ativo HYPE3=21.05 forçado com sucesso
src.infrastructure.providers.mercado_data_provider | DEBUG | RTD: Detalhes completos registrados para CXSE3|CXSEU244 (Liquidez detectada)
src.infrastructure.providers.mercado_data_provider | DEBUG | RTD: preco_ativo CXSE3=20.41 forçado com sucesso
src.infrastructure.providers.mercado_data_provider | DEBUG | RTD: Detalhes completos registrados para BBAS3|BBASW211 (Liquidez detectada)
src.infrastructure.providers.mercado_data_provider | DEBUG | RTD: preco_ativo BBAS3=20.82 forçado com sucesso
src.infrastructure.providers.mercado_data_provider | DEBUG | RTD: Detalhes completos registrados para PETR4|PETRU542 (Liquidez detectada)
src.infrastructure.providers.mercado_data_provider | DEBUG | RTD: preco_ativo PETR4=41.93 forçado com sucesso
src.infrastructure.providers.mercado_data_provider | DEBUG | RTD: Detalhes completos registrados para EMBJ3|EMBJT738W2 (Liquidez detectada)
src.infrastructure.providers.mercado_data_provider | DEBUG | RTD: preco_ativo EMBJ3=86.64 forçado com sucesso
src.infrastructure.providers.mercado_data_provider | DEBUG | RTD: Detalhes completos registrados para LREN3|LRENT149 (Liquidez detectada)
src.infrastructure.providers.mercado_data_provider | DEBUG | RTD: preco_ativo LREN3=13.38 forçado com sucesso
src.infrastructure.providers.mercado_data_provider | DEBUG | RTD: Detalhes completos registrados para LWSA3|LWSAU440 (Liquidez detectada)
src.infrastructure.providers.mercado_data_provider | DEBUG | RTD: preco_ativo LWSA3=3.71 forçado com sucesso
src.infrastructure.providers.mercado_data_provider | DEBUG | RTD: Detalhes completos registrados para GGBR4|GGBRT228W1 (Liquidez detectada)
src.infrastructure.providers.mercado_data_provider | DEBUG | RTD: preco_ativo GGBR4=24.82 forçado com sucesso
src.infrastructure.providers.mercado_data_provider | DEBUG | RTD: Detalhes completos registrados para BRKM5|BRKMM710 (Liquidez detectada)
src.infrastructure.providers.mercado_data_provider | DEBUG | RTD: preco_ativo BRKM5=6.12 forçado com sucesso
src.infrastructure.providers.mercado_data_provider | DEBUG | RTD: Detalhes completos registrados para CXSE3|CXSEW181 (Liquidez detectada)
src.infrastructure.providers.mercado_data_provider | DEBUG | RTD: preco_ativo CXSE3=20.41 forçado com sucesso
src.infrastructure.providers.mercado_data_provider | DEBUG | RTD: Detalhes completos registrados para DIRR3|DIRRU365 (Liquidez detectada)
src.infrastructure.providers.mercado_data_provider | DEBUG | RTD: preco_ativo DIRR3=11.10 forçado com sucesso
src.infrastructure.providers.mercado_data_provider | DEBUG | RTD: Detalhes completos registrados para CSNA3|CSNAW858 (Liquidez detectada)
src.infrastructure.providers.mercado_data_provider | DEBUG | RTD: preco_ativo CSNA3=5.28 forçado com sucesso
src.infrastructure.providers.mercado_data_provider | DEBUG | RTD: Detalhes completos registrados para BBSE3|BBSET374 (Liquidez detectada)
src.infrastructure.providers.mercado_data_provider | DEBUG | RTD: preco_ativo BBSE3=41.17 forçado com sucesso
src.infrastructure.providers.mercado_data_provider | DEBUG | RTD: Detalhes completos registrados para MULT3|MULTU298 (Liquidez detectada)
src.infrastructure.providers.mercado_data_provider | DEBUG | RTD: preco_ativo MULT3=27.63 forçado com sucesso
src.infrastructure.providers.mercado_data_provider | DEBUG | RTD: Detalhes completos registrados para LREN3|LRENU917 (Liquidez detectada)
src.infrastructure.providers.mercado_data_provider | DEBUG | RTD: preco_ativo LREN3=13.38 forçado com sucesso
src.infrastructure.providers.mercado_data_provider | DEBUG | RTD: Detalhes completos registrados para HBOR3|HBORU187 (Liquidez detectada)
src.infrastructure.providers.mercado_data_provider | DEBUG | RTD: preco_ativo HBOR3=1.84 forçado com sucesso
src.infrastructure.providers.mercado_data_provider | DEBUG | RTD: Detalhes completos registrados para LWSA3|LWSAT350 (Liquidez detectada)
src.infrastructure.providers.mercado_data_provider | DEBUG | RTD: preco_ativo LWSA3=3.71 forçado com sucesso
src.infrastructure.providers.mercado_data_provider | DEBUG | RTD: Detalhes completos registrados para CSAN3|CSANT420W2 (Liquidez detectada)
src.infrastructure.providers.mercado_data_provider | DEBUG | RTD: preco_ativo CSAN3=3.92 forçado com sucesso
src.infrastructure.providers.mercado_data_provider | DEBUG | RTD: Detalhes completos registrados para CSMG3|CSMGT617W2 (Liquidez detectada)
src.infrastructure.providers.mercado_data_provider | DEBUG | RTD: preco_ativo CSMG3=61.93 forçado com sucesso
src.infrastructure.providers.mercado_data_provider | DEBUG | RTD: Detalhes completos registrados para PETR4|PETRU469 (Liquidez detectada)
src.infrastructure.providers.mercado_data_provider | DEBUG | RTD: preco_ativo PETR4=41.93 forçado com sucesso
src.infrastructure.providers.mercado_data_provider | DEBUG | RTD: Detalhes completos registrados para MRVE3|MRVET440W2 (Liquidez detectada)
src.infrastructure.providers.mercado_data_provider | DEBUG | RTD: preco_ativo MRVE3=4.56 forçado com sucesso
src.infrastructure.providers.mercado_data_provider | DEBUG | RTD: Detalhes completos registrados para EMBJ3|EMBJT773 (Liquidez detectada)
src.infrastructure.providers.mercado_data_provider | DEBUG | RTD: preco_ativo EMBJ3=86.64 forçado com sucesso
src.infrastructure.providers.mercado_data_provider | DEBUG | RTD: Detalhes completos registrados para BRAP4|BRAPU242 (Liquidez detectada)
src.infrastructure.providers.mercado_data_provider | DEBUG | RTD: preco_ativo BRAP4=21.68 forçado com sucesso
src.infrastructure.providers.mercado_data_provider | DEBUG | RTD: Detalhes completos registrados para EQTL3|EQTLT357W1 (Liquidez detectada)
src.infrastructure.providers.mercado_data_provider | DEBUG | RTD: preco_ativo EQTL3=38.00 forçado com sucesso
src.infrastructure.providers.mercado_data_provider | DEBUG | RTD: Detalhes completos registrados para MOTV3|MOTVU995 (Liquidez detectada)
src.infrastructure.providers.mercado_data_provider | DEBUG | RTD: preco_ativo MOTV3=14.18 forçado com sucesso
src.infrastructure.providers.mercado_data_provider | DEBUG | RTD: Detalhes completos registrados para CSAN3|CSANU490 (Liquidez detectada)
src.infrastructure.providers.mercado_data_provider | DEBUG | RTD: preco_ativo CSAN3=3.92 forçado com sucesso
src.infrastructure.providers.mercado_data_provider | DEBUG | RTD: Detalhes completos registrados para IRBR3|IRBRT483W1 (Liquidez detectada)
src.infrastructure.providers.mercado_data_provider | DEBUG | RTD: preco_ativo IRBR3=53.33 forçado com sucesso
src.infrastructure.providers.mercado_data_provider | DEBUG | RTD: Detalhes completos registrados para BPAC11|BPACT515 (Liquidez detectada)
src.infrastructure.providers.mercado_data_provider | DEBUG | RTD: preco_ativo BPAC11=55.03 forçado com sucesso
src.infrastructure.providers.mercado_data_provider | DEBUG | RTD: Detalhes completos registrados para PSSA3|PSSAU538 (Liquidez detectada)
src.infrastructure.providers.mercado_data_provider | DEBUG | RTD: preco_ativo PSSA3=53.61 forçado com sucesso
src.infrastructure.providers.mercado_data_provider | DEBUG | RTD: Detalhes completos registrados para EZTC3|EZTCT853 (Liquidez detectada)
src.infrastructure.providers.mercado_data_provider | DEBUG | RTD: preco_ativo EZTC3=11.16 forçado com sucesso
src.infrastructure.providers.mercado_data_provider | DEBUG | RTD: Detalhes completos registrados para XPBR31|XPBRU850 (Liquidez detectada)
src.infrastructure.providers.mercado_data_provider | DEBUG | RTD: preco_ativo XPBR31=83.56 forçado com sucesso
src.infrastructure.providers.mercado_data_provider | DEBUG | RTD: Detalhes completos registrados para CYRE3|CYRET201 (Liquidez detectada)
src.infrastructure.providers.mercado_data_provider | DEBUG | RTD: preco_ativo CYRE3=20.67 forçado com sucesso
src.infrastructure.providers.mercado_data_provider | DEBUG | RTD: Detalhes completos registrados para CURY3|CURYU292 (Liquidez detectada)
src.infrastructure.providers.mercado_data_provider | DEBUG | RTD: preco_ativo CURY3=28.80 forçado com sucesso
src.infrastructure.providers.mercado_data_provider | DEBUG | RTD: Detalhes completos registrados para MOVI3|MOVIT840 (Liquidez detectada)
src.infrastructure.providers.mercado_data_provider | DEBUG | RTD: preco_ativo MOVI3=7.85 forçado com sucesso
src.infrastructure.providers.mercado_data_provider | DEBUG | RTD: Detalhes completos registrados para HYPE3|HYPET213W1 (Liquidez detectada)
src.infrastructure.providers.mercado_data_provider | DEBUG | RTD: preco_ativo HYPE3=21.05 forçado com sucesso
src.infrastructure.providers.mercado_data_provider | DEBUG | RTD: Detalhes completos registrados para MBRF3|MBRFT116 (Liquidez detectada)
src.infrastructure.providers.mercado_data_provider | DEBUG | RTD: preco_ativo MBRF3=16.61 forçado com sucesso
src.infrastructure.providers.mercado_data_provider | DEBUG | RTD: Detalhes completos registrados para PETR4|PETRT452 (Liquidez detectada)
src.infrastructure.providers.mercado_data_provider | DEBUG | RTD: preco_ativo PETR4=41.93 forçado com sucesso
src.infrastructure.providers.mercado_data_provider | DEBUG | RTD: Detalhes completos registrados para RAIL3|RAILU983 (Liquidez detectada)
src.infrastructure.providers.mercado_data_provider | DEBUG | RTD: preco_ativo RAIL3=13.97 forçado com sucesso
src.infrastructure.providers.mercado_data_provider | DEBUG | RTD: Detalhes completos registrados para PSSA3|PSSAT503 (Liquidez detectada)
src.infrastructure.providers.mercado_data_provider | DEBUG | RTD: preco_ativo PSSA3=53.61 forçado com sucesso
src.infrastructure.providers.mercado_data_provider | DEBUG | RTD: Detalhes completos registrados para BRKM5|BRKMU600 (Liquidez detectada)
src.infrastructure.providers.mercado_data_provider | DEBUG | RTD: preco_ativo BRKM5=6.12 forçado com sucesso
src.infrastructure.providers.mercado_data_provider | DEBUG | RTD: Detalhes completos registrados para EMBJ3|EMBJU768 (Liquidez detectada)
src.infrastructure.providers.mercado_data_provider | DEBUG | RTD: preco_ativo EMBJ3=86.64 forçado com sucesso
src.infrastructure.providers.mercado_data_provider | DEBUG | RTD: Detalhes completos registrados para EMBJ3|EMBJT565 (Liquidez detectada)
src.infrastructure.providers.mercado_data_provider | DEBUG | RTD: preco_ativo EMBJ3=86.64 forçado com sucesso
src.infrastructure.providers.mercado_data_provider | DEBUG | RTD: Detalhes completos registrados para BBDC4|BBDCT186 (Liquidez detectada)
src.infrastructure.providers.mercado_data_provider | DEBUG | RTD: preco_ativo BBDC4=18.38 forçado com sucesso
src.infrastructure.providers.mercado_data_provider | DEBUG | RTD: Detalhes completos registrados para EQTL3|EQTLT359W1 (Liquidez detectada)
src.infrastructure.providers.mercado_data_provider | DEBUG | RTD: preco_ativo EQTL3=38.00 forçado com sucesso
src.infrastructure.providers.mercado_data_provider | DEBUG | RTD: Detalhes completos registrados para HAPV3|HAPVT120W2 (Liquidez detectada)
src.infrastructure.providers.mercado_data_provider | DEBUG | RTD: preco_ativo HAPV3=10.51 forçado com sucesso
src.infrastructure.providers.mercado_data_provider | DEBUG | RTD: Detalhes completos registrados para PETR4|PETRU354 (Liquidez detectada)
src.infrastructure.providers.mercado_data_provider | DEBUG | RTD: preco_ativo PETR4=41.93 forçado com sucesso
src.infrastructure.providers.mercado_data_provider | DEBUG | RTD: Detalhes completos registrados para PETR4|PETRX35 (Liquidez detectada)
src.infrastructure.providers.mercado_data_provider | DEBUG | RTD: preco_ativo PETR4=41.93 forçado com sucesso
src.infrastructure.providers.mercado_data_provider | DEBUG | RTD: Detalhes completos registrados para HYPE3|HYPEU213 (Liquidez detectada)
src.infrastructure.providers.mercado_data_provider | DEBUG | RTD: preco_ativo HYPE3=21.05 forçado com sucesso
src.infrastructure.providers.mercado_data_provider | DEBUG | RTD: Detalhes completos registrados para CSNA3|CSNAT470W1 (Liquidez detectada)
src.infrastructure.providers.mercado_data_provider | DEBUG | RTD: preco_ativo CSNA3=5.28 forçado com sucesso
src.infrastructure.providers.mercado_data_provider | DEBUG | RTD: Detalhes completos registrados para CVCB3|CVCBU120 (Liquidez detectada)
src.infrastructure.providers.mercado_data_provider | DEBUG | RTD: preco_ativo CVCB3=1.28 forçado com sucesso
src.infrastructure.providers.mercado_data_provider | DEBUG | RTD: Detalhes completos registrados para BBSE3|BBSET421W1 (Liquidez detectada)
src.infrastructure.providers.mercado_data_provider | DEBUG | RTD: preco_ativo BBSE3=41.17 forçado com sucesso
src.infrastructure.providers.mercado_data_provider | DEBUG | RTD: Detalhes completos registrados para EQTL3|EQTLU417 (Liquidez detectada)
src.infrastructure.providers.mercado_data_provider | DEBUG | RTD: preco_ativo EQTL3=38.00 forçado com sucesso
src.infrastructure.providers.mercado_data_provider | DEBUG | RTD: Detalhes completos registrados para MYPK3|MYPKT915 (Liquidez detectada)
src.infrastructure.providers.mercado_data_provider | DEBUG | RTD: preco_ativo MYPK3=9.43 forçado com sucesso
src.infrastructure.providers.mercado_data_provider | DEBUG | RTD: Detalhes completos registrados para EMBJ3|EMBJX100 (Liquidez detectada)
src.infrastructure.providers.mercado_data_provider | DEBUG | RTD: preco_ativo EMBJ3=86.64 forçado com sucesso
src.infrastructure.providers.mercado_data_provider | DEBUG | RTD: Detalhes completos registrados para MBRF3|MBRFT173 (Liquidez detectada)
src.infrastructure.providers.mercado_data_provider | DEBUG | RTD: preco_ativo MBRF3=16.61 forçado com sucesso
src.infrastructure.providers.mercado_data_provider | DEBUG | RTD: Detalhes completos registrados para RAPT4|RAPTT465 (Liquidez detectada)
src.infrastructure.providers.mercado_data_provider | DEBUG | RTD: preco_ativo RAPT4=4.85 forçado com sucesso
src.infrastructure.providers.mercado_data_provider | DEBUG | RTD: Detalhes completos registrados para FLRY3|FLRYU156 (Liquidez detectada)
src.infrastructure.providers.mercado_data_provider | DEBUG | RTD: preco_ativo FLRY3=16.80 forçado com sucesso
src.infrastructure.providers.mercado_data_provider | DEBUG | RTD: Detalhes completos registrados para BRAV3|BRAVT203 (Liquidez detectada)
src.infrastructure.providers.mercado_data_provider | DEBUG | RTD: preco_ativo BRAV3=20.86 forçado com sucesso
src.infrastructure.providers.mercado_data_provider | DEBUG | RTD: Detalhes completos registrados para CSMG3|CSMGV657 (Liquidez detectada)
src.infrastructure.providers.mercado_data_provider | DEBUG | RTD: preco_ativo CSMG3=61.93 forçado com sucesso
src.infrastructure.providers.mercado_data_provider | DEBUG | RTD: Detalhes completos registrados para KLBN11|KLBNM156 (Liquidez detectada)
src.infrastructure.providers.mercado_data_provider | DEBUG | RTD: preco_ativo KLBN11=18.02 forçado com sucesso
src.infrastructure.providers.mercado_data_provider | DEBUG | RTD: Detalhes completos registrados para ABCB4|ABCBU254 (Liquidez detectada)
src.infrastructure.providers.mercado_data_provider | DEBUG | RTD: preco_ativo ABCB4=23.68 forçado com sucesso
src.infrastructure.providers.mercado_data_provider | DEBUG | RTD: Detalhes completos registrados para BBSE3|BBSET411W2 (Liquidez detectada)
src.infrastructure.providers.mercado_data_provider | DEBUG | RTD: preco_ativo BBSE3=41.17 forçado com sucesso
src.infrastructure.providers.mercado_data_provider | DEBUG | RTD: Detalhes completos registrados para HAPV3|HAPVT880W2 (Liquidez detectada)
src.infrastructure.providers.mercado_data_provider | DEBUG | RTD: preco_ativo HAPV3=10.51 forçado com sucesso
src.infrastructure.providers.mercado_data_provider | DEBUG | RTD: Detalhes completos registrados para BBAS3|BBASW301 (Liquidez detectada)
src.infrastructure.providers.mercado_data_provider | DEBUG | RTD: preco_ativo BBAS3=20.82 forçado com sucesso
src.infrastructure.providers.mercado_data_provider | DEBUG | RTD: Detalhes completos registrados para BBAS3|BBASX151 (Liquidez detectada)
src.infrastructure.providers.mercado_data_provider | DEBUG | RTD: preco_ativo BBAS3=20.82 forçado com sucesso
src.infrastructure.providers.mercado_data_provider | DEBUG | RTD: Detalhes completos registrados para BBDC4|BBDCU189 (Liquidez detectada)
src.infrastructure.providers.mercado_data_provider | DEBUG | RTD: preco_ativo BBDC4=18.38 forçado com sucesso
src.infrastructure.providers.mercado_data_provider | DEBUG | RTD: Detalhes completos registrados para CSAN3|CSANT320 (Liquidez detectada)
src.infrastructure.providers.mercado_data_provider | DEBUG | RTD: preco_ativo CSAN3=3.92 forçado com sucesso
src.infrastructure.providers.mercado_data_provider | DEBUG | RTD: Detalhes completos registrados para HASH11|HASHT375 (Liquidez detectada)
src.infrastructure.providers.mercado_data_provider | DEBUG | RTD: preco_ativo HASH11=42.65 forçado com sucesso
src.infrastructure.providers.mercado_data_provider | DEBUG | RTD: Detalhes completos registrados para FLRY3|FLRYU159 (Liquidez detectada)
src.infrastructure.providers.mercado_data_provider | DEBUG | RTD: preco_ativo FLRY3=16.80 forçado com sucesso
src.infrastructure.providers.mercado_data_provider | DEBUG | RTD: Detalhes completos registrados para BPAC11|BPACT541W1 (Liquidez detectada)
src.infrastructure.providers.mercado_data_provider | DEBUG | RTD: preco_ativo BPAC11=55.03 forçado com sucesso
src.infrastructure.providers.mercado_data_provider | DEBUG | RTD: Detalhes completos registrados para MRVE3|MRVEU400 (Liquidez detectada)
src.infrastructure.providers.mercado_data_provider | DEBUG | RTD: preco_ativo MRVE3=4.56 forçado com sucesso
src.infrastructure.providers.mercado_data_provider | DEBUG | RTD: Detalhes completos registrados para EMBJ3|EMBJT935 (Liquidez detectada)
src.infrastructure.providers.mercado_data_provider | DEBUG | RTD: preco_ativo EMBJ3=86.64 forçado com sucesso
src.infrastructure.providers.mercado_data_provider | DEBUG | RTD: Detalhes completos registrados para BBAS3|BBASM181 (Liquidez detectada)
src.infrastructure.providers.mercado_data_provider | DEBUG | RTD: preco_ativo BBAS3=20.82 forçado com sucesso
src.infrastructure.providers.mercado_data_provider | DEBUG | RTD: Detalhes completos registrados para FLRY3|FLRYU174 (Liquidez detectada)
src.infrastructure.providers.mercado_data_provider | DEBUG | RTD: preco_ativo FLRY3=16.80 forçado com sucesso
src.infrastructure.providers.mercado_data_provider | DEBUG | RTD: Detalhes completos registrados para PETR4|PETRU437 (Liquidez detectada)
src.infrastructure.providers.mercado_data_provider | DEBUG | RTD: preco_ativo PETR4=41.93 forçado com sucesso
src.infrastructure.providers.mercado_data_provider | DEBUG | RTD: Detalhes completos registrados para ABEV3|ABEVU195 (Liquidez detectada)
src.infrastructure.providers.mercado_data_provider | DEBUG | RTD: preco_ativo ABEV3=16.03 forçado com sucesso
src.infrastructure.providers.mercado_data_provider | DEBUG | RTD: Detalhes completos registrados para CPFE3|CPFET479 (Liquidez detectada)
src.infrastructure.providers.mercado_data_provider | DEBUG | RTD: preco_ativo CPFE3=45.23 forçado com sucesso
src.infrastructure.providers.mercado_data_provider | DEBUG | RTD: Detalhes completos registrados para ALUP11|ALUPT324 (Liquidez detectada)
src.infrastructure.providers.mercado_data_provider | DEBUG | RTD: preco_ativo ALUP11=32.48 forçado com sucesso
src.infrastructure.providers.mercado_data_provider | DEBUG | RTD: Detalhes completos registrados para PETR4|PETRU497 (Liquidez detectada)
src.infrastructure.providers.mercado_data_provider | DEBUG | RTD: preco_ativo PETR4=41.93 forçado com sucesso
src.infrastructure.providers.mercado_data_provider | DEBUG | RTD: Detalhes completos registrados para PETR4|PETRT459 (Liquidez detectada)
src.infrastructure.providers.mercado_data_provider | DEBUG | RTD: preco_ativo PETR4=41.93 forçado com sucesso
src.infrastructure.providers.mercado_data_provider | DEBUG | RTD: Detalhes completos registrados para DXCO3|DXCOU465 (Liquidez detectada)
src.infrastructure.providers.mercado_data_provider | DEBUG | RTD: preco_ativo DXCO3=4.97 forçado com sucesso
src.infrastructure.providers.mercado_data_provider | DEBUG | RTD: Detalhes completos registrados para QUAL3|QUALT169 (Liquidez detectada)
src.infrastructure.providers.mercado_data_provider | DEBUG | RTD: preco_ativo QUAL3=1.45 forçado com sucesso
src.infrastructure.providers.mercado_data_provider | DEBUG | RTD: Detalhes completos registrados para EMBJ3|EMBJT865 (Liquidez detectada)
src.infrastructure.providers.mercado_data_provider | DEBUG | RTD: preco_ativo EMBJ3=86.64 forçado com sucesso
src.infrastructure.providers.mercado_data_provider | DEBUG | RTD: Detalhes completos registrados para CSNA3|CSNAU460 (Liquidez detectada)
src.infrastructure.providers.mercado_data_provider | DEBUG | RTD: preco_ativo CSNA3=5.28 forçado com sucesso
src.infrastructure.providers.mercado_data_provider | DEBUG | RTD: Detalhes completos registrados para EMBJ3|EMBJT703 (Liquidez detectada)
src.infrastructure.providers.mercado_data_provider | DEBUG | RTD: preco_ativo EMBJ3=86.64 forçado com sucesso
src.infrastructure.providers.mercado_data_provider | DEBUG | RTD: Detalhes completos registrados para BPAC11|BPACV641 (Liquidez detectada)
src.infrastructure.providers.mercado_data_provider | DEBUG | RTD: preco_ativo BPAC11=55.03 forçado com sucesso
src.infrastructure.providers.mercado_data_provider | DEBUG | RTD: Detalhes completos registrados para BRAV3|BRAVU152 (Liquidez detectada)
src.infrastructure.providers.mercado_data_provider | DEBUG | RTD: preco_ativo BRAV3=20.86 forçado com sucesso
src.infrastructure.providers.mercado_data_provider | DEBUG | RTD: Detalhes completos registrados para BPAC11|BPACU444 (Liquidez detectada)
src.infrastructure.providers.mercado_data_provider | DEBUG | RTD: preco_ativo BPAC11=55.03 forçado com sucesso
src.infrastructure.providers.mercado_data_provider | DEBUG | RTD: Detalhes completos registrados para PETR4|PETRW421 (Liquidez detectada)
src.infrastructure.providers.mercado_data_provider | DEBUG | RTD: preco_ativo PETR4=41.93 forçado com sucesso
src.infrastructure.providers.mercado_data_provider | DEBUG | RTD: Detalhes completos registrados para ENGI11|ENGIT488 (Liquidez detectada)
src.infrastructure.providers.mercado_data_provider | DEBUG | RTD: preco_ativo ENGI11=49.01 forçado com sucesso
src.infrastructure.providers.mercado_data_provider | DEBUG | RTD: Detalhes completos registrados para MBRF3|MBRFT128 (Liquidez detectada)
src.infrastructure.providers.mercado_data_provider | DEBUG | RTD: preco_ativo MBRF3=16.61 forçado com sucesso
src.infrastructure.providers.mercado_data_provider | DEBUG | RTD: Detalhes completos registrados para PETR4|PETRV475 (Liquidez detectada)
src.infrastructure.providers.mercado_data_provider | DEBUG | RTD: preco_ativo PETR4=41.93 forçado com sucesso
src.infrastructure.providers.mercado_data_provider | DEBUG | RTD: Detalhes completos registrados para PRIO3|PRIOX590 (Liquidez detectada)
src.infrastructure.providers.mercado_data_provider | DEBUG | RTD: preco_ativo PRIO3=58.28 forçado com sucesso
src.infrastructure.providers.mercado_data_provider | DEBUG | RTD: Detalhes completos registrados para PETR4|PETRM355 (Liquidez detectada)
src.infrastructure.providers.mercado_data_provider | DEBUG | RTD: preco_ativo PETR4=41.93 forçado com sucesso
src.infrastructure.providers.mercado_data_provider | DEBUG | RTD: Detalhes completos registrados para QUAL3|QUALU153 (Liquidez detectada)
src.infrastructure.providers.mercado_data_provider | DEBUG | RTD: preco_ativo QUAL3=1.45 forçado com sucesso
src.infrastructure.providers.mercado_data_provider | DEBUG | RTD: Detalhes completos registrados para BBAS3|BBASW201 (Liquidez detectada)
src.infrastructure.providers.mercado_data_provider | DEBUG | RTD: preco_ativo BBAS3=20.82 forçado com sucesso
src.infrastructure.providers.mercado_data_provider | DEBUG | RTD: Detalhes completos registrados para CYRE3|CYRET169W2 (Liquidez detectada)
src.infrastructure.providers.mercado_data_provider | DEBUG | RTD: preco_ativo CYRE3=20.67 forçado com sucesso
src.infrastructure.providers.mercado_data_provider | DEBUG | RTD: Detalhes completos registrados para CMIN3|CMINT411 (Liquidez detectada)
src.infrastructure.providers.mercado_data_provider | DEBUG | RTD: preco_ativo CMIN3=5.91 forçado com sucesso
src.infrastructure.providers.mercado_data_provider | DEBUG | RTD: Detalhes completos registrados para PRIO3|PRIOU595 (Liquidez detectada)
src.infrastructure.providers.mercado_data_provider | DEBUG | RTD: preco_ativo PRIO3=58.28 forçado com sucesso
src.infrastructure.providers.mercado_data_provider | DEBUG | RTD: Detalhes completos registrados para EMBJ3|EMBJT988 (Liquidez detectada)
src.infrastructure.providers.mercado_data_provider | DEBUG | RTD: preco_ativo EMBJ3=86.64 forçado com sucesso
src.infrastructure.providers.mercado_data_provider | DEBUG | RTD: Detalhes completos registrados para HAPV3|HAPVT800W2 (Liquidez detectada)
src.infrastructure.providers.mercado_data_provider | DEBUG | RTD: preco_ativo HAPV3=10.51 forçado com sucesso
src.infrastructure.providers.mercado_data_provider | DEBUG | RTD: Detalhes completos registrados para ITUB4|ITUBT432W1 (Liquidez detectada)
src.infrastructure.providers.mercado_data_provider | DEBUG | RTD: preco_ativo ITUB4=42.01 forçado com sucesso
src.infrastructure.providers.mercado_data_provider | DEBUG | RTD: Detalhes completos registrados para POMO4|POMOT569 (Liquidez detectada)
src.infrastructure.providers.mercado_data_provider | DEBUG | RTD: preco_ativo POMO4=5.33 forçado com sucesso
src.infrastructure.providers.mercado_data_provider | DEBUG | RTD: Detalhes completos registrados para CSNA3|CSNAU625 (Liquidez detectada)
src.infrastructure.providers.mercado_data_provider | DEBUG | RTD: preco_ativo CSNA3=5.28 forçado com sucesso
src.infrastructure.providers.mercado_data_provider | DEBUG | RTD: Detalhes completos registrados para HAPV3|HAPVT120W1 (Liquidez detectada)
src.infrastructure.providers.mercado_data_provider | DEBUG | RTD: preco_ativo HAPV3=10.51 forçado com sucesso
src.infrastructure.providers.mercado_data_provider | DEBUG | RTD: Detalhes completos registrados para IGTI11|IGTIT246 (Liquidez detectada)
src.infrastructure.providers.mercado_data_provider | DEBUG | RTD: preco_ativo IGTI11=24.52 forçado com sucesso
src.infrastructure.providers.mercado_data_provider | DEBUG | RTD: Detalhes completos registrados para BBDC4|BBDCT140W2 (Liquidez detectada)
src.infrastructure.providers.mercado_data_provider | DEBUG | RTD: preco_ativo BBDC4=18.38 forçado com sucesso
src.infrastructure.providers.mercado_data_provider | DEBUG | RTD: Detalhes completos registrados para BRSR6|BRSRT154 (Liquidez detectada)
src.infrastructure.providers.mercado_data_provider | DEBUG | RTD: preco_ativo BRSR6=13.91 forçado com sucesso
src.infrastructure.providers.mercado_data_provider | DEBUG | RTD: Detalhes completos registrados para TOTS3|TOTST297 (Liquidez detectada)
src.infrastructure.providers.mercado_data_provider | DEBUG | RTD: preco_ativo TOTS3=29.55 forçado com sucesso
src.infrastructure.providers.mercado_data_provider | DEBUG | RTD: Detalhes completos registrados para CSAN3|CSANT475 (Liquidez detectada)
src.infrastructure.providers.mercado_data_provider | DEBUG | RTD: preco_ativo CSAN3=3.92 forçado com sucesso
src.infrastructure.providers.mercado_data_provider | DEBUG | RTD: Detalhes completos registrados para MGLU3|MGLUT381 (Liquidez detectada)
src.infrastructure.providers.mercado_data_provider | DEBUG | RTD: preco_ativo MGLU3=4.76 forçado com sucesso
src.infrastructure.providers.mercado_data_provider | DEBUG | RTD: Detalhes completos registrados para CPLE3|CPLEU15 (Liquidez detectada)
src.infrastructure.providers.mercado_data_provider | DEBUG | RTD: preco_ativo CPLE3=14.67 forçado com sucesso
src.infrastructure.providers.mercado_data_provider | DEBUG | RTD: Detalhes completos registrados para ITUB4|ITUBT407W1 (Liquidez detectada)
src.infrastructure.providers.mercado_data_provider | DEBUG | RTD: preco_ativo ITUB4=42.01 forçado com sucesso
src.infrastructure.providers.mercado_data_provider | DEBUG | RTD: Detalhes completos registrados para BEEF3|BEEFU255 (Liquidez detectada)
src.infrastructure.providers.mercado_data_provider | DEBUG | RTD: preco_ativo BEEF3=3.47 forçado com sucesso
src.infrastructure.providers.mercado_data_provider | DEBUG | RTD: Detalhes completos registrados para BBDC4|BBDCV169 (Liquidez detectada)
src.infrastructure.providers.mercado_data_provider | DEBUG | RTD: preco_ativo BBDC4=18.38 forçado com sucesso
src.infrastructure.providers.mercado_data_provider | DEBUG | RTD: Detalhes completos registrados para EGIE3|EGIET297W2 (Liquidez detectada)
src.infrastructure.providers.mercado_data_provider | DEBUG | RTD: preco_ativo EGIE3=29.41 forçado com sucesso
src.infrastructure.providers.mercado_data_provider | DEBUG | RTD: Detalhes completos registrados para EMBJ3|EMBJU410 (Liquidez detectada)
src.infrastructure.providers.mercado_data_provider | DEBUG | RTD: preco_ativo EMBJ3=86.64 forçado com sucesso
src.infrastructure.providers.mercado_data_provider | DEBUG | RTD: Detalhes completos registrados para ITUB4|ITUBT394W2 (Liquidez detectada)
src.infrastructure.providers.mercado_data_provider | DEBUG | RTD: preco_ativo ITUB4=42.01 forçado com sucesso
src.infrastructure.providers.mercado_data_provider | DEBUG | RTD: Detalhes completos registrados para EQTL3|EQTLT377W1 (Liquidez detectada)
src.infrastructure.providers.mercado_data_provider | DEBUG | RTD: preco_ativo EQTL3=38.00 forçado com sucesso
src.infrastructure.providers.mercado_data_provider | DEBUG | RTD: Detalhes completos registrados para PSSA3|PSSAU498 (Liquidez detectada)
src.infrastructure.providers.mercado_data_provider | DEBUG | RTD: preco_ativo PSSA3=53.61 forçado com sucesso
src.infrastructure.providers.mercado_data_provider | DEBUG | RTD: Detalhes completos registrados para XPBR31|XPBRT780 (Liquidez detectada)
src.infrastructure.providers.mercado_data_provider | DEBUG | RTD: preco_ativo XPBR31=83.56 forçado com sucesso
src.infrastructure.providers.mercado_data_provider | DEBUG | RTD: Detalhes completos registrados para PETR3|PETRU18 (Liquidez detectada)
src.infrastructure.providers.mercado_data_provider | DEBUG | RTD: preco_ativo PETR3=47.42 forçado com sucesso
src.infrastructure.providers.mercado_data_provider | DEBUG | RTD: Detalhes completos registrados para BRKM5|BRKMU850 (Liquidez detectada)
src.infrastructure.providers.mercado_data_provider | DEBUG | RTD: preco_ativo BRKM5=6.12 forçado com sucesso
src.infrastructure.providers.mercado_data_provider | DEBUG | RTD: Detalhes completos registrados para EMBJ3|EMBJT713W2 (Liquidez detectada)
src.infrastructure.providers.mercado_data_provider | DEBUG | RTD: preco_ativo EMBJ3=86.64 forçado com sucesso
src.infrastructure.providers.mercado_data_provider | DEBUG | RTD: Detalhes completos registrados para RAIL3|RAILU793 (Liquidez detectada)
src.infrastructure.providers.mercado_data_provider | DEBUG | RTD: preco_ativo RAIL3=13.97 forçado com sucesso
src.infrastructure.providers.mercado_data_provider | DEBUG | RTD: Detalhes completos registrados para PRIO3|PRIOU315 (Liquidez detectada)
src.infrastructure.providers.mercado_data_provider | DEBUG | RTD: preco_ativo PRIO3=58.28 forçado com sucesso
src.infrastructure.providers.mercado_data_provider | DEBUG | RTD: Detalhes completos registrados para ITSA4|ITSAX118 (Liquidez detectada)
src.infrastructure.providers.mercado_data_provider | DEBUG | RTD: preco_ativo ITSA4=13.53 forçado com sucesso
src.infrastructure.providers.mercado_data_provider | DEBUG | RTD: Detalhes completos registrados para CSNA3|CSNAU480 (Liquidez detectada)
src.infrastructure.providers.mercado_data_provider | DEBUG | RTD: preco_ativo CSNA3=5.28 forçado com sucesso
src.infrastructure.providers.mercado_data_provider | DEBUG | RTD: Detalhes completos registrados para ALPA4|ALPAU125 (Liquidez detectada)
src.infrastructure.providers.mercado_data_provider | DEBUG | RTD: preco_ativo ALPA4=11.52 forçado com sucesso
src.infrastructure.providers.mercado_data_provider | DEBUG | RTD: Detalhes completos registrados para ECOR3|ECORT714 (Liquidez detectada)
src.infrastructure.providers.mercado_data_provider | DEBUG | RTD: preco_ativo ECOR3=6.89 forçado com sucesso
src.infrastructure.providers.mercado_data_provider | DEBUG | RTD: Detalhes completos registrados para PETR4|PETRT383W2 (Liquidez detectada)
src.infrastructure.providers.mercado_data_provider | DEBUG | RTD: preco_ativo PETR4=41.93 forçado com sucesso
src.infrastructure.providers.mercado_data_provider | DEBUG | RTD: Detalhes completos registrados para BPAC11|BPACT561W1 (Liquidez detectada)
src.infrastructure.providers.mercado_data_provider | DEBUG | RTD: preco_ativo BPAC11=55.03 forçado com sucesso
src.infrastructure.providers.mercado_data_provider | DEBUG | RTD: Detalhes completos registrados para PETR3|PETRU46 (Liquidez detectada)
src.infrastructure.providers.mercado_data_provider | DEBUG | RTD: preco_ativo PETR3=47.42 forçado com sucesso
src.infrastructure.providers.mercado_data_provider | DEBUG | RTD: Detalhes completos registrados para NATU3|NATUT620 (Liquidez detectada)
src.infrastructure.providers.mercado_data_provider | DEBUG | RTD: preco_ativo NATU3=8.35 forçado com sucesso
src.infrastructure.providers.mercado_data_provider | DEBUG | RTD: Detalhes completos registrados para QUAL3|QUALU138 (Liquidez detectada)
src.infrastructure.providers.mercado_data_provider | DEBUG | RTD: preco_ativo QUAL3=1.45 forçado com sucesso
src.infrastructure.providers.mercado_data_provider | DEBUG | RTD: Detalhes completos registrados para EQTL3|EQTLU379 (Liquidez detectada)
src.infrastructure.providers.mercado_data_provider | DEBUG | RTD: preco_ativo EQTL3=38.00 forçado com sucesso
src.infrastructure.providers.mercado_data_provider | DEBUG | RTD: Detalhes completos registrados para GMAT3|GMATU429 (Liquidez detectada)
src.infrastructure.providers.mercado_data_provider | DEBUG | RTD: preco_ativo GMAT3=3.88 forçado com sucesso
src.infrastructure.providers.mercado_data_provider | DEBUG | RTD: Detalhes completos registrados para RDOR3|RDORU393 (Liquidez detectada)
src.infrastructure.providers.mercado_data_provider | DEBUG | RTD: preco_ativo RDOR3=33.85 forçado com sucesso
src.infrastructure.providers.mercado_data_provider | DEBUG | RTD: Detalhes completos registrados para SPCX34|SPCXT570 (Liquidez detectada)
src.infrastructure.providers.mercado_data_provider | DEBUG | RTD: preco_ativo SPCX34=39.80 forçado com sucesso
src.infrastructure.providers.mercado_data_provider | DEBUG | RTD: Detalhes completos registrados para COGN3|COGNT173 (Liquidez detectada)
src.infrastructure.providers.mercado_data_provider | DEBUG | RTD: preco_ativo COGN3=2.19 forçado com sucesso
src.infrastructure.providers.mercado_data_provider | DEBUG | RTD: Detalhes completos registrados para BBAS3|BBASM160 (Liquidez detectada)
src.infrastructure.providers.mercado_data_provider | DEBUG | RTD: preco_ativo BBAS3=20.82 forçado com sucesso
src.infrastructure.providers.mercado_data_provider | DEBUG | RTD: Detalhes completos registrados para MOTV3|MOTVU141 (Liquidez detectada)
src.infrastructure.providers.mercado_data_provider | DEBUG | RTD: preco_ativo MOTV3=14.18 forçado com sucesso
src.infrastructure.providers.mercado_data_provider | DEBUG | RTD: Detalhes completos registrados para BBDC3|BBDCU163 (Liquidez detectada)
src.infrastructure.providers.mercado_data_provider | DEBUG | RTD: preco_ativo BBDC3=16.03 forçado com sucesso
src.infrastructure.providers.mercado_data_provider | DEBUG | RTD: Detalhes completos registrados para ALPA4|ALPAT824 (Liquidez detectada)
src.infrastructure.providers.mercado_data_provider | DEBUG | RTD: preco_ativo ALPA4=11.52 forçado com sucesso
src.infrastructure.providers.mercado_data_provider | DEBUG | RTD: Detalhes completos registrados para CMIN3|CMINT351 (Liquidez detectada)
src.infrastructure.providers.mercado_data_provider | DEBUG | RTD: preco_ativo CMIN3=5.91 forçado com sucesso
src.infrastructure.providers.mercado_data_provider | DEBUG | RTD: Detalhes completos registrados para DXCO3|DXCOT525 (Liquidez detectada)
src.infrastructure.providers.mercado_data_provider | DEBUG | RTD: preco_ativo DXCO3=4.97 forçado com sucesso
src.infrastructure.providers.mercado_data_provider | DEBUG | RTD: Detalhes completos registrados para EMBJ3|EMBJT708 (Liquidez detectada)
src.infrastructure.providers.mercado_data_provider | DEBUG | RTD: preco_ativo EMBJ3=86.64 forçado com sucesso
src.infrastructure.providers.mercado_data_provider | DEBUG | RTD: Detalhes completos registrados para MGLU3|MGLUU730 (Liquidez detectada)
src.infrastructure.providers.mercado_data_provider | DEBUG | RTD: preco_ativo MGLU3=4.76 forçado com sucesso
src.infrastructure.providers.mercado_data_provider | DEBUG | RTD: Detalhes completos registrados para PRIO3|PRIOT382 (Liquidez detectada)
src.infrastructure.providers.mercado_data_provider | DEBUG | RTD: preco_ativo PRIO3=58.28 forçado com sucesso
src.infrastructure.providers.mercado_data_provider | DEBUG | RTD: Detalhes completos registrados para HAPV3|HAPVU120 (Liquidez detectada)
src.infrastructure.providers.mercado_data_provider | DEBUG | RTD: preco_ativo HAPV3=10.51 forçado com sucesso
src.infrastructure.providers.mercado_data_provider | DEBUG | RTD: Detalhes completos registrados para HAPV3|HAPVT465 (Liquidez detectada)
src.infrastructure.providers.mercado_data_provider | DEBUG | RTD: preco_ativo HAPV3=10.51 forçado com sucesso
src.infrastructure.providers.mercado_data_provider | DEBUG | RTD: Detalhes completos registrados para BRKM5|BRKMT495 (Liquidez detectada)
src.infrastructure.providers.mercado_data_provider | DEBUG | RTD: preco_ativo BRKM5=6.12 forçado com sucesso
src.infrastructure.providers.mercado_data_provider | DEBUG | RTD: Detalhes completos registrados para BPAC11|BPACU481 (Liquidez detectada)
src.infrastructure.providers.mercado_data_provider | DEBUG | RTD: preco_ativo BPAC11=55.03 forçado com sucesso
src.infrastructure.providers.mercado_data_provider | DEBUG | RTD: Detalhes completos registrados para MOVI3|MOVIU783 (Liquidez detectada)
src.infrastructure.providers.mercado_data_provider | DEBUG | RTD: preco_ativo MOVI3=7.85 forçado com sucesso
src.infrastructure.providers.mercado_data_provider | DEBUG | RTD: Detalhes completos registrados para PETR3|PETRU313 (Liquidez detectada)
src.infrastructure.providers.mercado_data_provider | DEBUG | RTD: preco_ativo PETR3=47.42 forçado com sucesso
src.infrastructure.providers.mercado_data_provider | DEBUG | RTD: Detalhes completos registrados para BBAS3|BBASX250 (Liquidez detectada)
src.infrastructure.providers.mercado_data_provider | DEBUG | RTD: preco_ativo BBAS3=20.82 forçado com sucesso
src.infrastructure.providers.mercado_data_provider | DEBUG | RTD: Detalhes completos registrados para BRSR6|BRSRT142 (Liquidez detectada)
src.infrastructure.providers.mercado_data_provider | DEBUG | RTD: preco_ativo BRSR6=13.91 forçado com sucesso
src.infrastructure.providers.mercado_data_provider | DEBUG | RTD: Detalhes completos registrados para PETR4|PETRX44 (Liquidez detectada)
src.infrastructure.providers.mercado_data_provider | DEBUG | RTD: preco_ativo PETR4=41.93 forçado com sucesso
src.infrastructure.providers.mercado_data_provider | DEBUG | RTD: Detalhes completos registrados para CMIG4|CMIGU846 (Liquidez detectada)
src.infrastructure.providers.mercado_data_provider | DEBUG | RTD: preco_ativo CMIG4=11.10 forçado com sucesso
src.infrastructure.providers.mercado_data_provider | DEBUG | RTD: Detalhes completos registrados para ANIM3|ANIMT237 (Liquidez detectada)
src.infrastructure.providers.mercado_data_provider | DEBUG | RTD: preco_ativo ANIM3=2.23 forçado com sucesso
src.infrastructure.providers.mercado_data_provider | DEBUG | RTD: Detalhes completos registrados para BPAC11|BPACU611 (Liquidez detectada)
src.infrastructure.providers.mercado_data_provider | DEBUG | RTD: preco_ativo BPAC11=55.03 forçado com sucesso
src.infrastructure.providers.mercado_data_provider | DEBUG | RTD: Detalhes completos registrados para CSNA3|CSNAT460W2 (Liquidez detectada)
src.infrastructure.providers.mercado_data_provider | DEBUG | RTD: preco_ativo CSNA3=5.28 forçado com sucesso
src.infrastructure.providers.mercado_data_provider | DEBUG | RTD: Detalhes completos registrados para ECOR3|ECORU554 (Liquidez detectada)
src.infrastructure.providers.mercado_data_provider | DEBUG | RTD: preco_ativo ECOR3=6.89 forçado com sucesso
src.infrastructure.providers.mercado_data_provider | DEBUG | RTD: Detalhes completos registrados para EGIE3|EGIEU257 (Liquidez detectada)
src.infrastructure.providers.mercado_data_provider | DEBUG | RTD: preco_ativo EGIE3=29.41 forçado com sucesso
src.infrastructure.providers.mercado_data_provider | DEBUG | RTD: Detalhes completos registrados para EMBJ3|EMBJT728W2 (Liquidez detectada)
src.infrastructure.providers.mercado_data_provider | DEBUG | RTD: preco_ativo EMBJ3=86.64 forçado com sucesso
src.infrastructure.providers.mercado_data_provider | DEBUG | RTD: Detalhes completos registrados para CSAN3|CSANU445 (Liquidez detectada)
src.infrastructure.providers.mercado_data_provider | DEBUG | RTD: preco_ativo CSAN3=3.92 forçado com sucesso
src.infrastructure.providers.mercado_data_provider | DEBUG | RTD: Detalhes completos registrados para EMBJ3|EMBJU988 (Liquidez detectada)
src.infrastructure.providers.mercado_data_provider | DEBUG | RTD: preco_ativo EMBJ3=86.64 forçado com sucesso
src.infrastructure.providers.mercado_data_provider | DEBUG | RTD: Detalhes completos registrados para HYPE3|HYPET200W2 (Liquidez detectada)
src.infrastructure.providers.mercado_data_provider | DEBUG | RTD: preco_ativo HYPE3=21.05 forçado com sucesso
src.infrastructure.providers.mercado_data_provider | DEBUG | RTD: Detalhes completos registrados para LREN3|LRENT129W2 (Liquidez detectada)
src.infrastructure.providers.mercado_data_provider | DEBUG | RTD: preco_ativo LREN3=13.38 forçado com sucesso
src.infrastructure.providers.mercado_data_provider | DEBUG | RTD: Detalhes completos registrados para ALUP11|ALUPT294 (Liquidez detectada)
src.infrastructure.providers.mercado_data_provider | DEBUG | RTD: preco_ativo ALUP11=32.48 forçado com sucesso
src.infrastructure.providers.mercado_data_provider | DEBUG | RTD: Detalhes completos registrados para ITUB4|ITUBT430 (Liquidez detectada)
src.infrastructure.providers.mercado_data_provider | DEBUG | RTD: preco_ativo ITUB4=42.01 forçado com sucesso
src.infrastructure.providers.mercado_data_provider | DEBUG | RTD: Detalhes completos registrados para CSAN3|CSANU385 (Liquidez detectada)
src.infrastructure.providers.mercado_data_provider | DEBUG | RTD: preco_ativo CSAN3=3.92 forçado com sucesso
src.infrastructure.providers.mercado_data_provider | DEBUG | RTD: Detalhes completos registrados para BBDC4|BBDCT176 (Liquidez detectada)
src.infrastructure.providers.mercado_data_provider | DEBUG | RTD: preco_ativo BBDC4=18.38 forçado com sucesso
src.infrastructure.providers.mercado_data_provider | DEBUG | RTD: Detalhes completos registrados para BRKM5|BRKMT760 (Liquidez detectada)
src.infrastructure.providers.mercado_data_provider | DEBUG | RTD: preco_ativo BRKM5=6.12 forçado com sucesso
src.infrastructure.providers.mercado_data_provider | DEBUG | RTD: Detalhes completos registrados para CXSE3|CXSEX166 (Liquidez detectada)
src.infrastructure.providers.mercado_data_provider | DEBUG | RTD: preco_ativo CXSE3=20.41 forçado com sucesso
src.infrastructure.providers.mercado_data_provider | DEBUG | RTD: Detalhes completos registrados para CPFE3|CPFET419 (Liquidez detectada)
src.infrastructure.providers.mercado_data_provider | DEBUG | RTD: preco_ativo CPFE3=45.23 forçado com sucesso
src.infrastructure.providers.mercado_data_provider | DEBUG | RTD: Detalhes completos registrados para BRKM5|BRKMU620 (Liquidez detectada)
src.infrastructure.providers.mercado_data_provider | DEBUG | RTD: preco_ativo BRKM5=6.12 forçado com sucesso
src.infrastructure.providers.mercado_data_provider | DEBUG | RTD: Detalhes completos registrados para IRBR3|IRBRT513W1 (Liquidez detectada)
src.infrastructure.providers.mercado_data_provider | DEBUG | RTD: preco_ativo IRBR3=53.33 forçado com sucesso
src.infrastructure.providers.mercado_data_provider | DEBUG | RTD: Detalhes completos registrados para HAPV3|HAPVT365 (Liquidez detectada)
src.infrastructure.providers.mercado_data_provider | DEBUG | RTD: preco_ativo HAPV3=10.51 forçado com sucesso
src.infrastructure.providers.mercado_data_provider | DEBUG | RTD: Detalhes completos registrados para ABEV3|ABEVT13 (Liquidez detectada)
src.infrastructure.providers.mercado_data_provider | DEBUG | RTD: preco_ativo ABEV3=16.03 forçado com sucesso
src.infrastructure.providers.mercado_data_provider | DEBUG | RTD: Detalhes completos registrados para INTB3|INTBT133 (Liquidez detectada)
src.infrastructure.providers.mercado_data_provider | DEBUG | RTD: preco_ativo INTB3=13.48 forçado com sucesso
src.infrastructure.providers.mercado_data_provider | DEBUG | RTD: Detalhes completos registrados para ABCB4|ABCBU224 (Liquidez detectada)
src.infrastructure.providers.mercado_data_provider | DEBUG | RTD: preco_ativo ABCB4=23.68 forçado com sucesso
src.infrastructure.providers.mercado_data_provider | DEBUG | RTD: Detalhes completos registrados para BRAV3|BRAVU998 (Liquidez detectada)
src.infrastructure.providers.mercado_data_provider | DEBUG | RTD: preco_ativo BRAV3=20.86 forçado com sucesso
src.infrastructure.providers.mercado_data_provider | DEBUG | RTD: Detalhes completos registrados para CSNA3|CSNAT440W2 (Liquidez detectada)
src.infrastructure.providers.mercado_data_provider | DEBUG | RTD: preco_ativo CSNA3=5.28 forçado com sucesso
src.infrastructure.providers.mercado_data_provider | DEBUG | RTD: Detalhes completos registrados para PETR4|PETRV386 (Liquidez detectada)
src.infrastructure.providers.mercado_data_provider | DEBUG | RTD: preco_ativo PETR4=41.93 forçado com sucesso
src.infrastructure.providers.mercado_data_provider | DEBUG | RTD: Detalhes completos registrados para BBDC4|BBDCU149 (Liquidez detectada)
src.infrastructure.providers.mercado_data_provider | DEBUG | RTD: preco_ativo BBDC4=18.38 forçado com sucesso
src.infrastructure.providers.mercado_data_provider | DEBUG | RTD: Detalhes completos registrados para NATU3|NATUT810 (Liquidez detectada)
src.infrastructure.providers.mercado_data_provider | DEBUG | RTD: preco_ativo NATU3=8.35 forçado com sucesso
src.infrastructure.providers.mercado_data_provider | DEBUG | RTD: Detalhes completos registrados para ENEV3|ENEVX247 (Liquidez detectada)
src.infrastructure.providers.mercado_data_provider | DEBUG | RTD: preco_ativo ENEV3=25.93 forçado com sucesso
src.infrastructure.providers.mercado_data_provider | DEBUG | RTD: Detalhes completos registrados para MOTV3|MOTVT124 (Liquidez detectada)
src.infrastructure.providers.mercado_data_provider | DEBUG | RTD: preco_ativo MOTV3=14.18 forçado com sucesso
src.infrastructure.providers.mercado_data_provider | DEBUG | RTD: Detalhes completos registrados para ALPA4|ALPAU884 (Liquidez detectada)
src.infrastructure.providers.mercado_data_provider | DEBUG | RTD: preco_ativo ALPA4=11.52 forçado com sucesso
src.infrastructure.providers.mercado_data_provider | DEBUG | RTD: Detalhes completos registrados para PETR4|PETRX464 (Liquidez detectada)
src.infrastructure.providers.mercado_data_provider | DEBUG | RTD: preco_ativo PETR4=41.93 forçado com sucesso
src.infrastructure.providers.mercado_data_provider | DEBUG | RTD: Detalhes completos registrados para HYPE3|HYPET183W1 (Liquidez detectada)
src.infrastructure.providers.mercado_data_provider | DEBUG | RTD: preco_ativo HYPE3=21.05 forçado com sucesso
src.infrastructure.providers.mercado_data_provider | DEBUG | RTD: Detalhes completos registrados para ANIM3|ANIMU177 (Liquidez detectada)
src.infrastructure.providers.mercado_data_provider | DEBUG | RTD: preco_ativo ANIM3=2.23 forçado com sucesso
src.infrastructure.providers.mercado_data_provider | DEBUG | RTD: Detalhes completos registrados para CSMG3|CSMGT560W4 (Liquidez detectada)
src.infrastructure.providers.mercado_data_provider | DEBUG | RTD: preco_ativo CSMG3=61.93 forçado com sucesso
src.infrastructure.providers.mercado_data_provider | DEBUG | RTD: Detalhes completos registrados para CSMG3|CSMGU638 (Liquidez detectada)
src.infrastructure.providers.mercado_data_provider | DEBUG | RTD: preco_ativo CSMG3=61.93 forçado com sucesso
src.infrastructure.providers.mercado_data_provider | DEBUG | RTD: Detalhes completos registrados para CSMG3|CSMGT660W4 (Liquidez detectada)
src.infrastructure.providers.mercado_data_provider | DEBUG | RTD: preco_ativo CSMG3=61.93 forçado com sucesso
src.infrastructure.providers.mercado_data_provider | DEBUG | RTD: Detalhes completos registrados para BRAV3|BRAVT171W1 (Liquidez detectada)
src.infrastructure.providers.mercado_data_provider | DEBUG | RTD: preco_ativo BRAV3=20.86 forçado com sucesso
src.infrastructure.providers.mercado_data_provider | DEBUG | RTD: Detalhes completos registrados para IRBR3|IRBRT526W2 (Liquidez detectada)
src.infrastructure.providers.mercado_data_provider | DEBUG | RTD: preco_ativo IRBR3=53.33 forçado com sucesso
src.infrastructure.providers.mercado_data_provider | DEBUG | RTD: Detalhes completos registrados para GGBR4|GGBRU224 (Liquidez detectada)
src.infrastructure.providers.mercado_data_provider | DEBUG | RTD: preco_ativo GGBR4=24.82 forçado com sucesso
src.infrastructure.providers.mercado_data_provider | DEBUG | RTD: Detalhes completos registrados para EMBJ3|EMBJT638 (Liquidez detectada)
src.infrastructure.providers.mercado_data_provider | DEBUG | RTD: preco_ativo EMBJ3=86.64 forçado com sucesso
src.infrastructure.providers.mercado_data_provider | DEBUG | RTD: Detalhes completos registrados para BBDC4|BBDCW184 (Liquidez detectada)
src.infrastructure.providers.mercado_data_provider | DEBUG | RTD: preco_ativo BBDC4=18.38 forçado com sucesso
src.infrastructure.providers.mercado_data_provider | DEBUG | RTD: Detalhes completos registrados para EMBJ3|EMBJU390 (Liquidez detectada)
src.infrastructure.providers.mercado_data_provider | DEBUG | RTD: preco_ativo EMBJ3=86.64 forçado com sucesso
src.infrastructure.providers.mercado_data_provider | DEBUG | RTD: Detalhes completos registrados para MDIA3|MDIAT130 (Liquidez detectada)
src.infrastructure.providers.mercado_data_provider | DEBUG | RTD: preco_ativo MDIA3=17.04 forçado com sucesso
src.infrastructure.providers.mercado_data_provider | DEBUG | RTD: Detalhes completos registrados para CSMG3|CSMGU592 (Liquidez detectada)
src.infrastructure.providers.mercado_data_provider | DEBUG | RTD: preco_ativo CSMG3=61.93 forçado com sucesso
src.infrastructure.providers.mercado_data_provider | DEBUG | RTD: Detalhes completos registrados para CEAB3|CEABU782 (Liquidez detectada)
src.infrastructure.providers.mercado_data_provider | DEBUG | RTD: preco_ativo CEAB3=9.17 forçado com sucesso
src.infrastructure.providers.mercado_data_provider | DEBUG | RTD: Detalhes completos registrados para POMO4|POMOW566 (Liquidez detectada)
src.infrastructure.providers.mercado_data_provider | DEBUG | RTD: preco_ativo POMO4=5.33 forçado com sucesso
src.infrastructure.providers.mercado_data_provider | DEBUG | RTD: Detalhes completos registrados para MGLU3|MGLUT611 (Liquidez detectada)
src.infrastructure.providers.mercado_data_provider | DEBUG | RTD: preco_ativo MGLU3=4.76 forçado com sucesso
src.infrastructure.providers.mercado_data_provider | DEBUG | RTD: Detalhes completos registrados para ISAE4|ISAEU305 (Liquidez detectada)
src.infrastructure.providers.mercado_data_provider | DEBUG | RTD: preco_ativo ISAE4=26.51 forçado com sucesso
src.infrastructure.providers.mercado_data_provider | DEBUG | RTD: Detalhes completos registrados para BRAV3|BRAVV21 (Liquidez detectada)
src.infrastructure.providers.mercado_data_provider | DEBUG | RTD: preco_ativo BRAV3=20.86 forçado com sucesso
src.infrastructure.providers.mercado_data_provider | DEBUG | RTD: Detalhes completos registrados para MYPK3|MYPKU905 (Liquidez detectada)
src.infrastructure.providers.mercado_data_provider | DEBUG | RTD: preco_ativo MYPK3=9.43 forçado com sucesso
src.infrastructure.providers.mercado_data_provider | DEBUG | RTD: Detalhes completos registrados para ASAI3|ASAIT790 (Liquidez detectada)
src.infrastructure.providers.mercado_data_provider | DEBUG | RTD: preco_ativo ASAI3=8.21 forçado com sucesso
src.infrastructure.providers.mercado_data_provider | DEBUG | RTD: Detalhes completos registrados para DIRR3|DIRRU124 (Liquidez detectada)
src.infrastructure.providers.mercado_data_provider | DEBUG | RTD: preco_ativo DIRR3=11.10 forçado com sucesso
src.infrastructure.providers.mercado_data_provider | DEBUG | RTD: Detalhes completos registrados para WEGE3|WEGEV429W2 (Liquidez detectada)
src.infrastructure.providers.mercado_data_provider | DEBUG | RTD: preco_ativo WEGE3=45.77 forçado com sucesso
src.infrastructure.providers.mercado_data_provider | DEBUG | RTD: Detalhes completos registrados para CSNA3|CSNAT327 (Liquidez detectada)
src.infrastructure.providers.mercado_data_provider | DEBUG | RTD: preco_ativo CSNA3=5.28 forçado com sucesso
src.infrastructure.providers.mercado_data_provider | DEBUG | RTD: Detalhes completos registrados para MOVI3|MOVIU663 (Liquidez detectada)
src.infrastructure.providers.mercado_data_provider | DEBUG | RTD: preco_ativo MOVI3=7.85 forçado com sucesso
src.infrastructure.providers.mercado_data_provider | DEBUG | RTD: Detalhes completos registrados para GGBR4|GGBRT223W2 (Liquidez detectada)
src.infrastructure.providers.mercado_data_provider | DEBUG | RTD: preco_ativo GGBR4=24.82 forçado com sucesso
src.infrastructure.providers.mercado_data_provider | DEBUG | RTD: Detalhes completos registrados para HAPV3|HAPVU740 (Liquidez detectada)
src.infrastructure.providers.mercado_data_provider | DEBUG | RTD: preco_ativo HAPV3=10.51 forçado com sucesso
src.infrastructure.providers.mercado_data_provider | DEBUG | RTD: Detalhes completos registrados para VBBR3|VBBRU369 (Liquidez detectada)
src.infrastructure.providers.mercado_data_provider | DEBUG | RTD: preco_ativo VBBR3=34.89 forçado com sucesso
src.infrastructure.providers.mercado_data_provider | DEBUG | RTD: Detalhes completos registrados para EQTL3|EQTLT369W4 (Liquidez detectada)
src.infrastructure.providers.mercado_data_provider | DEBUG | RTD: preco_ativo EQTL3=38.00 forçado com sucesso
src.infrastructure.providers.mercado_data_provider | DEBUG | RTD: Detalhes completos registrados para LREN3|LRENU977 (Liquidez detectada)
src.infrastructure.providers.mercado_data_provider | DEBUG | RTD: preco_ativo LREN3=13.38 forçado com sucesso
src.infrastructure.providers.mercado_data_provider | DEBUG | RTD: Detalhes completos registrados para MOVI3|MOVIU873 (Liquidez detectada)
src.infrastructure.providers.mercado_data_provider | DEBUG | RTD: preco_ativo MOVI3=7.85 forçado com sucesso
src.infrastructure.providers.mercado_data_provider | DEBUG | RTD: Detalhes completos registrados para ALPA4|ALPAT934 (Liquidez detectada)
src.infrastructure.providers.mercado_data_provider | DEBUG | RTD: preco_ativo ALPA4=11.52 forçado com sucesso
src.infrastructure.providers.mercado_data_provider | DEBUG | RTD: Detalhes completos registrados para PRIO3|PRIOU372 (Liquidez detectada)
src.infrastructure.providers.mercado_data_provider | DEBUG | RTD: preco_ativo PRIO3=58.28 forçado com sucesso
src.infrastructure.providers.mercado_data_provider | DEBUG | RTD: Detalhes completos registrados para PETR4|PETRT243W1 (Liquidez detectada)
src.infrastructure.providers.mercado_data_provider | DEBUG | RTD: preco_ativo PETR4=41.93 forçado com sucesso
src.infrastructure.providers.mercado_data_provider | DEBUG | RTD: Detalhes completos registrados para HYPE3|HYPET222 (Liquidez detectada)
src.infrastructure.providers.mercado_data_provider | DEBUG | RTD: preco_ativo HYPE3=21.05 forçado com sucesso
src.infrastructure.providers.mercado_data_provider | DEBUG | RTD: Detalhes completos registrados para CPLE3|CPLEU137 (Liquidez detectada)
src.infrastructure.providers.mercado_data_provider | DEBUG | RTD: preco_ativo CPLE3=14.67 forçado com sucesso
src.infrastructure.providers.mercado_data_provider | DEBUG | RTD: Detalhes completos registrados para CEAB3|CEABT100 (Liquidez detectada)
src.infrastructure.providers.mercado_data_provider | DEBUG | RTD: preco_ativo CEAB3=9.17 forçado com sucesso
src.infrastructure.providers.mercado_data_provider | DEBUG | RTD: Detalhes completos registrados para EQTL3|EQTLT356 (Liquidez detectada)
src.infrastructure.providers.mercado_data_provider | DEBUG | RTD: preco_ativo EQTL3=38.00 forçado com sucesso
src.infrastructure.providers.mercado_data_provider | DEBUG | RTD: Detalhes completos registrados para CSNA3|CSNAU370 (Liquidez detectada)
src.infrastructure.providers.mercado_data_provider | DEBUG | RTD: preco_ativo CSNA3=5.28 forçado com sucesso
src.infrastructure.providers.mercado_data_provider | DEBUG | RTD: Detalhes completos registrados para EGIE3|EGIEM400 (Liquidez detectada)
src.infrastructure.providers.mercado_data_provider | DEBUG | RTD: preco_ativo EGIE3=29.41 forçado com sucesso
src.infrastructure.providers.mercado_data_provider | DEBUG | RTD: Detalhes completos registrados para ITUB4|ITUBU484 (Liquidez detectada)
src.infrastructure.providers.mercado_data_provider | DEBUG | RTD: preco_ativo ITUB4=42.01 forçado com sucesso
src.infrastructure.providers.mercado_data_provider | DEBUG | RTD: Detalhes completos registrados para BPAC11|BPACT456 (Liquidez detectada)
src.infrastructure.providers.mercado_data_provider | DEBUG | RTD: preco_ativo BPAC11=55.03 forçado com sucesso
src.infrastructure.providers.mercado_data_provider | DEBUG | RTD: Detalhes completos registrados para PETR3|PETRU300 (Liquidez detectada)
src.infrastructure.providers.mercado_data_provider | DEBUG | RTD: preco_ativo PETR3=47.42 forçado com sucesso
src.infrastructure.providers.mercado_data_provider | DEBUG | RTD: Detalhes completos registrados para EQTL3|EQTLT342 (Liquidez detectada)
src.infrastructure.providers.mercado_data_provider | DEBUG | RTD: preco_ativo EQTL3=38.00 forçado com sucesso
src.infrastructure.providers.mercado_data_provider | DEBUG | RTD: Detalhes completos registrados para LREN3|LRENX134 (Liquidez detectada)
src.infrastructure.providers.mercado_data_provider | DEBUG | RTD: preco_ativo LREN3=13.38 forçado com sucesso
src.infrastructure.providers.mercado_data_provider | DEBUG | RTD: Detalhes completos registrados para ALOS3|ALOSU287 (Liquidez detectada)
src.infrastructure.providers.mercado_data_provider | DEBUG | RTD: preco_ativo ALOS3=26.52 forçado com sucesso
src.infrastructure.providers.mercado_data_provider | DEBUG | RTD: Detalhes completos registrados para ENEV3|ENEVU257 (Liquidez detectada)
src.infrastructure.providers.mercado_data_provider | DEBUG | RTD: preco_ativo ENEV3=25.93 forçado com sucesso
src.infrastructure.providers.mercado_data_provider | DEBUG | RTD: Detalhes completos registrados para ENGI11|ENGIT496 (Liquidez detectada)
src.infrastructure.providers.mercado_data_provider | DEBUG | RTD: preco_ativo ENGI11=49.01 forçado com sucesso
src.infrastructure.providers.mercado_data_provider | DEBUG | RTD: Detalhes completos registrados para PETR4|PETRV244 (Liquidez detectada)
src.infrastructure.providers.mercado_data_provider | DEBUG | RTD: preco_ativo PETR4=41.93 forçado com sucesso
src.infrastructure.providers.mercado_data_provider | DEBUG | RTD: Detalhes completos registrados para BRSR6|BRSRU119 (Liquidez detectada)
src.infrastructure.providers.mercado_data_provider | DEBUG | RTD: preco_ativo BRSR6=13.91 forçado com sucesso
src.infrastructure.providers.mercado_data_provider | DEBUG | RTD: Detalhes completos registrados para PETR4|PETRU474 (Liquidez detectada)
src.infrastructure.providers.mercado_data_provider | DEBUG | RTD: preco_ativo PETR4=41.93 forçado com sucesso
src.infrastructure.providers.mercado_data_provider | DEBUG | RTD: Detalhes completos registrados para BPAC11|BPACU536 (Liquidez detectada)
src.infrastructure.providers.mercado_data_provider | DEBUG | RTD: preco_ativo BPAC11=55.03 forçado com sucesso
src.infrastructure.providers.mercado_data_provider | DEBUG | RTD: Detalhes completos registrados para ITUB4|ITUBU339 (Liquidez detectada)
src.infrastructure.providers.mercado_data_provider | DEBUG | RTD: preco_ativo ITUB4=42.01 forçado com sucesso
src.infrastructure.providers.mercado_data_provider | DEBUG | RTD: Detalhes completos registrados para ABCB4|ABCBT255 (Liquidez detectada)
src.infrastructure.providers.mercado_data_provider | DEBUG | RTD: preco_ativo ABCB4=23.68 forçado com sucesso
src.infrastructure.providers.mercado_data_provider | DEBUG | RTD: Detalhes completos registrados para PRIO3|PRIOT505 (Liquidez detectada)
src.infrastructure.providers.mercado_data_provider | DEBUG | RTD: preco_ativo PRIO3=58.28 forçado com sucesso
src.infrastructure.providers.mercado_data_provider | DEBUG | RTD: Detalhes completos registrados para ITUB4|ITUBW38 (Liquidez detectada)
src.infrastructure.providers.mercado_data_provider | DEBUG | RTD: preco_ativo ITUB4=42.01 forçado com sucesso
src.infrastructure.providers.mercado_data_provider | DEBUG | RTD: Detalhes completos registrados para MYPK3|MYPKU865 (Liquidez detectada)
src.infrastructure.providers.mercado_data_provider | DEBUG | RTD: preco_ativo MYPK3=9.43 forçado com sucesso
src.infrastructure.providers.mercado_data_provider | DEBUG | RTD: Detalhes completos registrados para GOAU4|GOAUT937 (Liquidez detectada)
src.infrastructure.providers.mercado_data_provider | DEBUG | RTD: preco_ativo GOAU4=10.75 forçado com sucesso
src.infrastructure.providers.mercado_data_provider | DEBUG | RTD: Detalhes completos registrados para PCAR3|PCARU325 (Liquidez detectada)
src.infrastructure.providers.mercado_data_provider | DEBUG | RTD: preco_ativo PCAR3=2.78 forçado com sucesso
src.infrastructure.providers.mercado_data_provider | DEBUG | RTD: Detalhes completos registrados para ISAE4|ISAEU277 (Liquidez detectada)
src.infrastructure.providers.mercado_data_provider | DEBUG | RTD: preco_ativo ISAE4=26.51 forçado com sucesso
src.infrastructure.providers.mercado_data_provider | DEBUG | RTD: Detalhes completos registrados para CYRE3|CYRET189W2 (Liquidez detectada)
src.infrastructure.providers.mercado_data_provider | DEBUG | RTD: preco_ativo CYRE3=20.67 forçado com sucesso
src.infrastructure.providers.mercado_data_provider | INFO | Background scan: 1665 novos instrumentos registrados
src.infrastructure.providers.mercado_data_provider | DEBUG | Varredura: _chaves_com_book=1428 _chaves_detalhes=1428
src.infrastructure.providers.mercado_data_provider | DEBUG | Varredura: sem_preco=0 sem_dados_rtd=2 chaves_com_book=1428
src.infrastructure.providers.mercado_data_provider | INFO | Varredura(F): monitor=25726 book=1426 | reg=0.000 ref=0.006 var=0.045 total=0.051 | inst_map=0.000 | onda2=683(0.021) onda1=0(0.000) cab_skip=745 status=0.016
src.infrastructure.providers.mercado_data_provider | DEBUG | Varredura: _chaves_com_book=1428 _chaves_detalhes=1428
src.infrastructure.providers.mercado_data_provider | DEBUG | Varredura: sem_preco=0 sem_dados_rtd=1 chaves_com_book=1428
src.infrastructure.providers.mercado_data_provider | INFO | Varredura(F): monitor=25726 book=1427 | reg=0.000 ref=0.003 var=0.036 total=0.038 | inst_map=0.000 | onda2=173(0.006) onda1=0(0.000) cab_skip=1255 status=0.024
src.infrastructure.providers.mercado_data_provider | DEBUG | RTD: Detalhes completos registrados para B3SA3|B3SAW15 (Liquidez detectada)
src.infrastructure.providers.mercado_data_provider | DEBUG | RTD: preco_ativo B3SA3=15.47 forçado com sucesso
src.infrastructure.providers.mercado_data_provider | DEBUG | RTD: Detalhes completos registrados para BBAS3|BBASX190 (Liquidez detectada)
src.infrastructure.providers.mercado_data_provider | DEBUG | RTD: preco_ativo BBAS3=20.82 forçado com sucesso
src.infrastructure.providers.mercado_data_provider | DEBUG | RTD: Detalhes completos registrados para BBDC4|BBDCT118W1 (Liquidez detectada)
src.infrastructure.providers.mercado_data_provider | DEBUG | RTD: preco_ativo BBDC4=18.38 forçado com sucesso
src.infrastructure.providers.mercado_data_provider | DEBUG | RTD: Detalhes completos registrados para BBAS3|BBAST226W2 (Liquidez detectada)
src.infrastructure.providers.mercado_data_provider | DEBUG | RTD: preco_ativo BBAS3=20.82 forçado com sucesso
src.infrastructure.providers.mercado_data_provider | DEBUG | RTD: Detalhes completos registrados para BBAS3|BBASU104 (Liquidez detectada)
src.infrastructure.providers.mercado_data_provider | DEBUG | RTD: preco_ativo BBAS3=20.82 forçado com sucesso
src.infrastructure.providers.mercado_data_provider | DEBUG | RTD: Detalhes completos registrados para BBAS3|BBAST887 (Liquidez detectada)
src.infrastructure.providers.mercado_data_provider | DEBUG | RTD: preco_ativo BBAS3=20.82 forçado com sucesso
src.infrastructure.providers.mercado_data_provider | DEBUG | RTD: Detalhes completos registrados para BBAS3|BBASU156 (Liquidez detectada)
src.infrastructure.providers.mercado_data_provider | DEBUG | RTD: preco_ativo BBAS3=20.82 forçado com sucesso
src.infrastructure.providers.mercado_data_provider | DEBUG | RTD: Detalhes completos registrados para B3SA3|B3SAU127 (Liquidez detectada)
src.infrastructure.providers.mercado_data_provider | DEBUG | RTD: preco_ativo B3SA3=15.47 forçado com sucesso
src.infrastructure.providers.mercado_data_provider | DEBUG | RTD: Detalhes completos registrados para BBAS3|BBASV20 (Liquidez detectada)
src.infrastructure.providers.mercado_data_provider | DEBUG | RTD: preco_ativo BBAS3=20.82 forçado com sucesso
src.infrastructure.providers.mercado_data_provider | DEBUG | RTD: Detalhes completos registrados para BBAS3|BBAST195 (Liquidez detectada)
src.infrastructure.providers.mercado_data_provider | DEBUG | RTD: preco_ativo BBAS3=20.82 forçado com sucesso
src.infrastructure.providers.mercado_data_provider | DEBUG | RTD: Detalhes completos registrados para BBAS3|BBAST215W1 (Liquidez detectada)
src.infrastructure.providers.mercado_data_provider | DEBUG | RTD: preco_ativo BBAS3=20.82 forçado com sucesso
src.infrastructure.providers.mercado_data_provider | DEBUG | RTD: Detalhes completos registrados para BBAS3|BBASU883 (Liquidez detectada)
src.infrastructure.providers.mercado_data_provider | DEBUG | RTD: preco_ativo BBAS3=20.82 forçado com sucesso
src.infrastructure.providers.mercado_data_provider | DEBUG | RTD: Detalhes completos registrados para BBAS3|BBAST217 (Liquidez detectada)
src.infrastructure.providers.mercado_data_provider | DEBUG | RTD: preco_ativo BBAS3=20.82 forçado com sucesso
src.infrastructure.providers.mercado_data_provider | DEBUG | RTD: Detalhes completos registrados para BBAS3|BBAST141W1 (Liquidez detectada)
src.infrastructure.providers.mercado_data_provider | DEBUG | RTD: preco_ativo BBAS3=20.82 forçado com sucesso
src.infrastructure.providers.mercado_data_provider | DEBUG | RTD: Detalhes completos registrados para BBAS3|BBASW249 (Liquidez detectada)
src.infrastructure.providers.mercado_data_provider | DEBUG | RTD: preco_ativo BBAS3=20.82 forçado com sucesso
src.infrastructure.providers.mercado_data_provider | DEBUG | RTD: Detalhes completos registrados para BBAS3|BBAST937 (Liquidez detectada)
src.infrastructure.providers.mercado_data_provider | DEBUG | RTD: preco_ativo BBAS3=20.82 forçado com sucesso
src.infrastructure.providers.mercado_data_provider | DEBUG | RTD: Detalhes completos registrados para B3SA3|B3SAU189 (Liquidez detectada)
src.infrastructure.providers.mercado_data_provider | DEBUG | RTD: preco_ativo B3SA3=15.47 forçado com sucesso
src.infrastructure.providers.mercado_data_provider | DEBUG | RTD: Detalhes completos registrados para BBAS3|BBASU224 (Liquidez detectada)
src.infrastructure.providers.mercado_data_provider | DEBUG | RTD: preco_ativo BBAS3=20.82 forçado com sucesso
src.infrastructure.providers.mercado_data_provider | DEBUG | RTD: Detalhes completos registrados para BBAS3|BBASM185 (Liquidez detectada)
src.infrastructure.providers.mercado_data_provider | DEBUG | RTD: preco_ativo BBAS3=20.82 forçado com sucesso
src.infrastructure.providers.mercado_data_provider | DEBUG | RTD: Detalhes completos registrados para BBDC3|BBDCV162 (Liquidez detectada)
src.infrastructure.providers.mercado_data_provider | DEBUG | RTD: preco_ativo BBDC3=16.03 forçado com sucesso
src.infrastructure.providers.mercado_data_provider | DEBUG | RTD: Detalhes completos registrados para BBAS3|BBASV150 (Liquidez detectada)
src.infrastructure.providers.mercado_data_provider | DEBUG | RTD: preco_ativo BBAS3=20.82 forçado com sucesso
src.infrastructure.providers.mercado_data_provider | DEBUG | RTD: Detalhes completos registrados para BBDC4|BBDCT200W2 (Liquidez detectada)
src.infrastructure.providers.mercado_data_provider | DEBUG | RTD: preco_ativo BBDC4=18.38 forçado com sucesso
src.infrastructure.providers.mercado_data_provider | DEBUG | RTD: Detalhes completos registrados para BBAS3|BBAST122 (Liquidez detectada)
src.infrastructure.providers.mercado_data_provider | DEBUG | RTD: preco_ativo BBAS3=20.82 forçado com sucesso
src.infrastructure.providers.mercado_data_provider | DEBUG | RTD: Detalhes completos registrados para BBDC4|BBDCT159W1 (Liquidez detectada)
src.infrastructure.providers.mercado_data_provider | DEBUG | RTD: preco_ativo BBDC4=18.38 forçado com sucesso
src.infrastructure.providers.mercado_data_provider | DEBUG | RTD: Detalhes completos registrados para B3SA3|B3SAW17 (Liquidez detectada)
src.infrastructure.providers.mercado_data_provider | DEBUG | RTD: preco_ativo B3SA3=15.47 forçado com sucesso
src.infrastructure.providers.mercado_data_provider | DEBUG | RTD: Detalhes completos registrados para BBDC3|BBDCU180 (Liquidez detectada)
src.infrastructure.providers.mercado_data_provider | DEBUG | RTD: preco_ativo BBDC3=16.03 forçado com sucesso
src.infrastructure.providers.mercado_data_provider | DEBUG | RTD: Detalhes completos registrados para BBAS3|BBAST223W1 (Liquidez detectada)
src.infrastructure.providers.mercado_data_provider | DEBUG | RTD: preco_ativo BBAS3=20.82 forçado com sucesso
src.infrastructure.providers.mercado_data_provider | DEBUG | RTD: Detalhes completos registrados para BBAS3|BBASU176 (Liquidez detectada)
src.infrastructure.providers.mercado_data_provider | DEBUG | RTD: preco_ativo BBAS3=20.82 forçado com sucesso
src.infrastructure.providers.mercado_data_provider | DEBUG | RTD: Detalhes completos registrados para BBAS3|BBASX210 (Liquidez detectada)
src.infrastructure.providers.mercado_data_provider | DEBUG | RTD: preco_ativo BBAS3=20.82 forçado com sucesso
src.infrastructure.providers.mercado_data_provider | DEBUG | RTD: Detalhes completos registrados para B3SA3|B3SAW186 (Liquidez detectada)
src.infrastructure.providers.mercado_data_provider | DEBUG | RTD: preco_ativo B3SA3=15.47 forçado com sucesso
src.infrastructure.providers.mercado_data_provider | DEBUG | RTD: Detalhes completos registrados para BBDC4|BBDCT166W1 (Liquidez detectada)
src.infrastructure.providers.mercado_data_provider | DEBUG | RTD: preco_ativo BBDC4=18.38 forçado com sucesso
src.infrastructure.providers.mercado_data_provider | DEBUG | RTD: Detalhes completos registrados para BBAS3|BBAST300 (Liquidez detectada)
src.infrastructure.providers.mercado_data_provider | DEBUG | RTD: preco_ativo BBAS3=20.82 forçado com sucesso
src.infrastructure.providers.mercado_data_provider | DEBUG | RTD: Detalhes completos registrados para BBDC3|BBDCU128 (Liquidez detectada)
src.infrastructure.providers.mercado_data_provider | DEBUG | RTD: preco_ativo BBDC3=16.03 forçado com sucesso
src.infrastructure.providers.mercado_data_provider | DEBUG | RTD: Detalhes completos registrados para BBAS3|BBASX251 (Liquidez detectada)
src.infrastructure.providers.mercado_data_provider | DEBUG | RTD: preco_ativo BBAS3=20.82 forçado com sucesso
src.infrastructure.providers.mercado_data_provider | DEBUG | RTD: Detalhes completos registrados para BBAS3|BBASW193 (Liquidez detectada)
src.infrastructure.providers.mercado_data_provider | DEBUG | RTD: preco_ativo BBAS3=20.82 forçado com sucesso
src.infrastructure.providers.mercado_data_provider | DEBUG | RTD: Detalhes completos registrados para BBAS3|BBAST136W2 (Liquidez detectada)
src.infrastructure.providers.mercado_data_provider | DEBUG | RTD: preco_ativo BBAS3=20.82 forçado com sucesso
src.infrastructure.providers.mercado_data_provider | DEBUG | RTD: Detalhes completos registrados para BBAS3|BBASV204 (Liquidez detectada)
src.infrastructure.providers.mercado_data_provider | DEBUG | RTD: preco_ativo BBAS3=20.82 forçado com sucesso
src.infrastructure.providers.mercado_data_provider | DEBUG | RTD: Detalhes completos registrados para B3SA3|B3SAU102 (Liquidez detectada)
src.infrastructure.providers.mercado_data_provider | DEBUG | RTD: preco_ativo B3SA3=15.47 forçado com sucesso
src.infrastructure.providers.mercado_data_provider | DEBUG | RTD: Detalhes completos registrados para B3SA3|B3SAM17 (Liquidez detectada)
src.infrastructure.providers.mercado_data_provider | DEBUG | RTD: preco_ativo B3SA3=15.47 forçado com sucesso
src.infrastructure.providers.mercado_data_provider | DEBUG | RTD: Detalhes completos registrados para BBAS3|BBASV215 (Liquidez detectada)
src.infrastructure.providers.mercado_data_provider | DEBUG | RTD: preco_ativo BBAS3=20.82 forçado com sucesso
src.infrastructure.providers.mercado_data_provider | DEBUG | RTD: Detalhes completos registrados para BBAS3|BBASU239 (Liquidez detectada)
src.infrastructure.providers.mercado_data_provider | DEBUG | RTD: preco_ativo BBAS3=20.82 forçado com sucesso
src.infrastructure.providers.mercado_data_provider | DEBUG | RTD: Detalhes completos registrados para BBAS3|BBASV110 (Liquidez detectada)
src.infrastructure.providers.mercado_data_provider | DEBUG | RTD: preco_ativo BBAS3=20.82 forçado com sucesso
src.infrastructure.providers.mercado_data_provider | DEBUG | RTD: Detalhes completos registrados para BBAS3|BBASX185 (Liquidez detectada)
src.infrastructure.providers.mercado_data_provider | DEBUG | RTD: preco_ativo BBAS3=20.82 forçado com sucesso
src.infrastructure.providers.mercado_data_provider | DEBUG | RTD: Detalhes completos registrados para B3SA3|B3SAV159 (Liquidez detectada)
src.infrastructure.providers.mercado_data_provider | DEBUG | RTD: preco_ativo B3SA3=15.47 forçado com sucesso
src.infrastructure.providers.mercado_data_provider | DEBUG | RTD: Detalhes completos registrados para BBAS3|BBASV900 (Liquidez detectada)
src.infrastructure.providers.mercado_data_provider | DEBUG | RTD: preco_ativo BBAS3=20.82 forçado com sucesso
src.infrastructure.providers.mercado_data_provider | DEBUG | RTD: Detalhes completos registrados para BBAS3|BBAST162 (Liquidez detectada)
src.infrastructure.providers.mercado_data_provider | DEBUG | RTD: preco_ativo BBAS3=20.82 forçado com sucesso
src.infrastructure.providers.mercado_data_provider | DEBUG | RTD: Detalhes completos registrados para B3SA3|B3SAV139 (Liquidez detectada)
src.infrastructure.providers.mercado_data_provider | DEBUG | RTD: preco_ativo B3SA3=15.47 forçado com sucesso
src.infrastructure.providers.mercado_data_provider | DEBUG | RTD: Detalhes completos registrados para BBDC4|BBDCT108W1 (Liquidez detectada)
src.infrastructure.providers.mercado_data_provider | DEBUG | RTD: preco_ativo BBDC4=18.38 forçado com sucesso
src.infrastructure.providers.mercado_data_provider | DEBUG | RTD: Detalhes completos registrados para B3SA3|B3SAV157 (Liquidez detectada)
src.infrastructure.providers.mercado_data_provider | DEBUG | RTD: preco_ativo B3SA3=15.47 forçado com sucesso
src.infrastructure.providers.mercado_data_provider | DEBUG | RTD: Detalhes completos registrados para BBAS3|BBASU121 (Liquidez detectada)
src.infrastructure.providers.mercado_data_provider | DEBUG | RTD: preco_ativo BBAS3=20.82 forçado com sucesso
src.infrastructure.providers.mercado_data_provider | DEBUG | RTD: Detalhes completos registrados para BBDC4|BBDCT181W1 (Liquidez detectada)
src.infrastructure.providers.mercado_data_provider | DEBUG | RTD: preco_ativo BBDC4=18.38 forçado com sucesso
src.infrastructure.providers.mercado_data_provider | DEBUG | RTD: Detalhes completos registrados para BBAS3|BBAST847 (Liquidez detectada)
src.infrastructure.providers.mercado_data_provider | DEBUG | RTD: preco_ativo BBAS3=20.82 forçado com sucesso
src.infrastructure.providers.mercado_data_provider | DEBUG | RTD: Detalhes completos registrados para BBAS3|BBASV169 (Liquidez detectada)
src.infrastructure.providers.mercado_data_provider | DEBUG | RTD: preco_ativo BBAS3=20.82 forçado com sucesso
src.infrastructure.providers.mercado_data_provider | DEBUG | RTD: Detalhes completos registrados para BBAS3|BBASU170 (Liquidez detectada)
src.infrastructure.providers.mercado_data_provider | DEBUG | RTD: preco_ativo BBAS3=20.82 forçado com sucesso
src.infrastructure.providers.mercado_data_provider | DEBUG | RTD: Detalhes completos registrados para BBAS3|BBAST119W4 (Liquidez detectada)
src.infrastructure.providers.mercado_data_provider | DEBUG | RTD: preco_ativo BBAS3=20.82 forçado com sucesso
src.infrastructure.providers.mercado_data_provider | DEBUG | RTD: Detalhes completos registrados para BBDC3|BBDCT147 (Liquidez detectada)
src.infrastructure.providers.mercado_data_provider | DEBUG | RTD: preco_ativo BBDC3=16.03 forçado com sucesso
src.infrastructure.providers.mercado_data_provider | DEBUG | RTD: Detalhes completos registrados para BBDC3|BBDCT153 (Liquidez detectada)
src.infrastructure.providers.mercado_data_provider | DEBUG | RTD: preco_ativo BBDC3=16.03 forçado com sucesso
src.infrastructure.providers.mercado_data_provider | DEBUG | RTD: Detalhes completos registrados para BBAS3|BBASU186 (Liquidez detectada)
src.infrastructure.providers.mercado_data_provider | DEBUG | RTD: preco_ativo BBAS3=20.82 forçado com sucesso
src.infrastructure.providers.mercado_data_provider | DEBUG | RTD: Detalhes completos registrados para BBAS3|BBASV184 (Liquidez detectada)
src.infrastructure.providers.mercado_data_provider | DEBUG | RTD: preco_ativo BBAS3=20.82 forçado com sucesso
src.infrastructure.providers.mercado_data_provider | DEBUG | RTD: Detalhes completos registrados para BBAS3|BBASU146 (Liquidez detectada)
src.infrastructure.providers.mercado_data_provider | DEBUG | RTD: preco_ativo BBAS3=20.82 forçado com sucesso
src.infrastructure.providers.mercado_data_provider | DEBUG | RTD: Detalhes completos registrados para BBAS3|BBASU903 (Liquidez detectada)
src.infrastructure.providers.mercado_data_provider | DEBUG | RTD: preco_ativo BBAS3=20.82 forçado com sucesso
src.infrastructure.providers.mercado_data_provider | DEBUG | RTD: Detalhes completos registrados para BBAS3|BBAST207 (Liquidez detectada)
src.infrastructure.providers.mercado_data_provider | DEBUG | RTD: preco_ativo BBAS3=20.82 forçado com sucesso
src.infrastructure.providers.mercado_data_provider | DEBUG | RTD: Detalhes completos registrados para BBAS3|BBAST225W1 (Liquidez detectada)
src.infrastructure.providers.mercado_data_provider | DEBUG | RTD: preco_ativo BBAS3=20.82 forçado com sucesso
src.infrastructure.providers.mercado_data_provider | DEBUG | RTD: Detalhes completos registrados para BBDC4|BBDCT176W2 (Liquidez detectada)
src.infrastructure.providers.mercado_data_provider | DEBUG | RTD: preco_ativo BBDC4=18.38 forçado com sucesso
src.infrastructure.providers.mercado_data_provider | DEBUG | RTD: Detalhes completos registrados para BBDC4|BBDCT183W2 (Liquidez detectada)
src.infrastructure.providers.mercado_data_provider | DEBUG | RTD: preco_ativo BBDC4=18.38 forçado com sucesso
src.infrastructure.providers.mercado_data_provider | DEBUG | RTD: Detalhes completos registrados para BBAS3|BBASU189 (Liquidez detectada)
src.infrastructure.providers.mercado_data_provider | DEBUG | RTD: preco_ativo BBAS3=20.82 forçado com sucesso
src.infrastructure.providers.mercado_data_provider | DEBUG | RTD: Detalhes completos registrados para B3SA3|B3SAX15 (Liquidez detectada)
src.infrastructure.providers.mercado_data_provider | DEBUG | RTD: preco_ativo B3SA3=15.47 forçado com sucesso
src.infrastructure.providers.mercado_data_provider | DEBUG | RTD: Detalhes completos registrados para BBAS3|BBASV222 (Liquidez detectada)
src.infrastructure.providers.mercado_data_provider | DEBUG | RTD: preco_ativo BBAS3=20.82 forçado com sucesso
src.infrastructure.providers.mercado_data_provider | DEBUG | RTD: Detalhes completos registrados para B3SA3|B3SAW120 (Liquidez detectada)
src.infrastructure.providers.mercado_data_provider | DEBUG | RTD: preco_ativo B3SA3=15.47 forçado com sucesso
src.infrastructure.providers.mercado_data_provider | DEBUG | RTD: Detalhes completos registrados para BBAS3|BBASX207 (Liquidez detectada)
src.infrastructure.providers.mercado_data_provider | DEBUG | RTD: preco_ativo BBAS3=20.82 forçado com sucesso
src.infrastructure.providers.mercado_data_provider | DEBUG | RTD: Detalhes completos registrados para BBDC3|BBDCU15 (Liquidez detectada)
src.infrastructure.providers.mercado_data_provider | DEBUG | RTD: preco_ativo BBDC3=16.03 forçado com sucesso
src.infrastructure.providers.mercado_data_provider | DEBUG | RTD: Detalhes completos registrados para BBAS3|BBASU194 (Liquidez detectada)
src.infrastructure.providers.mercado_data_provider | DEBUG | RTD: preco_ativo BBAS3=20.82 forçado com sucesso
src.infrastructure.providers.mercado_data_provider | DEBUG | RTD: Detalhes completos registrados para BBAS3|BBASX181 (Liquidez detectada)
src.infrastructure.providers.mercado_data_provider | DEBUG | RTD: preco_ativo BBAS3=20.82 forçado com sucesso
src.infrastructure.providers.mercado_data_provider | DEBUG | RTD: Detalhes completos registrados para BBDC3|BBDCV142 (Liquidez detectada)
src.infrastructure.providers.mercado_data_provider | DEBUG | RTD: preco_ativo BBDC3=16.03 forçado com sucesso
src.infrastructure.providers.mercado_data_provider | DEBUG | RTD: Detalhes completos registrados para BBAS3|BBASV216 (Liquidez detectada)
src.infrastructure.providers.mercado_data_provider | DEBUG | RTD: preco_ativo BBAS3=20.82 forçado com sucesso
src.infrastructure.providers.mercado_data_provider | DEBUG | RTD: Detalhes completos registrados para ITSA4|ITSAU160 (Liquidez detectada)
src.infrastructure.providers.mercado_data_provider | DEBUG | RTD: preco_ativo ITSA4=13.53 forçado com sucesso
src.infrastructure.providers.mercado_data_provider | DEBUG | RTD: Detalhes completos registrados para VBBR3|VBBRT372 (Liquidez detectada)
src.infrastructure.providers.mercado_data_provider | DEBUG | RTD: preco_ativo VBBR3=34.89 forçado com sucesso
src.infrastructure.providers.mercado_data_provider | DEBUG | RTD: Detalhes completos registrados para ABEV3|ABEVU148 (Liquidez detectada)
src.infrastructure.providers.mercado_data_provider | DEBUG | RTD: preco_ativo ABEV3=16.03 forçado com sucesso
src.infrastructure.providers.mercado_data_provider | DEBUG | RTD: Detalhes completos registrados para GOAU4|GOAUU885 (Liquidez detectada)
src.infrastructure.providers.mercado_data_provider | DEBUG | RTD: preco_ativo GOAU4=10.75 forçado com sucesso
src.infrastructure.providers.mercado_data_provider | DEBUG | RTD: Detalhes completos registrados para EGIE3|EGIET350 (Liquidez detectada)
src.infrastructure.providers.mercado_data_provider | DEBUG | RTD: preco_ativo EGIE3=29.41 forçado com sucesso
src.infrastructure.providers.mercado_data_provider | DEBUG | RTD: Detalhes completos registrados para CPLE3|CPLEV137 (Liquidez detectada)
src.infrastructure.providers.mercado_data_provider | DEBUG | RTD: preco_ativo CPLE3=14.67 forçado com sucesso
src.infrastructure.providers.mercado_data_provider | DEBUG | RTD: Detalhes completos registrados para KLBN11|KLBNX171 (Liquidez detectada)
src.infrastructure.providers.mercado_data_provider | DEBUG | RTD: preco_ativo KLBN11=18.03 forçado com sucesso
src.infrastructure.providers.mercado_data_provider | DEBUG | RTD: Detalhes completos registrados para BBDC4|BBDCT169W1 (Liquidez detectada)
src.infrastructure.providers.mercado_data_provider | DEBUG | RTD: preco_ativo BBDC4=18.38 forçado com sucesso
src.infrastructure.providers.mercado_data_provider | DEBUG | RTD: Detalhes completos registrados para DXCO3|DXCOU555 (Liquidez detectada)
src.infrastructure.providers.mercado_data_provider | DEBUG | RTD: preco_ativo DXCO3=4.97 forçado com sucesso
src.infrastructure.providers.mercado_data_provider | DEBUG | RTD: Detalhes completos registrados para BBAS3|BBASV245 (Liquidez detectada)
src.infrastructure.providers.mercado_data_provider | DEBUG | RTD: preco_ativo BBAS3=20.82 forçado com sucesso
src.infrastructure.providers.mercado_data_provider | DEBUG | RTD: Detalhes completos registrados para CSNA3|CSNAU530 (Liquidez detectada)
src.infrastructure.providers.mercado_data_provider | DEBUG | RTD: preco_ativo CSNA3=5.28 forçado com sucesso
src.infrastructure.providers.mercado_data_provider | DEBUG | RTD: Detalhes completos registrados para ALPA4|ALPAT115 (Liquidez detectada)
src.infrastructure.providers.mercado_data_provider | DEBUG | RTD: preco_ativo ALPA4=11.52 forçado com sucesso
src.infrastructure.providers.mercado_data_provider | DEBUG | RTD: Detalhes completos registrados para IGTI11|IGTIT196 (Liquidez detectada)
src.infrastructure.providers.mercado_data_provider | DEBUG | RTD: preco_ativo IGTI11=24.53 forçado com sucesso
src.infrastructure.providers.mercado_data_provider | DEBUG | RTD: Detalhes completos registrados para IFCM3|IFCMM250 (Liquidez detectada)
src.infrastructure.providers.mercado_data_provider | DEBUG | RTD: preco_ativo IFCM3=1.44 forçado com sucesso
src.infrastructure.providers.mercado_data_provider | DEBUG | RTD: Detalhes completos registrados para VALE3|VALEU531 (Liquidez detectada)
src.infrastructure.providers.mercado_data_provider | DEBUG | RTD: preco_ativo VALE3=75.11 forçado com sucesso
src.infrastructure.providers.mercado_data_provider | DEBUG | RTD: Detalhes completos registrados para MGLU3|MGLUV694 (Liquidez detectada)
src.infrastructure.providers.mercado_data_provider | DEBUG | RTD: preco_ativo MGLU3=4.76 forçado com sucesso
src.infrastructure.providers.mercado_data_provider | DEBUG | RTD: Detalhes completos registrados para SEER3|SEERU977 (Liquidez detectada)
src.infrastructure.providers.mercado_data_provider | DEBUG | RTD: preco_ativo SEER3=11.66 forçado com sucesso
src.infrastructure.providers.mercado_data_provider | DEBUG | RTD: Detalhes completos registrados para COGN3|COGNT221W1 (Liquidez detectada)
src.infrastructure.providers.mercado_data_provider | DEBUG | RTD: preco_ativo COGN3=2.19 forçado com sucesso
src.infrastructure.providers.mercado_data_provider | DEBUG | RTD: Detalhes completos registrados para PNVL3|PNVLT108 (Liquidez detectada)
src.infrastructure.providers.mercado_data_provider | DEBUG | RTD: preco_ativo PNVL3=11.46 forçado com sucesso
src.infrastructure.providers.mercado_data_provider | DEBUG | RTD: Detalhes completos registrados para CSMG3|CSMGT610W4 (Liquidez detectada)
src.infrastructure.providers.mercado_data_provider | DEBUG | RTD: preco_ativo CSMG3=61.93 forçado com sucesso
src.infrastructure.providers.mercado_data_provider | DEBUG | RTD: Detalhes completos registrados para CSNA3|CSNAU565 (Liquidez detectada)
src.infrastructure.providers.mercado_data_provider | DEBUG | RTD: preco_ativo CSNA3=5.28 forçado com sucesso
src.infrastructure.providers.mercado_data_provider | DEBUG | RTD: Detalhes completos registrados para GRND3|GRNDU390 (Liquidez detectada)
src.infrastructure.providers.mercado_data_provider | DEBUG | RTD: preco_ativo GRND3=3.68 forçado com sucesso
src.infrastructure.providers.mercado_data_provider | DEBUG | RTD: Detalhes completos registrados para BBDC3|BBDCU174 (Liquidez detectada)
src.infrastructure.providers.mercado_data_provider | DEBUG | RTD: preco_ativo BBDC3=16.03 forçado com sucesso
src.infrastructure.providers.mercado_data_provider | DEBUG | RTD: Detalhes completos registrados para ITSA4|ITSAU133 (Liquidez detectada)
src.infrastructure.providers.mercado_data_provider | DEBUG | RTD: preco_ativo ITSA4=13.53 forçado com sucesso
src.infrastructure.providers.mercado_data_provider | DEBUG | RTD: Detalhes completos registrados para BBAS3|BBASV206 (Liquidez detectada)
src.infrastructure.providers.mercado_data_provider | DEBUG | RTD: preco_ativo BBAS3=20.82 forçado com sucesso
src.infrastructure.providers.mercado_data_provider | DEBUG | RTD: Detalhes completos registrados para HAPV3|HAPVT115 (Liquidez detectada)
src.infrastructure.providers.mercado_data_provider | DEBUG | RTD: preco_ativo HAPV3=10.51 forçado com sucesso
src.infrastructure.providers.mercado_data_provider | DEBUG | RTD: Detalhes completos registrados para ABCB4|ABCBT260 (Liquidez detectada)
src.infrastructure.providers.mercado_data_provider | DEBUG | RTD: preco_ativo ABCB4=23.68 forçado com sucesso
src.infrastructure.providers.mercado_data_provider | DEBUG | RTD: Detalhes completos registrados para BBSE3|BBSEX322 (Liquidez detectada)
src.infrastructure.providers.mercado_data_provider | DEBUG | RTD: preco_ativo BBSE3=41.16 forçado com sucesso
src.infrastructure.providers.mercado_data_provider | DEBUG | RTD: Detalhes completos registrados para BBAS3|BBASW186 (Liquidez detectada)
src.infrastructure.providers.mercado_data_provider | DEBUG | RTD: preco_ativo BBAS3=20.82 forçado com sucesso
src.infrastructure.providers.mercado_data_provider | DEBUG | RTD: Detalhes completos registrados para EMBJ3|EMBJW889 (Liquidez detectada)
src.infrastructure.providers.mercado_data_provider | DEBUG | RTD: preco_ativo EMBJ3=86.64 forçado com sucesso
src.infrastructure.providers.mercado_data_provider | DEBUG | RTD: Detalhes completos registrados para IGTI11|IGTIT229 (Liquidez detectada)
src.infrastructure.providers.mercado_data_provider | DEBUG | RTD: preco_ativo IGTI11=24.53 forçado com sucesso
src.infrastructure.providers.mercado_data_provider | DEBUG | RTD: Detalhes completos registrados para BBDC4|BBDCT123W1 (Liquidez detectada)
src.infrastructure.providers.mercado_data_provider | DEBUG | RTD: preco_ativo BBDC4=18.38 forçado com sucesso
src.infrastructure.providers.mercado_data_provider | DEBUG | RTD: Detalhes completos registrados para B3SA3|B3SAV117 (Liquidez detectada)
src.infrastructure.providers.mercado_data_provider | DEBUG | RTD: preco_ativo B3SA3=15.47 forçado com sucesso
src.infrastructure.providers.mercado_data_provider | DEBUG | RTD: Detalhes completos registrados para BBDC4|BBDCT206 (Liquidez detectada)
src.infrastructure.providers.mercado_data_provider | DEBUG | RTD: preco_ativo BBDC4=18.38 forçado com sucesso
src.infrastructure.providers.mercado_data_provider | DEBUG | RTD: Detalhes completos registrados para CSNA3|CSNAT777 (Liquidez detectada)
src.infrastructure.providers.mercado_data_provider | DEBUG | RTD: preco_ativo CSNA3=5.28 forçado com sucesso
src.infrastructure.providers.mercado_data_provider | DEBUG | RTD: Detalhes completos registrados para BBAS3|BBASU124 (Liquidez detectada)
src.infrastructure.providers.mercado_data_provider | DEBUG | RTD: preco_ativo BBAS3=20.82 forçado com sucesso
src.infrastructure.providers.mercado_data_provider | DEBUG | RTD: Detalhes completos registrados para HASH11|HASHT560 (Liquidez detectada)
src.infrastructure.providers.mercado_data_provider | DEBUG | RTD: preco_ativo HASH11=42.65 forçado com sucesso
src.infrastructure.providers.mercado_data_provider | DEBUG | RTD: Detalhes completos registrados para ALOS3|ALOST251 (Liquidez detectada)
src.infrastructure.providers.mercado_data_provider | DEBUG | RTD: preco_ativo ALOS3=26.52 forçado com sucesso
src.infrastructure.providers.mercado_data_provider | DEBUG | RTD: Detalhes completos registrados para ENGI11|ENGIT443 (Liquidez detectada)
src.infrastructure.providers.mercado_data_provider | DEBUG | RTD: preco_ativo ENGI11=49.01 forçado com sucesso
src.infrastructure.providers.mercado_data_provider | DEBUG | RTD: Detalhes completos registrados para EMBJ3|EMBJT370 (Liquidez detectada)
src.infrastructure.providers.mercado_data_provider | DEBUG | RTD: preco_ativo EMBJ3=86.64 forçado com sucesso
src.infrastructure.providers.mercado_data_provider | DEBUG | RTD: Detalhes completos registrados para CXSE3|CXSEU164 (Liquidez detectada)
src.infrastructure.providers.mercado_data_provider | DEBUG | RTD: preco_ativo CXSE3=20.41 forçado com sucesso
src.infrastructure.providers.mercado_data_provider | DEBUG | RTD: Detalhes completos registrados para PETR4|PETRU351W4 (Liquidez detectada)
src.infrastructure.providers.mercado_data_provider | DEBUG | RTD: preco_ativo PETR4=41.93 forçado com sucesso
src.infrastructure.providers.mercado_data_provider | DEBUG | RTD: Detalhes completos registrados para BBDC4|BBDCT186W2 (Liquidez detectada)
src.infrastructure.providers.mercado_data_provider | DEBUG | RTD: preco_ativo BBDC4=18.38 forçado com sucesso
src.infrastructure.providers.mercado_data_provider | DEBUG | RTD: Detalhes completos registrados para CYRE3|CYRET194W2 (Liquidez detectada)
src.infrastructure.providers.mercado_data_provider | DEBUG | RTD: preco_ativo CYRE3=20.67 forçado com sucesso
src.infrastructure.providers.mercado_data_provider | DEBUG | RTD: Detalhes completos registrados para KLBN11|KLBNU182 (Liquidez detectada)
src.infrastructure.providers.mercado_data_provider | DEBUG | RTD: preco_ativo KLBN11=18.03 forçado com sucesso
src.infrastructure.providers.mercado_data_provider | DEBUG | RTD: Detalhes completos registrados para VALE3|VALEU482 (Liquidez detectada)
src.infrastructure.providers.mercado_data_provider | DEBUG | RTD: preco_ativo VALE3=75.11 forçado com sucesso
src.infrastructure.providers.mercado_data_provider | DEBUG | RTD: Detalhes completos registrados para GOAU4|GOAUT907 (Liquidez detectada)
src.infrastructure.providers.mercado_data_provider | DEBUG | RTD: preco_ativo GOAU4=10.75 forçado com sucesso
src.infrastructure.providers.mercado_data_provider | DEBUG | RTD: Detalhes completos registrados para BBDC4|BBDCT18W2 (Liquidez detectada)
src.infrastructure.providers.mercado_data_provider | DEBUG | RTD: preco_ativo BBDC4=18.38 forçado com sucesso
src.infrastructure.providers.mercado_data_provider | DEBUG | RTD: Detalhes completos registrados para ABCB4|ABCBU241 (Liquidez detectada)
src.infrastructure.providers.mercado_data_provider | DEBUG | RTD: preco_ativo ABCB4=23.68 forçado com sucesso
src.infrastructure.providers.mercado_data_provider | DEBUG | RTD: Detalhes completos registrados para CYRE3|CYREU192 (Liquidez detectada)
src.infrastructure.providers.mercado_data_provider | DEBUG | RTD: preco_ativo CYRE3=20.67 forçado com sucesso
src.infrastructure.providers.mercado_data_provider | DEBUG | RTD: Detalhes completos registrados para EMBJ3|EMBJT378 (Liquidez detectada)
src.infrastructure.providers.mercado_data_provider | DEBUG | RTD: preco_ativo EMBJ3=86.64 forçado com sucesso
src.infrastructure.providers.mercado_data_provider | DEBUG | RTD: Detalhes completos registrados para CAML3|CAMLT50 (Liquidez detectada)
src.infrastructure.providers.mercado_data_provider | DEBUG | RTD: preco_ativo CAML3=4.60 forçado com sucesso
src.infrastructure.providers.mercado_data_provider | DEBUG | RTD: Detalhes completos registrados para PRIO3|PRIOT500W1 (Liquidez detectada)
src.infrastructure.providers.mercado_data_provider | DEBUG | RTD: preco_ativo PRIO3=58.28 forçado com sucesso
src.infrastructure.providers.mercado_data_provider | DEBUG | RTD: Detalhes completos registrados para ITSA4|ITSAU128 (Liquidez detectada)
src.infrastructure.providers.mercado_data_provider | DEBUG | RTD: preco_ativo ITSA4=13.53 forçado com sucesso
src.infrastructure.providers.mercado_data_provider | DEBUG | RTD: Detalhes completos registrados para MDNE3|MDNET243 (Liquidez detectada)
src.infrastructure.providers.mercado_data_provider | DEBUG | RTD: preco_ativo MDNE3=23.68 forçado com sucesso
src.infrastructure.providers.mercado_data_provider | DEBUG | RTD: Detalhes completos registrados para HAPV3|HAPVT540 (Liquidez detectada)
src.infrastructure.providers.mercado_data_provider | DEBUG | RTD: preco_ativo HAPV3=10.51 forçado com sucesso
src.infrastructure.providers.mercado_data_provider | DEBUG | RTD: Detalhes completos registrados para GGBR4|GGBRT233 (Liquidez detectada)
src.infrastructure.providers.mercado_data_provider | DEBUG | RTD: preco_ativo GGBR4=24.82 forçado com sucesso
src.infrastructure.providers.mercado_data_provider | DEBUG | RTD: Detalhes completos registrados para B3SA3|B3SAU170 (Liquidez detectada)
src.infrastructure.providers.mercado_data_provider | DEBUG | RTD: preco_ativo B3SA3=15.47 forçado com sucesso
src.infrastructure.providers.mercado_data_provider | DEBUG | RTD: Detalhes completos registrados para PETR4|PETRM417 (Liquidez detectada)
src.infrastructure.providers.mercado_data_provider | DEBUG | RTD: preco_ativo PETR4=41.93 forçado com sucesso
src.infrastructure.providers.mercado_data_provider | DEBUG | RTD: Detalhes completos registrados para ANIM3|ANIMV157 (Liquidez detectada)
src.infrastructure.providers.mercado_data_provider | DEBUG | RTD: preco_ativo ANIM3=2.23 forçado com sucesso
src.infrastructure.providers.mercado_data_provider | DEBUG | RTD: Detalhes completos registrados para BRAP4|BRAPU229 (Liquidez detectada)
src.infrastructure.providers.mercado_data_provider | DEBUG | RTD: preco_ativo BRAP4=21.68 forçado com sucesso
src.infrastructure.providers.mercado_data_provider | DEBUG | RTD: Detalhes completos registrados para WEGE3|WEGET437W1 (Liquidez detectada)
src.infrastructure.providers.mercado_data_provider | DEBUG | RTD: preco_ativo WEGE3=45.77 forçado com sucesso
src.infrastructure.providers.mercado_data_provider | DEBUG | RTD: Detalhes completos registrados para CMIN3|CMINT431 (Liquidez detectada)
src.infrastructure.providers.mercado_data_provider | DEBUG | RTD: preco_ativo CMIN3=5.91 forçado com sucesso
src.infrastructure.providers.mercado_data_provider | DEBUG | RTD: Detalhes completos registrados para PETR4|PETRU261 (Liquidez detectada)
src.infrastructure.providers.mercado_data_provider | DEBUG | RTD: preco_ativo PETR4=41.93 forçado com sucesso
src.infrastructure.providers.mercado_data_provider | DEBUG | RTD: Detalhes completos registrados para ABEV3|ABEVT12 (Liquidez detectada)
src.infrastructure.providers.mercado_data_provider | DEBUG | RTD: preco_ativo ABEV3=16.03 forçado com sucesso
src.infrastructure.providers.mercado_data_provider | DEBUG | RTD: Detalhes completos registrados para PRIO3|PRIOU452 (Liquidez detectada)
src.infrastructure.providers.mercado_data_provider | DEBUG | RTD: preco_ativo PRIO3=58.28 forçado com sucesso
src.infrastructure.providers.mercado_data_provider | DEBUG | RTD: Detalhes completos registrados para POSI3|POSIT325 (Liquidez detectada)
src.infrastructure.providers.mercado_data_provider | DEBUG | RTD: preco_ativo POSI3=3.56 forçado com sucesso
src.infrastructure.providers.mercado_data_provider | DEBUG | RTD: Detalhes completos registrados para PETR4|PETRU592 (Liquidez detectada)
src.infrastructure.providers.mercado_data_provider | DEBUG | RTD: preco_ativo PETR4=41.93 forçado com sucesso
src.infrastructure.providers.mercado_data_provider | DEBUG | RTD: Detalhes completos registrados para VALE3|VALEW710 (Liquidez detectada)
src.infrastructure.providers.mercado_data_provider | DEBUG | RTD: preco_ativo VALE3=75.11 forçado com sucesso
src.infrastructure.providers.mercado_data_provider | DEBUG | RTD: Detalhes completos registrados para PRIO3|PRIOT550W1 (Liquidez detectada)
src.infrastructure.providers.mercado_data_provider | DEBUG | RTD: preco_ativo PRIO3=58.28 forçado com sucesso
src.infrastructure.providers.mercado_data_provider | DEBUG | RTD: Detalhes completos registrados para MYPK3|MYPKT895 (Liquidez detectada)
src.infrastructure.providers.mercado_data_provider | DEBUG | RTD: preco_ativo MYPK3=9.43 forçado com sucesso
src.infrastructure.providers.mercado_data_provider | DEBUG | RTD: Detalhes completos registrados para CMIN3|CMINU381 (Liquidez detectada)
src.infrastructure.providers.mercado_data_provider | DEBUG | RTD: preco_ativo CMIN3=5.91 forçado com sucesso
src.infrastructure.providers.mercado_data_provider | DEBUG | RTD: Detalhes completos registrados para EMBJ3|EMBJU495 (Liquidez detectada)
src.infrastructure.providers.mercado_data_provider | DEBUG | RTD: preco_ativo EMBJ3=86.64 forçado com sucesso
src.infrastructure.providers.mercado_data_provider | DEBUG | RTD: Detalhes completos registrados para COGN3|COGNU269 (Liquidez detectada)
src.infrastructure.providers.mercado_data_provider | DEBUG | RTD: preco_ativo COGN3=2.19 forçado com sucesso
src.infrastructure.providers.mercado_data_provider | DEBUG | RTD: Detalhes completos registrados para CXSE3|CXSET174 (Liquidez detectada)
src.infrastructure.providers.mercado_data_provider | DEBUG | RTD: preco_ativo CXSE3=20.41 forçado com sucesso
src.infrastructure.providers.mercado_data_provider | DEBUG | RTD: Detalhes completos registrados para BEEF3|BEEFU237 (Liquidez detectada)
src.infrastructure.providers.mercado_data_provider | DEBUG | RTD: preco_ativo BEEF3=3.47 forçado com sucesso
src.infrastructure.providers.mercado_data_provider | DEBUG | RTD: Detalhes completos registrados para ITUB4|ITUBT390 (Liquidez detectada)
src.infrastructure.providers.mercado_data_provider | DEBUG | RTD: preco_ativo ITUB4=42.01 forçado com sucesso
src.infrastructure.providers.mercado_data_provider | DEBUG | RTD: Detalhes completos registrados para LEVE3|LEVEU328 (Liquidez detectada)
src.infrastructure.providers.mercado_data_provider | DEBUG | RTD: preco_ativo LEVE3=31.27 forçado com sucesso
src.infrastructure.providers.mercado_data_provider | DEBUG | RTD: Detalhes completos registrados para HYPE3|HYPEU201 (Liquidez detectada)
src.infrastructure.providers.mercado_data_provider | DEBUG | RTD: preco_ativo HYPE3=21.05 forçado com sucesso
src.infrastructure.providers.mercado_data_provider | DEBUG | RTD: Detalhes completos registrados para CMIG4|CMIGT984 (Liquidez detectada)
src.infrastructure.providers.mercado_data_provider | DEBUG | RTD: preco_ativo CMIG4=11.10 forçado com sucesso
src.infrastructure.providers.mercado_data_provider | DEBUG | RTD: Detalhes completos registrados para VALE3|VALEU759W1 (Liquidez detectada)
src.infrastructure.providers.mercado_data_provider | DEBUG | RTD: preco_ativo VALE3=75.11 forçado com sucesso
src.infrastructure.providers.mercado_data_provider | DEBUG | RTD: Detalhes completos registrados para FLRY3|FLRYT167 (Liquidez detectada)
src.infrastructure.providers.mercado_data_provider | DEBUG | RTD: preco_ativo FLRY3=16.80 forçado com sucesso
src.infrastructure.providers.mercado_data_provider | DEBUG | RTD: Detalhes completos registrados para EMBJ3|EMBJT520 (Liquidez detectada)
src.infrastructure.providers.mercado_data_provider | DEBUG | RTD: preco_ativo EMBJ3=86.64 forçado com sucesso
src.infrastructure.providers.mercado_data_provider | DEBUG | RTD: Detalhes completos registrados para SANB11|SANBT290 (Liquidez detectada)
src.infrastructure.providers.mercado_data_provider | DEBUG | RTD: preco_ativo SANB11=25.81 forçado com sucesso
src.infrastructure.providers.mercado_data_provider | DEBUG | RTD: Detalhes completos registrados para AZZA3|AZZAT170 (Liquidez detectada)
src.infrastructure.providers.mercado_data_provider | DEBUG | RTD: preco_ativo AZZA3=16.36 forçado com sucesso
src.infrastructure.providers.mercado_data_provider | DEBUG | RTD: Detalhes completos registrados para PRIO3|PRIOT650 (Liquidez detectada)
src.infrastructure.providers.mercado_data_provider | DEBUG | RTD: preco_ativo PRIO3=58.28 forçado com sucesso
src.infrastructure.providers.mercado_data_provider | DEBUG | RTD: Detalhes completos registrados para POSI3|POSIU365 (Liquidez detectada)
src.infrastructure.providers.mercado_data_provider | DEBUG | RTD: preco_ativo POSI3=3.56 forçado com sucesso
src.infrastructure.providers.mercado_data_provider | DEBUG | RTD: Detalhes completos registrados para ITUB4|ITUBX409 (Liquidez detectada)
src.infrastructure.providers.mercado_data_provider | DEBUG | RTD: preco_ativo ITUB4=42.01 forçado com sucesso
src.infrastructure.providers.mercado_data_provider | DEBUG | RTD: Detalhes completos registrados para BBAS3|BBAST199W4 (Liquidez detectada)
src.infrastructure.providers.mercado_data_provider | DEBUG | RTD: preco_ativo BBAS3=20.82 forçado com sucesso
src.infrastructure.providers.mercado_data_provider | DEBUG | RTD: Detalhes completos registrados para BRAP4|BRAPU214 (Liquidez detectada)
src.infrastructure.providers.mercado_data_provider | DEBUG | RTD: preco_ativo BRAP4=21.68 forçado com sucesso
src.infrastructure.providers.mercado_data_provider | DEBUG | RTD: Detalhes completos registrados para GGBR4|GGBRT216W1 (Liquidez detectada)
src.infrastructure.providers.mercado_data_provider | DEBUG | RTD: preco_ativo GGBR4=24.82 forçado com sucesso
src.infrastructure.providers.mercado_data_provider | DEBUG | RTD: Detalhes completos registrados para BBAS3|BBASU131 (Liquidez detectada)
src.infrastructure.providers.mercado_data_provider | DEBUG | RTD: preco_ativo BBAS3=20.82 forçado com sucesso
src.infrastructure.providers.mercado_data_provider | DEBUG | RTD: Detalhes completos registrados para BEEF3|BEEFT316W1 (Liquidez detectada)
src.infrastructure.providers.mercado_data_provider | DEBUG | RTD: preco_ativo BEEF3=3.47 forçado com sucesso
src.infrastructure.providers.mercado_data_provider | DEBUG | RTD: Detalhes completos registrados para CSNA3|CSNAT450W2 (Liquidez detectada)
src.infrastructure.providers.mercado_data_provider | DEBUG | RTD: preco_ativo CSNA3=5.28 forçado com sucesso
src.infrastructure.providers.mercado_data_provider | DEBUG | RTD: Detalhes completos registrados para CSNA3|CSNAV465 (Liquidez detectada)
src.infrastructure.providers.mercado_data_provider | DEBUG | RTD: preco_ativo CSNA3=5.28 forçado com sucesso
src.infrastructure.providers.mercado_data_provider | DEBUG | RTD: Detalhes completos registrados para MGLU3|MGLUU570 (Liquidez detectada)
src.infrastructure.providers.mercado_data_provider | DEBUG | RTD: preco_ativo MGLU3=4.76 forçado com sucesso
src.infrastructure.providers.mercado_data_provider | DEBUG | RTD: Detalhes completos registrados para LEVE3|LEVET323 (Liquidez detectada)
src.infrastructure.providers.mercado_data_provider | DEBUG | RTD: preco_ativo LEVE3=31.27 forçado com sucesso
src.infrastructure.providers.mercado_data_provider | DEBUG | RTD: Detalhes completos registrados para PSSA3|PSSAT488 (Liquidez detectada)
src.infrastructure.providers.mercado_data_provider | DEBUG | RTD: preco_ativo PSSA3=53.59 forçado com sucesso
src.infrastructure.providers.mercado_data_provider | DEBUG | RTD: Detalhes completos registrados para EMBJ3|EMBJT328 (Liquidez detectada)
src.infrastructure.providers.mercado_data_provider | DEBUG | RTD: preco_ativo EMBJ3=86.64 forçado com sucesso
src.infrastructure.providers.mercado_data_provider | DEBUG | RTD: Detalhes completos registrados para EMBJ3|EMBJT838W1 (Liquidez detectada)
src.infrastructure.providers.mercado_data_provider | DEBUG | RTD: preco_ativo EMBJ3=86.64 forçado com sucesso
src.infrastructure.providers.mercado_data_provider | DEBUG | RTD: Detalhes completos registrados para BRSR6|BRSRU142 (Liquidez detectada)
src.infrastructure.providers.mercado_data_provider | DEBUG | RTD: preco_ativo BRSR6=13.91 forçado com sucesso
src.infrastructure.providers.mercado_data_provider | DEBUG | RTD: Detalhes completos registrados para RENT3|RENTT401W2 (Liquidez detectada)
src.infrastructure.providers.mercado_data_provider | DEBUG | RTD: preco_ativo RENT3=37.32 forçado com sucesso
src.infrastructure.providers.mercado_data_provider | DEBUG | RTD: Detalhes completos registrados para AGRO3|AGROT167 (Liquidez detectada)
src.infrastructure.providers.mercado_data_provider | DEBUG | RTD: preco_ativo AGRO3=18.97 forçado com sucesso
src.infrastructure.providers.mercado_data_provider | DEBUG | RTD: Detalhes completos registrados para PETR4|PETRT321W1 (Liquidez detectada)
src.infrastructure.providers.mercado_data_provider | DEBUG | RTD: preco_ativo PETR4=41.93 forçado com sucesso
src.infrastructure.providers.mercado_data_provider | DEBUG | RTD: Detalhes completos registrados para BBDC4|BBDCU141 (Liquidez detectada)
src.infrastructure.providers.mercado_data_provider | DEBUG | RTD: preco_ativo BBDC4=18.38 forçado com sucesso
src.infrastructure.providers.mercado_data_provider | DEBUG | RTD: Detalhes completos registrados para PRIO3|PRIOW400 (Liquidez detectada)
src.infrastructure.providers.mercado_data_provider | DEBUG | RTD: preco_ativo PRIO3=58.28 forçado com sucesso
src.infrastructure.providers.mercado_data_provider | DEBUG | RTD: Detalhes completos registrados para MULT3|MULTU311 (Liquidez detectada)
src.infrastructure.providers.mercado_data_provider | DEBUG | RTD: preco_ativo MULT3=27.63 forçado com sucesso
src.infrastructure.providers.mercado_data_provider | DEBUG | RTD: Detalhes completos registrados para ISAE4|ISAEU24 (Liquidez detectada)
src.infrastructure.providers.mercado_data_provider | DEBUG | RTD: preco_ativo ISAE4=26.51 forçado com sucesso
src.infrastructure.providers.mercado_data_provider | DEBUG | RTD: Detalhes completos registrados para HYPE3|HYPEU212 (Liquidez detectada)
src.infrastructure.providers.mercado_data_provider | DEBUG | RTD: preco_ativo HYPE3=21.05 forçado com sucesso
src.infrastructure.providers.mercado_data_provider | DEBUG | RTD: Detalhes completos registrados para CSMG3|CSMGT533 (Liquidez detectada)
src.infrastructure.providers.mercado_data_provider | DEBUG | RTD: preco_ativo CSMG3=61.93 forçado com sucesso
src.infrastructure.providers.mercado_data_provider | DEBUG | RTD: Detalhes completos registrados para HYPE3|HYPET188W2 (Liquidez detectada)
src.infrastructure.providers.mercado_data_provider | DEBUG | RTD: preco_ativo HYPE3=21.05 forçado com sucesso
src.infrastructure.providers.mercado_data_provider | DEBUG | RTD: Detalhes completos registrados para PETR4|PETRT389 (Liquidez detectada)
src.infrastructure.providers.mercado_data_provider | DEBUG | RTD: preco_ativo PETR4=41.93 forçado com sucesso
src.infrastructure.providers.mercado_data_provider | DEBUG | RTD: Detalhes completos registrados para GGBR4|GGBRT20 (Liquidez detectada)
src.infrastructure.providers.mercado_data_provider | DEBUG | RTD: preco_ativo GGBR4=24.82 forçado com sucesso
src.infrastructure.providers.mercado_data_provider | DEBUG | RTD: Detalhes completos registrados para BBAS3|BBASU216 (Liquidez detectada)
src.infrastructure.providers.mercado_data_provider | DEBUG | RTD: preco_ativo BBAS3=20.82 forçado com sucesso
src.infrastructure.providers.mercado_data_provider | DEBUG | RTD: Detalhes completos registrados para BBDC3|BBDCU186 (Liquidez detectada)
src.infrastructure.providers.mercado_data_provider | DEBUG | RTD: preco_ativo BBDC3=16.03 forçado com sucesso
src.infrastructure.providers.mercado_data_provider | DEBUG | RTD: Detalhes completos registrados para BBDC4|BBDCU169 (Liquidez detectada)
src.infrastructure.providers.mercado_data_provider | DEBUG | RTD: preco_ativo BBDC4=18.38 forçado com sucesso
src.infrastructure.providers.mercado_data_provider | DEBUG | RTD: Detalhes completos registrados para ALOS3|ALOSX277 (Liquidez detectada)
src.infrastructure.providers.mercado_data_provider | DEBUG | RTD: preco_ativo ALOS3=26.52 forçado com sucesso
src.infrastructure.providers.mercado_data_provider | DEBUG | RTD: Detalhes completos registrados para ABEV3|ABEVU168 (Liquidez detectada)
src.infrastructure.providers.mercado_data_provider | DEBUG | RTD: preco_ativo ABEV3=16.03 forçado com sucesso
src.infrastructure.providers.mercado_data_provider | DEBUG | RTD: Detalhes completos registrados para RANI3|RANIX591 (Liquidez detectada)
src.infrastructure.providers.mercado_data_provider | DEBUG | RTD: preco_ativo RANI3=8.02 forçado com sucesso
src.infrastructure.providers.mercado_data_provider | DEBUG | RTD: Detalhes completos registrados para LWSA3|LWSAV480 (Liquidez detectada)
src.infrastructure.providers.mercado_data_provider | DEBUG | RTD: preco_ativo LWSA3=3.71 forçado com sucesso
src.infrastructure.providers.mercado_data_provider | DEBUG | RTD: Detalhes completos registrados para BBAS3|BBAST190W1 (Liquidez detectada)
src.infrastructure.providers.mercado_data_provider | DEBUG | RTD: preco_ativo BBAS3=20.82 forçado com sucesso
src.infrastructure.providers.mercado_data_provider | DEBUG | RTD: Detalhes completos registrados para EMBJ3|EMBJT748W1 (Liquidez detectada)
src.infrastructure.providers.mercado_data_provider | DEBUG | RTD: preco_ativo EMBJ3=86.64 forçado com sucesso
src.infrastructure.providers.mercado_data_provider | DEBUG | RTD: Detalhes completos registrados para GGBR4|GGBRT168 (Liquidez detectada)
src.infrastructure.providers.mercado_data_provider | DEBUG | RTD: preco_ativo GGBR4=24.82 forçado com sucesso
src.infrastructure.providers.mercado_data_provider | DEBUG | RTD: Detalhes completos registrados para NATU3|NATUT980 (Liquidez detectada)
src.infrastructure.providers.mercado_data_provider | DEBUG | RTD: preco_ativo NATU3=8.35 forçado com sucesso
src.infrastructure.providers.mercado_data_provider | DEBUG | RTD: Detalhes completos registrados para RDOR3|RDORT346 (Liquidez detectada)
src.infrastructure.providers.mercado_data_provider | DEBUG | RTD: preco_ativo RDOR3=33.85 forçado com sucesso
src.infrastructure.providers.mercado_data_provider | DEBUG | RTD: Detalhes completos registrados para CSMG3|CSMGT622W2 (Liquidez detectada)
src.infrastructure.providers.mercado_data_provider | DEBUG | RTD: preco_ativo CSMG3=61.93 forçado com sucesso
src.infrastructure.providers.mercado_data_provider | DEBUG | RTD: Detalhes completos registrados para BBDC4|BBDCU194 (Liquidez detectada)
src.infrastructure.providers.mercado_data_provider | DEBUG | RTD: preco_ativo BBDC4=18.38 forçado com sucesso
src.infrastructure.providers.mercado_data_provider | DEBUG | RTD: Detalhes completos registrados para ASAI3|ASAIT870 (Liquidez detectada)
src.infrastructure.providers.mercado_data_provider | DEBUG | RTD: preco_ativo ASAI3=8.21 forçado com sucesso
src.infrastructure.providers.mercado_data_provider | DEBUG | RTD: Detalhes completos registrados para CPLE3|CPLET133 (Liquidez detectada)
src.infrastructure.providers.mercado_data_provider | DEBUG | RTD: preco_ativo CPLE3=14.67 forçado com sucesso
src.infrastructure.providers.mercado_data_provider | DEBUG | RTD: Detalhes completos registrados para COGN3|COGNT198 (Liquidez detectada)
src.infrastructure.providers.mercado_data_provider | DEBUG | RTD: preco_ativo COGN3=2.19 forçado com sucesso
src.infrastructure.providers.mercado_data_provider | DEBUG | RTD: Detalhes completos registrados para KLBN11|KLBNX151 (Liquidez detectada)
src.infrastructure.providers.mercado_data_provider | DEBUG | RTD: preco_ativo KLBN11=18.03 forçado com sucesso
src.infrastructure.providers.mercado_data_provider | DEBUG | RTD: Detalhes completos registrados para CYRE3|CYRET233 (Liquidez detectada)
src.infrastructure.providers.mercado_data_provider | DEBUG | RTD: preco_ativo CYRE3=20.67 forçado com sucesso
src.infrastructure.providers.mercado_data_provider | DEBUG | RTD: Detalhes completos registrados para ABEV3|ABEVT148W1 (Liquidez detectada)
src.infrastructure.providers.mercado_data_provider | DEBUG | RTD: preco_ativo ABEV3=16.03 forçado com sucesso
src.infrastructure.providers.mercado_data_provider | DEBUG | RTD: Detalhes completos registrados para PSSA3|PSSAT541 (Liquidez detectada)
src.infrastructure.providers.mercado_data_provider | DEBUG | RTD: preco_ativo PSSA3=53.59 forçado com sucesso
src.infrastructure.providers.mercado_data_provider | DEBUG | RTD: Detalhes completos registrados para B3SA3|B3SAT177 (Liquidez detectada)
src.infrastructure.providers.mercado_data_provider | DEBUG | RTD: preco_ativo B3SA3=15.47 forçado com sucesso
src.infrastructure.providers.mercado_data_provider | DEBUG | RTD: Detalhes completos registrados para PETR3|PETRT428 (Liquidez detectada)
src.infrastructure.providers.mercado_data_provider | DEBUG | RTD: preco_ativo PETR3=47.42 forçado com sucesso
src.infrastructure.providers.mercado_data_provider | DEBUG | RTD: Detalhes completos registrados para CAML3|CAMLT402 (Liquidez detectada)
src.infrastructure.providers.mercado_data_provider | DEBUG | RTD: preco_ativo CAML3=4.60 forçado com sucesso
src.infrastructure.providers.mercado_data_provider | DEBUG | RTD: Detalhes completos registrados para ITUB4|ITUBT420W1 (Liquidez detectada)
src.infrastructure.providers.mercado_data_provider | DEBUG | RTD: preco_ativo ITUB4=42.01 forçado com sucesso
src.infrastructure.providers.mercado_data_provider | DEBUG | RTD: Detalhes completos registrados para MRVE3|MRVET460W2 (Liquidez detectada)
src.infrastructure.providers.mercado_data_provider | DEBUG | RTD: preco_ativo MRVE3=4.56 forçado com sucesso
src.infrastructure.providers.mercado_data_provider | DEBUG | RTD: Detalhes completos registrados para EMBJ3|EMBJT383 (Liquidez detectada)
src.infrastructure.providers.mercado_data_provider | DEBUG | RTD: preco_ativo EMBJ3=86.64 forçado com sucesso
src.infrastructure.providers.mercado_data_provider | DEBUG | RTD: Detalhes completos registrados para CYRE3|CYRET156 (Liquidez detectada)
src.infrastructure.providers.mercado_data_provider | DEBUG | RTD: preco_ativo CYRE3=20.67 forçado com sucesso
src.infrastructure.providers.mercado_data_provider | DEBUG | RTD: Detalhes completos registrados para EMBJ3|EMBJU895 (Liquidez detectada)
src.infrastructure.providers.mercado_data_provider | DEBUG | RTD: preco_ativo EMBJ3=86.64 forçado com sucesso
src.infrastructure.providers.mercado_data_provider | DEBUG | RTD: Detalhes completos registrados para BRSR6|BRSRT134 (Liquidez detectada)
src.infrastructure.providers.mercado_data_provider | DEBUG | RTD: preco_ativo BRSR6=13.91 forçado com sucesso
src.infrastructure.providers.mercado_data_provider | DEBUG | RTD: Detalhes completos registrados para ITUB4|ITUBU477 (Liquidez detectada)
src.infrastructure.providers.mercado_data_provider | DEBUG | RTD: preco_ativo ITUB4=42.01 forçado com sucesso
src.infrastructure.providers.mercado_data_provider | DEBUG | RTD: Detalhes completos registrados para PRIO3|PRIOU470 (Liquidez detectada)
src.infrastructure.providers.mercado_data_provider | DEBUG | RTD: preco_ativo PRIO3=58.28 forçado com sucesso
src.infrastructure.providers.mercado_data_provider | DEBUG | RTD: Detalhes completos registrados para CPLE3|CPLEU142 (Liquidez detectada)
src.infrastructure.providers.mercado_data_provider | DEBUG | RTD: preco_ativo CPLE3=14.67 forçado com sucesso
src.infrastructure.providers.mercado_data_provider | DEBUG | RTD: Detalhes completos registrados para BBAS3|BBASV358 (Liquidez detectada)
src.infrastructure.providers.mercado_data_provider | DEBUG | RTD: preco_ativo BBAS3=20.82 forçado com sucesso
src.infrastructure.providers.mercado_data_provider | DEBUG | RTD: Detalhes completos registrados para PETR4|PETRV259 (Liquidez detectada)
src.infrastructure.providers.mercado_data_provider | DEBUG | RTD: preco_ativo PETR4=41.93 forçado com sucesso
src.infrastructure.providers.mercado_data_provider | DEBUG | RTD: Detalhes completos registrados para BBAS3|BBASU126 (Liquidez detectada)
src.infrastructure.providers.mercado_data_provider | DEBUG | RTD: preco_ativo BBAS3=20.82 forçado com sucesso
src.infrastructure.providers.mercado_data_provider | DEBUG | RTD: Detalhes completos registrados para BBDC4|BBDCT164 (Liquidez detectada)
src.infrastructure.providers.mercado_data_provider | DEBUG | RTD: preco_ativo BBDC4=18.38 forçado com sucesso
src.infrastructure.providers.mercado_data_provider | DEBUG | RTD: Detalhes completos registrados para RADL3|RADLU126 (Liquidez detectada)
src.infrastructure.providers.mercado_data_provider | DEBUG | RTD: preco_ativo RADL3=17.74 forçado com sucesso
src.infrastructure.providers.mercado_data_provider | DEBUG | RTD: Detalhes completos registrados para SMFT3|SMFTU134 (Liquidez detectada)
src.infrastructure.providers.mercado_data_provider | DEBUG | RTD: preco_ativo SMFT3=19.47 forçado com sucesso
src.infrastructure.providers.mercado_data_provider | DEBUG | RTD: Detalhes completos registrados para IGTI11|IGTIT206 (Liquidez detectada)
src.infrastructure.providers.mercado_data_provider | DEBUG | RTD: preco_ativo IGTI11=24.53 forçado com sucesso
src.infrastructure.providers.mercado_data_provider | DEBUG | RTD: Detalhes completos registrados para ITUB4|ITUBT364W2 (Liquidez detectada)
src.infrastructure.providers.mercado_data_provider | DEBUG | RTD: preco_ativo ITUB4=42.01 forçado com sucesso
src.infrastructure.providers.mercado_data_provider | DEBUG | RTD: Detalhes completos registrados para ABEV3|ABEVT155 (Liquidez detectada)
src.infrastructure.providers.mercado_data_provider | DEBUG | RTD: preco_ativo ABEV3=16.03 forçado com sucesso
src.infrastructure.providers.mercado_data_provider | DEBUG | RTD: Detalhes completos registrados para BPAC11|BPACT540 (Liquidez detectada)
src.infrastructure.providers.mercado_data_provider | DEBUG | RTD: preco_ativo BPAC11=55.03 forçado com sucesso
src.infrastructure.providers.mercado_data_provider | DEBUG | RTD: Detalhes completos registrados para MGLU3|MGLUT461 (Liquidez detectada)
src.infrastructure.providers.mercado_data_provider | DEBUG | RTD: preco_ativo MGLU3=4.76 forçado com sucesso
src.infrastructure.providers.mercado_data_provider | DEBUG | RTD: Detalhes completos registrados para PETR3|PETRU400 (Liquidez detectada)
src.infrastructure.providers.mercado_data_provider | DEBUG | RTD: preco_ativo PETR3=47.42 forçado com sucesso
src.infrastructure.providers.mercado_data_provider | DEBUG | RTD: Detalhes completos registrados para CSMG3|CSMGT578 (Liquidez detectada)
src.infrastructure.providers.mercado_data_provider | DEBUG | RTD: preco_ativo CSMG3=61.93 forçado com sucesso
src.infrastructure.providers.mercado_data_provider | DEBUG | RTD: Detalhes completos registrados para MULT3|MULTT269 (Liquidez detectada)
src.infrastructure.providers.mercado_data_provider | DEBUG | RTD: preco_ativo MULT3=27.63 forçado com sucesso
src.infrastructure.providers.mercado_data_provider | DEBUG | RTD: Detalhes completos registrados para DXCO3|DXCOU455 (Liquidez detectada)
src.infrastructure.providers.mercado_data_provider | DEBUG | RTD: preco_ativo DXCO3=4.97 forçado com sucesso
src.infrastructure.providers.mercado_data_provider | DEBUG | RTD: Detalhes completos registrados para PETR4|PETRT334 (Liquidez detectada)
src.infrastructure.providers.mercado_data_provider | DEBUG | RTD: preco_ativo PETR4=41.93 forçado com sucesso
src.infrastructure.providers.mercado_data_provider | DEBUG | RTD: Detalhes completos registrados para CSMG3|CSMGU493 (Liquidez detectada)
src.infrastructure.providers.mercado_data_provider | DEBUG | RTD: preco_ativo CSMG3=61.93 forçado com sucesso
src.infrastructure.providers.mercado_data_provider | DEBUG | RTD: Detalhes completos registrados para BRKM5|BRKMT290 (Liquidez detectada)
src.infrastructure.providers.mercado_data_provider | DEBUG | RTD: preco_ativo BRKM5=6.12 forçado com sucesso
src.infrastructure.providers.mercado_data_provider | DEBUG | RTD: Detalhes completos registrados para PETR3|PETRU330 (Liquidez detectada)
src.infrastructure.providers.mercado_data_provider | DEBUG | RTD: preco_ativo PETR3=47.42 forçado com sucesso
src.infrastructure.providers.mercado_data_provider | DEBUG | RTD: Detalhes completos registrados para BBAS3|BBAST227W1 (Liquidez detectada)
src.infrastructure.providers.mercado_data_provider | DEBUG | RTD: preco_ativo BBAS3=20.82 forçado com sucesso
src.infrastructure.providers.mercado_data_provider | DEBUG | RTD: Detalhes completos registrados para LREN3|LRENU151 (Liquidez detectada)
src.infrastructure.providers.mercado_data_provider | DEBUG | RTD: preco_ativo LREN3=13.38 forçado com sucesso
src.infrastructure.providers.mercado_data_provider | DEBUG | RTD: Detalhes completos registrados para IGTI11|IGTIU239 (Liquidez detectada)
src.infrastructure.providers.mercado_data_provider | DEBUG | RTD: preco_ativo IGTI11=24.53 forçado com sucesso
src.infrastructure.providers.mercado_data_provider | DEBUG | RTD: Detalhes completos registrados para CURY3|CURYU279 (Liquidez detectada)
src.infrastructure.providers.mercado_data_provider | DEBUG | RTD: preco_ativo CURY3=28.80 forçado com sucesso
src.infrastructure.providers.mercado_data_provider | DEBUG | RTD: Detalhes completos registrados para EMBJ3|EMBJT768 (Liquidez detectada)
src.infrastructure.providers.mercado_data_provider | DEBUG | RTD: preco_ativo EMBJ3=86.64 forçado com sucesso
src.infrastructure.providers.mercado_data_provider | DEBUG | RTD: Detalhes completos registrados para BBSE3|BBSET386 (Liquidez detectada)
src.infrastructure.providers.mercado_data_provider | DEBUG | RTD: preco_ativo BBSE3=41.16 forçado com sucesso
src.infrastructure.providers.mercado_data_provider | DEBUG | RTD: Detalhes completos registrados para BBAS3|BBAST213W2 (Liquidez detectada)
src.infrastructure.providers.mercado_data_provider | DEBUG | RTD: preco_ativo BBAS3=20.82 forçado com sucesso
src.infrastructure.providers.mercado_data_provider | DEBUG | RTD: Detalhes completos registrados para RDOR3|RDORW319 (Liquidez detectada)
src.infrastructure.providers.mercado_data_provider | DEBUG | RTD: preco_ativo RDOR3=33.85 forçado com sucesso
src.infrastructure.providers.mercado_data_provider | DEBUG | RTD: Detalhes completos registrados para COGN3|COGNU194 (Liquidez detectada)
src.infrastructure.providers.mercado_data_provider | DEBUG | RTD: preco_ativo COGN3=2.19 forçado com sucesso
src.infrastructure.providers.mercado_data_provider | DEBUG | RTD: Detalhes completos registrados para ABEV3|ABEVU178 (Liquidez detectada)
src.infrastructure.providers.mercado_data_provider | DEBUG | RTD: preco_ativo ABEV3=16.03 forçado com sucesso
src.infrastructure.providers.mercado_data_provider | DEBUG | RTD: Detalhes completos registrados para EMBJ3|EMBJU498 (Liquidez detectada)
src.infrastructure.providers.mercado_data_provider | DEBUG | RTD: preco_ativo EMBJ3=86.64 forçado com sucesso
src.infrastructure.providers.mercado_data_provider | DEBUG | RTD: Detalhes completos registrados para HYPE3|HYPEU197 (Liquidez detectada)
src.infrastructure.providers.mercado_data_provider | DEBUG | RTD: preco_ativo HYPE3=21.05 forçado com sucesso
src.infrastructure.providers.mercado_data_provider | DEBUG | RTD: Detalhes completos registrados para HAPV3|HAPVV820 (Liquidez detectada)
src.infrastructure.providers.mercado_data_provider | DEBUG | RTD: preco_ativo HAPV3=10.51 forçado com sucesso
src.infrastructure.providers.mercado_data_provider | DEBUG | RTD: Detalhes completos registrados para PETR3|PETRU42 (Liquidez detectada)
src.infrastructure.providers.mercado_data_provider | DEBUG | RTD: preco_ativo PETR3=47.42 forçado com sucesso
src.infrastructure.providers.mercado_data_provider | DEBUG | RTD: Detalhes completos registrados para CXSE3|CXSEU174 (Liquidez detectada)
src.infrastructure.providers.mercado_data_provider | DEBUG | RTD: preco_ativo CXSE3=20.41 forçado com sucesso
src.infrastructure.providers.mercado_data_provider | DEBUG | RTD: Detalhes completos registrados para TUPY3|TUPYT125 (Liquidez detectada)
src.infrastructure.providers.mercado_data_provider | DEBUG | RTD: preco_ativo TUPY3=15.67 forçado com sucesso
src.infrastructure.providers.mercado_data_provider | DEBUG | RTD: Detalhes completos registrados para EMBJ3|EMBJT863 (Liquidez detectada)
src.infrastructure.providers.mercado_data_provider | DEBUG | RTD: preco_ativo EMBJ3=86.64 forçado com sucesso
src.infrastructure.providers.mercado_data_provider | DEBUG | RTD: Detalhes completos registrados para CPFE3|CPFET432 (Liquidez detectada)
src.infrastructure.providers.mercado_data_provider | DEBUG | RTD: preco_ativo CPFE3=45.23 forçado com sucesso
src.infrastructure.providers.mercado_data_provider | DEBUG | RTD: Detalhes completos registrados para BBAS3|BBASU201 (Liquidez detectada)
src.infrastructure.providers.mercado_data_provider | DEBUG | RTD: preco_ativo BBAS3=20.82 forçado com sucesso
src.infrastructure.providers.mercado_data_provider | DEBUG | RTD: Detalhes completos registrados para BRAV3|BRAVT175 (Liquidez detectada)
src.infrastructure.providers.mercado_data_provider | DEBUG | RTD: preco_ativo BRAV3=20.88 forçado com sucesso
src.infrastructure.providers.mercado_data_provider | DEBUG | RTD: Detalhes completos registrados para PETR4|PETRU377 (Liquidez detectada)
src.infrastructure.providers.mercado_data_provider | DEBUG | RTD: preco_ativo PETR4=41.93 forçado com sucesso
src.infrastructure.providers.mercado_data_provider | DEBUG | RTD: Detalhes completos registrados para BBAS3|BBAST182W1 (Liquidez detectada)
src.infrastructure.providers.mercado_data_provider | DEBUG | RTD: preco_ativo BBAS3=20.82 forçado com sucesso
src.infrastructure.providers.mercado_data_provider | DEBUG | RTD: Detalhes completos registrados para BBSE3|BBSEU296 (Liquidez detectada)
src.infrastructure.providers.mercado_data_provider | DEBUG | RTD: preco_ativo BBSE3=41.16 forçado com sucesso
src.infrastructure.providers.mercado_data_provider | DEBUG | RTD: Detalhes completos registrados para MGLU3|MGLUV479 (Liquidez detectada)
src.infrastructure.providers.mercado_data_provider | DEBUG | RTD: preco_ativo MGLU3=4.76 forçado com sucesso
src.infrastructure.providers.mercado_data_provider | DEBUG | RTD: Detalhes completos registrados para ENEV3|ENEVT255 (Liquidez detectada)
src.infrastructure.providers.mercado_data_provider | DEBUG | RTD: preco_ativo ENEV3=25.93 forçado com sucesso
src.infrastructure.providers.mercado_data_provider | DEBUG | RTD: Detalhes completos registrados para CSMG3|CSMGT480 (Liquidez detectada)
src.infrastructure.providers.mercado_data_provider | DEBUG | RTD: preco_ativo CSMG3=61.93 forçado com sucesso
src.infrastructure.providers.mercado_data_provider | DEBUG | RTD: Detalhes completos registrados para GOAU4|GOAUU119 (Liquidez detectada)
src.infrastructure.providers.mercado_data_provider | DEBUG | RTD: preco_ativo GOAU4=10.75 forçado com sucesso
src.infrastructure.providers.mercado_data_provider | DEBUG | RTD: Detalhes completos registrados para PRIO3|PRIOT540W1 (Liquidez detectada)
src.infrastructure.providers.mercado_data_provider | DEBUG | RTD: preco_ativo PRIO3=58.28 forçado com sucesso
src.infrastructure.providers.mercado_data_provider | DEBUG | RTD: Detalhes completos registrados para EMBJ3|EMBJT475 (Liquidez detectada)
src.infrastructure.providers.mercado_data_provider | DEBUG | RTD: preco_ativo EMBJ3=86.64 forçado com sucesso
src.infrastructure.providers.mercado_data_provider | DEBUG | RTD: Detalhes completos registrados para GGBR4|GGBRT213W1 (Liquidez detectada)
src.infrastructure.providers.mercado_data_provider | DEBUG | RTD: preco_ativo GGBR4=24.82 forçado com sucesso
src.infrastructure.providers.mercado_data_provider | DEBUG | RTD: Detalhes completos registrados para BPAC11|BPACX951 (Liquidez detectada)
src.infrastructure.providers.mercado_data_provider | DEBUG | RTD: preco_ativo BPAC11=55.03 forçado com sucesso
src.infrastructure.providers.mercado_data_provider | DEBUG | RTD: Detalhes completos registrados para COGN3|COGNT218 (Liquidez detectada)
src.infrastructure.providers.mercado_data_provider | DEBUG | RTD: preco_ativo COGN3=2.19 forçado com sucesso
src.infrastructure.providers.mercado_data_provider | DEBUG | RTD: Detalhes completos registrados para BBDC3|BBDCV154 (Liquidez detectada)
src.infrastructure.providers.mercado_data_provider | DEBUG | RTD: preco_ativo BBDC3=16.03 forçado com sucesso
src.infrastructure.providers.mercado_data_provider | DEBUG | RTD: Detalhes completos registrados para ITUB4|ITUBX350 (Liquidez detectada)
src.infrastructure.providers.mercado_data_provider | DEBUG | RTD: preco_ativo ITUB4=42.01 forçado com sucesso
src.infrastructure.providers.mercado_data_provider | DEBUG | RTD: Detalhes completos registrados para HAPV3|HAPVU930 (Liquidez detectada)
src.infrastructure.providers.mercado_data_provider | DEBUG | RTD: preco_ativo HAPV3=10.51 forçado com sucesso
src.infrastructure.providers.mercado_data_provider | DEBUG | RTD: Detalhes completos registrados para RIAA3|RIAAT748 (Liquidez detectada)
src.infrastructure.providers.mercado_data_provider | DEBUG | RTD: preco_ativo RIAA3=7.63 forçado com sucesso
src.infrastructure.providers.mercado_data_provider | DEBUG | RTD: Detalhes completos registrados para ITSA4|ITSAW148 (Liquidez detectada)
src.infrastructure.providers.mercado_data_provider | DEBUG | RTD: preco_ativo ITSA4=13.53 forçado com sucesso
src.infrastructure.providers.mercado_data_provider | DEBUG | RTD: Detalhes completos registrados para PETR4|PETRU206 (Liquidez detectada)
src.infrastructure.providers.mercado_data_provider | DEBUG | RTD: preco_ativo PETR4=41.93 forçado com sucesso
src.infrastructure.providers.mercado_data_provider | DEBUG | RTD: Detalhes completos registrados para CSNA3|CSNAV345 (Liquidez detectada)
src.infrastructure.providers.mercado_data_provider | DEBUG | RTD: preco_ativo CSNA3=5.28 forçado com sucesso
src.infrastructure.providers.mercado_data_provider | DEBUG | RTD: Detalhes completos registrados para CSAN3|CSANT335W1 (Liquidez detectada)
src.infrastructure.providers.mercado_data_provider | DEBUG | RTD: preco_ativo CSAN3=3.92 forçado com sucesso
src.infrastructure.providers.mercado_data_provider | DEBUG | RTD: Detalhes completos registrados para ECOR3|ECORT654 (Liquidez detectada)
src.infrastructure.providers.mercado_data_provider | DEBUG | RTD: preco_ativo ECOR3=6.89 forçado com sucesso
src.infrastructure.providers.mercado_data_provider | DEBUG | RTD: Detalhes completos registrados para ITUB4|ITUBT392 (Liquidez detectada)
src.infrastructure.providers.mercado_data_provider | DEBUG | RTD: preco_ativo ITUB4=42.01 forçado com sucesso
src.infrastructure.providers.mercado_data_provider | DEBUG | RTD: Detalhes completos registrados para VALE3|VALET284 (Liquidez detectada)
src.infrastructure.providers.mercado_data_provider | DEBUG | RTD: preco_ativo VALE3=75.11 forçado com sucesso
src.infrastructure.providers.mercado_data_provider | DEBUG | RTD: Detalhes completos registrados para CSNA3|CSNAT580W2 (Liquidez detectada)
src.infrastructure.providers.mercado_data_provider | DEBUG | RTD: preco_ativo CSNA3=5.28 forçado com sucesso
src.infrastructure.providers.mercado_data_provider | DEBUG | RTD: Detalhes completos registrados para BBAS3|BBASU229 (Liquidez detectada)
src.infrastructure.providers.mercado_data_provider | DEBUG | RTD: preco_ativo BBAS3=20.82 forçado com sucesso
src.infrastructure.providers.mercado_data_provider | DEBUG | RTD: Detalhes completos registrados para RADL3|RADLT142 (Liquidez detectada)
src.infrastructure.providers.mercado_data_provider | DEBUG | RTD: preco_ativo RADL3=17.74 forçado com sucesso
src.infrastructure.providers.mercado_data_provider | DEBUG | RTD: Detalhes completos registrados para BBAS3|BBASW219 (Liquidez detectada)
src.infrastructure.providers.mercado_data_provider | DEBUG | RTD: preco_ativo BBAS3=20.82 forçado com sucesso
src.infrastructure.providers.mercado_data_provider | DEBUG | RTD: Detalhes completos registrados para HASH11|HASHT450 (Liquidez detectada)
src.infrastructure.providers.mercado_data_provider | DEBUG | RTD: preco_ativo HASH11=42.65 forçado com sucesso
src.infrastructure.providers.mercado_data_provider | DEBUG | RTD: Detalhes completos registrados para PRIO3|PRIOU447 (Liquidez detectada)
src.infrastructure.providers.mercado_data_provider | DEBUG | RTD: preco_ativo PRIO3=58.28 forçado com sucesso
src.infrastructure.providers.mercado_data_provider | DEBUG | RTD: Detalhes completos registrados para PETR4|PETRX334 (Liquidez detectada)
src.infrastructure.providers.mercado_data_provider | DEBUG | RTD: preco_ativo PETR4=41.93 forçado com sucesso
src.infrastructure.providers.mercado_data_provider | DEBUG | RTD: Detalhes completos registrados para BBDC4|BBDCV205 (Liquidez detectada)
src.infrastructure.providers.mercado_data_provider | DEBUG | RTD: preco_ativo BBDC4=18.38 forçado com sucesso
src.infrastructure.providers.mercado_data_provider | DEBUG | RTD: Detalhes completos registrados para CSNA3|CSNAT370W2 (Liquidez detectada)
src.infrastructure.providers.mercado_data_provider | DEBUG | RTD: preco_ativo CSNA3=5.28 forçado com sucesso
src.infrastructure.providers.mercado_data_provider | DEBUG | RTD: Detalhes completos registrados para EQTL3|EQTLT319 (Liquidez detectada)
src.infrastructure.providers.mercado_data_provider | DEBUG | RTD: preco_ativo EQTL3=38.00 forçado com sucesso
src.infrastructure.providers.mercado_data_provider | DEBUG | RTD: Detalhes completos registrados para ECOR3|ECORT634 (Liquidez detectada)
src.infrastructure.providers.mercado_data_provider | DEBUG | RTD: preco_ativo ECOR3=6.89 forçado com sucesso
src.infrastructure.providers.mercado_data_provider | DEBUG | RTD: Detalhes completos registrados para PRIO3|PRIOT497W1 (Liquidez detectada)
src.infrastructure.providers.mercado_data_provider | DEBUG | RTD: preco_ativo PRIO3=58.28 forçado com sucesso
src.infrastructure.providers.mercado_data_provider | DEBUG | RTD: Detalhes completos registrados para IGTI11|IGTIU264 (Liquidez detectada)
src.infrastructure.providers.mercado_data_provider | DEBUG | RTD: preco_ativo IGTI11=24.53 forçado com sucesso
src.infrastructure.providers.mercado_data_provider | DEBUG | RTD: Detalhes completos registrados para PETR4|PETRT411W2 (Liquidez detectada)
src.infrastructure.providers.mercado_data_provider | DEBUG | RTD: preco_ativo PETR4=41.93 forçado com sucesso
src.infrastructure.providers.mercado_data_provider | DEBUG | RTD: Detalhes completos registrados para EQTL3|EQTLT394W1 (Liquidez detectada)
src.infrastructure.providers.mercado_data_provider | DEBUG | RTD: preco_ativo EQTL3=38.00 forçado com sucesso
src.infrastructure.providers.mercado_data_provider | DEBUG | RTD: Detalhes completos registrados para B3SA3|B3SAT150 (Liquidez detectada)
src.infrastructure.providers.mercado_data_provider | DEBUG | RTD: preco_ativo B3SA3=15.47 forçado com sucesso
src.infrastructure.providers.mercado_data_provider | DEBUG | RTD: Detalhes completos registrados para CMIN3|CMINX50 (Liquidez detectada)
src.infrastructure.providers.mercado_data_provider | DEBUG | RTD: preco_ativo CMIN3=5.91 forçado com sucesso
src.infrastructure.providers.mercado_data_provider | DEBUG | RTD: Detalhes completos registrados para PETR4|PETRT422 (Liquidez detectada)
src.infrastructure.providers.mercado_data_provider | DEBUG | RTD: preco_ativo PETR4=41.93 forçado com sucesso
src.infrastructure.providers.mercado_data_provider | DEBUG | RTD: Detalhes completos registrados para ALOS3|ALOSU261 (Liquidez detectada)
src.infrastructure.providers.mercado_data_provider | DEBUG | RTD: preco_ativo ALOS3=26.52 forçado com sucesso
src.infrastructure.providers.mercado_data_provider | DEBUG | RTD: Detalhes completos registrados para ISAE4|ISAEU265 (Liquidez detectada)
src.infrastructure.providers.mercado_data_provider | DEBUG | RTD: preco_ativo ISAE4=26.51 forçado com sucesso
src.infrastructure.providers.mercado_data_provider | DEBUG | RTD: Detalhes completos registrados para BBAS3|BBAST785 (Liquidez detectada)
src.infrastructure.providers.mercado_data_provider | DEBUG | RTD: preco_ativo BBAS3=20.82 forçado com sucesso
src.infrastructure.providers.mercado_data_provider | DEBUG | RTD: Detalhes completos registrados para BMOB3|BMOBU240 (Liquidez detectada)
src.infrastructure.providers.mercado_data_provider | DEBUG | RTD: preco_ativo BMOB3=22.83 forçado com sucesso
src.infrastructure.providers.mercado_data_provider | DEBUG | RTD: Detalhes completos registrados para BBDC4|BBDCT191W1 (Liquidez detectada)
src.infrastructure.providers.mercado_data_provider | DEBUG | RTD: preco_ativo BBDC4=18.38 forçado com sucesso
src.infrastructure.providers.mercado_data_provider | DEBUG | RTD: Detalhes completos registrados para GGBR4|GGBRU287 (Liquidez detectada)
src.infrastructure.providers.mercado_data_provider | DEBUG | RTD: preco_ativo GGBR4=24.82 forçado com sucesso
src.infrastructure.providers.mercado_data_provider | DEBUG | RTD: Detalhes completos registrados para BBAS3|BBASU11 (Liquidez detectada)
src.infrastructure.providers.mercado_data_provider | DEBUG | RTD: preco_ativo BBAS3=20.82 forçado com sucesso
src.infrastructure.providers.mercado_data_provider | DEBUG | RTD: Detalhes completos registrados para CURY3|CURYU309 (Liquidez detectada)
src.infrastructure.providers.mercado_data_provider | DEBUG | RTD: preco_ativo CURY3=28.80 forçado com sucesso
src.infrastructure.providers.mercado_data_provider | DEBUG | RTD: Detalhes completos registrados para WEGE3|WEGEU408 (Liquidez detectada)
src.infrastructure.providers.mercado_data_provider | DEBUG | RTD: preco_ativo WEGE3=45.77 forçado com sucesso
src.infrastructure.providers.mercado_data_provider | DEBUG | RTD: Detalhes completos registrados para PETR4|PETRV385 (Liquidez detectada)
src.infrastructure.providers.mercado_data_provider | DEBUG | RTD: preco_ativo PETR4=41.93 forçado com sucesso
src.infrastructure.providers.mercado_data_provider | DEBUG | RTD: Detalhes completos registrados para BBAS3|BBAST203W2 (Liquidez detectada)
src.infrastructure.providers.mercado_data_provider | DEBUG | RTD: preco_ativo BBAS3=20.82 forçado com sucesso
src.infrastructure.providers.mercado_data_provider | DEBUG | RTD: Detalhes completos registrados para EQTL3|EQTLT354W1 (Liquidez detectada)
src.infrastructure.providers.mercado_data_provider | DEBUG | RTD: preco_ativo EQTL3=38.00 forçado com sucesso
src.infrastructure.providers.mercado_data_provider | DEBUG | RTD: Detalhes completos registrados para BRAP4|BRAPT164 (Liquidez detectada)
src.infrastructure.providers.mercado_data_provider | DEBUG | RTD: preco_ativo BRAP4=21.68 forçado com sucesso
src.infrastructure.providers.mercado_data_provider | DEBUG | RTD: Detalhes completos registrados para GOAU4|GOAUT137 (Liquidez detectada)
src.infrastructure.providers.mercado_data_provider | DEBUG | RTD: preco_ativo GOAU4=10.75 forçado com sucesso
src.infrastructure.providers.mercado_data_provider | DEBUG | RTD: Detalhes completos registrados para EQTL3|EQTLT369 (Liquidez detectada)
src.infrastructure.providers.mercado_data_provider | DEBUG | RTD: preco_ativo EQTL3=38.00 forçado com sucesso
src.infrastructure.providers.mercado_data_provider | DEBUG | RTD: Detalhes completos registrados para NATU3|NATUT790 (Liquidez detectada)
src.infrastructure.providers.mercado_data_provider | DEBUG | RTD: preco_ativo NATU3=8.35 forçado com sucesso
src.infrastructure.providers.mercado_data_provider | DEBUG | RTD: Detalhes completos registrados para CSMG3|CSMGT570W4 (Liquidez detectada)
src.infrastructure.providers.mercado_data_provider | DEBUG | RTD: preco_ativo CSMG3=61.93 forçado com sucesso
src.infrastructure.providers.mercado_data_provider | DEBUG | RTD: Detalhes completos registrados para FLRY3|FLRYU141 (Liquidez detectada)
src.infrastructure.providers.mercado_data_provider | DEBUG | RTD: preco_ativo FLRY3=16.80 forçado com sucesso
src.infrastructure.providers.mercado_data_provider | DEBUG | RTD: Detalhes completos registrados para MGLU3|MGLUT524 (Liquidez detectada)
src.infrastructure.providers.mercado_data_provider | DEBUG | RTD: preco_ativo MGLU3=4.76 forçado com sucesso
src.infrastructure.providers.mercado_data_provider | DEBUG | RTD: Detalhes completos registrados para PETR4|PETRT499 (Liquidez detectada)
src.infrastructure.providers.mercado_data_provider | DEBUG | RTD: preco_ativo PETR4=41.93 forçado com sucesso
src.infrastructure.providers.mercado_data_provider | DEBUG | RTD: Detalhes completos registrados para BBAS3|BBASX243 (Liquidez detectada)
src.infrastructure.providers.mercado_data_provider | DEBUG | RTD: preco_ativo BBAS3=20.82 forçado com sucesso
src.infrastructure.providers.mercado_data_provider | DEBUG | RTD: Detalhes completos registrados para SUZB3|SUZBU296 (Liquidez detectada)
src.infrastructure.providers.mercado_data_provider | DEBUG | RTD: preco_ativo SUZB3=42.65 forçado com sucesso
src.infrastructure.providers.mercado_data_provider | DEBUG | RTD: Detalhes completos registrados para BBAS3|BBAST857 (Liquidez detectada)
src.infrastructure.providers.mercado_data_provider | DEBUG | RTD: preco_ativo BBAS3=20.82 forçado com sucesso
src.infrastructure.providers.mercado_data_provider | DEBUG | RTD: Detalhes completos registrados para ASAI3|ASAIT830 (Liquidez detectada)
src.infrastructure.providers.mercado_data_provider | DEBUG | RTD: preco_ativo ASAI3=8.21 forçado com sucesso
src.infrastructure.providers.mercado_data_provider | DEBUG | RTD: Detalhes completos registrados para MGLU3|MGLUU485 (Liquidez detectada)
src.infrastructure.providers.mercado_data_provider | DEBUG | RTD: preco_ativo MGLU3=4.76 forçado com sucesso
src.infrastructure.providers.mercado_data_provider | DEBUG | RTD: Detalhes completos registrados para ITSA4|ITSAT121 (Liquidez detectada)
src.infrastructure.providers.mercado_data_provider | DEBUG | RTD: preco_ativo ITSA4=13.53 forçado com sucesso
src.infrastructure.providers.mercado_data_provider | DEBUG | RTD: Detalhes completos registrados para ANIM3|ANIMU222 (Liquidez detectada)
src.infrastructure.providers.mercado_data_provider | DEBUG | RTD: preco_ativo ANIM3=2.23 forçado com sucesso
src.infrastructure.providers.mercado_data_provider | DEBUG | RTD: Detalhes completos registrados para RAIL3|RAILU893 (Liquidez detectada)
src.infrastructure.providers.mercado_data_provider | DEBUG | RTD: preco_ativo RAIL3=13.97 forçado com sucesso
src.infrastructure.providers.mercado_data_provider | DEBUG | RTD: Detalhes completos registrados para ENGI11|ENGIT458 (Liquidez detectada)
src.infrastructure.providers.mercado_data_provider | DEBUG | RTD: preco_ativo ENGI11=49.01 forçado com sucesso
src.infrastructure.providers.mercado_data_provider | DEBUG | RTD: Detalhes completos registrados para CSAN3|CSANT325W2 (Liquidez detectada)
src.infrastructure.providers.mercado_data_provider | DEBUG | RTD: preco_ativo CSAN3=3.92 forçado com sucesso
src.infrastructure.providers.mercado_data_provider | DEBUG | RTD: Detalhes completos registrados para GGBR4|GGBRX180 (Liquidez detectada)
src.infrastructure.providers.mercado_data_provider | DEBUG | RTD: preco_ativo GGBR4=24.82 forçado com sucesso
src.infrastructure.providers.mercado_data_provider | DEBUG | RTD: Detalhes completos registrados para ITUB4|ITUBW431 (Liquidez detectada)
src.infrastructure.providers.mercado_data_provider | DEBUG | RTD: preco_ativo ITUB4=42.01 forçado com sucesso
src.infrastructure.providers.mercado_data_provider | DEBUG | RTD: Detalhes completos registrados para EMBJ3|EMBJU845 (Liquidez detectada)
src.infrastructure.providers.mercado_data_provider | DEBUG | RTD: preco_ativo EMBJ3=86.64 forçado com sucesso
src.infrastructure.providers.mercado_data_provider | DEBUG | RTD: Detalhes completos registrados para ANIM3|ANIMT197 (Liquidez detectada)
src.infrastructure.providers.mercado_data_provider | DEBUG | RTD: preco_ativo ANIM3=2.23 forçado com sucesso
src.infrastructure.providers.mercado_data_provider | DEBUG | RTD: Detalhes completos registrados para BBAS3|BBAST131W2 (Liquidez detectada)
src.infrastructure.providers.mercado_data_provider | DEBUG | RTD: preco_ativo BBAS3=20.82 forçado com sucesso
src.infrastructure.providers.mercado_data_provider | DEBUG | RTD: Detalhes completos registrados para BPAC11|BPACU439 (Liquidez detectada)
src.infrastructure.providers.mercado_data_provider | DEBUG | RTD: preco_ativo BPAC11=55.03 forçado com sucesso
src.infrastructure.providers.mercado_data_provider | DEBUG | RTD: Detalhes completos registrados para ITUB4|ITUBT434W2 (Liquidez detectada)
src.infrastructure.providers.mercado_data_provider | DEBUG | RTD: preco_ativo ITUB4=42.01 forçado com sucesso
src.infrastructure.providers.mercado_data_provider | DEBUG | RTD: Detalhes completos registrados para MBRF3|MBRFU122 (Liquidez detectada)
src.infrastructure.providers.mercado_data_provider | DEBUG | RTD: preco_ativo MBRF3=16.61 forçado com sucesso
src.infrastructure.providers.mercado_data_provider | DEBUG | RTD: Detalhes completos registrados para COGN3|COGNT283 (Liquidez detectada)
src.infrastructure.providers.mercado_data_provider | DEBUG | RTD: preco_ativo COGN3=2.19 forçado com sucesso
src.infrastructure.providers.mercado_data_provider | DEBUG | RTD: Detalhes completos registrados para ITUB4|ITUBV492 (Liquidez detectada)
src.infrastructure.providers.mercado_data_provider | DEBUG | RTD: preco_ativo ITUB4=42.01 forçado com sucesso
src.infrastructure.providers.mercado_data_provider | DEBUG | RTD: Detalhes completos registrados para CMIN3|CMINV451 (Liquidez detectada)
src.infrastructure.providers.mercado_data_provider | DEBUG | RTD: preco_ativo CMIN3=5.91 forçado com sucesso
src.infrastructure.providers.mercado_data_provider | DEBUG | RTD: Detalhes completos registrados para BBAS3|BBASU249 (Liquidez detectada)
src.infrastructure.providers.mercado_data_provider | DEBUG | RTD: preco_ativo BBAS3=20.82 forçado com sucesso
src.infrastructure.providers.mercado_data_provider | DEBUG | RTD: Detalhes completos registrados para LREN3|LRENT124 (Liquidez detectada)
src.infrastructure.providers.mercado_data_provider | DEBUG | RTD: preco_ativo LREN3=13.38 forçado com sucesso
src.infrastructure.providers.mercado_data_provider | DEBUG | RTD: Detalhes completos registrados para CSAN3|CSANU255 (Liquidez detectada)
src.infrastructure.providers.mercado_data_provider | DEBUG | RTD: preco_ativo CSAN3=3.92 forçado com sucesso
src.infrastructure.providers.mercado_data_provider | DEBUG | RTD: Detalhes completos registrados para HASH11|HASHT365 (Liquidez detectada)
src.infrastructure.providers.mercado_data_provider | DEBUG | RTD: preco_ativo HASH11=42.65 forçado com sucesso
src.infrastructure.providers.mercado_data_provider | DEBUG | RTD: Detalhes completos registrados para ITSA4|ITSAX904 (Liquidez detectada)
src.infrastructure.providers.mercado_data_provider | DEBUG | RTD: preco_ativo ITSA4=13.53 forçado com sucesso
src.infrastructure.providers.mercado_data_provider | DEBUG | RTD: Detalhes completos registrados para CYRE3|CYRET199W2 (Liquidez detectada)
src.infrastructure.providers.mercado_data_provider | DEBUG | RTD: preco_ativo CYRE3=20.67 forçado com sucesso
src.infrastructure.providers.mercado_data_provider | DEBUG | RTD: Detalhes completos registrados para PETR4|PETRT494 (Liquidez detectada)
src.infrastructure.providers.mercado_data_provider | DEBUG | RTD: preco_ativo PETR4=41.93 forçado com sucesso
src.infrastructure.providers.mercado_data_provider | DEBUG | RTD: Detalhes completos registrados para BBDC4|BBDCT133W1 (Liquidez detectada)
src.infrastructure.providers.mercado_data_provider | DEBUG | RTD: preco_ativo BBDC4=18.38 forçado com sucesso
src.infrastructure.providers.mercado_data_provider | DEBUG | RTD: Detalhes completos registrados para ITSA4|ITSAX128 (Liquidez detectada)
src.infrastructure.providers.mercado_data_provider | DEBUG | RTD: preco_ativo ITSA4=13.53 forçado com sucesso
src.infrastructure.providers.mercado_data_provider | DEBUG | RTD: Detalhes completos registrados para POMO4|POMOT494 (Liquidez detectada)
src.infrastructure.providers.mercado_data_provider | DEBUG | RTD: preco_ativo POMO4=5.33 forçado com sucesso
src.infrastructure.providers.mercado_data_provider | DEBUG | RTD: Detalhes completos registrados para ABCB4|ABCBT217 (Liquidez detectada)
src.infrastructure.providers.mercado_data_provider | DEBUG | RTD: preco_ativo ABCB4=23.68 forçado com sucesso
src.infrastructure.providers.mercado_data_provider | DEBUG | RTD: Detalhes completos registrados para CMIG4|CMIGU996 (Liquidez detectada)
src.infrastructure.providers.mercado_data_provider | DEBUG | RTD: preco_ativo CMIG4=11.10 forçado com sucesso
src.infrastructure.providers.mercado_data_provider | DEBUG | RTD: Detalhes completos registrados para HAPV3|HAPVX99 (Liquidez detectada)
src.infrastructure.providers.mercado_data_provider | DEBUG | RTD: preco_ativo HAPV3=10.51 forçado com sucesso
src.infrastructure.providers.mercado_data_provider | DEBUG | RTD: Detalhes completos registrados para PETR4|PETRT336W1 (Liquidez detectada)
src.infrastructure.providers.mercado_data_provider | DEBUG | RTD: preco_ativo PETR4=41.93 forçado com sucesso
src.infrastructure.providers.mercado_data_provider | DEBUG | RTD: Detalhes completos registrados para BBDC4|BBDCT236 (Liquidez detectada)
src.infrastructure.providers.mercado_data_provider | DEBUG | RTD: preco_ativo BBDC4=18.38 forçado com sucesso
src.infrastructure.providers.mercado_data_provider | DEBUG | RTD: Detalhes completos registrados para EMBJ3|EMBJT890W1 (Liquidez detectada)
src.infrastructure.providers.mercado_data_provider | DEBUG | RTD: preco_ativo EMBJ3=86.64 forçado com sucesso
src.infrastructure.providers.mercado_data_provider | DEBUG | RTD: Detalhes completos registrados para BBDC4|BBDCT208W1 (Liquidez detectada)
src.infrastructure.providers.mercado_data_provider | DEBUG | RTD: preco_ativo BBDC4=18.38 forçado com sucesso
src.infrastructure.providers.mercado_data_provider | DEBUG | RTD: Detalhes completos registrados para CSMG3|CSMGU58 (Liquidez detectada)
src.infrastructure.providers.mercado_data_provider | DEBUG | RTD: preco_ativo CSMG3=61.93 forçado com sucesso
src.infrastructure.providers.mercado_data_provider | DEBUG | RTD: Detalhes completos registrados para CPFE3|CPFET469 (Liquidez detectada)
src.infrastructure.providers.mercado_data_provider | DEBUG | RTD: preco_ativo CPFE3=45.23 forçado com sucesso
src.infrastructure.providers.mercado_data_provider | DEBUG | RTD: Detalhes completos registrados para BBAS3|BBAST827 (Liquidez detectada)
src.infrastructure.providers.mercado_data_provider | DEBUG | RTD: preco_ativo BBAS3=20.82 forçado com sucesso
src.infrastructure.providers.mercado_data_provider | DEBUG | RTD: Detalhes completos registrados para ALOS3|ALOSU22 (Liquidez detectada)
src.infrastructure.providers.mercado_data_provider | DEBUG | RTD: preco_ativo ALOS3=26.52 forçado com sucesso
src.infrastructure.providers.mercado_data_provider | DEBUG | RTD: Detalhes completos registrados para ENEV3|ENEVT220 (Liquidez detectada)
src.infrastructure.providers.mercado_data_provider | DEBUG | RTD: preco_ativo ENEV3=25.93 forçado com sucesso
src.infrastructure.providers.mercado_data_provider | DEBUG | RTD: Detalhes completos registrados para MRVE3|MRVEU350 (Liquidez detectada)
src.infrastructure.providers.mercado_data_provider | DEBUG | RTD: preco_ativo MRVE3=4.56 forçado com sucesso
src.infrastructure.providers.mercado_data_provider | DEBUG | RTD: Detalhes completos registrados para DXCO3|DXCOU435 (Liquidez detectada)
src.infrastructure.providers.mercado_data_provider | DEBUG | RTD: preco_ativo DXCO3=4.97 forçado com sucesso
src.infrastructure.providers.mercado_data_provider | DEBUG | RTD: Detalhes completos registrados para CURY3|CURYT327 (Liquidez detectada)
src.infrastructure.providers.mercado_data_provider | DEBUG | RTD: preco_ativo CURY3=28.80 forçado com sucesso
src.infrastructure.providers.mercado_data_provider | DEBUG | RTD: Detalhes completos registrados para EMBJ3|EMBJU590 (Liquidez detectada)
src.infrastructure.providers.mercado_data_provider | DEBUG | RTD: preco_ativo EMBJ3=86.64 forçado com sucesso
src.infrastructure.providers.mercado_data_provider | DEBUG | RTD: Detalhes completos registrados para LEVE3|LEVEW27 (Liquidez detectada)
src.infrastructure.providers.mercado_data_provider | DEBUG | RTD: preco_ativo LEVE3=31.27 forçado com sucesso
src.infrastructure.providers.mercado_data_provider | DEBUG | RTD: Detalhes completos registrados para JHSF3|JHSFT998 (Liquidez detectada)
src.infrastructure.providers.mercado_data_provider | DEBUG | RTD: preco_ativo JHSF3=10.67 forçado com sucesso
src.infrastructure.providers.mercado_data_provider | DEBUG | RTD: Detalhes completos registrados para COGN3|COGNU275 (Liquidez detectada)
src.infrastructure.providers.mercado_data_provider | DEBUG | RTD: preco_ativo COGN3=2.19 forçado com sucesso
src.infrastructure.providers.mercado_data_provider | DEBUG | RTD: Detalhes completos registrados para EQTL3|EQTLU431 (Liquidez detectada)
src.infrastructure.providers.mercado_data_provider | DEBUG | RTD: preco_ativo EQTL3=38.00 forçado com sucesso
src.infrastructure.providers.mercado_data_provider | DEBUG | RTD: Detalhes completos registrados para ITUB4|ITUBU479 (Liquidez detectada)
src.infrastructure.providers.mercado_data_provider | DEBUG | RTD: preco_ativo ITUB4=42.01 forçado com sucesso
src.infrastructure.providers.mercado_data_provider | DEBUG | RTD: Detalhes completos registrados para EZTC3|EZTCT130 (Liquidez detectada)
src.infrastructure.providers.mercado_data_provider | DEBUG | RTD: preco_ativo EZTC3=11.16 forçado com sucesso
src.infrastructure.providers.mercado_data_provider | DEBUG | RTD: Detalhes completos registrados para CMIN3|CMINT301 (Liquidez detectada)
src.infrastructure.providers.mercado_data_provider | DEBUG | RTD: preco_ativo CMIN3=5.91 forçado com sucesso
src.infrastructure.providers.mercado_data_provider | DEBUG | RTD: Detalhes completos registrados para ITSA4|ITSAX954 (Liquidez detectada)
src.infrastructure.providers.mercado_data_provider | DEBUG | RTD: preco_ativo ITSA4=13.53 forçado com sucesso
src.infrastructure.providers.mercado_data_provider | DEBUG | RTD: Detalhes completos registrados para BBAS3|BBASX280 (Liquidez detectada)
src.infrastructure.providers.mercado_data_provider | DEBUG | RTD: preco_ativo BBAS3=20.82 forçado com sucesso
src.infrastructure.providers.mercado_data_provider | DEBUG | RTD: Detalhes completos registrados para ENGI11|ENGIU418 (Liquidez detectada)
src.infrastructure.providers.mercado_data_provider | DEBUG | RTD: preco_ativo ENGI11=49.01 forçado com sucesso
src.infrastructure.providers.mercado_data_provider | DEBUG | RTD: Detalhes completos registrados para PETR4|PETRT547 (Liquidez detectada)
src.infrastructure.providers.mercado_data_provider | DEBUG | RTD: preco_ativo PETR4=41.93 forçado com sucesso
src.infrastructure.providers.mercado_data_provider | DEBUG | RTD: Detalhes completos registrados para CSMG3|CSMGU685 (Liquidez detectada)
src.infrastructure.providers.mercado_data_provider | DEBUG | RTD: preco_ativo CSMG3=61.93 forçado com sucesso
src.infrastructure.providers.mercado_data_provider | DEBUG | RTD: Detalhes completos registrados para BBAS3|BBASU2 (Liquidez detectada)
src.infrastructure.providers.mercado_data_provider | DEBUG | RTD: preco_ativo BBAS3=20.82 forçado com sucesso
src.infrastructure.providers.mercado_data_provider | DEBUG | RTD: Detalhes completos registrados para PRIO3|PRIOT625 (Liquidez detectada)
src.infrastructure.providers.mercado_data_provider | DEBUG | RTD: preco_ativo PRIO3=58.28 forçado com sucesso
src.infrastructure.providers.mercado_data_provider | DEBUG | RTD: Detalhes completos registrados para KLBN11|KLBNX191 (Liquidez detectada)
src.infrastructure.providers.mercado_data_provider | DEBUG | RTD: preco_ativo KLBN11=18.03 forçado com sucesso
src.infrastructure.providers.mercado_data_provider | DEBUG | RTD: Detalhes completos registrados para BBAS3|BBASW214 (Liquidez detectada)
src.infrastructure.providers.mercado_data_provider | DEBUG | RTD: preco_ativo BBAS3=20.82 forçado com sucesso
src.infrastructure.providers.mercado_data_provider | DEBUG | RTD: Detalhes completos registrados para PETR4|PETRV164 (Liquidez detectada)
src.infrastructure.providers.mercado_data_provider | DEBUG | RTD: preco_ativo PETR4=41.93 forçado com sucesso
src.infrastructure.providers.mercado_data_provider | DEBUG | RTD: Detalhes completos registrados para CMIN3|CMINU401 (Liquidez detectada)
src.infrastructure.providers.mercado_data_provider | DEBUG | RTD: preco_ativo CMIN3=5.91 forçado com sucesso
src.infrastructure.providers.mercado_data_provider | DEBUG | RTD: Detalhes completos registrados para BBAS3|BBASU913 (Liquidez detectada)
src.infrastructure.providers.mercado_data_provider | DEBUG | RTD: preco_ativo BBAS3=20.82 forçado com sucesso
src.infrastructure.providers.mercado_data_provider | DEBUG | RTD: Detalhes completos registrados para EQTL3|EQTLU399 (Liquidez detectada)
src.infrastructure.providers.mercado_data_provider | DEBUG | RTD: preco_ativo EQTL3=38.00 forçado com sucesso
src.infrastructure.providers.mercado_data_provider | DEBUG | RTD: Detalhes completos registrados para BPAC11|BPACT620 (Liquidez detectada)
src.infrastructure.providers.mercado_data_provider | DEBUG | RTD: preco_ativo BPAC11=55.03 forçado com sucesso
src.infrastructure.providers.mercado_data_provider | DEBUG | RTD: Detalhes completos registrados para ITUB4|ITUBT419W2 (Liquidez detectada)
src.infrastructure.providers.mercado_data_provider | DEBUG | RTD: preco_ativo ITUB4=42.01 forçado com sucesso
src.infrastructure.providers.mercado_data_provider | DEBUG | RTD: Detalhes completos registrados para PETR3|PETRT398 (Liquidez detectada)
src.infrastructure.providers.mercado_data_provider | DEBUG | RTD: preco_ativo PETR3=47.42 forçado com sucesso
src.infrastructure.providers.mercado_data_provider | DEBUG | RTD: Detalhes completos registrados para WEGE3|WEGET414W1 (Liquidez detectada)
src.infrastructure.providers.mercado_data_provider | DEBUG | RTD: preco_ativo WEGE3=45.77 forçado com sucesso
src.infrastructure.providers.mercado_data_provider | DEBUG | RTD: Detalhes completos registrados para CXSE3|CXSET23 (Liquidez detectada)
src.infrastructure.providers.mercado_data_provider | DEBUG | RTD: preco_ativo CXSE3=20.41 forçado com sucesso
src.infrastructure.providers.mercado_data_provider | DEBUG | RTD: Detalhes completos registrados para GOAU4|GOAUU937 (Liquidez detectada)
src.infrastructure.providers.mercado_data_provider | DEBUG | RTD: preco_ativo GOAU4=10.75 forçado com sucesso
src.infrastructure.providers.mercado_data_provider | DEBUG | RTD: Detalhes completos registrados para ITUB4|ITUBT399W2 (Liquidez detectada)
src.infrastructure.providers.mercado_data_provider | DEBUG | RTD: preco_ativo ITUB4=42.01 forçado com sucesso
src.infrastructure.providers.mercado_data_provider | DEBUG | RTD: Detalhes completos registrados para MRVE3|MRVEU475 (Liquidez detectada)
src.infrastructure.providers.mercado_data_provider | DEBUG | RTD: preco_ativo MRVE3=4.56 forçado com sucesso
src.infrastructure.providers.mercado_data_provider | DEBUG | RTD: Detalhes completos registrados para CXSE3|CXSET214 (Liquidez detectada)
src.infrastructure.providers.mercado_data_provider | DEBUG | RTD: preco_ativo CXSE3=20.41 forçado com sucesso
src.infrastructure.providers.mercado_data_provider | DEBUG | RTD: Detalhes completos registrados para PRIO3|PRIOT605 (Liquidez detectada)
src.infrastructure.providers.mercado_data_provider | DEBUG | RTD: preco_ativo PRIO3=58.28 forçado com sucesso
src.infrastructure.providers.mercado_data_provider | DEBUG | RTD: Detalhes completos registrados para BBAS3|BBAST136W1 (Liquidez detectada)
src.infrastructure.providers.mercado_data_provider | DEBUG | RTD: preco_ativo BBAS3=20.82 forçado com sucesso
src.infrastructure.providers.mercado_data_provider | DEBUG | RTD: Detalhes completos registrados para ALUP11|ALUPT319 (Liquidez detectada)
src.infrastructure.providers.mercado_data_provider | DEBUG | RTD: preco_ativo ALUP11=32.48 forçado com sucesso
src.infrastructure.providers.mercado_data_provider | DEBUG | RTD: Detalhes completos registrados para SAUD3|SAUDT125 (Liquidez detectada)
src.infrastructure.providers.mercado_data_provider | DEBUG | RTD: preco_ativo SAUD3=14.83 forçado com sucesso
src.infrastructure.providers.mercado_data_provider | DEBUG | RTD: Detalhes completos registrados para BBAS3|BBAST202W1 (Liquidez detectada)
src.infrastructure.providers.mercado_data_provider | DEBUG | RTD: preco_ativo BBAS3=20.82 forçado com sucesso
src.infrastructure.providers.mercado_data_provider | DEBUG | RTD: Detalhes completos registrados para LEVE3|LEVEU258 (Liquidez detectada)
src.infrastructure.providers.mercado_data_provider | DEBUG | RTD: preco_ativo LEVE3=31.27 forçado com sucesso
src.infrastructure.providers.mercado_data_provider | DEBUG | RTD: Detalhes completos registrados para MBRF3|MBRFW176 (Liquidez detectada)
src.infrastructure.providers.mercado_data_provider | DEBUG | RTD: preco_ativo MBRF3=16.61 forçado com sucesso
src.infrastructure.providers.mercado_data_provider | DEBUG | RTD: Detalhes completos registrados para PETR4|PETRU607 (Liquidez detectada)
src.infrastructure.providers.mercado_data_provider | DEBUG | RTD: preco_ativo PETR4=41.93 forçado com sucesso
src.infrastructure.providers.mercado_data_provider | DEBUG | RTD: Detalhes completos registrados para ENGI11|ENGIT408 (Liquidez detectada)
src.infrastructure.providers.mercado_data_provider | DEBUG | RTD: preco_ativo ENGI11=49.01 forçado com sucesso
src.infrastructure.providers.mercado_data_provider | DEBUG | RTD: Detalhes completos registrados para CXSE3|CXSEU23 (Liquidez detectada)
src.infrastructure.providers.mercado_data_provider | DEBUG | RTD: preco_ativo CXSE3=20.41 forçado com sucesso
src.infrastructure.providers.mercado_data_provider | DEBUG | RTD: Detalhes completos registrados para CURY3|CURYU277 (Liquidez detectada)
src.infrastructure.providers.mercado_data_provider | DEBUG | RTD: preco_ativo CURY3=28.80 forçado com sucesso
src.infrastructure.providers.mercado_data_provider | DEBUG | RTD: Detalhes completos registrados para POMO4|POMOU606 (Liquidez detectada)
src.infrastructure.providers.mercado_data_provider | DEBUG | RTD: preco_ativo POMO4=5.33 forçado com sucesso
src.infrastructure.providers.mercado_data_provider | DEBUG | RTD: Detalhes completos registrados para EGIE3|EGIEV287 (Liquidez detectada)
src.infrastructure.providers.mercado_data_provider | DEBUG | RTD: preco_ativo EGIE3=29.41 forçado com sucesso
src.infrastructure.providers.mercado_data_provider | DEBUG | RTD: Detalhes completos registrados para BBSE3|BBSEV371 (Liquidez detectada)
src.infrastructure.providers.mercado_data_provider | DEBUG | RTD: preco_ativo BBSE3=41.16 forçado com sucesso
src.infrastructure.providers.mercado_data_provider | DEBUG | RTD: Detalhes completos registrados para VALE3|VALEU506 (Liquidez detectada)
src.infrastructure.providers.mercado_data_provider | DEBUG | RTD: preco_ativo VALE3=75.11 forçado com sucesso
src.infrastructure.providers.mercado_data_provider | DEBUG | RTD: Detalhes completos registrados para BBAS3|BBASX160 (Liquidez detectada)
src.infrastructure.providers.mercado_data_provider | DEBUG | RTD: preco_ativo BBAS3=20.82 forçado com sucesso
src.infrastructure.providers.mercado_data_provider | DEBUG | RTD: Detalhes completos registrados para BBDC4|BBDCT196W1 (Liquidez detectada)
src.infrastructure.providers.mercado_data_provider | DEBUG | RTD: preco_ativo BBDC4=18.38 forçado com sucesso
src.infrastructure.providers.mercado_data_provider | DEBUG | RTD: Detalhes completos registrados para ITUB4|ITUBW441 (Liquidez detectada)
src.infrastructure.providers.mercado_data_provider | DEBUG | RTD: preco_ativo ITUB4=42.01 forçado com sucesso
src.infrastructure.providers.mercado_data_provider | DEBUG | RTD: Detalhes completos registrados para ANIM3|ANIMT227 (Liquidez detectada)
src.infrastructure.providers.mercado_data_provider | DEBUG | RTD: preco_ativo ANIM3=2.23 forçado com sucesso
src.infrastructure.providers.mercado_data_provider | DEBUG | RTD: Detalhes completos registrados para SANB11|SANBT220 (Liquidez detectada)
src.infrastructure.providers.mercado_data_provider | DEBUG | RTD: preco_ativo SANB11=25.81 forçado com sucesso
src.infrastructure.providers.mercado_data_provider | DEBUG | RTD: Detalhes completos registrados para LREN3|LRENT200 (Liquidez detectada)
src.infrastructure.providers.mercado_data_provider | DEBUG | RTD: preco_ativo LREN3=13.38 forçado com sucesso
src.infrastructure.providers.mercado_data_provider | DEBUG | RTD: Detalhes completos registrados para BPAC11|BPACU434 (Liquidez detectada)
src.infrastructure.providers.mercado_data_provider | DEBUG | RTD: preco_ativo BPAC11=55.03 forçado com sucesso
src.infrastructure.providers.mercado_data_provider | DEBUG | RTD: Detalhes completos registrados para PETR3|PETRT472 (Liquidez detectada)
src.infrastructure.providers.mercado_data_provider | DEBUG | RTD: preco_ativo PETR3=47.42 forçado com sucesso
src.infrastructure.providers.mercado_data_provider | DEBUG | RTD: Detalhes completos registrados para ITUB4|ITUBW15 (Liquidez detectada)
src.infrastructure.providers.mercado_data_provider | DEBUG | RTD: preco_ativo ITUB4=42.01 forçado com sucesso
src.infrastructure.providers.mercado_data_provider | DEBUG | RTD: Detalhes completos registrados para BBDC4|BBDCU216 (Liquidez detectada)
src.infrastructure.providers.mercado_data_provider | DEBUG | RTD: preco_ativo BBDC4=18.38 forçado com sucesso
src.infrastructure.providers.mercado_data_provider | DEBUG | RTD: Detalhes completos registrados para ISAE4|ISAEW237 (Liquidez detectada)
src.infrastructure.providers.mercado_data_provider | DEBUG | RTD: preco_ativo ISAE4=26.51 forçado com sucesso
src.infrastructure.providers.mercado_data_provider | DEBUG | RTD: Detalhes completos registrados para EQTL3|EQTLT384W2 (Liquidez detectada)
src.infrastructure.providers.mercado_data_provider | DEBUG | RTD: preco_ativo EQTL3=38.00 forçado com sucesso
src.infrastructure.providers.mercado_data_provider | DEBUG | RTD: Detalhes completos registrados para ABCB4|ABCBT235 (Liquidez detectada)
src.infrastructure.providers.mercado_data_provider | DEBUG | RTD: preco_ativo ABCB4=23.68 forçado com sucesso
src.infrastructure.providers.mercado_data_provider | DEBUG | RTD: Detalhes completos registrados para CSAN3|CSANT500 (Liquidez detectada)
src.infrastructure.providers.mercado_data_provider | DEBUG | RTD: preco_ativo CSAN3=3.92 forçado com sucesso
src.infrastructure.providers.mercado_data_provider | DEBUG | RTD: Detalhes completos registrados para PRIO3|PRIOU327 (Liquidez detectada)
src.infrastructure.providers.mercado_data_provider | DEBUG | RTD: preco_ativo PRIO3=58.28 forçado com sucesso
src.infrastructure.providers.mercado_data_provider | DEBUG | RTD: Detalhes completos registrados para LEVE3|LEVEU268 (Liquidez detectada)
src.infrastructure.providers.mercado_data_provider | DEBUG | RTD: preco_ativo LEVE3=31.27 forçado com sucesso
src.infrastructure.providers.mercado_data_provider | DEBUG | RTD: Detalhes completos registrados para PETR4|PETRU62 (Liquidez detectada)
src.infrastructure.providers.mercado_data_provider | DEBUG | RTD: preco_ativo PETR4=41.93 forçado com sucesso
src.infrastructure.providers.mercado_data_provider | DEBUG | RTD: Detalhes completos registrados para CSMG3|CSMGT567W2 (Liquidez detectada)
src.infrastructure.providers.mercado_data_provider | DEBUG | RTD: preco_ativo CSMG3=61.93 forçado com sucesso
src.infrastructure.providers.mercado_data_provider | DEBUG | RTD: Detalhes completos registrados para VIVT3|VIVTU323 (Liquidez detectada)
src.infrastructure.providers.mercado_data_provider | DEBUG | RTD: preco_ativo VIVT3=32.39 forçado com sucesso
src.infrastructure.providers.mercado_data_provider | DEBUG | RTD: Detalhes completos registrados para EQTL3|EQTLT392W2 (Liquidez detectada)
src.infrastructure.providers.mercado_data_provider | DEBUG | RTD: preco_ativo EQTL3=38.00 forçado com sucesso
src.infrastructure.providers.mercado_data_provider | DEBUG | RTD: Detalhes completos registrados para PETR4|PETRU39 (Liquidez detectada)
src.infrastructure.providers.mercado_data_provider | DEBUG | RTD: preco_ativo PETR4=41.93 forçado com sucesso
src.infrastructure.providers.mercado_data_provider | DEBUG | RTD: Detalhes completos registrados para ABEV3|ABEVU145 (Liquidez detectada)
src.infrastructure.providers.mercado_data_provider | DEBUG | RTD: preco_ativo ABEV3=16.03 forçado com sucesso
src.infrastructure.providers.mercado_data_provider | DEBUG | RTD: Detalhes completos registrados para PETR4|PETRW31 (Liquidez detectada)
src.infrastructure.providers.mercado_data_provider | DEBUG | RTD: preco_ativo PETR4=41.93 forçado com sucesso
src.infrastructure.providers.mercado_data_provider | DEBUG | RTD: Detalhes completos registrados para MBRF3|MBRFT203 (Liquidez detectada)
src.infrastructure.providers.mercado_data_provider | DEBUG | RTD: preco_ativo MBRF3=16.61 forçado com sucesso
src.infrastructure.providers.mercado_data_provider | DEBUG | RTD: Detalhes completos registrados para CPLE3|CPLEU115 (Liquidez detectada)
src.infrastructure.providers.mercado_data_provider | DEBUG | RTD: preco_ativo CPLE3=14.67 forçado com sucesso
src.infrastructure.providers.mercado_data_provider | DEBUG | RTD: Detalhes completos registrados para ALOS3|ALOSU302 (Liquidez detectada)
src.infrastructure.providers.mercado_data_provider | DEBUG | RTD: preco_ativo ALOS3=26.52 forçado com sucesso
src.infrastructure.providers.mercado_data_provider | DEBUG | RTD: Detalhes completos registrados para POSI3|POSIU410 (Liquidez detectada)
src.infrastructure.providers.mercado_data_provider | DEBUG | RTD: preco_ativo POSI3=3.56 forçado com sucesso
src.infrastructure.providers.mercado_data_provider | DEBUG | RTD: Detalhes completos registrados para ITUB4|ITUBV421 (Liquidez detectada)
src.infrastructure.providers.mercado_data_provider | DEBUG | RTD: preco_ativo ITUB4=42.01 forçado com sucesso
src.infrastructure.providers.mercado_data_provider | DEBUG | RTD: Detalhes completos registrados para LREN3|LRENT947 (Liquidez detectada)
src.infrastructure.providers.mercado_data_provider | DEBUG | RTD: preco_ativo LREN3=13.38 forçado com sucesso
src.infrastructure.providers.mercado_data_provider | DEBUG | RTD: Detalhes completos registrados para EQTL3|EQTLT344 (Liquidez detectada)
src.infrastructure.providers.mercado_data_provider | DEBUG | RTD: preco_ativo EQTL3=38.00 forçado com sucesso
src.infrastructure.providers.mercado_data_provider | DEBUG | RTD: Detalhes completos registrados para CPFE3|CPFEX392 (Liquidez detectada)
src.infrastructure.providers.mercado_data_provider | DEBUG | RTD: preco_ativo CPFE3=45.23 forçado com sucesso
src.infrastructure.providers.mercado_data_provider | DEBUG | RTD: Detalhes completos registrados para BBSE3|BBSEW260 (Liquidez detectada)
src.infrastructure.providers.mercado_data_provider | DEBUG | RTD: preco_ativo BBSE3=41.16 forçado com sucesso
src.infrastructure.providers.mercado_data_provider | DEBUG | RTD: Detalhes completos registrados para VALE3|VALET611W2 (Liquidez detectada)
src.infrastructure.providers.mercado_data_provider | DEBUG | RTD: preco_ativo VALE3=75.11 forçado com sucesso
src.infrastructure.providers.mercado_data_provider | DEBUG | RTD: Detalhes completos registrados para MRVE3|MRVET420W2 (Liquidez detectada)
src.infrastructure.providers.mercado_data_provider | DEBUG | RTD: preco_ativo MRVE3=4.56 forçado com sucesso
src.infrastructure.providers.mercado_data_provider | DEBUG | RTD: Detalhes completos registrados para ANIM3|ANIMU227 (Liquidez detectada)
src.infrastructure.providers.mercado_data_provider | DEBUG | RTD: preco_ativo ANIM3=2.23 forçado com sucesso
src.infrastructure.providers.mercado_data_provider | DEBUG | RTD: Detalhes completos registrados para ENEV3|ENEVT272 (Liquidez detectada)
src.infrastructure.providers.mercado_data_provider | DEBUG | RTD: preco_ativo ENEV3=25.93 forçado com sucesso
src.infrastructure.providers.mercado_data_provider | DEBUG | RTD: Detalhes completos registrados para RAPT4|RAPTT385 (Liquidez detectada)
src.infrastructure.providers.mercado_data_provider | DEBUG | RTD: preco_ativo RAPT4=4.85 forçado com sucesso
src.infrastructure.providers.mercado_data_provider | DEBUG | RTD: Detalhes completos registrados para HYPE3|HYPEU243 (Liquidez detectada)
src.infrastructure.providers.mercado_data_provider | DEBUG | RTD: preco_ativo HYPE3=21.05 forçado com sucesso
src.infrastructure.providers.mercado_data_provider | DEBUG | RTD: Detalhes completos registrados para BRKM5|BRKMM780 (Liquidez detectada)
src.infrastructure.providers.mercado_data_provider | DEBUG | RTD: preco_ativo BRKM5=6.12 forçado com sucesso
src.infrastructure.providers.mercado_data_provider | DEBUG | RTD: Detalhes completos registrados para PETR4|PETRV375 (Liquidez detectada)
src.infrastructure.providers.mercado_data_provider | DEBUG | RTD: preco_ativo PETR4=41.93 forçado com sucesso
src.infrastructure.providers.mercado_data_provider | DEBUG | RTD: Detalhes completos registrados para HAPV3|HAPVU550 (Liquidez detectada)
src.infrastructure.providers.mercado_data_provider | DEBUG | RTD: preco_ativo HAPV3=10.51 forçado com sucesso
src.infrastructure.providers.mercado_data_provider | DEBUG | RTD: Detalhes completos registrados para BBDC3|BBDCT14 (Liquidez detectada)
src.infrastructure.providers.mercado_data_provider | DEBUG | RTD: preco_ativo BBDC3=16.03 forçado com sucesso
src.infrastructure.providers.mercado_data_provider | DEBUG | RTD: Detalhes completos registrados para EMBJ3|EMBJW899 (Liquidez detectada)
src.infrastructure.providers.mercado_data_provider | DEBUG | RTD: preco_ativo EMBJ3=86.64 forçado com sucesso
src.infrastructure.providers.mercado_data_provider | DEBUG | RTD: Detalhes completos registrados para WEGE3|WEGET495 (Liquidez detectada)
src.infrastructure.providers.mercado_data_provider | DEBUG | RTD: preco_ativo WEGE3=45.77 forçado com sucesso
src.infrastructure.providers.mercado_data_provider | DEBUG | RTD: Detalhes completos registrados para ITUB4|ITUBX383 (Liquidez detectada)
src.infrastructure.providers.mercado_data_provider | DEBUG | RTD: preco_ativo ITUB4=42.01 forçado com sucesso
src.infrastructure.providers.mercado_data_provider | DEBUG | RTD: Detalhes completos registrados para MDIA3|MDIAU150 (Liquidez detectada)
src.infrastructure.providers.mercado_data_provider | DEBUG | RTD: preco_ativo MDIA3=17.04 forçado com sucesso
src.infrastructure.providers.mercado_data_provider | DEBUG | RTD: Detalhes completos registrados para CYRE3|CYREV190 (Liquidez detectada)
src.infrastructure.providers.mercado_data_provider | DEBUG | RTD: preco_ativo CYRE3=20.67 forçado com sucesso
src.infrastructure.providers.mercado_data_provider | DEBUG | RTD: Detalhes completos registrados para MRVE3|MRVET440W1 (Liquidez detectada)
src.infrastructure.providers.mercado_data_provider | DEBUG | RTD: preco_ativo MRVE3=4.56 forçado com sucesso
src.infrastructure.providers.mercado_data_provider | DEBUG | RTD: Detalhes completos registrados para GOAU4|GOAUT967 (Liquidez detectada)
src.infrastructure.providers.mercado_data_provider | DEBUG | RTD: preco_ativo GOAU4=10.75 forçado com sucesso
src.infrastructure.providers.mercado_data_provider | DEBUG | RTD: Detalhes completos registrados para DIRR3|DIRRU134 (Liquidez detectada)
src.infrastructure.providers.mercado_data_provider | DEBUG | RTD: preco_ativo DIRR3=11.10 forçado com sucesso
src.infrastructure.providers.mercado_data_provider | DEBUG | RTD: Detalhes completos registrados para BEEF3|BEEFT326W2 (Liquidez detectada)
src.infrastructure.providers.mercado_data_provider | DEBUG | RTD: preco_ativo BEEF3=3.47 forçado com sucesso
src.infrastructure.providers.mercado_data_provider | DEBUG | RTD: Detalhes completos registrados para EMBJ3|EMBJT330 (Liquidez detectada)
src.infrastructure.providers.mercado_data_provider | DEBUG | RTD: preco_ativo EMBJ3=86.64 forçado com sucesso
src.infrastructure.providers.mercado_data_provider | DEBUG | RTD: Detalhes completos registrados para PETR4|PETRT464 (Liquidez detectada)
src.infrastructure.providers.mercado_data_provider | DEBUG | RTD: preco_ativo PETR4=41.93 forçado com sucesso
src.infrastructure.providers.mercado_data_provider | DEBUG | RTD: Detalhes completos registrados para MRVE3|MRVET430W2 (Liquidez detectada)
src.infrastructure.providers.mercado_data_provider | DEBUG | RTD: preco_ativo MRVE3=4.56 forçado com sucesso
src.infrastructure.providers.mercado_data_provider | DEBUG | RTD: Detalhes completos registrados para KLBN11|KLBNT174 (Liquidez detectada)
src.infrastructure.providers.mercado_data_provider | DEBUG | RTD: preco_ativo KLBN11=18.03 forçado com sucesso
src.infrastructure.providers.mercado_data_provider | DEBUG | RTD: Detalhes completos registrados para GGBR4|GGBRU14 (Liquidez detectada)
src.infrastructure.providers.mercado_data_provider | DEBUG | RTD: preco_ativo GGBR4=24.82 forçado com sucesso
src.infrastructure.providers.mercado_data_provider | DEBUG | RTD: Detalhes completos registrados para WEGE3|WEGEU401 (Liquidez detectada)
src.infrastructure.providers.mercado_data_provider | DEBUG | RTD: preco_ativo WEGE3=45.77 forçado com sucesso
src.infrastructure.providers.mercado_data_provider | DEBUG | RTD: Detalhes completos registrados para BBAS3|BBASW260 (Liquidez detectada)
src.infrastructure.providers.mercado_data_provider | DEBUG | RTD: preco_ativo BBAS3=20.82 forçado com sucesso
src.infrastructure.providers.mercado_data_provider | DEBUG | RTD: Detalhes completos registrados para BRKM5|BRKMU580 (Liquidez detectada)
src.infrastructure.providers.mercado_data_provider | DEBUG | RTD: preco_ativo BRKM5=6.12 forçado com sucesso
src.infrastructure.providers.mercado_data_provider | DEBUG | RTD: Detalhes completos registrados para VALE3|VALEU336 (Liquidez detectada)
src.infrastructure.providers.mercado_data_provider | DEBUG | RTD: preco_ativo VALE3=75.11 forçado com sucesso
src.infrastructure.providers.mercado_data_provider | DEBUG | RTD: Detalhes completos registrados para PNVL3|PNVLT113 (Liquidez detectada)
src.infrastructure.providers.mercado_data_provider | DEBUG | RTD: preco_ativo PNVL3=11.46 forçado com sucesso
src.infrastructure.providers.mercado_data_provider | DEBUG | RTD: Detalhes completos registrados para SANB11|SANBU280 (Liquidez detectada)
src.infrastructure.providers.mercado_data_provider | DEBUG | RTD: preco_ativo SANB11=25.81 forçado com sucesso
src.infrastructure.providers.mercado_data_provider | DEBUG | RTD: Detalhes completos registrados para CPLE3|CPLET155 (Liquidez detectada)
src.infrastructure.providers.mercado_data_provider | DEBUG | RTD: preco_ativo CPLE3=14.67 forçado com sucesso
src.infrastructure.providers.mercado_data_provider | DEBUG | RTD: Detalhes completos registrados para BBAS3|BBASU261 (Liquidez detectada)
src.infrastructure.providers.mercado_data_provider | DEBUG | RTD: preco_ativo BBAS3=20.82 forçado com sucesso
src.infrastructure.providers.mercado_data_provider | DEBUG | RTD: Detalhes completos registrados para GMAT3|GMATU399 (Liquidez detectada)
src.infrastructure.providers.mercado_data_provider | DEBUG | RTD: preco_ativo GMAT3=3.88 forçado com sucesso
src.infrastructure.providers.mercado_data_provider | DEBUG | RTD: Detalhes completos registrados para ENGI11|ENGIU428 (Liquidez detectada)
src.infrastructure.providers.mercado_data_provider | DEBUG | RTD: preco_ativo ENGI11=49.01 forçado com sucesso
src.infrastructure.providers.mercado_data_provider | DEBUG | RTD: Detalhes completos registrados para CSNA3|CSNAT540W2 (Liquidez detectada)
src.infrastructure.providers.mercado_data_provider | DEBUG | RTD: preco_ativo CSNA3=5.28 forçado com sucesso
src.infrastructure.providers.mercado_data_provider | DEBUG | RTD: Detalhes completos registrados para ALOS3|ALOSU307 (Liquidez detectada)
src.infrastructure.providers.mercado_data_provider | DEBUG | RTD: preco_ativo ALOS3=26.52 forçado com sucesso
src.infrastructure.providers.mercado_data_provider | DEBUG | RTD: Detalhes completos registrados para BBAS3|BBASU191W1 (Liquidez detectada)
src.infrastructure.providers.mercado_data_provider | DEBUG | RTD: preco_ativo BBAS3=20.82 forçado com sucesso
src.infrastructure.providers.mercado_data_provider | DEBUG | RTD: Detalhes completos registrados para EMBJ3|EMBJT435 (Liquidez detectada)
src.infrastructure.providers.mercado_data_provider | DEBUG | RTD: preco_ativo EMBJ3=86.64 forçado com sucesso
src.infrastructure.providers.mercado_data_provider | DEBUG | RTD: Detalhes completos registrados para CVCB3|CVCBU160 (Liquidez detectada)
src.infrastructure.providers.mercado_data_provider | DEBUG | RTD: preco_ativo CVCB3=1.28 forçado com sucesso
src.infrastructure.providers.mercado_data_provider | DEBUG | RTD: Detalhes completos registrados para BBDC4|BBDCU170 (Liquidez detectada)
src.infrastructure.providers.mercado_data_provider | DEBUG | RTD: preco_ativo BBDC4=18.38 forçado com sucesso
src.infrastructure.providers.mercado_data_provider | DEBUG | RTD: Detalhes completos registrados para EMBJ3|EMBJT333 (Liquidez detectada)
src.infrastructure.providers.mercado_data_provider | DEBUG | RTD: preco_ativo EMBJ3=86.64 forçado com sucesso
src.infrastructure.providers.mercado_data_provider | DEBUG | RTD: Detalhes completos registrados para ALUP11|ALUPU293 (Liquidez detectada)
src.infrastructure.providers.mercado_data_provider | DEBUG | RTD: preco_ativo ALUP11=32.48 forçado com sucesso
src.infrastructure.providers.mercado_data_provider | DEBUG | RTD: Detalhes completos registrados para BBDC3|BBDCT177 (Liquidez detectada)
src.infrastructure.providers.mercado_data_provider | DEBUG | RTD: preco_ativo BBDC3=16.03 forçado com sucesso
src.infrastructure.providers.mercado_data_provider | DEBUG | RTD: Detalhes completos registrados para PETR4|PETRX429 (Liquidez detectada)
src.infrastructure.providers.mercado_data_provider | DEBUG | RTD: preco_ativo PETR4=41.93 forçado com sucesso
src.infrastructure.providers.mercado_data_provider | DEBUG | RTD: Detalhes completos registrados para LEVE3|LEVEU306 (Liquidez detectada)
src.infrastructure.providers.mercado_data_provider | DEBUG | RTD: preco_ativo LEVE3=31.27 forçado com sucesso
src.infrastructure.providers.mercado_data_provider | DEBUG | RTD: Detalhes completos registrados para CURY3|CURYT31 (Liquidez detectada)
src.infrastructure.providers.mercado_data_provider | DEBUG | RTD: preco_ativo CURY3=28.80 forçado com sucesso
src.infrastructure.providers.mercado_data_provider | DEBUG | RTD: Detalhes completos registrados para BBDC4|BBDCT110W2 (Liquidez detectada)
src.infrastructure.providers.mercado_data_provider | DEBUG | RTD: preco_ativo BBDC4=18.38 forçado com sucesso
src.infrastructure.providers.mercado_data_provider | DEBUG | RTD: Detalhes completos registrados para BBAS3|BBASV270 (Liquidez detectada)
src.infrastructure.providers.mercado_data_provider | DEBUG | RTD: preco_ativo BBAS3=20.82 forçado com sucesso
src.infrastructure.providers.mercado_data_provider | DEBUG | RTD: Detalhes completos registrados para GGBR4|GGBRT211W1 (Liquidez detectada)
src.infrastructure.providers.mercado_data_provider | DEBUG | RTD: preco_ativo GGBR4=24.82 forçado com sucesso
src.infrastructure.providers.mercado_data_provider | DEBUG | RTD: Detalhes completos registrados para ITUB4|ITUBV403W2 (Liquidez detectada)
src.infrastructure.providers.mercado_data_provider | DEBUG | RTD: preco_ativo ITUB4=42.01 forçado com sucesso
src.infrastructure.providers.mercado_data_provider | DEBUG | RTD: Detalhes completos registrados para TEND3|TENDT272 (Liquidez detectada)
src.infrastructure.providers.mercado_data_provider | DEBUG | RTD: preco_ativo TEND3=29.13 forçado com sucesso
src.infrastructure.providers.mercado_data_provider | DEBUG | RTD: Detalhes completos registrados para BPAC11|BPACT111 (Liquidez detectada)
src.infrastructure.providers.mercado_data_provider | DEBUG | RTD: preco_ativo BPAC11=55.03 forçado com sucesso
src.infrastructure.providers.mercado_data_provider | DEBUG | RTD: Detalhes completos registrados para HASH11|HASHT480 (Liquidez detectada)
src.infrastructure.providers.mercado_data_provider | DEBUG | RTD: preco_ativo HASH11=42.65 forçado com sucesso
src.infrastructure.providers.mercado_data_provider | DEBUG | RTD: Detalhes completos registrados para COGN3|COGNU174 (Liquidez detectada)
src.infrastructure.providers.mercado_data_provider | DEBUG | RTD: preco_ativo COGN3=2.19 forçado com sucesso
src.infrastructure.providers.mercado_data_provider | DEBUG | RTD: Detalhes completos registrados para BBAS3|BBASV300 (Liquidez detectada)
src.infrastructure.providers.mercado_data_provider | DEBUG | RTD: preco_ativo BBAS3=20.82 forçado com sucesso
src.infrastructure.providers.mercado_data_provider | DEBUG | RTD: Detalhes completos registrados para VALE3|VALET726W1 (Liquidez detectada)
src.infrastructure.providers.mercado_data_provider | DEBUG | RTD: preco_ativo VALE3=75.11 forçado com sucesso
src.infrastructure.providers.mercado_data_provider | INFO | Background scan: 1642 novos instrumentos registrados
src.infrastructure.providers.mercado_data_provider | DEBUG | Varredura: _chaves_com_book=1928 _chaves_detalhes=1928
src.infrastructure.providers.mercado_data_provider | INFO | Varredura(F): monitor=27458 book=1928 | reg=0.000 ref=0.005 var=0.058 total=0.063 | inst_map=0.000 | onda2=662(0.021) onda1=0(0.000) cab_skip=1266 status=0.027
src.infrastructure.providers.mercado_data_provider | DEBUG | Varredura: _chaves_com_book=1928 _chaves_detalhes=1928
src.infrastructure.providers.mercado_data_provider | INFO | Varredura(F): monitor=27458 book=1928 | reg=0.000 ref=0.002 var=0.177 total=0.180 | inst_map=0.007 | onda2=0(0.000) onda1=0(0.000) cab_skip=1928 status=0.100
src.infrastructure.providers.mercado_data_provider | DEBUG | RTD: Detalhes completos registrados para BBDC4|BBDCT151 (Liquidez detectada)
src.infrastructure.providers.mercado_data_provider | DEBUG | RTD: preco_ativo BBDC4=18.38 forçado com sucesso
src.infrastructure.providers.mercado_data_provider | DEBUG | RTD: Detalhes completos registrados para PRIO3|PRIOV40 (Liquidez detectada)
src.infrastructure.providers.mercado_data_provider | DEBUG | RTD: preco_ativo PRIO3=58.28 forçado com sucesso
src.infrastructure.providers.mercado_data_provider | DEBUG | RTD: Detalhes completos registrados para BEEF3|BEEFT297 (Liquidez detectada)
src.infrastructure.providers.mercado_data_provider | DEBUG | RTD: preco_ativo BEEF3=3.47 forçado com sucesso
src.infrastructure.providers.mercado_data_provider | DEBUG | RTD: Detalhes completos registrados para BBSE3|BBSET304 (Liquidez detectada)
src.infrastructure.providers.mercado_data_provider | DEBUG | RTD: preco_ativo BBSE3=41.16 forçado com sucesso
src.infrastructure.providers.mercado_data_provider | DEBUG | RTD: Detalhes completos registrados para BBSE3|BBSEV346 (Liquidez detectada)
src.infrastructure.providers.mercado_data_provider | DEBUG | RTD: preco_ativo BBSE3=41.16 forçado com sucesso
src.infrastructure.providers.mercado_data_provider | DEBUG | RTD: Detalhes completos registrados para BBDC4|BBDCT18 (Liquidez detectada)
src.infrastructure.providers.mercado_data_provider | DEBUG | RTD: preco_ativo BBDC4=18.38 forçado com sucesso
src.infrastructure.providers.mercado_data_provider | DEBUG | RTD: Detalhes completos registrados para BBSE3|BBSEW426 (Liquidez detectada)
src.infrastructure.providers.mercado_data_provider | DEBUG | RTD: preco_ativo BBSE3=41.16 forçado com sucesso
src.infrastructure.providers.mercado_data_provider | DEBUG | RTD: Detalhes completos registrados para BBDC4|BBDCX19 (Liquidez detectada)
src.infrastructure.providers.mercado_data_provider | DEBUG | RTD: preco_ativo BBDC4=18.38 forçado com sucesso
src.infrastructure.providers.mercado_data_provider | DEBUG | RTD: Detalhes completos registrados para BBSE3|BBSEV406 (Liquidez detectada)
src.infrastructure.providers.mercado_data_provider | DEBUG | RTD: preco_ativo BBSE3=41.16 forçado com sucesso
src.infrastructure.providers.mercado_data_provider | DEBUG | RTD: Detalhes completos registrados para BBDC4|BBDCT214 (Liquidez detectada)
src.infrastructure.providers.mercado_data_provider | DEBUG | RTD: preco_ativo BBDC4=18.38 forçado com sucesso
src.infrastructure.providers.mercado_data_provider | DEBUG | RTD: Detalhes completos registrados para BBDC4|BBDCT226 (Liquidez detectada)
src.infrastructure.providers.mercado_data_provider | DEBUG | RTD: preco_ativo BBDC4=18.38 forçado com sucesso
src.infrastructure.providers.mercado_data_provider | DEBUG | RTD: Detalhes completos registrados para BBSE3|BBSEV336 (Liquidez detectada)
src.infrastructure.providers.mercado_data_provider | DEBUG | RTD: preco_ativo BBSE3=41.16 forçado com sucesso
src.infrastructure.providers.mercado_data_provider | DEBUG | RTD: Detalhes completos registrados para BBSE3|BBSEU471 (Liquidez detectada)
src.infrastructure.providers.mercado_data_provider | DEBUG | RTD: preco_ativo BBSE3=41.16 forçado com sucesso
src.infrastructure.providers.mercado_data_provider | DEBUG | RTD: Detalhes completos registrados para BBDC4|BBDCW159 (Liquidez detectada)
src.infrastructure.providers.mercado_data_provider | DEBUG | RTD: preco_ativo BBDC4=18.38 forçado com sucesso
src.infrastructure.providers.mercado_data_provider | DEBUG | RTD: Detalhes completos registrados para BEEF3|BEEFU552 (Liquidez detectada)
src.infrastructure.providers.mercado_data_provider | DEBUG | RTD: preco_ativo BEEF3=3.47 forçado com sucesso
src.infrastructure.providers.mercado_data_provider | DEBUG | RTD: Detalhes completos registrados para BBDC4|BBDCT145 (Liquidez detectada)
src.infrastructure.providers.mercado_data_provider | DEBUG | RTD: preco_ativo BBDC4=18.38 forçado com sucesso
src.infrastructure.providers.mercado_data_provider | DEBUG | RTD: Detalhes completos registrados para BBSE3|BBSET339 (Liquidez detectada)
src.infrastructure.providers.mercado_data_provider | DEBUG | RTD: preco_ativo BBSE3=41.16 forçado com sucesso
src.infrastructure.providers.mercado_data_provider | DEBUG | RTD: Detalhes completos registrados para BBSE3|BBSEV391 (Liquidez detectada)
src.infrastructure.providers.mercado_data_provider | DEBUG | RTD: preco_ativo BBSE3=41.16 forçado com sucesso
src.infrastructure.providers.mercado_data_provider | DEBUG | RTD: Detalhes completos registrados para BBDC4|BBDCU226 (Liquidez detectada)
src.infrastructure.providers.mercado_data_provider | DEBUG | RTD: preco_ativo BBDC4=18.38 forçado com sucesso
src.infrastructure.providers.mercado_data_provider | DEBUG | RTD: Detalhes completos registrados para BEEF3|BEEFT257 (Liquidez detectada)
src.infrastructure.providers.mercado_data_provider | DEBUG | RTD: preco_ativo BEEF3=3.47 forçado com sucesso
src.infrastructure.providers.mercado_data_provider | DEBUG | RTD: Detalhes completos registrados para BBSE3|BBSEM359 (Liquidez detectada)
src.infrastructure.providers.mercado_data_provider | DEBUG | RTD: preco_ativo BBSE3=41.16 forçado com sucesso
src.infrastructure.providers.mercado_data_provider | DEBUG | RTD: Detalhes completos registrados para BBSE3|BBSET366W2 (Liquidez detectada)
src.infrastructure.providers.mercado_data_provider | DEBUG | RTD: preco_ativo BBSE3=41.16 forçado com sucesso
src.infrastructure.providers.mercado_data_provider | DEBUG | RTD: Detalhes completos registrados para BBSE3|BBSET356W2 (Liquidez detectada)
src.infrastructure.providers.mercado_data_provider | DEBUG | RTD: preco_ativo BBSE3=41.16 forçado com sucesso
src.infrastructure.providers.mercado_data_provider | DEBUG | RTD: Detalhes completos registrados para BBSE3|BBSET406W1 (Liquidez detectada)
src.infrastructure.providers.mercado_data_provider | DEBUG | RTD: preco_ativo BBSE3=41.16 forçado com sucesso
src.infrastructure.providers.mercado_data_provider | DEBUG | RTD: Detalhes completos registrados para BBSE3|BBSEW324 (Liquidez detectada)
src.infrastructure.providers.mercado_data_provider | DEBUG | RTD: preco_ativo BBSE3=41.16 forçado com sucesso
src.infrastructure.providers.mercado_data_provider | DEBUG | RTD: Detalhes completos registrados para BBSE3|BBSET396W1 (Liquidez detectada)
src.infrastructure.providers.mercado_data_provider | DEBUG | RTD: preco_ativo BBSE3=41.16 forçado com sucesso
src.infrastructure.providers.mercado_data_provider | DEBUG | RTD: Detalhes completos registrados para BBDC4|BBDCX166 (Liquidez detectada)
src.infrastructure.providers.mercado_data_provider | DEBUG | RTD: preco_ativo BBDC4=18.38 forçado com sucesso
src.infrastructure.providers.mercado_data_provider | DEBUG | RTD: Detalhes completos registrados para BBSE3|BBSET384W2 (Liquidez detectada)
src.infrastructure.providers.mercado_data_provider | DEBUG | RTD: preco_ativo BBSE3=41.16 forçado com sucesso
src.infrastructure.providers.mercado_data_provider | DEBUG | RTD: Detalhes completos registrados para BBSE3|BBSEU456 (Liquidez detectada)
src.infrastructure.providers.mercado_data_provider | DEBUG | RTD: preco_ativo BBSE3=41.16 forçado com sucesso
src.infrastructure.providers.mercado_data_provider | DEBUG | RTD: Detalhes completos registrados para BBSE3|BBSEX394 (Liquidez detectada)
src.infrastructure.providers.mercado_data_provider | DEBUG | RTD: preco_ativo BBSE3=41.16 forçado com sucesso
src.infrastructure.providers.mercado_data_provider | DEBUG | RTD: Detalhes completos registrados para BBSE3|BBSET364W1 (Liquidez detectada)
src.infrastructure.providers.mercado_data_provider | DEBUG | RTD: preco_ativo BBSE3=41.16 forçado com sucesso
src.infrastructure.providers.mercado_data_provider | DEBUG | RTD: Detalhes completos registrados para BBSE3|BBSEU369 (Liquidez detectada)
src.infrastructure.providers.mercado_data_provider | DEBUG | RTD: preco_ativo BBSE3=41.16 forçado com sucesso
src.infrastructure.providers.mercado_data_provider | DEBUG | RTD: Detalhes completos registrados para BBSE3|BBSEU276 (Liquidez detectada)
src.infrastructure.providers.mercado_data_provider | DEBUG | RTD: preco_ativo BBSE3=41.16 forçado com sucesso
src.infrastructure.providers.mercado_data_provider | DEBUG | RTD: Detalhes completos registrados para BEEF3|BEEFT327 (Liquidez detectada)
src.infrastructure.providers.mercado_data_provider | DEBUG | RTD: preco_ativo BEEF3=3.47 forçado com sucesso
src.infrastructure.providers.mercado_data_provider | DEBUG | RTD: Detalhes completos registrados para BBSE3|BBSEU394 (Liquidez detectada)
src.infrastructure.providers.mercado_data_provider | DEBUG | RTD: preco_ativo BBSE3=41.16 forçado com sucesso
src.infrastructure.providers.mercado_data_provider | DEBUG | RTD: Detalhes completos registrados para BBDC4|BBDCV183 (Liquidez detectada)
src.infrastructure.providers.mercado_data_provider | DEBUG | RTD: preco_ativo BBDC4=18.38 forçado com sucesso
src.infrastructure.providers.mercado_data_provider | DEBUG | RTD: Detalhes completos registrados para BBSE3|BBSET381W1 (Liquidez detectada)
src.infrastructure.providers.mercado_data_provider | DEBUG | RTD: preco_ativo BBSE3=41.16 forçado com sucesso
src.infrastructure.providers.mercado_data_provider | DEBUG | RTD: Detalhes completos registrados para BEEF3|BEEFU387 (Liquidez detectada)
src.infrastructure.providers.mercado_data_provider | DEBUG | RTD: preco_ativo BEEF3=3.47 forçado com sucesso
src.infrastructure.providers.mercado_data_provider | DEBUG | RTD: Detalhes completos registrados para BBSE3|BBSET399 (Liquidez detectada)
src.infrastructure.providers.mercado_data_provider | DEBUG | RTD: preco_ativo BBSE3=41.16 forçado com sucesso
src.infrastructure.providers.mercado_data_provider | DEBUG | RTD: Detalhes completos registrados para BBSE3|BBSET356 (Liquidez detectada)
src.infrastructure.providers.mercado_data_provider | DEBUG | RTD: preco_ativo BBSE3=41.16 forçado com sucesso
src.infrastructure.providers.mercado_data_provider | DEBUG | RTD: Detalhes completos registrados para BBSE3|BBSET359W2 (Liquidez detectada)
src.infrastructure.providers.mercado_data_provider | DEBUG | RTD: preco_ativo BBSE3=41.16 forçado com sucesso
src.infrastructure.providers.mercado_data_provider | DEBUG | RTD: Detalhes completos registrados para BEEF3|BEEFU512 (Liquidez detectada)
src.infrastructure.providers.mercado_data_provider | DEBUG | RTD: preco_ativo BEEF3=3.47 forçado com sucesso
src.infrastructure.providers.mercado_data_provider | DEBUG | RTD: Detalhes completos registrados para BEEF3|BEEFT286W2 (Liquidez detectada)
src.infrastructure.providers.mercado_data_provider | DEBUG | RTD: preco_ativo BEEF3=3.47 forçado com sucesso
src.infrastructure.providers.mercado_data_provider | DEBUG | RTD: Detalhes completos registrados para BEEF3|BEEFT336W2 (Liquidez detectada)
src.infrastructure.providers.mercado_data_provider | DEBUG | RTD: preco_ativo BEEF3=3.47 forçado com sucesso
src.infrastructure.providers.mercado_data_provider | DEBUG | RTD: Detalhes completos registrados para BBDC4|BBDCW213 (Liquidez detectada)
src.infrastructure.providers.mercado_data_provider | DEBUG | RTD: preco_ativo BBDC4=18.38 forçado com sucesso
src.infrastructure.providers.mercado_data_provider | DEBUG | RTD: Detalhes completos registrados para BBSE3|BBSEU444 (Liquidez detectada)
src.infrastructure.providers.mercado_data_provider | DEBUG | RTD: preco_ativo BBSE3=41.16 forçado com sucesso
src.infrastructure.providers.mercado_data_provider | DEBUG | RTD: Detalhes completos registrados para BBSE3|BBSET439 (Liquidez detectada)
src.infrastructure.providers.mercado_data_provider | DEBUG | RTD: preco_ativo BBSE3=41.16 forçado com sucesso
src.infrastructure.providers.mercado_data_provider | DEBUG | RTD: Detalhes completos registrados para BBSE3|BBSEX379 (Liquidez detectada)
src.infrastructure.providers.mercado_data_provider | DEBUG | RTD: preco_ativo BBSE3=41.16 forçado com sucesso
src.infrastructure.providers.mercado_data_provider | DEBUG | RTD: Detalhes completos registrados para BBSE3|BBSEV306 (Liquidez detectada)
src.infrastructure.providers.mercado_data_provider | DEBUG | RTD: preco_ativo BBSE3=41.16 forçado com sucesso
src.infrastructure.providers.mercado_data_provider | DEBUG | RTD: Detalhes completos registrados para BBDC4|BBDCT219 (Liquidez detectada)
src.infrastructure.providers.mercado_data_provider | DEBUG | RTD: preco_ativo BBDC4=18.38 forçado com sucesso
src.infrastructure.providers.mercado_data_provider | DEBUG | RTD: Detalhes completos registrados para BBSE3|BBSET349 (Liquidez detectada)
src.infrastructure.providers.mercado_data_provider | DEBUG | RTD: preco_ativo BBSE3=41.16 forçado com sucesso
src.infrastructure.providers.mercado_data_provider | DEBUG | RTD: Detalhes completos registrados para BEEF3|BEEFT277 (Liquidez detectada)
src.infrastructure.providers.mercado_data_provider | DEBUG | RTD: preco_ativo BEEF3=3.47 forçado com sucesso
src.infrastructure.providers.mercado_data_provider | DEBUG | RTD: Detalhes completos registrados para BBSE3|BBSET411W1 (Liquidez detectada)
src.infrastructure.providers.mercado_data_provider | DEBUG | RTD: preco_ativo BBSE3=41.16 forçado com sucesso
src.infrastructure.providers.mercado_data_provider | DEBUG | RTD: Detalhes completos registrados para BBSE3|BBSEU396 (Liquidez detectada)
src.infrastructure.providers.mercado_data_provider | DEBUG | RTD: preco_ativo BBSE3=41.16 forçado com sucesso
src.infrastructure.providers.mercado_data_provider | DEBUG | RTD: Detalhes completos registrados para BBDC4|BBDCT204 (Liquidez detectada)
src.infrastructure.providers.mercado_data_provider | DEBUG | RTD: preco_ativo BBDC4=18.38 forçado com sucesso
src.infrastructure.providers.mercado_data_provider | DEBUG | RTD: Detalhes completos registrados para BBDC4|BBDCV176 (Liquidez detectada)
src.infrastructure.providers.mercado_data_provider | DEBUG | RTD: preco_ativo BBDC4=18.38 forçado com sucesso
src.infrastructure.providers.mercado_data_provider | DEBUG | RTD: Detalhes completos registrados para BBDC4|BBDCX128 (Liquidez detectada)
src.infrastructure.providers.mercado_data_provider | DEBUG | RTD: preco_ativo BBDC4=18.38 forçado com sucesso
src.infrastructure.providers.mercado_data_provider | DEBUG | RTD: Detalhes completos registrados para BBSE3|BBSEU336 (Liquidez detectada)
src.infrastructure.providers.mercado_data_provider | DEBUG | RTD: preco_ativo BBSE3=41.16 forçado com sucesso
src.infrastructure.providers.mercado_data_provider | DEBUG | RTD: Detalhes completos registrados para BBSE3|BBSEU344 (Liquidez detectada)
src.infrastructure.providers.mercado_data_provider | DEBUG | RTD: preco_ativo BBSE3=41.16 forçado com sucesso
src.infrastructure.providers.mercado_data_provider | DEBUG | RTD: Detalhes completos registrados para BEEF3|BEEFT307 (Liquidez detectada)
src.infrastructure.providers.mercado_data_provider | DEBUG | RTD: preco_ativo BEEF3=3.47 forçado com sucesso
src.infrastructure.providers.mercado_data_provider | DEBUG | RTD: Detalhes completos registrados para BBDC4|BBDCU152 (Liquidez detectada)
src.infrastructure.providers.mercado_data_provider | DEBUG | RTD: preco_ativo BBDC4=18.38 forçado com sucesso
src.infrastructure.providers.mercado_data_provider | DEBUG | RTD: Detalhes completos registrados para BBSE3|BBSET414 (Liquidez detectada)
src.infrastructure.providers.mercado_data_provider | DEBUG | RTD: preco_ativo BBSE3=41.16 forçado com sucesso
src.infrastructure.providers.mercado_data_provider | DEBUG | RTD: Detalhes completos registrados para BBSE3|BBSET369 (Liquidez detectada)
src.infrastructure.providers.mercado_data_provider | DEBUG | RTD: preco_ativo BBSE3=41.16 forçado com sucesso
src.infrastructure.providers.mercado_data_provider | DEBUG | RTD: Detalhes completos registrados para BBSE3|BBSEV384 (Liquidez detectada)
src.infrastructure.providers.mercado_data_provider | DEBUG | RTD: preco_ativo BBSE3=41.16 forçado com sucesso
src.infrastructure.providers.mercado_data_provider | DEBUG | RTD: Detalhes completos registrados para BBDC4|BBDCU221 (Liquidez detectada)
src.infrastructure.providers.mercado_data_provider | DEBUG | RTD: preco_ativo BBDC4=18.38 forçado com sucesso
src.infrastructure.providers.mercado_data_provider | DEBUG | RTD: Detalhes completos registrados para BEEF3|BEEFT367 (Liquidez detectada)
src.infrastructure.providers.mercado_data_provider | DEBUG | RTD: preco_ativo BEEF3=3.47 forçado com sucesso
src.infrastructure.providers.mercado_data_provider | DEBUG | RTD: Detalhes completos registrados para BBDC4|BBDCT234 (Liquidez detectada)
src.infrastructure.providers.mercado_data_provider | DEBUG | RTD: preco_ativo BBDC4=18.38 forçado com sucesso
src.infrastructure.providers.mercado_data_provider | DEBUG | RTD: Detalhes completos registrados para BBDC4|BBDCX126 (Liquidez detectada)
src.infrastructure.providers.mercado_data_provider | DEBUG | RTD: preco_ativo BBDC4=18.38 forçado com sucesso
src.infrastructure.providers.mercado_data_provider | DEBUG | RTD: Detalhes completos registrados para BBSE3|BBSEU289 (Liquidez detectada)
src.infrastructure.providers.mercado_data_provider | DEBUG | RTD: preco_ativo BBSE3=41.16 forçado com sucesso
src.infrastructure.providers.mercado_data_provider | DEBUG | RTD: Detalhes completos registrados para BBSE3|BBSEU419 (Liquidez detectada)
src.infrastructure.providers.mercado_data_provider | DEBUG | RTD: preco_ativo BBSE3=41.16 forçado com sucesso
src.infrastructure.providers.mercado_data_provider | DEBUG | RTD: Detalhes completos registrados para BEEF3|BEEFU497 (Liquidez detectada)
src.infrastructure.providers.mercado_data_provider | DEBUG | RTD: preco_ativo BEEF3=3.47 forçado com sucesso
src.infrastructure.providers.mercado_data_provider | DEBUG | RTD: Detalhes completos registrados para BBSE3|BBSEV366 (Liquidez detectada)
src.infrastructure.providers.mercado_data_provider | DEBUG | RTD: preco_ativo BBSE3=41.16 forçado com sucesso
src.infrastructure.providers.mercado_data_provider | DEBUG | RTD: Detalhes completos registrados para BBSE3|BBSET435 (Liquidez detectada)
src.infrastructure.providers.mercado_data_provider | DEBUG | RTD: preco_ativo BBSE3=41.16 forçado com sucesso
src.infrastructure.providers.mercado_data_provider | DEBUG | RTD: Detalhes completos registrados para BEEF3|BEEFT325 (Liquidez detectada)
src.infrastructure.providers.mercado_data_provider | DEBUG | RTD: preco_ativo BEEF3=3.47 forçado com sucesso
src.infrastructure.providers.mercado_data_provider | DEBUG | RTD: Detalhes completos registrados para BBSE3|BBSET336 (Liquidez detectada)
src.infrastructure.providers.mercado_data_provider | DEBUG | RTD: preco_ativo BBSE3=41.16 forçado com sucesso
src.infrastructure.providers.mercado_data_provider | DEBUG | RTD: Detalhes completos registrados para BBSE3|BBSET366W1 (Liquidez detectada)
src.infrastructure.providers.mercado_data_provider | DEBUG | RTD: preco_ativo BBSE3=41.16 forçado com sucesso
src.infrastructure.providers.mercado_data_provider | DEBUG | RTD: Detalhes completos registrados para BBSE3|BBSET431 (Liquidez detectada)
src.infrastructure.providers.mercado_data_provider | DEBUG | RTD: preco_ativo BBSE3=41.16 forçado com sucesso
src.infrastructure.providers.mercado_data_provider | DEBUG | RTD: Detalhes completos registrados para BBSE3|BBSET451 (Liquidez detectada)
src.infrastructure.providers.mercado_data_provider | DEBUG | RTD: preco_ativo BBSE3=41.16 forçado com sucesso
src.infrastructure.providers.mercado_data_provider | DEBUG | RTD: Detalhes completos registrados para BBSE3|BBSEU391 (Liquidez detectada)
src.infrastructure.providers.mercado_data_provider | DEBUG | RTD: preco_ativo BBSE3=41.16 forçado com sucesso
src.infrastructure.providers.mercado_data_provider | DEBUG | RTD: Detalhes completos registrados para BBDC4|BBDCU196 (Liquidez detectada)
src.infrastructure.providers.mercado_data_provider | DEBUG | RTD: preco_ativo BBDC4=18.38 forçado com sucesso
src.infrastructure.providers.mercado_data_provider | DEBUG | RTD: Detalhes completos registrados para BBSE3|BBSET416W2 (Liquidez detectada)
src.infrastructure.providers.mercado_data_provider | DEBUG | RTD: preco_ativo BBSE3=41.16 forçado com sucesso
src.infrastructure.providers.mercado_data_provider | DEBUG | RTD: Detalhes completos registrados para BBDC4|BBDCT137 (Liquidez detectada)
src.infrastructure.providers.mercado_data_provider | DEBUG | RTD: preco_ativo BBDC4=18.38 forçado com sucesso
src.infrastructure.providers.mercado_data_provider | DEBUG | RTD: Detalhes completos registrados para BBDC4|BBDCM194 (Liquidez detectada)
src.infrastructure.providers.mercado_data_provider | DEBUG | RTD: preco_ativo BBDC4=18.38 forçado com sucesso
src.infrastructure.providers.mercado_data_provider | DEBUG | RTD: Detalhes completos registrados para BBSE3|BBSEW400 (Liquidez detectada)
src.infrastructure.providers.mercado_data_provider | DEBUG | RTD: preco_ativo BBSE3=41.16 forçado com sucesso
src.infrastructure.providers.mercado_data_provider | DEBUG | RTD: Detalhes completos registrados para BBSE3|BBSET354W1 (Liquidez detectada)
src.infrastructure.providers.mercado_data_provider | DEBUG | RTD: preco_ativo BBSE3=41.16 forçado com sucesso
src.infrastructure.providers.mercado_data_provider | DEBUG | RTD: Detalhes completos registrados para BBDC4|BBDCV188 (Liquidez detectada)
src.infrastructure.providers.mercado_data_provider | DEBUG | RTD: preco_ativo BBDC4=18.38 forçado com sucesso
src.infrastructure.providers.mercado_data_provider | DEBUG | RTD: Detalhes completos registrados para BBSE3|BBSEU316 (Liquidez detectada)
src.infrastructure.providers.mercado_data_provider | DEBUG | RTD: preco_ativo BBSE3=41.16 forçado com sucesso
src.infrastructure.providers.mercado_data_provider | DEBUG | RTD: Detalhes completos registrados para BBSE3|BBSET401W1 (Liquidez detectada)
src.infrastructure.providers.mercado_data_provider | DEBUG | RTD: preco_ativo BBSE3=41.16 forçado com sucesso
src.infrastructure.providers.mercado_data_provider | DEBUG | RTD: Detalhes completos registrados para BBDC4|BBDCT21 (Liquidez detectada)
src.infrastructure.providers.mercado_data_provider | DEBUG | RTD: preco_ativo BBDC4=18.38 forçado com sucesso
src.infrastructure.providers.mercado_data_provider | DEBUG | RTD: Detalhes completos registrados para BBDC4|BBDCW203 (Liquidez detectada)
src.infrastructure.providers.mercado_data_provider | DEBUG | RTD: preco_ativo BBDC4=18.38 forçado com sucesso
src.infrastructure.providers.mercado_data_provider | DEBUG | RTD: Detalhes completos registrados para BBDC4|BBDCV199 (Liquidez detectada)
src.infrastructure.providers.mercado_data_provider | DEBUG | RTD: preco_ativo BBDC4=18.38 forçado com sucesso
src.infrastructure.providers.mercado_data_provider | DEBUG | RTD: Detalhes completos registrados para BBDC4|BBDCW179 (Liquidez detectada)
src.infrastructure.providers.mercado_data_provider | DEBUG | RTD: preco_ativo BBDC4=18.38 forçado com sucesso
src.infrastructure.providers.mercado_data_provider | DEBUG | RTD: Detalhes completos registrados para BBDC4|BBDCT136 (Liquidez detectada)
src.infrastructure.providers.mercado_data_provider | DEBUG | RTD: preco_ativo BBDC4=18.38 forçado com sucesso
src.infrastructure.providers.mercado_data_provider | DEBUG | RTD: Detalhes completos registrados para BBDC4|BBDCX189 (Liquidez detectada)
src.infrastructure.providers.mercado_data_provider | DEBUG | RTD: preco_ativo BBDC4=18.38 forçado com sucesso
src.infrastructure.providers.mercado_data_provider | DEBUG | RTD: Detalhes completos registrados para BBDC4|BBDCU164 (Liquidez detectada)
src.infrastructure.providers.mercado_data_provider | DEBUG | RTD: preco_ativo BBDC4=18.38 forçado com sucesso
src.infrastructure.providers.mercado_data_provider | DEBUG | RTD: Detalhes completos registrados para BBSE3|BBSEU294 (Liquidez detectada)
src.infrastructure.providers.mercado_data_provider | DEBUG | RTD: preco_ativo BBSE3=41.16 forçado com sucesso
src.infrastructure.providers.mercado_data_provider | DEBUG | RTD: Detalhes completos registrados para BBDC4|BBDCV206 (Liquidez detectada)
src.infrastructure.providers.mercado_data_provider | DEBUG | RTD: preco_ativo BBDC4=18.38 forçado com sucesso
src.infrastructure.providers.mercado_data_provider | DEBUG | RTD: Detalhes completos registrados para BBSE3|BBSEU354 (Liquidez detectada)
src.infrastructure.providers.mercado_data_provider | DEBUG | RTD: preco_ativo BBSE3=41.16 forçado com sucesso
src.infrastructure.providers.mercado_data_provider | DEBUG | RTD: Detalhes completos registrados para PETR4|PETRT454 (Liquidez detectada)
src.infrastructure.providers.mercado_data_provider | DEBUG | RTD: preco_ativo PETR4=41.93 forçado com sucesso
src.infrastructure.providers.mercado_data_provider | DEBUG | RTD: Detalhes completos registrados para IGTI11|IGTIT231 (Liquidez detectada)
src.infrastructure.providers.mercado_data_provider | DEBUG | RTD: preco_ativo IGTI11=24.53 forçado com sucesso
src.infrastructure.providers.mercado_data_provider | DEBUG | RTD: Detalhes completos registrados para CXSE3|CXSEU161 (Liquidez detectada)
src.infrastructure.providers.mercado_data_provider | DEBUG | RTD: preco_ativo CXSE3=20.41 forçado com sucesso
src.infrastructure.providers.mercado_data_provider | DEBUG | RTD: Detalhes completos registrados para EMBJ3|EMBJT583 (Liquidez detectada)
src.infrastructure.providers.mercado_data_provider | DEBUG | RTD: preco_ativo EMBJ3=86.64 forçado com sucesso
src.infrastructure.providers.mercado_data_provider | DEBUG | RTD: Detalhes completos registrados para PSSA3|PSSAU453 (Liquidez detectada)
src.infrastructure.providers.mercado_data_provider | DEBUG | RTD: preco_ativo PSSA3=53.59 forçado com sucesso
src.infrastructure.providers.mercado_data_provider | DEBUG | RTD: Detalhes completos registrados para GGBR4|GGBRT246W2 (Liquidez detectada)
src.infrastructure.providers.mercado_data_provider | DEBUG | RTD: preco_ativo GGBR4=24.82 forçado com sucesso
src.infrastructure.providers.mercado_data_provider | DEBUG | RTD: Detalhes completos registrados para ABEV3|ABEVU162 (Liquidez detectada)
src.infrastructure.providers.mercado_data_provider | DEBUG | RTD: preco_ativo ABEV3=16.03 forçado com sucesso
src.infrastructure.providers.mercado_data_provider | DEBUG | RTD: Detalhes completos registrados para MBRF3|MBRFX184 (Liquidez detectada)
src.infrastructure.providers.mercado_data_provider | DEBUG | RTD: preco_ativo MBRF3=16.59 forçado com sucesso
src.infrastructure.providers.mercado_data_provider | DEBUG | RTD: Detalhes completos registrados para RADL3|RADLT186W1 (Liquidez detectada)
src.infrastructure.providers.mercado_data_provider | DEBUG | RTD: preco_ativo RADL3=17.74 forçado com sucesso
src.infrastructure.providers.mercado_data_provider | DEBUG | RTD: Detalhes completos registrados para ASAI3|ASAIT530 (Liquidez detectada)
src.infrastructure.providers.mercado_data_provider | DEBUG | RTD: preco_ativo ASAI3=8.21 forçado com sucesso
src.infrastructure.providers.mercado_data_provider | DEBUG | RTD: Detalhes completos registrados para CPFE3|CPFEU452 (Liquidez detectada)
src.infrastructure.providers.mercado_data_provider | DEBUG | RTD: preco_ativo CPFE3=45.23 forçado com sucesso
src.infrastructure.providers.mercado_data_provider | DEBUG | RTD: Detalhes completos registrados para CSMG3|CSMGU462 (Liquidez detectada)
src.infrastructure.providers.mercado_data_provider | DEBUG | RTD: preco_ativo CSMG3=61.93 forçado com sucesso
src.infrastructure.providers.mercado_data_provider | DEBUG | RTD: Detalhes completos registrados para VALE3|VALEV634 (Liquidez detectada)
src.infrastructure.providers.mercado_data_provider | DEBUG | RTD: preco_ativo VALE3=75.11 forçado com sucesso
src.infrastructure.providers.mercado_data_provider | DEBUG | RTD: Detalhes completos registrados para ENEV3|ENEVU200 (Liquidez detectada)
src.infrastructure.providers.mercado_data_provider | DEBUG | RTD: preco_ativo ENEV3=25.93 forçado com sucesso
src.infrastructure.providers.mercado_data_provider | DEBUG | RTD: Detalhes completos registrados para LREN3|LRENT120 (Liquidez detectada)
src.infrastructure.providers.mercado_data_provider | DEBUG | RTD: preco_ativo LREN3=13.38 forçado com sucesso
src.infrastructure.providers.mercado_data_provider | DEBUG | RTD: Detalhes completos registrados para PETR4|PETRM395 (Liquidez detectada)
src.infrastructure.providers.mercado_data_provider | DEBUG | RTD: preco_ativo PETR4=41.93 forçado com sucesso
src.infrastructure.providers.mercado_data_provider | DEBUG | RTD: Detalhes completos registrados para MGLU3|MGLUT591 (Liquidez detectada)
src.infrastructure.providers.mercado_data_provider | DEBUG | RTD: preco_ativo MGLU3=4.76 forçado com sucesso
src.infrastructure.providers.mercado_data_provider | DEBUG | RTD: Detalhes completos registrados para WEGE3|WEGET362 (Liquidez detectada)
src.infrastructure.providers.mercado_data_provider | DEBUG | RTD: preco_ativo WEGE3=45.77 forçado com sucesso
src.infrastructure.providers.mercado_data_provider | DEBUG | RTD: Detalhes completos registrados para BBSE3|BBSEU434 (Liquidez detectada)
src.infrastructure.providers.mercado_data_provider | DEBUG | RTD: preco_ativo BBSE3=41.16 forçado com sucesso
src.infrastructure.providers.mercado_data_provider | DEBUG | RTD: Detalhes completos registrados para BBSE3|BBSEU439 (Liquidez detectada)
src.infrastructure.providers.mercado_data_provider | DEBUG | RTD: preco_ativo BBSE3=41.16 forçado com sucesso
src.infrastructure.providers.mercado_data_provider | DEBUG | RTD: Detalhes completos registrados para ITUB4|ITUBX428 (Liquidez detectada)
src.infrastructure.providers.mercado_data_provider | DEBUG | RTD: preco_ativo ITUB4=42.01 forçado com sucesso
src.infrastructure.providers.mercado_data_provider | DEBUG | RTD: Detalhes completos registrados para EZTC3|EZTCU121 (Liquidez detectada)
src.infrastructure.providers.mercado_data_provider | DEBUG | RTD: preco_ativo EZTC3=11.16 forçado com sucesso
src.infrastructure.providers.mercado_data_provider | DEBUG | RTD: Detalhes completos registrados para POSI3|POSIU345 (Liquidez detectada)
src.infrastructure.providers.mercado_data_provider | DEBUG | RTD: preco_ativo POSI3=3.56 forçado com sucesso
src.infrastructure.providers.mercado_data_provider | DEBUG | RTD: Detalhes completos registrados para KLBN11|KLBNT176 (Liquidez detectada)
src.infrastructure.providers.mercado_data_provider | DEBUG | RTD: preco_ativo KLBN11=18.03 forçado com sucesso
src.infrastructure.providers.mercado_data_provider | DEBUG | RTD: Detalhes completos registrados para LREN3|LRENU857 (Liquidez detectada)
src.infrastructure.providers.mercado_data_provider | DEBUG | RTD: preco_ativo LREN3=13.38 forçado com sucesso
src.infrastructure.providers.mercado_data_provider | DEBUG | RTD: Detalhes completos registrados para BRKM5|BRKMU570 (Liquidez detectada)
src.infrastructure.providers.mercado_data_provider | DEBUG | RTD: preco_ativo BRKM5=6.12 forçado com sucesso
src.infrastructure.providers.mercado_data_provider | DEBUG | RTD: Detalhes completos registrados para BBAS3|BBAST146W1 (Liquidez detectada)
src.infrastructure.providers.mercado_data_provider | DEBUG | RTD: preco_ativo BBAS3=20.82 forçado com sucesso
src.infrastructure.providers.mercado_data_provider | DEBUG | RTD: Detalhes completos registrados para MBRF3|MBRFT123 (Liquidez detectada)
src.infrastructure.providers.mercado_data_provider | DEBUG | RTD: preco_ativo MBRF3=16.59 forçado com sucesso
src.infrastructure.providers.mercado_data_provider | DEBUG | RTD: Detalhes completos registrados para CXSE3|CXSEW21 (Liquidez detectada)
src.infrastructure.providers.mercado_data_provider | DEBUG | RTD: preco_ativo CXSE3=20.41 forçado com sucesso
src.infrastructure.providers.mercado_data_provider | DEBUG | RTD: Detalhes completos registrados para ITUB4|ITUBT349W2 (Liquidez detectada)
src.infrastructure.providers.mercado_data_provider | DEBUG | RTD: preco_ativo ITUB4=42.01 forçado com sucesso
src.infrastructure.providers.mercado_data_provider | DEBUG | RTD: Detalhes completos registrados para PRIO3|PRIOT465W1 (Liquidez detectada)
src.infrastructure.providers.mercado_data_provider | DEBUG | RTD: preco_ativo PRIO3=58.28 forçado com sucesso
src.infrastructure.providers.mercado_data_provider | DEBUG | RTD: Detalhes completos registrados para ALOS3|ALOSU269 (Liquidez detectada)
src.infrastructure.providers.mercado_data_provider | DEBUG | RTD: preco_ativo ALOS3=26.52 forçado com sucesso
src.infrastructure.providers.mercado_data_provider | DEBUG | RTD: Detalhes completos registrados para EMBJ3|EMBJU493 (Liquidez detectada)
src.infrastructure.providers.mercado_data_provider | DEBUG | RTD: preco_ativo EMBJ3=86.64 forçado com sucesso
src.infrastructure.providers.mercado_data_provider | DEBUG | RTD: Detalhes completos registrados para BBAS3|BBASX236 (Liquidez detectada)
src.infrastructure.providers.mercado_data_provider | DEBUG | RTD: preco_ativo BBAS3=20.82 forçado com sucesso
src.infrastructure.providers.mercado_data_provider | DEBUG | RTD: Detalhes completos registrados para EQTL3|EQTLT392 (Liquidez detectada)
src.infrastructure.providers.mercado_data_provider | DEBUG | RTD: preco_ativo EQTL3=38.00 forçado com sucesso
src.infrastructure.providers.mercado_data_provider | DEBUG | RTD: Detalhes completos registrados para ENGI11|ENGIT526 (Liquidez detectada)
src.infrastructure.providers.mercado_data_provider | DEBUG | RTD: preco_ativo ENGI11=49.01 forçado com sucesso
src.infrastructure.providers.mercado_data_provider | DEBUG | RTD: Detalhes completos registrados para CYRE3|CYREU225 (Liquidez detectada)
src.infrastructure.providers.mercado_data_provider | DEBUG | RTD: preco_ativo CYRE3=20.67 forçado com sucesso
src.infrastructure.providers.mercado_data_provider | DEBUG | RTD: Detalhes completos registrados para TAEE11|TAEEU378 (Liquidez detectada)
src.infrastructure.providers.mercado_data_provider | DEBUG | RTD: preco_ativo TAEE11=39.12 forçado com sucesso
src.infrastructure.providers.mercado_data_provider | DEBUG | RTD: Detalhes completos registrados para BBAS3|BBASV205W2 (Liquidez detectada)
src.infrastructure.providers.mercado_data_provider | DEBUG | RTD: preco_ativo BBAS3=20.82 forçado com sucesso
src.infrastructure.providers.mercado_data_provider | DEBUG | RTD: Detalhes completos registrados para IRBR3|IRBRU448 (Liquidez detectada)
src.infrastructure.providers.mercado_data_provider | DEBUG | RTD: preco_ativo IRBR3=53.33 forçado com sucesso
src.infrastructure.providers.mercado_data_provider | DEBUG | RTD: Detalhes completos registrados para WEGE3|WEGET382 (Liquidez detectada)
src.infrastructure.providers.mercado_data_provider | DEBUG | RTD: preco_ativo WEGE3=45.77 forçado com sucesso
src.infrastructure.providers.mercado_data_provider | DEBUG | RTD: Detalhes completos registrados para BBDC4|BBDCT184 (Liquidez detectada)
src.infrastructure.providers.mercado_data_provider | DEBUG | RTD: preco_ativo BBDC4=18.38 forçado com sucesso
src.infrastructure.providers.mercado_data_provider | DEBUG | RTD: Detalhes completos registrados para CSAN3|CSANT395W2 (Liquidez detectada)
src.infrastructure.providers.mercado_data_provider | DEBUG | RTD: preco_ativo CSAN3=3.92 forçado com sucesso
src.infrastructure.providers.mercado_data_provider | DEBUG | RTD: Detalhes completos registrados para BBSE3|BBSEU351 (Liquidez detectada)
src.infrastructure.providers.mercado_data_provider | DEBUG | RTD: preco_ativo BBSE3=41.16 forçado com sucesso
src.infrastructure.providers.mercado_data_provider | DEBUG | RTD: Detalhes completos registrados para LREN3|LRENU14 (Liquidez detectada)
src.infrastructure.providers.mercado_data_provider | DEBUG | RTD: preco_ativo LREN3=13.38 forçado com sucesso
src.infrastructure.providers.mercado_data_provider | DEBUG | RTD: Detalhes completos registrados para BBAS3|BBASU106 (Liquidez detectada)
src.infrastructure.providers.mercado_data_provider | DEBUG | RTD: preco_ativo BBAS3=20.82 forçado com sucesso
src.infrastructure.providers.mercado_data_provider | DEBUG | RTD: Detalhes completos registrados para TAEE11|TAEEX320 (Liquidez detectada)
src.infrastructure.providers.mercado_data_provider | DEBUG | RTD: preco_ativo TAEE11=39.12 forçado com sucesso
src.infrastructure.providers.mercado_data_provider | DEBUG | RTD: Detalhes completos registrados para ITUB4|ITUBT402W1 (Liquidez detectada)
src.infrastructure.providers.mercado_data_provider | DEBUG | RTD: preco_ativo ITUB4=42.01 forçado com sucesso
src.infrastructure.providers.mercado_data_provider | DEBUG | RTD: Detalhes completos registrados para CSAN3|CSANV25 (Liquidez detectada)
src.infrastructure.providers.mercado_data_provider | DEBUG | RTD: preco_ativo CSAN3=3.92 forçado com sucesso
src.infrastructure.providers.mercado_data_provider | DEBUG | RTD: Detalhes completos registrados para EQTL3|EQTLW342 (Liquidez detectada)
src.infrastructure.providers.mercado_data_provider | DEBUG | RTD: preco_ativo EQTL3=38.00 forçado com sucesso
src.infrastructure.providers.mercado_data_provider | DEBUG | RTD: Detalhes completos registrados para BBAS3|BBASX183 (Liquidez detectada)
src.infrastructure.providers.mercado_data_provider | DEBUG | RTD: preco_ativo BBAS3=20.82 forçado com sucesso
src.infrastructure.providers.mercado_data_provider | DEBUG | RTD: Detalhes completos registrados para CPFE3|CPFET424 (Liquidez detectada)
src.infrastructure.providers.mercado_data_provider | DEBUG | RTD: preco_ativo CPFE3=45.23 forçado com sucesso
src.infrastructure.providers.mercado_data_provider | DEBUG | RTD: Detalhes completos registrados para HYPE3|HYPEU162 (Liquidez detectada)
src.infrastructure.providers.mercado_data_provider | DEBUG | RTD: preco_ativo HYPE3=21.05 forçado com sucesso
src.infrastructure.providers.mercado_data_provider | DEBUG | RTD: Detalhes completos registrados para PETR4|PETRX474 (Liquidez detectada)
src.infrastructure.providers.mercado_data_provider | DEBUG | RTD: preco_ativo PETR4=41.93 forçado com sucesso
src.infrastructure.providers.mercado_data_provider | DEBUG | RTD: Detalhes completos registrados para ALOS3|ALOSU234 (Liquidez detectada)
src.infrastructure.providers.mercado_data_provider | DEBUG | RTD: preco_ativo ALOS3=26.52 forçado com sucesso
src.infrastructure.providers.mercado_data_provider | DEBUG | RTD: Detalhes completos registrados para VIVT3|VIVTU308W1 (Liquidez detectada)
src.infrastructure.providers.mercado_data_provider | DEBUG | RTD: preco_ativo VIVT3=32.39 forçado com sucesso
src.infrastructure.providers.mercado_data_provider | DEBUG | RTD: Detalhes completos registrados para EQTL3|EQTLT364W1 (Liquidez detectada)
src.infrastructure.providers.mercado_data_provider | DEBUG | RTD: preco_ativo EQTL3=38.00 forçado com sucesso
src.infrastructure.providers.mercado_data_provider | DEBUG | RTD: Detalhes completos registrados para GGBR4|GGBRX205 (Liquidez detectada)
src.infrastructure.providers.mercado_data_provider | DEBUG | RTD: preco_ativo GGBR4=24.82 forçado com sucesso
src.infrastructure.providers.mercado_data_provider | DEBUG | RTD: Detalhes completos registrados para PETR4|PETRT417 (Liquidez detectada)
src.infrastructure.providers.mercado_data_provider | DEBUG | RTD: preco_ativo PETR4=41.93 forçado com sucesso
src.infrastructure.providers.mercado_data_provider | DEBUG | RTD: Detalhes completos registrados para EGIE3|EGIET317 (Liquidez detectada)
src.infrastructure.providers.mercado_data_provider | DEBUG | RTD: preco_ativo EGIE3=29.41 forçado com sucesso
src.infrastructure.providers.mercado_data_provider | DEBUG | RTD: Detalhes completos registrados para BEEF3|BEEFU377 (Liquidez detectada)
src.infrastructure.providers.mercado_data_provider | DEBUG | RTD: preco_ativo BEEF3=3.47 forçado com sucesso
src.infrastructure.providers.mercado_data_provider | DEBUG | RTD: Detalhes completos registrados para ALOS3|ALOST278W1 (Liquidez detectada)
src.infrastructure.providers.mercado_data_provider | DEBUG | RTD: preco_ativo ALOS3=26.52 forçado com sucesso
src.infrastructure.providers.mercado_data_provider | DEBUG | RTD: Detalhes completos registrados para MGLU3|MGLUU250 (Liquidez detectada)
src.infrastructure.providers.mercado_data_provider | DEBUG | RTD: preco_ativo MGLU3=4.76 forçado com sucesso
src.infrastructure.providers.mercado_data_provider | DEBUG | RTD: Detalhes completos registrados para PRIO3|PRIOV580 (Liquidez detectada)
src.infrastructure.providers.mercado_data_provider | DEBUG | RTD: preco_ativo PRIO3=58.28 forçado com sucesso
src.infrastructure.providers.mercado_data_provider | DEBUG | RTD: Detalhes completos registrados para LREN3|LRENU194 (Liquidez detectada)
src.infrastructure.providers.mercado_data_provider | DEBUG | RTD: preco_ativo LREN3=13.38 forçado com sucesso
src.infrastructure.providers.mercado_data_provider | DEBUG | RTD: Detalhes completos registrados para CPLE3|CPLEU127 (Liquidez detectada)
src.infrastructure.providers.mercado_data_provider | DEBUG | RTD: preco_ativo CPLE3=14.67 forçado com sucesso
src.infrastructure.providers.mercado_data_provider | DEBUG | RTD: Detalhes completos registrados para ITUB4|ITUBW451 (Liquidez detectada)
src.infrastructure.providers.mercado_data_provider | DEBUG | RTD: preco_ativo ITUB4=42.01 forçado com sucesso
src.infrastructure.providers.mercado_data_provider | DEBUG | RTD: Detalhes completos registrados para VIVA3|VIVAU256 (Liquidez detectada)
src.infrastructure.providers.mercado_data_provider | DEBUG | RTD: preco_ativo VIVA3=22.30 forçado com sucesso
src.infrastructure.providers.mercado_data_provider | DEBUG | RTD: Detalhes completos registrados para GOAU4|GOAUU915 (Liquidez detectada)
src.infrastructure.providers.mercado_data_provider | DEBUG | RTD: preco_ativo GOAU4=10.75 forçado com sucesso
src.infrastructure.providers.mercado_data_provider | DEBUG | RTD: Detalhes completos registrados para BEEF3|BEEFT377 (Liquidez detectada)
src.infrastructure.providers.mercado_data_provider | DEBUG | RTD: preco_ativo BEEF3=3.47 forçado com sucesso
src.infrastructure.providers.mercado_data_provider | DEBUG | RTD: Detalhes completos registrados para BEEF3|BEEFU397 (Liquidez detectada)
src.infrastructure.providers.mercado_data_provider | DEBUG | RTD: preco_ativo BEEF3=3.47 forçado com sucesso
src.infrastructure.providers.mercado_data_provider | DEBUG | RTD: Detalhes completos registrados para PETR4|PETRM424 (Liquidez detectada)
src.infrastructure.providers.mercado_data_provider | DEBUG | RTD: preco_ativo PETR4=41.93 forçado com sucesso
src.infrastructure.providers.mercado_data_provider | DEBUG | RTD: Detalhes completos registrados para HASH11|HASHT580 (Liquidez detectada)
src.infrastructure.providers.mercado_data_provider | DEBUG | RTD: preco_ativo HASH11=42.65 forçado com sucesso
src.infrastructure.providers.mercado_data_provider | DEBUG | RTD: Detalhes completos registrados para GOAU4|GOAUU935 (Liquidez detectada)
src.infrastructure.providers.mercado_data_provider | DEBUG | RTD: preco_ativo GOAU4=10.75 forçado com sucesso
src.infrastructure.providers.mercado_data_provider | DEBUG | RTD: Detalhes completos registrados para SUZB3|SUZBT403W2 (Liquidez detectada)
src.infrastructure.providers.mercado_data_provider | DEBUG | RTD: preco_ativo SUZB3=42.65 forçado com sucesso
src.infrastructure.providers.mercado_data_provider | DEBUG | RTD: Detalhes completos registrados para PETR4|PETRV276 (Liquidez detectada)
src.infrastructure.providers.mercado_data_provider | DEBUG | RTD: preco_ativo PETR4=41.93 forçado com sucesso
src.infrastructure.providers.mercado_data_provider | DEBUG | RTD: Detalhes completos registrados para PRIO3|PRIOT635 (Liquidez detectada)
src.infrastructure.providers.mercado_data_provider | DEBUG | RTD: preco_ativo PRIO3=58.28 forçado com sucesso
src.infrastructure.providers.mercado_data_provider | DEBUG | RTD: Detalhes completos registrados para ENGI11|ENGIU413 (Liquidez detectada)
src.infrastructure.providers.mercado_data_provider | DEBUG | RTD: preco_ativo ENGI11=49.01 forçado com sucesso
src.infrastructure.providers.mercado_data_provider | DEBUG | RTD: Detalhes completos registrados para ITSA4|ITSAX110 (Liquidez detectada)
src.infrastructure.providers.mercado_data_provider | DEBUG | RTD: preco_ativo ITSA4=13.53 forçado com sucesso
src.infrastructure.providers.mercado_data_provider | DEBUG | RTD: Detalhes completos registrados para BBDC4|BBDCX194 (Liquidez detectada)
src.infrastructure.providers.mercado_data_provider | DEBUG | RTD: preco_ativo BBDC4=18.38 forçado com sucesso
src.infrastructure.providers.mercado_data_provider | DEBUG | RTD: Detalhes completos registrados para BRAV3|BRAVW160 (Liquidez detectada)
src.infrastructure.providers.mercado_data_provider | DEBUG | RTD: preco_ativo BRAV3=20.88 forçado com sucesso
src.infrastructure.providers.mercado_data_provider | DEBUG | RTD: Detalhes completos registrados para PRIO3|PRIOT475 (Liquidez detectada)
src.infrastructure.providers.mercado_data_provider | DEBUG | RTD: preco_ativo PRIO3=58.28 forçado com sucesso
src.infrastructure.providers.mercado_data_provider | DEBUG | RTD: Detalhes completos registrados para PRIO3|PRIOT520 (Liquidez detectada)
src.infrastructure.providers.mercado_data_provider | DEBUG | RTD: preco_ativo PRIO3=58.28 forçado com sucesso
src.infrastructure.providers.mercado_data_provider | DEBUG | RTD: Detalhes completos registrados para FLRY3|FLRYT154 (Liquidez detectada)
src.infrastructure.providers.mercado_data_provider | DEBUG | RTD: preco_ativo FLRY3=16.80 forçado com sucesso
src.infrastructure.providers.mercado_data_provider | DEBUG | RTD: Detalhes completos registrados para ITUB4|ITUBT417 (Liquidez detectada)
src.infrastructure.providers.mercado_data_provider | DEBUG | RTD: preco_ativo ITUB4=42.01 forçado com sucesso
src.infrastructure.providers.mercado_data_provider | DEBUG | RTD: Detalhes completos registrados para PETR3|PETRT403 (Liquidez detectada)
src.infrastructure.providers.mercado_data_provider | DEBUG | RTD: preco_ativo PETR3=47.42 forçado com sucesso
src.infrastructure.providers.mercado_data_provider | DEBUG | RTD: Detalhes completos registrados para BBAS3|BBASU174 (Liquidez detectada)
src.infrastructure.providers.mercado_data_provider | DEBUG | RTD: preco_ativo BBAS3=20.82 forçado com sucesso
src.infrastructure.providers.mercado_data_provider | DEBUG | RTD: Detalhes completos registrados para PRIO3|PRIOT487 (Liquidez detectada)
src.infrastructure.providers.mercado_data_provider | DEBUG | RTD: preco_ativo PRIO3=58.28 forçado com sucesso
src.infrastructure.providers.mercado_data_provider | DEBUG | RTD: Detalhes completos registrados para BBDC4|BBDCU129 (Liquidez detectada)
src.infrastructure.providers.mercado_data_provider | DEBUG | RTD: preco_ativo BBDC4=18.38 forçado com sucesso
src.infrastructure.providers.mercado_data_provider | DEBUG | RTD: Detalhes completos registrados para SMFT3|SMFTT148 (Liquidez detectada)
src.infrastructure.providers.mercado_data_provider | DEBUG | RTD: preco_ativo SMFT3=19.47 forçado com sucesso
src.infrastructure.providers.mercado_data_provider | DEBUG | RTD: Detalhes completos registrados para GMAT3|GMATT399 (Liquidez detectada)
src.infrastructure.providers.mercado_data_provider | DEBUG | RTD: preco_ativo GMAT3=3.88 forçado com sucesso
src.infrastructure.providers.mercado_data_provider | DEBUG | RTD: Detalhes completos registrados para VALE3|VALEU821 (Liquidez detectada)
src.infrastructure.providers.mercado_data_provider | DEBUG | RTD: preco_ativo VALE3=75.11 forçado com sucesso
src.infrastructure.providers.mercado_data_provider | DEBUG | RTD: Detalhes completos registrados para PETR4|PETRT572 (Liquidez detectada)
src.infrastructure.providers.mercado_data_provider | DEBUG | RTD: preco_ativo PETR4=41.93 forçado com sucesso
src.infrastructure.providers.mercado_data_provider | DEBUG | RTD: Detalhes completos registrados para MGLU3|MGLUT445W2 (Liquidez detectada)
src.infrastructure.providers.mercado_data_provider | DEBUG | RTD: preco_ativo MGLU3=4.76 forçado com sucesso
src.infrastructure.providers.mercado_data_provider | DEBUG | RTD: Detalhes completos registrados para BBDC4|BBDCT199W1 (Liquidez detectada)
src.infrastructure.providers.mercado_data_provider | DEBUG | RTD: preco_ativo BBDC4=18.38 forçado com sucesso
src.infrastructure.providers.mercado_data_provider | DEBUG | RTD: Detalhes completos registrados para ALPA4|ALPAT984 (Liquidez detectada)
src.infrastructure.providers.mercado_data_provider | DEBUG | RTD: preco_ativo ALPA4=11.52 forçado com sucesso
src.infrastructure.providers.mercado_data_provider | DEBUG | RTD: Detalhes completos registrados para CSMG3|CSMGT590W4 (Liquidez detectada)
src.infrastructure.providers.mercado_data_provider | DEBUG | RTD: preco_ativo CSMG3=61.93 forçado com sucesso
src.infrastructure.providers.mercado_data_provider | DEBUG | RTD: Detalhes completos registrados para TEND3|TENDT317 (Liquidez detectada)
src.infrastructure.providers.mercado_data_provider | DEBUG | RTD: preco_ativo TEND3=29.13 forçado com sucesso
src.infrastructure.providers.mercado_data_provider | DEBUG | RTD: Detalhes completos registrados para CSAN3|CSANU465 (Liquidez detectada)
src.infrastructure.providers.mercado_data_provider | DEBUG | RTD: preco_ativo CSAN3=3.92 forçado com sucesso
src.infrastructure.providers.mercado_data_provider | DEBUG | RTD: Detalhes completos registrados para ECOR3|ECORU684 (Liquidez detectada)
src.infrastructure.providers.mercado_data_provider | DEBUG | RTD: preco_ativo ECOR3=6.89 forçado com sucesso
src.infrastructure.providers.mercado_data_provider | DEBUG | RTD: Detalhes completos registrados para GGBR4|GGBRT243W1 (Liquidez detectada)
src.infrastructure.providers.mercado_data_provider | DEBUG | RTD: preco_ativo GGBR4=24.82 forçado com sucesso
src.infrastructure.providers.mercado_data_provider | DEBUG | RTD: Detalhes completos registrados para GGBR4|GGBRT251W2 (Liquidez detectada)
src.infrastructure.providers.mercado_data_provider | DEBUG | RTD: preco_ativo GGBR4=24.82 forçado com sucesso
src.infrastructure.providers.mercado_data_provider | DEBUG | RTD: Detalhes completos registrados para PETR4|PETRT234 (Liquidez detectada)
src.infrastructure.providers.mercado_data_provider | DEBUG | RTD: preco_ativo PETR4=41.93 forçado com sucesso
src.infrastructure.providers.mercado_data_provider | DEBUG | RTD: Detalhes completos registrados para PETR4|PETRX259 (Liquidez detectada)
src.infrastructure.providers.mercado_data_provider | DEBUG | RTD: preco_ativo PETR4=41.93 forçado com sucesso
src.infrastructure.providers.mercado_data_provider | DEBUG | RTD: Detalhes completos registrados para CMIG4|CMIGX110 (Liquidez detectada)
src.infrastructure.providers.mercado_data_provider | DEBUG | RTD: preco_ativo CMIG4=11.10 forçado com sucesso
src.infrastructure.providers.mercado_data_provider | DEBUG | RTD: Detalhes completos registrados para MOVI3|MOVIU883 (Liquidez detectada)
src.infrastructure.providers.mercado_data_provider | DEBUG | RTD: preco_ativo MOVI3=7.85 forçado com sucesso
src.infrastructure.providers.mercado_data_provider | DEBUG | RTD: Detalhes completos registrados para GRND3|GRNDU350 (Liquidez detectada)
src.infrastructure.providers.mercado_data_provider | DEBUG | RTD: preco_ativo GRND3=3.68 forçado com sucesso
src.infrastructure.providers.mercado_data_provider | DEBUG | RTD: Detalhes completos registrados para CYRE3|CYRET178 (Liquidez detectada)
src.infrastructure.providers.mercado_data_provider | DEBUG | RTD: preco_ativo CYRE3=20.67 forçado com sucesso
src.infrastructure.providers.mercado_data_provider | DEBUG | RTD: Detalhes completos registrados para PETR4|PETRU294 (Liquidez detectada)
src.infrastructure.providers.mercado_data_provider | DEBUG | RTD: preco_ativo PETR4=41.93 forçado com sucesso
src.infrastructure.providers.mercado_data_provider | DEBUG | RTD: Detalhes completos registrados para MOVI3|MOVIU823 (Liquidez detectada)
src.infrastructure.providers.mercado_data_provider | DEBUG | RTD: preco_ativo MOVI3=7.85 forçado com sucesso
src.infrastructure.providers.mercado_data_provider | DEBUG | RTD: Detalhes completos registrados para LJQQ3|LJQQU850 (Liquidez detectada)
src.infrastructure.providers.mercado_data_provider | DEBUG | RTD: preco_ativo LJQQ3=1.20 forçado com sucesso
src.infrastructure.providers.mercado_data_provider | DEBUG | RTD: Detalhes completos registrados para NATU3|NATUT102 (Liquidez detectada)
src.infrastructure.providers.mercado_data_provider | DEBUG | RTD: preco_ativo NATU3=8.35 forçado com sucesso
src.infrastructure.providers.mercado_data_provider | DEBUG | RTD: Detalhes completos registrados para TRIS3|TRIST440 (Liquidez detectada)
src.infrastructure.providers.mercado_data_provider | DEBUG | RTD: preco_ativo TRIS3=4.20 forçado com sucesso
src.infrastructure.providers.mercado_data_provider | DEBUG | RTD: Detalhes completos registrados para PETR4|PETRV245 (Liquidez detectada)
src.infrastructure.providers.mercado_data_provider | DEBUG | RTD: preco_ativo PETR4=41.93 forçado com sucesso
src.infrastructure.providers.mercado_data_provider | DEBUG | RTD: Detalhes completos registrados para MYPK3|MYPKU895 (Liquidez detectada)
src.infrastructure.providers.mercado_data_provider | DEBUG | RTD: preco_ativo MYPK3=9.43 forçado com sucesso
src.infrastructure.providers.mercado_data_provider | DEBUG | RTD: Detalhes completos registrados para SLCE3|SLCET142 (Liquidez detectada)
src.infrastructure.providers.mercado_data_provider | DEBUG | RTD: preco_ativo SLCE3=13.11 forçado com sucesso
src.infrastructure.providers.mercado_data_provider | DEBUG | RTD: Detalhes completos registrados para CXSE3|CXSET156 (Liquidez detectada)
src.infrastructure.providers.mercado_data_provider | DEBUG | RTD: preco_ativo CXSE3=20.41 forçado com sucesso
src.infrastructure.providers.mercado_data_provider | DEBUG | RTD: Detalhes completos registrados para B3SA3|B3SAU105 (Liquidez detectada)
src.infrastructure.providers.mercado_data_provider | DEBUG | RTD: preco_ativo B3SA3=15.47 forçado com sucesso
src.infrastructure.providers.mercado_data_provider | DEBUG | RTD: Detalhes completos registrados para ITSA4|ITSAV138 (Liquidez detectada)
src.infrastructure.providers.mercado_data_provider | DEBUG | RTD: preco_ativo ITSA4=13.53 forçado com sucesso
src.infrastructure.providers.mercado_data_provider | DEBUG | RTD: Detalhes completos registrados para BRAV3|BRAVT180 (Liquidez detectada)
src.infrastructure.providers.mercado_data_provider | DEBUG | RTD: preco_ativo BRAV3=20.88 forçado com sucesso
src.infrastructure.providers.mercado_data_provider | DEBUG | RTD: Detalhes completos registrados para MBRF3|MBRFT108 (Liquidez detectada)
src.infrastructure.providers.mercado_data_provider | DEBUG | RTD: preco_ativo MBRF3=16.59 forçado com sucesso
src.infrastructure.providers.mercado_data_provider | DEBUG | RTD: Detalhes completos registrados para BBDC4|BBDCT181 (Liquidez detectada)
src.infrastructure.providers.mercado_data_provider | DEBUG | RTD: preco_ativo BBDC4=18.38 forçado com sucesso
src.infrastructure.providers.mercado_data_provider | DEBUG | RTD: Detalhes completos registrados para CYRE3|CYRET174W2 (Liquidez detectada)
src.infrastructure.providers.mercado_data_provider | DEBUG | RTD: preco_ativo CYRE3=20.67 forçado com sucesso
src.infrastructure.providers.mercado_data_provider | DEBUG | RTD: Detalhes completos registrados para BRAP4|BRAPU252 (Liquidez detectada)
src.infrastructure.providers.mercado_data_provider | DEBUG | RTD: preco_ativo BRAP4=21.68 forçado com sucesso
src.infrastructure.providers.mercado_data_provider | DEBUG | RTD: Detalhes completos registrados para ALOS3|ALOST256 (Liquidez detectada)
src.infrastructure.providers.mercado_data_provider | DEBUG | RTD: preco_ativo ALOS3=26.52 forçado com sucesso
src.infrastructure.providers.mercado_data_provider | DEBUG | RTD: Detalhes completos registrados para ABCB4|ABCBT220 (Liquidez detectada)
src.infrastructure.providers.mercado_data_provider | DEBUG | RTD: preco_ativo ABCB4=23.68 forçado com sucesso
src.infrastructure.providers.mercado_data_provider | DEBUG | RTD: Detalhes completos registrados para CEAB3|CEABV772 (Liquidez detectada)
src.infrastructure.providers.mercado_data_provider | DEBUG | RTD: preco_ativo CEAB3=9.17 forçado com sucesso
src.infrastructure.providers.mercado_data_provider | DEBUG | RTD: Detalhes completos registrados para BBAS3|BBASM15 (Liquidez detectada)
src.infrastructure.providers.mercado_data_provider | DEBUG | RTD: preco_ativo BBAS3=20.82 forçado com sucesso
src.infrastructure.providers.mercado_data_provider | DEBUG | RTD: Detalhes completos registrados para BBSE3|BBSET389W2 (Liquidez detectada)
src.infrastructure.providers.mercado_data_provider | DEBUG | RTD: preco_ativo BBSE3=41.16 forçado com sucesso
src.infrastructure.providers.mercado_data_provider | DEBUG | RTD: Detalhes completos registrados para CPLE3|CPLEV103 (Liquidez detectada)
src.infrastructure.providers.mercado_data_provider | DEBUG | RTD: preco_ativo CPLE3=14.67 forçado com sucesso
src.infrastructure.providers.mercado_data_provider | DEBUG | RTD: Detalhes completos registrados para CSMG3|CSMGX587 (Liquidez detectada)
src.infrastructure.providers.mercado_data_provider | DEBUG | RTD: preco_ativo CSMG3=61.93 forçado com sucesso
src.infrastructure.providers.mercado_data_provider | DEBUG | RTD: Detalhes completos registrados para ITUB4|ITUBU299 (Liquidez detectada)
src.infrastructure.providers.mercado_data_provider | DEBUG | RTD: preco_ativo ITUB4=42.01 forçado com sucesso
src.infrastructure.providers.mercado_data_provider | DEBUG | RTD: Detalhes completos registrados para USIM5|USIMU720 (Liquidez detectada)
src.infrastructure.providers.mercado_data_provider | DEBUG | RTD: preco_ativo USIM5=8.25 forçado com sucesso
src.infrastructure.providers.mercado_data_provider | DEBUG | RTD: Detalhes completos registrados para BPAC11|BPACT481 (Liquidez detectada)
src.infrastructure.providers.mercado_data_provider | DEBUG | RTD: preco_ativo BPAC11=55.03 forçado com sucesso
src.infrastructure.providers.mercado_data_provider | DEBUG | RTD: Detalhes completos registrados para CYRE3|CYREU232 (Liquidez detectada)
src.infrastructure.providers.mercado_data_provider | DEBUG | RTD: preco_ativo CYRE3=20.67 forçado com sucesso
src.infrastructure.providers.mercado_data_provider | DEBUG | RTD: Detalhes completos registrados para HYPE3|HYPEU192 (Liquidez detectada)
src.infrastructure.providers.mercado_data_provider | DEBUG | RTD: preco_ativo HYPE3=21.05 forçado com sucesso
src.infrastructure.providers.mercado_data_provider | DEBUG | RTD: Detalhes completos registrados para BBDC4|BBDCT203 (Liquidez detectada)
src.infrastructure.providers.mercado_data_provider | DEBUG | RTD: preco_ativo BBDC4=18.38 forçado com sucesso
src.infrastructure.providers.mercado_data_provider | DEBUG | RTD: Detalhes completos registrados para MBRF3|MBRFT178W1 (Liquidez detectada)
src.infrastructure.providers.mercado_data_provider | DEBUG | RTD: preco_ativo MBRF3=16.59 forçado com sucesso
src.infrastructure.providers.mercado_data_provider | DEBUG | RTD: Detalhes completos registrados para VALE3|VALEU731 (Liquidez detectada)
src.infrastructure.providers.mercado_data_provider | DEBUG | RTD: preco_ativo VALE3=75.11 forçado com sucesso
src.infrastructure.providers.mercado_data_provider | DEBUG | RTD: Detalhes completos registrados para CXSE3|CXSEU22 (Liquidez detectada)
src.infrastructure.providers.mercado_data_provider | DEBUG | RTD: preco_ativo CXSE3=20.41 forçado com sucesso
src.infrastructure.providers.mercado_data_provider | DEBUG | RTD: Detalhes completos registrados para BPAC11|BPACU339 (Liquidez detectada)
src.infrastructure.providers.mercado_data_provider | DEBUG | RTD: preco_ativo BPAC11=55.03 forçado com sucesso
src.infrastructure.providers.mercado_data_provider | DEBUG | RTD: Detalhes completos registrados para ITUB4|ITUBU417 (Liquidez detectada)
src.infrastructure.providers.mercado_data_provider | DEBUG | RTD: preco_ativo ITUB4=42.01 forçado com sucesso
src.infrastructure.providers.mercado_data_provider | DEBUG | RTD: Detalhes completos registrados para ALPA4|ALPAU744 (Liquidez detectada)
src.infrastructure.providers.mercado_data_provider | DEBUG | RTD: preco_ativo ALPA4=11.52 forçado com sucesso
src.infrastructure.providers.mercado_data_provider | DEBUG | RTD: Detalhes completos registrados para BBSE3|BBSEV389 (Liquidez detectada)
src.infrastructure.providers.mercado_data_provider | DEBUG | RTD: preco_ativo BBSE3=41.16 forçado com sucesso
src.infrastructure.providers.mercado_data_provider | DEBUG | RTD: Detalhes completos registrados para POMO4|POMOT434 (Liquidez detectada)
src.infrastructure.providers.mercado_data_provider | DEBUG | RTD: preco_ativo POMO4=5.33 forçado com sucesso
src.infrastructure.providers.mercado_data_provider | DEBUG | RTD: Detalhes completos registrados para BBAS3|BBAST175 (Liquidez detectada)
src.infrastructure.providers.mercado_data_provider | DEBUG | RTD: preco_ativo BBAS3=20.82 forçado com sucesso
src.infrastructure.providers.mercado_data_provider | DEBUG | RTD: Detalhes completos registrados para CSMG3|CSMGX497 (Liquidez detectada)
src.infrastructure.providers.mercado_data_provider | DEBUG | RTD: preco_ativo CSMG3=61.93 forçado com sucesso
src.infrastructure.providers.mercado_data_provider | DEBUG | RTD: Detalhes completos registrados para CSNA3|CSNAT417 (Liquidez detectada)
src.infrastructure.providers.mercado_data_provider | DEBUG | RTD: preco_ativo CSNA3=5.28 forçado com sucesso
src.infrastructure.providers.mercado_data_provider | DEBUG | RTD: Detalhes completos registrados para BPAC11|BPACT581W2 (Liquidez detectada)
src.infrastructure.providers.mercado_data_provider | DEBUG | RTD: preco_ativo BPAC11=55.03 forçado com sucesso
src.infrastructure.providers.mercado_data_provider | DEBUG | RTD: Detalhes completos registrados para PETR3|PETRV43 (Liquidez detectada)
src.infrastructure.providers.mercado_data_provider | DEBUG | RTD: preco_ativo PETR3=47.42 forçado com sucesso
src.infrastructure.providers.mercado_data_provider | DEBUG | RTD: Detalhes completos registrados para MOTV3|MOTVV129 (Liquidez detectada)
src.infrastructure.providers.mercado_data_provider | DEBUG | RTD: preco_ativo MOTV3=14.18 forçado com sucesso
src.infrastructure.providers.mercado_data_provider | DEBUG | RTD: Detalhes completos registrados para PETR4|PETRV256 (Liquidez detectada)
src.infrastructure.providers.mercado_data_provider | DEBUG | RTD: preco_ativo PETR4=41.93 forçado com sucesso
src.infrastructure.providers.mercado_data_provider | DEBUG | RTD: Detalhes completos registrados para BBDC4|BBDCT193W2 (Liquidez detectada)
src.infrastructure.providers.mercado_data_provider | DEBUG | RTD: preco_ativo BBDC4=18.38 forçado com sucesso
src.infrastructure.providers.mercado_data_provider | DEBUG | RTD: Detalhes completos registrados para BBSE3|BBSEM227 (Liquidez detectada)
src.infrastructure.providers.mercado_data_provider | DEBUG | RTD: preco_ativo BBSE3=41.16 forçado com sucesso
src.infrastructure.providers.mercado_data_provider | DEBUG | RTD: Detalhes completos registrados para ITUB4|ITUBT40 (Liquidez detectada)
src.infrastructure.providers.mercado_data_provider | DEBUG | RTD: preco_ativo ITUB4=42.01 forçado com sucesso
src.infrastructure.providers.mercado_data_provider | DEBUG | RTD: Detalhes completos registrados para BBDC4|BBDCV203 (Liquidez detectada)
src.infrastructure.providers.mercado_data_provider | DEBUG | RTD: preco_ativo BBDC4=18.38 forçado com sucesso
src.infrastructure.providers.mercado_data_provider | DEBUG | RTD: Detalhes completos registrados para BBAS3|BBASU251 (Liquidez detectada)
src.infrastructure.providers.mercado_data_provider | DEBUG | RTD: preco_ativo BBAS3=20.82 forçado com sucesso
src.infrastructure.providers.mercado_data_provider | DEBUG | RTD: Detalhes completos registrados para PETR4|PETRX39 (Liquidez detectada)
src.infrastructure.providers.mercado_data_provider | DEBUG | RTD: preco_ativo PETR4=41.93 forçado com sucesso
src.infrastructure.providers.mercado_data_provider | DEBUG | RTD: Detalhes completos registrados para PETR4|PETRU557 (Liquidez detectada)
src.infrastructure.providers.mercado_data_provider | DEBUG | RTD: preco_ativo PETR4=41.93 forçado com sucesso
src.infrastructure.providers.mercado_data_provider | DEBUG | RTD: Detalhes completos registrados para BBAS3|BBASW185 (Liquidez detectada)
src.infrastructure.providers.mercado_data_provider | DEBUG | RTD: preco_ativo BBAS3=20.82 forçado com sucesso
src.infrastructure.providers.mercado_data_provider | DEBUG | RTD: Detalhes completos registrados para ITUB4|ITUBT429W2 (Liquidez detectada)
src.infrastructure.providers.mercado_data_provider | DEBUG | RTD: preco_ativo ITUB4=42.01 forçado com sucesso
src.infrastructure.providers.mercado_data_provider | DEBUG | RTD: Detalhes completos registrados para BBDC3|BBDCT172 (Liquidez detectada)
src.infrastructure.providers.mercado_data_provider | DEBUG | RTD: preco_ativo BBDC3=16.03 forçado com sucesso
src.infrastructure.providers.mercado_data_provider | DEBUG | RTD: Detalhes completos registrados para TOTS3|TOTST242 (Liquidez detectada)
src.infrastructure.providers.mercado_data_provider | DEBUG | RTD: preco_ativo TOTS3=29.55 forçado com sucesso
src.infrastructure.providers.mercado_data_provider | DEBUG | RTD: Detalhes completos registrados para BBDC4|BBDCT126 (Liquidez detectada)
src.infrastructure.providers.mercado_data_provider | DEBUG | RTD: preco_ativo BBDC4=18.38 forçado com sucesso
src.infrastructure.providers.mercado_data_provider | DEBUG | RTD: Detalhes completos registrados para ECOR3|ECORU784 (Liquidez detectada)
src.infrastructure.providers.mercado_data_provider | DEBUG | RTD: preco_ativo ECOR3=6.89 forçado com sucesso
src.infrastructure.providers.mercado_data_provider | DEBUG | RTD: Detalhes completos registrados para CYRE3|CYRET204W2 (Liquidez detectada)
src.infrastructure.providers.mercado_data_provider | DEBUG | RTD: preco_ativo CYRE3=20.67 forçado com sucesso
src.infrastructure.providers.mercado_data_provider | DEBUG | RTD: Detalhes completos registrados para ABCB4|ABCBT210 (Liquidez detectada)
src.infrastructure.providers.mercado_data_provider | DEBUG | RTD: preco_ativo ABCB4=23.68 forçado com sucesso
src.infrastructure.providers.mercado_data_provider | DEBUG | RTD: Detalhes completos registrados para BRAP4|BRAPU257 (Liquidez detectada)
src.infrastructure.providers.mercado_data_provider | DEBUG | RTD: preco_ativo BRAP4=21.68 forçado com sucesso
src.infrastructure.providers.mercado_data_provider | DEBUG | RTD: Detalhes completos registrados para EGIE3|EGIET307W2 (Liquidez detectada)
src.infrastructure.providers.mercado_data_provider | DEBUG | RTD: preco_ativo EGIE3=29.41 forçado com sucesso
src.infrastructure.providers.mercado_data_provider | DEBUG | RTD: Detalhes completos registrados para PETR4|PETRU171 (Liquidez detectada)
src.infrastructure.providers.mercado_data_provider | DEBUG | RTD: preco_ativo PETR4=41.93 forçado com sucesso
src.infrastructure.providers.mercado_data_provider | DEBUG | RTD: Detalhes completos registrados para PETR3|PETRU385 (Liquidez detectada)
src.infrastructure.providers.mercado_data_provider | DEBUG | RTD: preco_ativo PETR3=47.42 forçado com sucesso
src.infrastructure.providers.mercado_data_provider | DEBUG | RTD: Detalhes completos registrados para HYPE3|HYPET178W1 (Liquidez detectada)
src.infrastructure.providers.mercado_data_provider | DEBUG | RTD: preco_ativo HYPE3=21.05 forçado com sucesso
src.infrastructure.providers.mercado_data_provider | DEBUG | RTD: Detalhes completos registrados para BRSR6|BRSRT129 (Liquidez detectada)
src.infrastructure.providers.mercado_data_provider | DEBUG | RTD: preco_ativo BRSR6=13.91 forçado com sucesso
src.infrastructure.providers.mercado_data_provider | DEBUG | RTD: Detalhes completos registrados para BRAV3|BRAVT280 (Liquidez detectada)
src.infrastructure.providers.mercado_data_provider | DEBUG | RTD: preco_ativo BRAV3=20.88 forçado com sucesso
src.infrastructure.providers.mercado_data_provider | DEBUG | RTD: Detalhes completos registrados para FLRY3|FLRYT177 (Liquidez detectada)
src.infrastructure.providers.mercado_data_provider | DEBUG | RTD: preco_ativo FLRY3=16.80 forçado com sucesso
src.infrastructure.providers.mercado_data_provider | DEBUG | RTD: Detalhes completos registrados para BBSE3|BBSET379 (Liquidez detectada)
src.infrastructure.providers.mercado_data_provider | DEBUG | RTD: preco_ativo BBSE3=41.16 forçado com sucesso
src.infrastructure.providers.mercado_data_provider | DEBUG | RTD: Detalhes completos registrados para MYPK3|MYPKU885 (Liquidez detectada)
src.infrastructure.providers.mercado_data_provider | DEBUG | RTD: preco_ativo MYPK3=9.43 forçado com sucesso
src.infrastructure.providers.mercado_data_provider | DEBUG | RTD: Detalhes completos registrados para ITUB4|ITUBX448 (Liquidez detectada)
src.infrastructure.providers.mercado_data_provider | DEBUG | RTD: preco_ativo ITUB4=42.01 forçado com sucesso
src.infrastructure.providers.mercado_data_provider | DEBUG | RTD: Detalhes completos registrados para CURY3|CURYT264 (Liquidez detectada)
src.infrastructure.providers.mercado_data_provider | DEBUG | RTD: preco_ativo CURY3=28.80 forçado com sucesso
src.infrastructure.providers.mercado_data_provider | DEBUG | RTD: Detalhes completos registrados para ITUB4|ITUBX400 (Liquidez detectada)
src.infrastructure.providers.mercado_data_provider | DEBUG | RTD: preco_ativo ITUB4=42.01 forçado com sucesso
src.infrastructure.providers.mercado_data_provider | DEBUG | RTD: Detalhes completos registrados para PETR4|PETRM439 (Liquidez detectada)
src.infrastructure.providers.mercado_data_provider | DEBUG | RTD: preco_ativo PETR4=41.93 forçado com sucesso
src.infrastructure.providers.mercado_data_provider | DEBUG | RTD: Detalhes completos registrados para ABEV3|ABEVU133 (Liquidez detectada)
src.infrastructure.providers.mercado_data_provider | DEBUG | RTD: preco_ativo ABEV3=16.03 forçado com sucesso
src.infrastructure.providers.mercado_data_provider | DEBUG | RTD: Detalhes completos registrados para RADL3|RADLT150W2 (Liquidez detectada)
src.infrastructure.providers.mercado_data_provider | DEBUG | RTD: preco_ativo RADL3=17.74 forçado com sucesso
src.infrastructure.providers.mercado_data_provider | DEBUG | RTD: Detalhes completos registrados para CVCB3|CVCBT125 (Liquidez detectada)
src.infrastructure.providers.mercado_data_provider | DEBUG | RTD: preco_ativo CVCB3=1.28 forçado com sucesso
src.infrastructure.providers.mercado_data_provider | DEBUG | RTD: Detalhes completos registrados para BBSE3|BBSEU426 (Liquidez detectada)
src.infrastructure.providers.mercado_data_provider | DEBUG | RTD: preco_ativo BBSE3=41.16 forçado com sucesso
src.infrastructure.providers.mercado_data_provider | DEBUG | RTD: Detalhes completos registrados para LREN3|LRENV168 (Liquidez detectada)
src.infrastructure.providers.mercado_data_provider | DEBUG | RTD: preco_ativo LREN3=13.38 forçado com sucesso
src.infrastructure.providers.mercado_data_provider | DEBUG | RTD: Detalhes completos registrados para CSNA3|CSNAU520 (Liquidez detectada)
src.infrastructure.providers.mercado_data_provider | DEBUG | RTD: preco_ativo CSNA3=5.28 forçado com sucesso
src.infrastructure.providers.mercado_data_provider | DEBUG | RTD: Detalhes completos registrados para PETR4|PETRU449 (Liquidez detectada)
src.infrastructure.providers.mercado_data_provider | DEBUG | RTD: preco_ativo PETR4=41.93 forçado com sucesso
src.infrastructure.providers.mercado_data_provider | DEBUG | RTD: Detalhes completos registrados para BBAS3|BBASW176 (Liquidez detectada)
src.infrastructure.providers.mercado_data_provider | DEBUG | RTD: preco_ativo BBAS3=20.82 forçado com sucesso
src.infrastructure.providers.mercado_data_provider | DEBUG | RTD: Detalhes completos registrados para ABCB4|ABCBT257 (Liquidez detectada)
src.infrastructure.providers.mercado_data_provider | DEBUG | RTD: preco_ativo ABCB4=23.68 forçado com sucesso
src.infrastructure.providers.mercado_data_provider | DEBUG | RTD: Detalhes completos registrados para CMIG4|CMIGT966W1 (Liquidez detectada)
src.infrastructure.providers.mercado_data_provider | DEBUG | RTD: preco_ativo CMIG4=11.10 forçado com sucesso
src.infrastructure.providers.mercado_data_provider | DEBUG | RTD: Detalhes completos registrados para BBAS3|BBAST208W2 (Liquidez detectada)
src.infrastructure.providers.mercado_data_provider | DEBUG | RTD: preco_ativo BBAS3=20.82 forçado com sucesso
src.infrastructure.providers.mercado_data_provider | DEBUG | RTD: Detalhes completos registrados para PETR4|PETRU4 (Liquidez detectada)
src.infrastructure.providers.mercado_data_provider | DEBUG | RTD: preco_ativo PETR4=41.93 forçado com sucesso
src.infrastructure.providers.mercado_data_provider | DEBUG | RTD: Detalhes completos registrados para ASAI3|ASAIT860 (Liquidez detectada)
src.infrastructure.providers.mercado_data_provider | DEBUG | RTD: preco_ativo ASAI3=8.21 forçado com sucesso
src.infrastructure.providers.mercado_data_provider | DEBUG | RTD: Detalhes completos registrados para EMBJ3|EMBJU733 (Liquidez detectada)
src.infrastructure.providers.mercado_data_provider | DEBUG | RTD: preco_ativo EMBJ3=86.64 forçado com sucesso
src.infrastructure.providers.mercado_data_provider | DEBUG | RTD: Detalhes completos registrados para MGLU3|MGLUU590 (Liquidez detectada)
src.infrastructure.providers.mercado_data_provider | DEBUG | RTD: preco_ativo MGLU3=4.76 forçado com sucesso
src.infrastructure.providers.mercado_data_provider | DEBUG | RTD: Detalhes completos registrados para GMAT3|GMATT339 (Liquidez detectada)
src.infrastructure.providers.mercado_data_provider | DEBUG | RTD: preco_ativo GMAT3=3.88 forçado com sucesso
src.infrastructure.providers.mercado_data_provider | DEBUG | RTD: Detalhes completos registrados para BEEF3|BEEFT552 (Liquidez detectada)
src.infrastructure.providers.mercado_data_provider | DEBUG | RTD: preco_ativo BEEF3=3.47 forçado com sucesso
src.infrastructure.providers.mercado_data_provider | DEBUG | RTD: Detalhes completos registrados para PETR4|PETRU136 (Liquidez detectada)
src.infrastructure.providers.mercado_data_provider | DEBUG | RTD: preco_ativo PETR4=41.93 forçado com sucesso
src.infrastructure.providers.mercado_data_provider | DEBUG | RTD: Detalhes completos registrados para PETR3|PETRT550 (Liquidez detectada)
src.infrastructure.providers.mercado_data_provider | DEBUG | RTD: preco_ativo PETR3=47.42 forçado com sucesso
src.infrastructure.providers.mercado_data_provider | DEBUG | RTD: Detalhes completos registrados para BBAS3|BBASX23 (Liquidez detectada)
src.infrastructure.providers.mercado_data_provider | DEBUG | RTD: preco_ativo BBAS3=20.82 forçado com sucesso
src.infrastructure.providers.mercado_data_provider | DEBUG | RTD: Detalhes completos registrados para GGBR4|GGBRU240 (Liquidez detectada)
src.infrastructure.providers.mercado_data_provider | DEBUG | RTD: preco_ativo GGBR4=24.82 forçado com sucesso
src.infrastructure.providers.mercado_data_provider | DEBUG | RTD: Detalhes completos registrados para BBSE3|BBSEX412 (Liquidez detectada)
src.infrastructure.providers.mercado_data_provider | DEBUG | RTD: preco_ativo BBSE3=41.16 forçado com sucesso
src.infrastructure.providers.mercado_data_provider | DEBUG | RTD: Detalhes completos registrados para HAPV3|HAPVT640 (Liquidez detectada)
src.infrastructure.providers.mercado_data_provider | DEBUG | RTD: preco_ativo HAPV3=10.51 forçado com sucesso
src.infrastructure.providers.mercado_data_provider | DEBUG | RTD: Detalhes completos registrados para LREN3|LRENU169 (Liquidez detectada)
src.infrastructure.providers.mercado_data_provider | DEBUG | RTD: preco_ativo LREN3=13.38 forçado com sucesso
src.infrastructure.providers.mercado_data_provider | DEBUG | RTD: Detalhes completos registrados para BBAS3|BBASX19 (Liquidez detectada)
src.infrastructure.providers.mercado_data_provider | DEBUG | RTD: preco_ativo BBAS3=20.82 forçado com sucesso
src.infrastructure.providers.mercado_data_provider | DEBUG | RTD: Detalhes completos registrados para PETR3|PETRU350 (Liquidez detectada)
src.infrastructure.providers.mercado_data_provider | DEBUG | RTD: preco_ativo PETR3=47.42 forçado com sucesso
src.infrastructure.providers.mercado_data_provider | DEBUG | RTD: Detalhes completos registrados para VALE3|VALET721W2 (Liquidez detectada)
src.infrastructure.providers.mercado_data_provider | DEBUG | RTD: preco_ativo VALE3=75.11 forçado com sucesso
src.infrastructure.providers.mercado_data_provider | DEBUG | RTD: Detalhes completos registrados para ISAE4|ISAEU225 (Liquidez detectada)
src.infrastructure.providers.mercado_data_provider | DEBUG | RTD: preco_ativo ISAE4=26.51 forçado com sucesso
src.infrastructure.providers.mercado_data_provider | DEBUG | RTD: Detalhes completos registrados para ITUB4|ITUBT425W1 (Liquidez detectada)
src.infrastructure.providers.mercado_data_provider | DEBUG | RTD: preco_ativo ITUB4=42.01 forçado com sucesso
src.infrastructure.providers.mercado_data_provider | DEBUG | RTD: Detalhes completos registrados para BBDC4|BBDCT134 (Liquidez detectada)
src.infrastructure.providers.mercado_data_provider | DEBUG | RTD: preco_ativo BBDC4=18.38 forçado com sucesso
src.infrastructure.providers.mercado_data_provider | DEBUG | RTD: Detalhes completos registrados para ITUB4|ITUBT415W1 (Liquidez detectada)
src.infrastructure.providers.mercado_data_provider | DEBUG | RTD: preco_ativo ITUB4=42.01 forçado com sucesso
src.infrastructure.providers.mercado_data_provider | DEBUG | RTD: Detalhes completos registrados para INTB3|INTBT143 (Liquidez detectada)
src.infrastructure.providers.mercado_data_provider | DEBUG | RTD: preco_ativo INTB3=13.48 forçado com sucesso
src.infrastructure.providers.mercado_data_provider | DEBUG | RTD: Detalhes completos registrados para ALPA4|ALPAT100 (Liquidez detectada)
src.infrastructure.providers.mercado_data_provider | DEBUG | RTD: preco_ativo ALPA4=11.52 forçado com sucesso
src.infrastructure.providers.mercado_data_provider | DEBUG | RTD: Detalhes completos registrados para BBAS3|BBAST178W2 (Liquidez detectada)
src.infrastructure.providers.mercado_data_provider | DEBUG | RTD: preco_ativo BBAS3=20.82 forçado com sucesso
src.infrastructure.providers.mercado_data_provider | DEBUG | RTD: Detalhes completos registrados para PETR4|PETRV251 (Liquidez detectada)
src.infrastructure.providers.mercado_data_provider | DEBUG | RTD: preco_ativo PETR4=41.93 forçado com sucesso
src.infrastructure.providers.mercado_data_provider | DEBUG | RTD: Detalhes completos registrados para PETR4|PETRT356W2 (Liquidez detectada)
src.infrastructure.providers.mercado_data_provider | DEBUG | RTD: preco_ativo PETR4=41.93 forçado com sucesso
src.infrastructure.providers.mercado_data_provider | DEBUG | RTD: Detalhes completos registrados para CSMG3|CSMGT488 (Liquidez detectada)
src.infrastructure.providers.mercado_data_provider | DEBUG | RTD: preco_ativo CSMG3=61.93 forçado com sucesso
src.infrastructure.providers.mercado_data_provider | DEBUG | RTD: Detalhes completos registrados para BBSE3|BBSEX36 (Liquidez detectada)
src.infrastructure.providers.mercado_data_provider | DEBUG | RTD: preco_ativo BBSE3=41.16 forçado com sucesso
src.infrastructure.providers.mercado_data_provider | DEBUG | RTD: Detalhes completos registrados para BPAC11|BPACT453 (Liquidez detectada)
src.infrastructure.providers.mercado_data_provider | DEBUG | RTD: preco_ativo BPAC11=55.03 forçado com sucesso
src.infrastructure.providers.mercado_data_provider | DEBUG | RTD: Detalhes completos registrados para RAIL3|RAILU953 (Liquidez detectada)
src.infrastructure.providers.mercado_data_provider | DEBUG | RTD: preco_ativo RAIL3=13.97 forçado com sucesso
src.infrastructure.providers.mercado_data_provider | DEBUG | RTD: Detalhes completos registrados para EMBJ3|EMBJT808W1 (Liquidez detectada)
src.infrastructure.providers.mercado_data_provider | DEBUG | RTD: preco_ativo EMBJ3=86.64 forçado com sucesso
src.infrastructure.providers.mercado_data_provider | DEBUG | RTD: Detalhes completos registrados para PETR4|PETRU274 (Liquidez detectada)
src.infrastructure.providers.mercado_data_provider | DEBUG | RTD: preco_ativo PETR4=41.93 forçado com sucesso
src.infrastructure.providers.mercado_data_provider | DEBUG | RTD: Detalhes completos registrados para CMIG4|CMIGT110W2 (Liquidez detectada)
src.infrastructure.providers.mercado_data_provider | DEBUG | RTD: preco_ativo CMIG4=11.10 forçado com sucesso
src.infrastructure.providers.mercado_data_provider | DEBUG | RTD: Detalhes completos registrados para MBRF3|MBRFU212 (Liquidez detectada)
src.infrastructure.providers.mercado_data_provider | DEBUG | RTD: preco_ativo MBRF3=16.59 forçado com sucesso
src.infrastructure.providers.mercado_data_provider | DEBUG | RTD: Detalhes completos registrados para RAIL3|RAILU993 (Liquidez detectada)
src.infrastructure.providers.mercado_data_provider | DEBUG | RTD: preco_ativo RAIL3=13.97 forçado com sucesso
src.infrastructure.providers.mercado_data_provider | DEBUG | RTD: Detalhes completos registrados para BBDC4|BBDCT179W1 (Liquidez detectada)
src.infrastructure.providers.mercado_data_provider | DEBUG | RTD: preco_ativo BBDC4=18.38 forçado com sucesso
src.infrastructure.providers.mercado_data_provider | DEBUG | RTD: Detalhes completos registrados para VBBR3|VBBRU342 (Liquidez detectada)
src.infrastructure.providers.mercado_data_provider | DEBUG | RTD: preco_ativo VBBR3=34.89 forçado com sucesso
src.infrastructure.providers.mercado_data_provider | DEBUG | RTD: Detalhes completos registrados para BBDC4|BBDCT171 (Liquidez detectada)
src.infrastructure.providers.mercado_data_provider | DEBUG | RTD: preco_ativo BBDC4=18.38 forçado com sucesso
src.infrastructure.providers.mercado_data_provider | DEBUG | RTD: Detalhes completos registrados para IRBR3|IRBRT536 (Liquidez detectada)
src.infrastructure.providers.mercado_data_provider | DEBUG | RTD: preco_ativo IRBR3=53.33 forçado com sucesso
src.infrastructure.providers.mercado_data_provider | DEBUG | RTD: Detalhes completos registrados para PETR4|PETRV357 (Liquidez detectada)
src.infrastructure.providers.mercado_data_provider | DEBUG | RTD: preco_ativo PETR4=41.93 forçado com sucesso
src.infrastructure.providers.mercado_data_provider | DEBUG | RTD: Detalhes completos registrados para MGLU3|MGLUT406 (Liquidez detectada)
src.infrastructure.providers.mercado_data_provider | DEBUG | RTD: preco_ativo MGLU3=4.76 forçado com sucesso
src.infrastructure.providers.mercado_data_provider | DEBUG | RTD: Detalhes completos registrados para MULT3|MULTU274 (Liquidez detectada)
src.infrastructure.providers.mercado_data_provider | DEBUG | RTD: preco_ativo MULT3=27.63 forçado com sucesso
src.infrastructure.providers.mercado_data_provider | DEBUG | RTD: Detalhes completos registrados para MGLU3|MGLUU520 (Liquidez detectada)
src.infrastructure.providers.mercado_data_provider | DEBUG | RTD: preco_ativo MGLU3=4.76 forçado com sucesso
src.infrastructure.providers.mercado_data_provider | DEBUG | RTD: Detalhes completos registrados para PSSA3|PSSAT453 (Liquidez detectada)
src.infrastructure.providers.mercado_data_provider | DEBUG | RTD: preco_ativo PSSA3=53.59 forçado com sucesso
src.infrastructure.providers.mercado_data_provider | DEBUG | RTD: Detalhes completos registrados para ITUB4|ITUBV413 (Liquidez detectada)
src.infrastructure.providers.mercado_data_provider | DEBUG | RTD: preco_ativo ITUB4=42.01 forçado com sucesso
src.infrastructure.providers.mercado_data_provider | DEBUG | RTD: Detalhes completos registrados para PETR4|PETRT317 (Liquidez detectada)
src.infrastructure.providers.mercado_data_provider | DEBUG | RTD: preco_ativo PETR4=41.93 forçado com sucesso
src.infrastructure.providers.mercado_data_provider | DEBUG | RTD: Detalhes completos registrados para USIM5|USIMU135 (Liquidez detectada)
src.infrastructure.providers.mercado_data_provider | DEBUG | RTD: preco_ativo USIM5=8.25 forçado com sucesso
src.infrastructure.providers.mercado_data_provider | DEBUG | RTD: Detalhes completos registrados para BBAS3|BBASV11 (Liquidez detectada)
src.infrastructure.providers.mercado_data_provider | DEBUG | RTD: preco_ativo BBAS3=20.82 forçado com sucesso
src.infrastructure.providers.mercado_data_provider | DEBUG | RTD: Detalhes completos registrados para BBAS3|BBASV980 (Liquidez detectada)
src.infrastructure.providers.mercado_data_provider | DEBUG | RTD: preco_ativo BBAS3=20.82 forçado com sucesso
src.infrastructure.providers.mercado_data_provider | DEBUG | RTD: Detalhes completos registrados para VALE3|VALET399 (Liquidez detectada)
src.infrastructure.providers.mercado_data_provider | DEBUG | RTD: preco_ativo VALE3=75.11 forçado com sucesso
src.infrastructure.providers.mercado_data_provider | DEBUG | RTD: Detalhes completos registrados para CSNA3|CSNAV470 (Liquidez detectada)
src.infrastructure.providers.mercado_data_provider | DEBUG | RTD: preco_ativo CSNA3=5.28 forçado com sucesso
src.infrastructure.providers.mercado_data_provider | DEBUG | RTD: Detalhes completos registrados para MRVE3|MRVEV520 (Liquidez detectada)
src.infrastructure.providers.mercado_data_provider | DEBUG | RTD: preco_ativo MRVE3=4.56 forçado com sucesso
src.infrastructure.providers.mercado_data_provider | DEBUG | RTD: Detalhes completos registrados para BEEF3|BEEFT306W1 (Liquidez detectada)
src.infrastructure.providers.mercado_data_provider | DEBUG | RTD: preco_ativo BEEF3=3.47 forçado com sucesso
src.infrastructure.providers.mercado_data_provider | DEBUG | RTD: Detalhes completos registrados para PNVL3|PNVLU130 (Liquidez detectada)
src.infrastructure.providers.mercado_data_provider | DEBUG | RTD: preco_ativo PNVL3=11.46 forçado com sucesso
src.infrastructure.providers.mercado_data_provider | DEBUG | RTD: Detalhes completos registrados para BBDC4|BBDCU154 (Liquidez detectada)
src.infrastructure.providers.mercado_data_provider | DEBUG | RTD: preco_ativo BBDC4=18.38 forçado com sucesso
src.infrastructure.providers.mercado_data_provider | DEBUG | RTD: Detalhes completos registrados para CSNA3|CSNAT547 (Liquidez detectada)
src.infrastructure.providers.mercado_data_provider | DEBUG | RTD: preco_ativo CSNA3=5.28 forçado com sucesso
src.infrastructure.providers.mercado_data_provider | DEBUG | RTD: Detalhes completos registrados para ITUB4|ITUBV367 (Liquidez detectada)
src.infrastructure.providers.mercado_data_provider | DEBUG | RTD: preco_ativo ITUB4=42.01 forçado com sucesso
src.infrastructure.providers.mercado_data_provider | DEBUG | RTD: Detalhes completos registrados para ABEV3|ABEVU135 (Liquidez detectada)
src.infrastructure.providers.mercado_data_provider | DEBUG | RTD: preco_ativo ABEV3=16.03 forçado com sucesso
src.infrastructure.providers.mercado_data_provider | DEBUG | RTD: Detalhes completos registrados para EMBJ3|EMBJT723W2 (Liquidez detectada)
src.infrastructure.providers.mercado_data_provider | DEBUG | RTD: preco_ativo EMBJ3=86.64 forçado com sucesso
src.infrastructure.providers.mercado_data_provider | DEBUG | RTD: Detalhes completos registrados para CVCB3|CVCBU110 (Liquidez detectada)
src.infrastructure.providers.mercado_data_provider | DEBUG | RTD: preco_ativo CVCB3=1.28 forçado com sucesso
src.infrastructure.providers.mercado_data_provider | DEBUG | RTD: Detalhes completos registrados para BBDC4|BBDCV148 (Liquidez detectada)
src.infrastructure.providers.mercado_data_provider | DEBUG | RTD: preco_ativo BBDC4=18.38 forçado com sucesso
src.infrastructure.providers.mercado_data_provider | DEBUG | RTD: Detalhes completos registrados para BRKM5|BRKMU740 (Liquidez detectada)
src.infrastructure.providers.mercado_data_provider | DEBUG | RTD: preco_ativo BRKM5=6.12 forçado com sucesso
src.infrastructure.providers.mercado_data_provider | DEBUG | RTD: Detalhes completos registrados para HAPV3|HAPVU102 (Liquidez detectada)
src.infrastructure.providers.mercado_data_provider | DEBUG | RTD: preco_ativo HAPV3=10.51 forçado com sucesso
src.infrastructure.providers.mercado_data_provider | DEBUG | RTD: Detalhes completos registrados para PETR3|PETRT52 (Liquidez detectada)
src.infrastructure.providers.mercado_data_provider | DEBUG | RTD: preco_ativo PETR3=47.42 forçado com sucesso
src.infrastructure.providers.mercado_data_provider | DEBUG | RTD: Detalhes completos registrados para BPAC11|BPACU474 (Liquidez detectada)
src.infrastructure.providers.mercado_data_provider | DEBUG | RTD: preco_ativo BPAC11=55.03 forçado com sucesso
src.infrastructure.providers.mercado_data_provider | DEBUG | RTD: Detalhes completos registrados para CSNA3|CSNAT837 (Liquidez detectada)
src.infrastructure.providers.mercado_data_provider | DEBUG | RTD: preco_ativo CSNA3=5.28 forçado com sucesso
src.infrastructure.providers.mercado_data_provider | DEBUG | RTD: Detalhes completos registrados para RAIL3|RAILU102 (Liquidez detectada)
src.infrastructure.providers.mercado_data_provider | DEBUG | RTD: preco_ativo RAIL3=13.97 forçado com sucesso
src.infrastructure.providers.mercado_data_provider | DEBUG | RTD: Detalhes completos registrados para BPAC11|BPACU409 (Liquidez detectada)
src.infrastructure.providers.mercado_data_provider | DEBUG | RTD: preco_ativo BPAC11=55.03 forçado com sucesso
src.infrastructure.providers.mercado_data_provider | DEBUG | RTD: Detalhes completos registrados para BBAS3|BBASV260 (Liquidez detectada)
src.infrastructure.providers.mercado_data_provider | DEBUG | RTD: preco_ativo BBAS3=20.82 forçado com sucesso
src.infrastructure.providers.mercado_data_provider | DEBUG | RTD: Detalhes completos registrados para PETR4|PETRU322 (Liquidez detectada)
src.infrastructure.providers.mercado_data_provider | DEBUG | RTD: preco_ativo PETR4=41.93 forçado com sucesso
src.infrastructure.providers.mercado_data_provider | DEBUG | RTD: Detalhes completos registrados para PETR3|PETRV467 (Liquidez detectada)
src.infrastructure.providers.mercado_data_provider | DEBUG | RTD: preco_ativo PETR3=47.42 forçado com sucesso
src.infrastructure.providers.mercado_data_provider | DEBUG | RTD: Detalhes completos registrados para ITSA4|ITSAT113 (Liquidez detectada)
src.infrastructure.providers.mercado_data_provider | DEBUG | RTD: preco_ativo ITSA4=13.53 forçado com sucesso
src.infrastructure.providers.mercado_data_provider | DEBUG | RTD: Detalhes completos registrados para BBAS3|BBASM281 (Liquidez detectada)
src.infrastructure.providers.mercado_data_provider | DEBUG | RTD: preco_ativo BBAS3=20.82 forçado com sucesso
src.infrastructure.providers.mercado_data_provider | DEBUG | RTD: Detalhes completos registrados para EMBJ3|EMBJU713 (Liquidez detectada)
src.infrastructure.providers.mercado_data_provider | DEBUG | RTD: preco_ativo EMBJ3=86.64 forçado com sucesso
src.infrastructure.providers.mercado_data_provider | DEBUG | RTD: Detalhes completos registrados para PRIO3|PRIOT530W1 (Liquidez detectada)
src.infrastructure.providers.mercado_data_provider | DEBUG | RTD: preco_ativo PRIO3=58.28 forçado com sucesso
src.infrastructure.providers.mercado_data_provider | DEBUG | RTD: Detalhes completos registrados para BBAS3|BBAST240 (Liquidez detectada)
src.infrastructure.providers.mercado_data_provider | DEBUG | RTD: preco_ativo BBAS3=20.82 forçado com sucesso
src.infrastructure.providers.mercado_data_provider | DEBUG | RTD: Detalhes completos registrados para PRIO3|PRIOT465 (Liquidez detectada)
src.infrastructure.providers.mercado_data_provider | DEBUG | RTD: preco_ativo PRIO3=58.28 forçado com sucesso
src.infrastructure.providers.mercado_data_provider | DEBUG | RTD: Detalhes completos registrados para PETR3|PETRU365 (Liquidez detectada)
src.infrastructure.providers.mercado_data_provider | DEBUG | RTD: preco_ativo PETR3=47.42 forçado com sucesso
src.infrastructure.providers.mercado_data_provider | DEBUG | RTD: Detalhes completos registrados para BBAS3|BBASX165 (Liquidez detectada)
src.infrastructure.providers.mercado_data_provider | DEBUG | RTD: preco_ativo BBAS3=20.82 forçado com sucesso
src.infrastructure.providers.mercado_data_provider | DEBUG | RTD: Detalhes completos registrados para PNVL3|PNVLU931 (Liquidez detectada)
src.infrastructure.providers.mercado_data_provider | DEBUG | RTD: preco_ativo PNVL3=11.46 forçado com sucesso
src.infrastructure.providers.mercado_data_provider | DEBUG | RTD: Detalhes completos registrados para GOAU4|GOAUU925 (Liquidez detectada)
src.infrastructure.providers.mercado_data_provider | DEBUG | RTD: preco_ativo GOAU4=10.75 forçado com sucesso
src.infrastructure.providers.mercado_data_provider | DEBUG | RTD: Detalhes completos registrados para B3SA3|B3SAU162 (Liquidez detectada)
src.infrastructure.providers.mercado_data_provider | DEBUG | RTD: preco_ativo B3SA3=15.47 forçado com sucesso
src.infrastructure.providers.mercado_data_provider | DEBUG | RTD: Detalhes completos registrados para ISAE4|ISAET224 (Liquidez detectada)
src.infrastructure.providers.mercado_data_provider | DEBUG | RTD: preco_ativo ISAE4=26.51 forçado com sucesso
src.infrastructure.providers.mercado_data_provider | DEBUG | RTD: Detalhes completos registrados para PETR4|PETRT258W1 (Liquidez detectada)
src.infrastructure.providers.mercado_data_provider | DEBUG | RTD: preco_ativo PETR4=41.93 forçado com sucesso
src.infrastructure.providers.mercado_data_provider | DEBUG | RTD: Detalhes completos registrados para GGBR4|GGBRT240 (Liquidez detectada)
src.infrastructure.providers.mercado_data_provider | DEBUG | RTD: preco_ativo GGBR4=24.82 forçado com sucesso
src.infrastructure.providers.mercado_data_provider | DEBUG | RTD: Detalhes completos registrados para BBAS3|BBASV240 (Liquidez detectada)
src.infrastructure.providers.mercado_data_provider | DEBUG | RTD: preco_ativo BBAS3=20.82 forçado com sucesso
src.infrastructure.providers.mercado_data_provider | DEBUG | RTD: Detalhes completos registrados para CMIN3|CMINW471 (Liquidez detectada)
src.infrastructure.providers.mercado_data_provider | DEBUG | RTD: preco_ativo CMIN3=5.91 forçado com sucesso
src.infrastructure.providers.mercado_data_provider | DEBUG | RTD: Detalhes completos registrados para BRAP4|BRAPT232 (Liquidez detectada)
src.infrastructure.providers.mercado_data_provider | DEBUG | RTD: preco_ativo BRAP4=21.68 forçado com sucesso
src.infrastructure.providers.mercado_data_provider | DEBUG | RTD: Detalhes completos registrados para GRND3|GRNDT370 (Liquidez detectada)
src.infrastructure.providers.mercado_data_provider | DEBUG | RTD: preco_ativo GRND3=3.68 forçado com sucesso
src.infrastructure.providers.mercado_data_provider | DEBUG | RTD: Detalhes completos registrados para ISAE4|ISAEU240 (Liquidez detectada)
src.infrastructure.providers.mercado_data_provider | DEBUG | RTD: preco_ativo ISAE4=26.51 forçado com sucesso
src.infrastructure.providers.mercado_data_provider | DEBUG | RTD: Detalhes completos registrados para PETR4|PETRV468 (Liquidez detectada)
src.infrastructure.providers.mercado_data_provider | DEBUG | RTD: preco_ativo PETR4=41.93 forçado com sucesso
src.infrastructure.providers.mercado_data_provider | DEBUG | RTD: Detalhes completos registrados para EMBJ3|EMBJT930W2 (Liquidez detectada)
src.infrastructure.providers.mercado_data_provider | DEBUG | RTD: preco_ativo EMBJ3=86.64 forçado com sucesso
src.infrastructure.providers.mercado_data_provider | DEBUG | RTD: Detalhes completos registrados para BMOB3|BMOBU218 (Liquidez detectada)
src.infrastructure.providers.mercado_data_provider | DEBUG | RTD: preco_ativo BMOB3=22.83 forçado com sucesso
src.infrastructure.providers.mercado_data_provider | DEBUG | RTD: Detalhes completos registrados para CVCB3|CVCBT145 (Liquidez detectada)
src.infrastructure.providers.mercado_data_provider | DEBUG | RTD: preco_ativo CVCB3=1.28 forçado com sucesso
src.infrastructure.providers.mercado_data_provider | DEBUG | RTD: Detalhes completos registrados para MOVI3|MOVIU833 (Liquidez detectada)
src.infrastructure.providers.mercado_data_provider | DEBUG | RTD: preco_ativo MOVI3=7.85 forçado com sucesso
src.infrastructure.providers.mercado_data_provider | DEBUG | RTD: Detalhes completos registrados para CEAB3|CEABU742 (Liquidez detectada)
src.infrastructure.providers.mercado_data_provider | DEBUG | RTD: preco_ativo CEAB3=9.17 forçado com sucesso
src.infrastructure.providers.mercado_data_provider | DEBUG | RTD: Detalhes completos registrados para CMIN3|CMINU431 (Liquidez detectada)
src.infrastructure.providers.mercado_data_provider | DEBUG | RTD: preco_ativo CMIN3=5.91 forçado com sucesso
src.infrastructure.providers.mercado_data_provider | DEBUG | RTD: Detalhes completos registrados para DIRR3|DIRRT998 (Liquidez detectada)
src.infrastructure.providers.mercado_data_provider | DEBUG | RTD: preco_ativo DIRR3=11.10 forçado com sucesso
src.infrastructure.providers.mercado_data_provider | DEBUG | RTD: Detalhes completos registrados para EMBJ3|EMBJX703 (Liquidez detectada)
src.infrastructure.providers.mercado_data_provider | DEBUG | RTD: preco_ativo EMBJ3=86.64 forçado com sucesso
src.infrastructure.providers.mercado_data_provider | DEBUG | RTD: Detalhes completos registrados para CMIN3|CMINT501 (Liquidez detectada)
src.infrastructure.providers.mercado_data_provider | DEBUG | RTD: preco_ativo CMIN3=5.91 forçado com sucesso
src.infrastructure.providers.mercado_data_provider | DEBUG | RTD: Detalhes completos registrados para JHSF3|JHSFT778 (Liquidez detectada)
src.infrastructure.providers.mercado_data_provider | DEBUG | RTD: preco_ativo JHSF3=10.67 forçado com sucesso
src.infrastructure.providers.mercado_data_provider | DEBUG | RTD: Detalhes completos registrados para ITUB4|ITUBU432 (Liquidez detectada)
src.infrastructure.providers.mercado_data_provider | DEBUG | RTD: preco_ativo ITUB4=42.01 forçado com sucesso
src.infrastructure.providers.mercado_data_provider | DEBUG | RTD: Detalhes completos registrados para BBSE3|BBSEW404 (Liquidez detectada)
src.infrastructure.providers.mercado_data_provider | DEBUG | RTD: preco_ativo BBSE3=41.16 forçado com sucesso
src.infrastructure.providers.mercado_data_provider | DEBUG | RTD: Detalhes completos registrados para CSAN3|CSANT355 (Liquidez detectada)
src.infrastructure.providers.mercado_data_provider | DEBUG | RTD: preco_ativo CSAN3=3.92 forçado com sucesso
src.infrastructure.providers.mercado_data_provider | DEBUG | RTD: Detalhes completos registrados para BBAS3|BBASX164 (Liquidez detectada)
src.infrastructure.providers.mercado_data_provider | DEBUG | RTD: preco_ativo BBAS3=20.82 forçado com sucesso
src.infrastructure.providers.mercado_data_provider | DEBUG | RTD: Detalhes completos registrados para ISAE4|ISAEU270 (Liquidez detectada)
src.infrastructure.providers.mercado_data_provider | DEBUG | RTD: preco_ativo ISAE4=26.51 forçado com sucesso
src.infrastructure.providers.mercado_data_provider | DEBUG | RTD: Detalhes completos registrados para EMBJ3|EMBJU523 (Liquidez detectada)
src.infrastructure.providers.mercado_data_provider | DEBUG | RTD: preco_ativo EMBJ3=86.64 forçado com sucesso
src.infrastructure.providers.mercado_data_provider | DEBUG | RTD: Detalhes completos registrados para ALOS3|ALOSU206 (Liquidez detectada)
src.infrastructure.providers.mercado_data_provider | DEBUG | RTD: preco_ativo ALOS3=26.52 forçado com sucesso
src.infrastructure.providers.mercado_data_provider | DEBUG | RTD: Detalhes completos registrados para EQTL3|EQTLT384 (Liquidez detectada)
src.infrastructure.providers.mercado_data_provider | DEBUG | RTD: preco_ativo EQTL3=38.00 forçado com sucesso
src.infrastructure.providers.mercado_data_provider | DEBUG | RTD: Detalhes completos registrados para EMBJ3|EMBJT670W1 (Liquidez detectada)
src.infrastructure.providers.mercado_data_provider | DEBUG | RTD: preco_ativo EMBJ3=86.64 forçado com sucesso
src.infrastructure.providers.mercado_data_provider | DEBUG | RTD: Detalhes completos registrados para PETR4|PETRV413 (Liquidez detectada)
src.infrastructure.providers.mercado_data_provider | DEBUG | RTD: preco_ativo PETR4=41.93 forçado com sucesso
src.infrastructure.providers.mercado_data_provider | DEBUG | RTD: Detalhes completos registrados para PRIO3|PRIOT585 (Liquidez detectada)
src.infrastructure.providers.mercado_data_provider | DEBUG | RTD: preco_ativo PRIO3=58.28 forçado com sucesso
src.infrastructure.providers.mercado_data_provider | DEBUG | RTD: Detalhes completos registrados para CURY3|CURYT259 (Liquidez detectada)
src.infrastructure.providers.mercado_data_provider | DEBUG | RTD: preco_ativo CURY3=28.80 forçado com sucesso
src.infrastructure.providers.mercado_data_provider | DEBUG | RTD: Detalhes completos registrados para BEEF3|BEEFV326 (Liquidez detectada)
src.infrastructure.providers.mercado_data_provider | DEBUG | RTD: preco_ativo BEEF3=3.47 forçado com sucesso
src.infrastructure.providers.mercado_data_provider | DEBUG | RTD: Detalhes completos registrados para BBAS3|BBASU236 (Liquidez detectada)
src.infrastructure.providers.mercado_data_provider | DEBUG | RTD: preco_ativo BBAS3=20.82 forçado com sucesso
src.infrastructure.providers.mercado_data_provider | DEBUG | RTD: Detalhes completos registrados para POSI3|POSIT275 (Liquidez detectada)
src.infrastructure.providers.mercado_data_provider | DEBUG | RTD: preco_ativo POSI3=3.56 forçado com sucesso
src.infrastructure.providers.mercado_data_provider | DEBUG | RTD: Detalhes completos registrados para EMBJ3|EMBJU375 (Liquidez detectada)
src.infrastructure.providers.mercado_data_provider | DEBUG | RTD: preco_ativo EMBJ3=86.64 forçado com sucesso
src.infrastructure.providers.mercado_data_provider | DEBUG | RTD: Detalhes completos registrados para BBAS3|BBASU154 (Liquidez detectada)
src.infrastructure.providers.mercado_data_provider | DEBUG | RTD: preco_ativo BBAS3=20.82 forçado com sucesso
src.infrastructure.providers.mercado_data_provider | DEBUG | RTD: Detalhes completos registrados para EMBJ3|EMBJT540 (Liquidez detectada)
src.infrastructure.providers.mercado_data_provider | DEBUG | RTD: preco_ativo EMBJ3=86.64 forçado com sucesso
src.infrastructure.providers.mercado_data_provider | DEBUG | RTD: Detalhes completos registrados para VAMO3|VAMOU256 (Liquidez detectada)
src.infrastructure.providers.mercado_data_provider | DEBUG | RTD: preco_ativo VAMO3=3.27 forçado com sucesso
src.infrastructure.providers.mercado_data_provider | DEBUG | RTD: Detalhes completos registrados para GGBR4|GGBRT210 (Liquidez detectada)
src.infrastructure.providers.mercado_data_provider | DEBUG | RTD: preco_ativo GGBR4=24.82 forçado com sucesso
src.infrastructure.providers.mercado_data_provider | DEBUG | RTD: Detalhes completos registrados para EMBJ3|EMBJT365 (Liquidez detectada)
src.infrastructure.providers.mercado_data_provider | DEBUG | RTD: preco_ativo EMBJ3=86.64 forçado com sucesso
src.infrastructure.providers.mercado_data_provider | DEBUG | RTD: Detalhes completos registrados para PETR4|PETRV362 (Liquidez detectada)
src.infrastructure.providers.mercado_data_provider | DEBUG | RTD: preco_ativo PETR4=41.93 forçado com sucesso
src.infrastructure.providers.mercado_data_provider | DEBUG | RTD: Detalhes completos registrados para BBDC4|BBDCU211 (Liquidez detectada)
src.infrastructure.providers.mercado_data_provider | DEBUG | RTD: preco_ativo BBDC4=18.38 forçado com sucesso
src.infrastructure.providers.mercado_data_provider | DEBUG | RTD: Detalhes completos registrados para ALOS3|ALOST219 (Liquidez detectada)
src.infrastructure.providers.mercado_data_provider | DEBUG | RTD: preco_ativo ALOS3=26.52 forçado com sucesso
src.infrastructure.providers.mercado_data_provider | DEBUG | RTD: Detalhes completos registrados para AXIA3|AXIAV500 (Liquidez detectada)
src.infrastructure.providers.mercado_data_provider | DEBUG | RTD: preco_ativo AXIA3=51.42 forçado com sucesso
src.infrastructure.providers.mercado_data_provider | DEBUG | RTD: Detalhes completos registrados para PETR4|PETRW402 (Liquidez detectada)
src.infrastructure.providers.mercado_data_provider | DEBUG | RTD: preco_ativo PETR4=41.93 forçado com sucesso
src.infrastructure.providers.mercado_data_provider | DEBUG | RTD: Detalhes completos registrados para BBDC3|BBDCV23 (Liquidez detectada)
src.infrastructure.providers.mercado_data_provider | DEBUG | RTD: preco_ativo BBDC3=16.03 forçado com sucesso
src.infrastructure.providers.mercado_data_provider | DEBUG | RTD: Detalhes completos registrados para ABEV3|ABEVT187 (Liquidez detectada)
src.infrastructure.providers.mercado_data_provider | DEBUG | RTD: preco_ativo ABEV3=16.03 forçado com sucesso
src.infrastructure.providers.mercado_data_provider | DEBUG | RTD: Detalhes completos registrados para RAIL3|RAILU873 (Liquidez detectada)
src.infrastructure.providers.mercado_data_provider | DEBUG | RTD: preco_ativo RAIL3=13.97 forçado com sucesso
src.infrastructure.providers.mercado_data_provider | DEBUG | RTD: Detalhes completos registrados para PETR4|PETRU383W1 (Liquidez detectada)
src.infrastructure.providers.mercado_data_provider | DEBUG | RTD: preco_ativo PETR4=41.93 forçado com sucesso
src.infrastructure.providers.mercado_data_provider | DEBUG | RTD: Detalhes completos registrados para ENGI11|ENGIT491 (Liquidez detectada)
src.infrastructure.providers.mercado_data_provider | DEBUG | RTD: preco_ativo ENGI11=49.01 forçado com sucesso
src.infrastructure.providers.mercado_data_provider | DEBUG | RTD: Detalhes completos registrados para BPAC11|BPACU406 (Liquidez detectada)
src.infrastructure.providers.mercado_data_provider | DEBUG | RTD: preco_ativo BPAC11=55.03 forçado com sucesso
src.infrastructure.providers.mercado_data_provider | DEBUG | RTD: Detalhes completos registrados para EMBJ3|EMBJU908 (Liquidez detectada)
src.infrastructure.providers.mercado_data_provider | DEBUG | RTD: preco_ativo EMBJ3=86.64 forçado com sucesso
src.infrastructure.providers.mercado_data_provider | DEBUG | RTD: Detalhes completos registrados para INTB3|INTBU136 (Liquidez detectada)
src.infrastructure.providers.mercado_data_provider | DEBUG | RTD: preco_ativo INTB3=13.48 forçado com sucesso
src.infrastructure.providers.mercado_data_provider | DEBUG | RTD: Detalhes completos registrados para PETR4|PETRT248W1 (Liquidez detectada)
src.infrastructure.providers.mercado_data_provider | DEBUG | RTD: preco_ativo PETR4=41.93 forçado com sucesso
src.infrastructure.providers.mercado_data_provider | DEBUG | RTD: Detalhes completos registrados para HAPV3|HAPVT960W2 (Liquidez detectada)
src.infrastructure.providers.mercado_data_provider | DEBUG | RTD: preco_ativo HAPV3=10.51 forçado com sucesso
src.infrastructure.providers.mercado_data_provider | DEBUG | RTD: Detalhes completos registrados para BRAP4|BRAPU202 (Liquidez detectada)
src.infrastructure.providers.mercado_data_provider | DEBUG | RTD: preco_ativo BRAP4=21.68 forçado com sucesso
src.infrastructure.providers.mercado_data_provider | DEBUG | RTD: Detalhes completos registrados para MGLU3|MGLUT45 (Liquidez detectada)
src.infrastructure.providers.mercado_data_provider | DEBUG | RTD: preco_ativo MGLU3=4.76 forçado com sucesso
src.infrastructure.providers.mercado_data_provider | DEBUG | RTD: Detalhes completos registrados para PRIO3|PRIOT520W2 (Liquidez detectada)
src.infrastructure.providers.mercado_data_provider | DEBUG | RTD: preco_ativo PRIO3=58.28 forçado com sucesso
src.infrastructure.providers.mercado_data_provider | DEBUG | RTD: Detalhes completos registrados para JHSF3|JHSFT115 (Liquidez detectada)
src.infrastructure.providers.mercado_data_provider | DEBUG | RTD: preco_ativo JHSF3=10.67 forçado com sucesso
src.infrastructure.providers.mercado_data_provider | DEBUG | RTD: Detalhes completos registrados para BBAS3|BBASU225 (Liquidez detectada)
src.infrastructure.providers.mercado_data_provider | DEBUG | RTD: preco_ativo BBAS3=20.82 forçado com sucesso
src.infrastructure.providers.mercado_data_provider | DEBUG | RTD: Detalhes completos registrados para IGTI11|IGTIT201 (Liquidez detectada)
src.infrastructure.providers.mercado_data_provider | DEBUG | RTD: preco_ativo IGTI11=24.53 forçado com sucesso
src.infrastructure.providers.mercado_data_provider | DEBUG | RTD: Detalhes completos registrados para BPAC11|BPACT481W2 (Liquidez detectada)
src.infrastructure.providers.mercado_data_provider | DEBUG | RTD: preco_ativo BPAC11=55.03 forçado com sucesso
src.infrastructure.providers.mercado_data_provider | DEBUG | RTD: Detalhes completos registrados para CVCB3|CVCBU100 (Liquidez detectada)
src.infrastructure.providers.mercado_data_provider | DEBUG | RTD: preco_ativo CVCB3=1.28 forçado com sucesso
src.infrastructure.providers.mercado_data_provider | DEBUG | RTD: Detalhes completos registrados para BBAS3|BBAST166W2 (Liquidez detectada)
src.infrastructure.providers.mercado_data_provider | DEBUG | RTD: preco_ativo BBAS3=20.82 forçado com sucesso
src.infrastructure.providers.mercado_data_provider | DEBUG | RTD: Detalhes completos registrados para IGTI11|IGTIT214 (Liquidez detectada)
src.infrastructure.providers.mercado_data_provider | DEBUG | RTD: preco_ativo IGTI11=24.53 forçado com sucesso
src.infrastructure.providers.mercado_data_provider | DEBUG | RTD: Detalhes completos registrados para ITUB4|ITUBV438 (Liquidez detectada)
src.infrastructure.providers.mercado_data_provider | DEBUG | RTD: preco_ativo ITUB4=42.01 forçado com sucesso
src.infrastructure.providers.mercado_data_provider | DEBUG | RTD: Detalhes completos registrados para USIM5|USIMT874W2 (Liquidez detectada)
src.infrastructure.providers.mercado_data_provider | DEBUG | RTD: preco_ativo USIM5=8.25 forçado com sucesso
src.infrastructure.providers.mercado_data_provider | DEBUG | RTD: Detalhes completos registrados para ALOS3|ALOSX242 (Liquidez detectada)
src.infrastructure.providers.mercado_data_provider | DEBUG | RTD: preco_ativo ALOS3=26.52 forçado com sucesso
src.infrastructure.providers.mercado_data_provider | DEBUG | RTD: Detalhes completos registrados para EQTL3|EQTLU349 (Liquidez detectada)
src.infrastructure.providers.mercado_data_provider | DEBUG | RTD: preco_ativo EQTL3=38.00 forçado com sucesso
src.infrastructure.providers.mercado_data_provider | DEBUG | RTD: Detalhes completos registrados para LREN3|LRENT136W2 (Liquidez detectada)
src.infrastructure.providers.mercado_data_provider | DEBUG | RTD: preco_ativo LREN3=13.38 forçado com sucesso
src.infrastructure.providers.mercado_data_provider | DEBUG | RTD: Detalhes completos registrados para PRIO3|PRIOU635 (Liquidez detectada)
src.infrastructure.providers.mercado_data_provider | DEBUG | RTD: preco_ativo PRIO3=58.28 forçado com sucesso
src.infrastructure.providers.mercado_data_provider | DEBUG | RTD: Detalhes completos registrados para ANIM3|ANIMT20 (Liquidez detectada)
src.infrastructure.providers.mercado_data_provider | DEBUG | RTD: preco_ativo ANIM3=2.23 forçado com sucesso
src.infrastructure.providers.mercado_data_provider | DEBUG | RTD: Detalhes completos registrados para BBAS3|BBAST135 (Liquidez detectada)
src.infrastructure.providers.mercado_data_provider | DEBUG | RTD: preco_ativo BBAS3=20.82 forçado com sucesso
src.infrastructure.providers.mercado_data_provider | DEBUG | RTD: Detalhes completos registrados para IRBR3|IRBRT543 (Liquidez detectada)
src.infrastructure.providers.mercado_data_provider | DEBUG | RTD: preco_ativo IRBR3=53.33 forçado com sucesso
src.infrastructure.providers.mercado_data_provider | DEBUG | RTD: Detalhes completos registrados para MTRE3|MTREU299 (Liquidez detectada)
src.infrastructure.providers.mercado_data_provider | DEBUG | RTD: preco_ativo MTRE3=2.88 forçado com sucesso
src.infrastructure.providers.mercado_data_provider | DEBUG | RTD: Detalhes completos registrados para BRAV3|BRAVT148 (Liquidez detectada)
src.infrastructure.providers.mercado_data_provider | DEBUG | RTD: preco_ativo BRAV3=20.88 forçado com sucesso
src.infrastructure.providers.mercado_data_provider | DEBUG | RTD: Detalhes completos registrados para BRAV3|BRAVT133 (Liquidez detectada)
src.infrastructure.providers.mercado_data_provider | DEBUG | RTD: preco_ativo BRAV3=20.88 forçado com sucesso
src.infrastructure.providers.mercado_data_provider | DEBUG | RTD: Detalhes completos registrados para BBAS3|BBASW171 (Liquidez detectada)
src.infrastructure.providers.mercado_data_provider | DEBUG | RTD: preco_ativo BBAS3=20.82 forçado com sucesso
src.infrastructure.providers.mercado_data_provider | DEBUG | RTD: Detalhes completos registrados para MBRF3|MBRFT218 (Liquidez detectada)
src.infrastructure.providers.mercado_data_provider | DEBUG | RTD: preco_ativo MBRF3=16.59 forçado com sucesso
src.infrastructure.providers.mercado_data_provider | DEBUG | RTD: Detalhes completos registrados para BBSE3|BBSEU286 (Liquidez detectada)
src.infrastructure.providers.mercado_data_provider | DEBUG | RTD: preco_ativo BBSE3=41.16 forçado com sucesso
src.infrastructure.providers.mercado_data_provider | DEBUG | RTD: Detalhes completos registrados para BBSE3|BBSEU441 (Liquidez detectada)
src.infrastructure.providers.mercado_data_provider | DEBUG | RTD: preco_ativo BBSE3=41.16 forçado com sucesso
src.infrastructure.providers.mercado_data_provider | DEBUG | RTD: Detalhes completos registrados para COGN3|COGNU290 (Liquidez detectada)
src.infrastructure.providers.mercado_data_provider | DEBUG | RTD: preco_ativo COGN3=2.19 forçado com sucesso
src.infrastructure.providers.mercado_data_provider | DEBUG | RTD: Detalhes completos registrados para BBDC4|BBDCT100W2 (Liquidez detectada)
src.infrastructure.providers.mercado_data_provider | DEBUG | RTD: preco_ativo BBDC4=18.38 forçado com sucesso
src.infrastructure.providers.mercado_data_provider | DEBUG | RTD: Detalhes completos registrados para ABEV3|ABEVX186 (Liquidez detectada)
src.infrastructure.providers.mercado_data_provider | DEBUG | RTD: preco_ativo ABEV3=16.03 forçado com sucesso
src.infrastructure.providers.mercado_data_provider | DEBUG | RTD: Detalhes completos registrados para NATU3|NATUT127 (Liquidez detectada)
src.infrastructure.providers.mercado_data_provider | DEBUG | RTD: preco_ativo NATU3=8.35 forçado com sucesso
src.infrastructure.providers.mercado_data_provider | DEBUG | RTD: Detalhes completos registrados para EZTC3|EZTCT983 (Liquidez detectada)
src.infrastructure.providers.mercado_data_provider | DEBUG | RTD: preco_ativo EZTC3=11.16 forçado com sucesso
src.infrastructure.providers.mercado_data_provider | DEBUG | RTD: Detalhes completos registrados para EMBJ3|EMBJT940 (Liquidez detectada)
src.infrastructure.providers.mercado_data_provider | DEBUG | RTD: preco_ativo EMBJ3=86.64 forçado com sucesso
src.infrastructure.providers.mercado_data_provider | DEBUG | RTD: Detalhes completos registrados para PRIO3|PRIOT412 (Liquidez detectada)
src.infrastructure.providers.mercado_data_provider | DEBUG | RTD: preco_ativo PRIO3=58.28 forçado com sucesso
src.infrastructure.providers.mercado_data_provider | DEBUG | RTD: Detalhes completos registrados para BPAC11|BPACT488 (Liquidez detectada)
src.infrastructure.providers.mercado_data_provider | DEBUG | RTD: preco_ativo BPAC11=55.03 forçado com sucesso
src.infrastructure.providers.mercado_data_provider | DEBUG | RTD: Detalhes completos registrados para BBAS3|BBAST212W1 (Liquidez detectada)
src.infrastructure.providers.mercado_data_provider | DEBUG | RTD: preco_ativo BBAS3=20.82 forçado com sucesso
src.infrastructure.providers.mercado_data_provider | DEBUG | RTD: Detalhes completos registrados para BBDC4|BBDCT176W1 (Liquidez detectada)
src.infrastructure.providers.mercado_data_provider | DEBUG | RTD: preco_ativo BBDC4=18.38 forçado com sucesso
src.infrastructure.providers.mercado_data_provider | DEBUG | RTD: Detalhes completos registrados para PETR4|PETRU196 (Liquidez detectada)
src.infrastructure.providers.mercado_data_provider | DEBUG | RTD: preco_ativo PETR4=41.93 forçado com sucesso
src.infrastructure.providers.mercado_data_provider | DEBUG | RTD: Detalhes completos registrados para CSMG3|CSMGV517 (Liquidez detectada)
src.infrastructure.providers.mercado_data_provider | DEBUG | RTD: preco_ativo CSMG3=61.93 forçado com sucesso
src.infrastructure.providers.mercado_data_provider | DEBUG | RTD: Detalhes completos registrados para ITSA4|ITSAT128 (Liquidez detectada)
src.infrastructure.providers.mercado_data_provider | DEBUG | RTD: preco_ativo ITSA4=13.53 forçado com sucesso
src.infrastructure.providers.mercado_data_provider | DEBUG | RTD: Detalhes completos registrados para BBDC4|BBDCT201 (Liquidez detectada)
src.infrastructure.providers.mercado_data_provider | DEBUG | RTD: preco_ativo BBDC4=18.38 forçado com sucesso
src.infrastructure.providers.mercado_data_provider | DEBUG | RTD: Detalhes completos registrados para ALPA4|ALPAU984 (Liquidez detectada)
src.infrastructure.providers.mercado_data_provider | DEBUG | RTD: preco_ativo ALPA4=11.52 forçado com sucesso
src.infrastructure.providers.mercado_data_provider | DEBUG | RTD: Detalhes completos registrados para CSMG3|CSMGU510 (Liquidez detectada)
src.infrastructure.providers.mercado_data_provider | DEBUG | RTD: preco_ativo CSMG3=61.93 forçado com sucesso
src.infrastructure.providers.mercado_data_provider | DEBUG | RTD: Detalhes completos registrados para PRIO3|PRIOU725 (Liquidez detectada)
src.infrastructure.providers.mercado_data_provider | DEBUG | RTD: preco_ativo PRIO3=58.28 forçado com sucesso
src.infrastructure.providers.mercado_data_provider | DEBUG | RTD: Detalhes completos registrados para CEAB3|CEABU902 (Liquidez detectada)
src.infrastructure.providers.mercado_data_provider | DEBUG | RTD: preco_ativo CEAB3=9.17 forçado com sucesso
src.infrastructure.providers.mercado_data_provider | DEBUG | RTD: Detalhes completos registrados para CMIG4|CMIGT111 (Liquidez detectada)
src.infrastructure.providers.mercado_data_provider | DEBUG | RTD: preco_ativo CMIG4=11.10 forçado com sucesso
src.infrastructure.providers.mercado_data_provider | DEBUG | RTD: Detalhes completos registrados para PETR4|PETRT427 (Liquidez detectada)
src.infrastructure.providers.mercado_data_provider | DEBUG | RTD: preco_ativo PETR4=41.93 forçado com sucesso
src.infrastructure.providers.mercado_data_provider | DEBUG | RTD: Detalhes completos registrados para MYPK3|MYPKU875 (Liquidez detectada)
src.infrastructure.providers.mercado_data_provider | DEBUG | RTD: preco_ativo MYPK3=9.43 forçado com sucesso
src.infrastructure.providers.mercado_data_provider | DEBUG | RTD: Detalhes completos registrados para LREN3|LRENU163 (Liquidez detectada)
src.infrastructure.providers.mercado_data_provider | DEBUG | RTD: preco_ativo LREN3=13.38 forçado com sucesso
src.infrastructure.providers.mercado_data_provider | DEBUG | RTD: Detalhes completos registrados para IGTI11|IGTIU234 (Liquidez detectada)
src.infrastructure.providers.mercado_data_provider | DEBUG | RTD: preco_ativo IGTI11=24.53 forçado com sucesso
src.infrastructure.providers.mercado_data_provider | DEBUG | RTD: Detalhes completos registrados para DIRR3|DIRRT113 (Liquidez detectada)
src.infrastructure.providers.mercado_data_provider | DEBUG | RTD: preco_ativo DIRR3=11.10 forçado com sucesso
src.infrastructure.providers.mercado_data_provider | DEBUG | RTD: Detalhes completos registrados para ITUB4|ITUBT373 (Liquidez detectada)
src.infrastructure.providers.mercado_data_provider | DEBUG | RTD: preco_ativo ITUB4=42.01 forçado com sucesso
src.infrastructure.providers.mercado_data_provider | DEBUG | RTD: Detalhes completos registrados para LEVE3|LEVET333 (Liquidez detectada)
src.infrastructure.providers.mercado_data_provider | DEBUG | RTD: preco_ativo LEVE3=31.27 forçado com sucesso
src.infrastructure.providers.mercado_data_provider | DEBUG | RTD: Detalhes completos registrados para BPAC11|BPACV527 (Liquidez detectada)
src.infrastructure.providers.mercado_data_provider | DEBUG | RTD: preco_ativo BPAC11=55.03 forçado com sucesso
src.infrastructure.providers.mercado_data_provider | DEBUG | RTD: Detalhes completos registrados para GGPS3|GGPST110 (Liquidez detectada)
src.infrastructure.providers.mercado_data_provider | DEBUG | RTD: preco_ativo GGPS3=11.51 forçado com sucesso
src.infrastructure.providers.mercado_data_provider | DEBUG | RTD: Detalhes completos registrados para NATU3|NATUT710 (Liquidez detectada)
src.infrastructure.providers.mercado_data_provider | DEBUG | RTD: preco_ativo NATU3=8.35 forçado com sucesso
src.infrastructure.providers.mercado_data_provider | DEBUG | RTD: Detalhes completos registrados para B3SA3|B3SAT167 (Liquidez detectada)
src.infrastructure.providers.mercado_data_provider | DEBUG | RTD: preco_ativo B3SA3=15.47 forçado com sucesso
src.infrastructure.providers.mercado_data_provider | DEBUG | RTD: Detalhes completos registrados para LREN3|LRENT100 (Liquidez detectada)
src.infrastructure.providers.mercado_data_provider | DEBUG | RTD: preco_ativo LREN3=13.38 forçado com sucesso
src.infrastructure.providers.mercado_data_provider | DEBUG | RTD: Detalhes completos registrados para GOAU4|GOAUU104 (Liquidez detectada)
src.infrastructure.providers.mercado_data_provider | DEBUG | RTD: preco_ativo GOAU4=10.75 forçado com sucesso
src.infrastructure.providers.mercado_data_provider | DEBUG | RTD: Detalhes completos registrados para BRAV3|BRAVU122 (Liquidez detectada)
src.infrastructure.providers.mercado_data_provider | DEBUG | RTD: preco_ativo BRAV3=20.88 forçado com sucesso
src.infrastructure.providers.mercado_data_provider | DEBUG | RTD: Detalhes completos registrados para SBSP3|SBSPX136 (Liquidez detectada)
src.infrastructure.providers.mercado_data_provider | DEBUG | RTD: preco_ativo SBSP3=27.14 forçado com sucesso
src.infrastructure.providers.mercado_data_provider | DEBUG | RTD: Detalhes completos registrados para LJQQ3|LJQQU110 (Liquidez detectada)
src.infrastructure.providers.mercado_data_provider | DEBUG | RTD: preco_ativo LJQQ3=1.20 forçado com sucesso
src.infrastructure.providers.mercado_data_provider | DEBUG | RTD: Detalhes completos registrados para HAPV3|HAPVU112 (Liquidez detectada)
src.infrastructure.providers.mercado_data_provider | DEBUG | RTD: preco_ativo HAPV3=10.51 forçado com sucesso
src.infrastructure.providers.mercado_data_provider | DEBUG | RTD: Detalhes completos registrados para AXIA3|AXIAU575 (Liquidez detectada)
src.infrastructure.providers.mercado_data_provider | DEBUG | RTD: preco_ativo AXIA3=51.42 forçado com sucesso
src.infrastructure.providers.mercado_data_provider | DEBUG | RTD: Detalhes completos registrados para TAEE11|TAEEU383W2 (Liquidez detectada)
src.infrastructure.providers.mercado_data_provider | DEBUG | RTD: preco_ativo TAEE11=39.12 forçado com sucesso
src.infrastructure.providers.mercado_data_provider | DEBUG | RTD: Detalhes completos registrados para ITSA4|ITSAV114 (Liquidez detectada)
src.infrastructure.providers.mercado_data_provider | DEBUG | RTD: preco_ativo ITSA4=13.53 forçado com sucesso
src.infrastructure.providers.mercado_data_provider | DEBUG | RTD: Detalhes completos registrados para RIAA3|RIAAU698 (Liquidez detectada)
src.infrastructure.providers.mercado_data_provider | DEBUG | RTD: preco_ativo RIAA3=7.63 forçado com sucesso
src.infrastructure.providers.mercado_data_provider | DEBUG | RTD: Detalhes completos registrados para GOAU4|GOAUT107 (Liquidez detectada)
src.infrastructure.providers.mercado_data_provider | DEBUG | RTD: preco_ativo GOAU4=10.75 forçado com sucesso
src.infrastructure.providers.mercado_data_provider | DEBUG | RTD: Detalhes completos registrados para TUPY3|TUPYU175 (Liquidez detectada)
src.infrastructure.providers.mercado_data_provider | DEBUG | RTD: preco_ativo TUPY3=15.67 forçado com sucesso
src.infrastructure.providers.mercado_data_provider | DEBUG | RTD: Detalhes completos registrados para CSNA3|CSNAT437 (Liquidez detectada)
src.infrastructure.providers.mercado_data_provider | DEBUG | RTD: preco_ativo CSNA3=5.28 forçado com sucesso
src.infrastructure.providers.mercado_data_provider | DEBUG | RTD: Detalhes completos registrados para EMBJ3|EMBJT763W1 (Liquidez detectada)
src.infrastructure.providers.mercado_data_provider | DEBUG | RTD: preco_ativo EMBJ3=86.64 forçado com sucesso
src.infrastructure.providers.mercado_data_provider | DEBUG | RTD: Detalhes completos registrados para BBDC3|BBDCT122 (Liquidez detectada)
src.infrastructure.providers.mercado_data_provider | DEBUG | RTD: preco_ativo BBDC3=16.03 forçado com sucesso
src.infrastructure.providers.mercado_data_provider | DEBUG | RTD: Detalhes completos registrados para MBRF3|MBRFU197 (Liquidez detectada)
src.infrastructure.providers.mercado_data_provider | DEBUG | RTD: preco_ativo MBRF3=16.59 forçado com sucesso
src.infrastructure.providers.mercado_data_provider | DEBUG | RTD: Detalhes completos registrados para SAPR11|SAPRU386 (Liquidez detectada)
src.infrastructure.providers.mercado_data_provider | DEBUG | RTD: preco_ativo SAPR11=35.67 forçado com sucesso
src.infrastructure.providers.mercado_data_provider | DEBUG | RTD: Detalhes completos registrados para BBSE3|BBSEU321 (Liquidez detectada)
src.infrastructure.providers.mercado_data_provider | DEBUG | RTD: preco_ativo BBSE3=41.16 forçado com sucesso
src.infrastructure.providers.mercado_data_provider | INFO | Background scan: 1738 novos instrumentos registrados
src.infrastructure.providers.mercado_data_provider | DEBUG | Varredura: _chaves_com_book=2428 _chaves_detalhes=2428
src.infrastructure.providers.mercado_data_provider | INFO | Varredura(F): monitor=29256 book=2428 | reg=0.000 ref=0.001 var=0.191 total=0.192 | inst_map=0.000 | onda2=500(0.036) onda1=0(0.000) cab_skip=1928 status=0.073
src.infrastructure.providers.mercado_data_provider | DEBUG | Varredura: _chaves_com_book=2428 _chaves_detalhes=2428
src.infrastructure.providers.mercado_data_provider | INFO | Varredura(G): monitor=29256 book=2428 | reg=0.000 ref=0.006 var=0.238 total=0.244 | inst_map=0.000 | onda2=159(0.037) onda1=0(0.000) cab_skip=2269 status=0.121
src.infrastructure.providers.mercado_data_provider | DEBUG | RTD: Detalhes completos registrados para BPAC11|BPACV516W2 (Liquidez detectada)
src.infrastructure.providers.mercado_data_provider | DEBUG | RTD: preco_ativo BPAC11=55.03 forçado com sucesso
src.infrastructure.providers.mercado_data_provider | DEBUG | RTD: Detalhes completos registrados para BLAU3|BLAUW12 (Liquidez detectada)
src.infrastructure.providers.mercado_data_provider | DEBUG | RTD: preco_ativo BLAU3=8.85 forçado com sucesso
src.infrastructure.providers.mercado_data_provider | DEBUG | RTD: Detalhes completos registrados para BHIA3|BHIAV299 (Liquidez detectada)
src.infrastructure.providers.mercado_data_provider | DEBUG | RTD: preco_ativo BHIA3=0.78 forçado com sucesso
src.infrastructure.providers.mercado_data_provider | DEBUG | RTD: Detalhes completos registrados para BMOB3|BMOBT235 (Liquidez detectada)
src.infrastructure.providers.mercado_data_provider | DEBUG | RTD: preco_ativo BMOB3=22.83 forçado com sucesso
src.infrastructure.providers.mercado_data_provider | DEBUG | RTD: Detalhes completos registrados para BPAC11|BPACT640 (Liquidez detectada)
src.infrastructure.providers.mercado_data_provider | DEBUG | RTD: preco_ativo BPAC11=55.03 forçado com sucesso
src.infrastructure.providers.mercado_data_provider | DEBUG | RTD: Detalhes completos registrados para BPAC11|BPACT535 (Liquidez detectada)
src.infrastructure.providers.mercado_data_provider | DEBUG | RTD: preco_ativo BPAC11=55.03 forçado com sucesso
src.infrastructure.providers.mercado_data_provider | DEBUG | RTD: Detalhes completos registrados para ALOS3|ALOSU219 (Liquidez detectada)
src.infrastructure.providers.mercado_data_provider | DEBUG | RTD: preco_ativo ALOS3=26.52 forçado com sucesso
src.infrastructure.providers.mercado_data_provider | DEBUG | RTD: Detalhes completos registrados para BPAC11|BPACT468 (Liquidez detectada)
src.infrastructure.providers.mercado_data_provider | DEBUG | RTD: preco_ativo BPAC11=55.03 forçado com sucesso
src.infrastructure.providers.mercado_data_provider | DEBUG | RTD: Detalhes completos registrados para BPAC11|BPACT505 (Liquidez detectada)
src.infrastructure.providers.mercado_data_provider | DEBUG | RTD: preco_ativo BPAC11=55.03 forçado com sucesso
src.infrastructure.providers.mercado_data_provider | DEBUG | RTD: Detalhes completos registrados para BPAC11|BPACT496W2 (Liquidez detectada)
src.infrastructure.providers.mercado_data_provider | DEBUG | RTD: preco_ativo BPAC11=55.03 forçado com sucesso
src.infrastructure.providers.mercado_data_provider | DEBUG | RTD: Detalhes completos registrados para BPAC11|BPACU429 (Liquidez detectada)
src.infrastructure.providers.mercado_data_provider | DEBUG | RTD: preco_ativo BPAC11=55.03 forçado com sucesso
src.infrastructure.providers.mercado_data_provider | DEBUG | RTD: Detalhes completos registrados para BPAC11|BPACT469W2 (Liquidez detectada)
src.infrastructure.providers.mercado_data_provider | DEBUG | RTD: preco_ativo BPAC11=55.03 forçado com sucesso
src.infrastructure.providers.mercado_data_provider | DEBUG | RTD: Detalhes completos registrados para BBDC4|BBDCT164W1 (Liquidez detectada)
src.infrastructure.providers.mercado_data_provider | DEBUG | RTD: preco_ativo BBDC4=18.40 forçado com sucesso
src.infrastructure.providers.mercado_data_provider | DEBUG | RTD: Detalhes completos registrados para QUAL3|QUALT124 (Liquidez detectada)
src.infrastructure.providers.mercado_data_provider | DEBUG | RTD: preco_ativo QUAL3=1.45 forçado com sucesso
src.infrastructure.providers.mercado_data_provider | DEBUG | RTD: Detalhes completos registrados para BBAS3|BBASU211 (Liquidez detectada)
src.infrastructure.providers.mercado_data_provider | DEBUG | RTD: preco_ativo BBAS3=20.82 forçado com sucesso
src.infrastructure.providers.mercado_data_provider | DEBUG | RTD: Detalhes completos registrados para B3SA3|B3SAU199 (Liquidez detectada)
src.infrastructure.providers.mercado_data_provider | DEBUG | RTD: preco_ativo B3SA3=15.47 forçado com sucesso
src.infrastructure.providers.mercado_data_provider | DEBUG | RTD: Detalhes completos registrados para USIM5|USIMU780 (Liquidez detectada)
src.infrastructure.providers.mercado_data_provider | DEBUG | RTD: preco_ativo USIM5=8.25 forçado com sucesso
src.infrastructure.providers.mercado_data_provider | DEBUG | RTD: Detalhes completos registrados para CXSE3|CXSEW22 (Liquidez detectada)
src.infrastructure.providers.mercado_data_provider | DEBUG | RTD: preco_ativo CXSE3=20.41 forçado com sucesso
src.infrastructure.providers.mercado_data_provider | DEBUG | RTD: Detalhes completos registrados para GRND3|GRNDU370 (Liquidez detectada)
src.infrastructure.providers.mercado_data_provider | DEBUG | RTD: preco_ativo GRND3=3.68 forçado com sucesso
src.infrastructure.providers.mercado_data_provider | DEBUG | RTD: Detalhes completos registrados para LREN3|LRENU140 (Liquidez detectada)
src.infrastructure.providers.mercado_data_provider | DEBUG | RTD: preco_ativo LREN3=13.38 forçado com sucesso
src.infrastructure.providers.mercado_data_provider | DEBUG | RTD: Detalhes completos registrados para CYRE3|CYREU155 (Liquidez detectada)
src.infrastructure.providers.mercado_data_provider | DEBUG | RTD: preco_ativo CYRE3=20.67 forçado com sucesso
src.infrastructure.providers.mercado_data_provider | DEBUG | RTD: Detalhes completos registrados para BRAV3|BRAVT181 (Liquidez detectada)
src.infrastructure.providers.mercado_data_provider | DEBUG | RTD: preco_ativo BRAV3=20.88 forçado com sucesso
src.infrastructure.providers.mercado_data_provider | DEBUG | RTD: Detalhes completos registrados para BBSE3|BBSET391W1 (Liquidez detectada)
src.infrastructure.providers.mercado_data_provider | DEBUG | RTD: preco_ativo BBSE3=41.16 forçado com sucesso
src.infrastructure.providers.mercado_data_provider | DEBUG | RTD: Detalhes completos registrados para VAMO3|VAMOU196 (Liquidez detectada)
src.infrastructure.providers.mercado_data_provider | DEBUG | RTD: preco_ativo VAMO3=3.27 forçado com sucesso
src.infrastructure.providers.mercado_data_provider | DEBUG | RTD: Detalhes completos registrados para ABCB4|ABCBU174 (Liquidez detectada)
src.infrastructure.providers.mercado_data_provider | DEBUG | RTD: preco_ativo ABCB4=23.68 forçado com sucesso
src.infrastructure.providers.mercado_data_provider | DEBUG | RTD: Detalhes completos registrados para DIRR3|DIRRX128 (Liquidez detectada)
src.infrastructure.providers.mercado_data_provider | DEBUG | RTD: preco_ativo DIRR3=11.10 forçado com sucesso
src.infrastructure.providers.mercado_data_provider | DEBUG | RTD: Detalhes completos registrados para EMBJ3|EMBJT350 (Liquidez detectada)
src.infrastructure.providers.mercado_data_provider | DEBUG | RTD: preco_ativo EMBJ3=86.64 forçado com sucesso
src.infrastructure.providers.mercado_data_provider | DEBUG | RTD: Detalhes completos registrados para CSNA3|CSNAU575 (Liquidez detectada)
src.infrastructure.providers.mercado_data_provider | DEBUG | RTD: preco_ativo CSNA3=5.28 forçado com sucesso
src.infrastructure.providers.mercado_data_provider | DEBUG | RTD: Detalhes completos registrados para BBAS3|BBASX197 (Liquidez detectada)
src.infrastructure.providers.mercado_data_provider | DEBUG | RTD: preco_ativo BBAS3=20.82 forçado com sucesso
src.infrastructure.providers.mercado_data_provider | DEBUG | RTD: Detalhes completos registrados para EGIE3|EGIET322 (Liquidez detectada)
src.infrastructure.providers.mercado_data_provider | DEBUG | RTD: preco_ativo EGIE3=29.42 forçado com sucesso
src.infrastructure.providers.mercado_data_provider | DEBUG | RTD: Detalhes completos registrados para RADL3|RADLT176W1 (Liquidez detectada)
src.infrastructure.providers.mercado_data_provider | DEBUG | RTD: preco_ativo RADL3=17.74 forçado com sucesso
src.infrastructure.providers.mercado_data_provider | DEBUG | RTD: Detalhes completos registrados para BBDC4|BBDCT171W2 (Liquidez detectada)
src.infrastructure.providers.mercado_data_provider | DEBUG | RTD: preco_ativo BBDC4=18.40 forçado com sucesso
src.infrastructure.providers.mercado_data_provider | DEBUG | RTD: Detalhes completos registrados para DXCO3|DXCOT555 (Liquidez detectada)
src.infrastructure.providers.mercado_data_provider | DEBUG | RTD: preco_ativo DXCO3=4.97 forçado com sucesso
src.infrastructure.providers.mercado_data_provider | DEBUG | RTD: Detalhes completos registrados para TAEE11|TAEET396 (Liquidez detectada)
src.infrastructure.providers.mercado_data_provider | DEBUG | RTD: preco_ativo TAEE11=39.12 forçado com sucesso
src.infrastructure.providers.mercado_data_provider | DEBUG | RTD: Detalhes completos registrados para BBAS3|BBASW237 (Liquidez detectada)
src.infrastructure.providers.mercado_data_provider | DEBUG | RTD: preco_ativo BBAS3=20.82 forçado com sucesso
src.infrastructure.providers.mercado_data_provider | DEBUG | RTD: Detalhes completos registrados para MRVE3|MRVET420W1 (Liquidez detectada)
src.infrastructure.providers.mercado_data_provider | DEBUG | RTD: preco_ativo MRVE3=4.56 forçado com sucesso
src.infrastructure.providers.mercado_data_provider | DEBUG | RTD: Detalhes completos registrados para CMIN3|CMINU411 (Liquidez detectada)
src.infrastructure.providers.mercado_data_provider | DEBUG | RTD: preco_ativo CMIN3=5.91 forçado com sucesso
src.infrastructure.providers.mercado_data_provider | DEBUG | RTD: Detalhes completos registrados para PETR4|PETRU201 (Liquidez detectada)
src.infrastructure.providers.mercado_data_provider | DEBUG | RTD: preco_ativo PETR4=41.91 forçado com sucesso
src.infrastructure.providers.mercado_data_provider | DEBUG | RTD: Detalhes completos registrados para LREN3|LRENT137 (Liquidez detectada)
src.infrastructure.providers.mercado_data_provider | DEBUG | RTD: preco_ativo LREN3=13.38 forçado com sucesso
src.infrastructure.providers.mercado_data_provider | DEBUG | RTD: Detalhes completos registrados para SBFG3|SBFGU895 (Liquidez detectada)
src.infrastructure.providers.mercado_data_provider | DEBUG | RTD: preco_ativo SBFG3=9.37 forçado com sucesso
src.infrastructure.providers.mercado_data_provider | DEBUG | RTD: Detalhes completos registrados para VALE3|VALEU246 (Liquidez detectada)
src.infrastructure.providers.mercado_data_provider | DEBUG | RTD: preco_ativo VALE3=75.11 forçado com sucesso
src.infrastructure.providers.mercado_data_provider | DEBUG | RTD: Detalhes completos registrados para CSMG3|CSMGT473 (Liquidez detectada)
src.infrastructure.providers.mercado_data_provider | DEBUG | RTD: preco_ativo CSMG3=61.94 forçado com sucesso
src.infrastructure.providers.mercado_data_provider | DEBUG | RTD: Detalhes completos registrados para EQTL3|EQTLT352W1 (Liquidez detectada)
src.infrastructure.providers.mercado_data_provider | DEBUG | RTD: preco_ativo EQTL3=38.00 forçado com sucesso
src.infrastructure.providers.mercado_data_provider | DEBUG | RTD: Detalhes completos registrados para BBAS3|BBAST25 (Liquidez detectada)
src.infrastructure.providers.mercado_data_provider | DEBUG | RTD: preco_ativo BBAS3=20.82 forçado com sucesso
src.infrastructure.providers.mercado_data_provider | DEBUG | RTD: Detalhes completos registrados para BRAP4|BRAPT194 (Liquidez detectada)
src.infrastructure.providers.mercado_data_provider | DEBUG | RTD: preco_ativo BRAP4=21.69 forçado com sucesso
src.infrastructure.providers.mercado_data_provider | DEBUG | RTD: Detalhes completos registrados para EMBJ3|EMBJT385 (Liquidez detectada)
src.infrastructure.providers.mercado_data_provider | DEBUG | RTD: preco_ativo EMBJ3=86.64 forçado com sucesso
src.infrastructure.providers.mercado_data_provider | DEBUG | RTD: Detalhes completos registrados para BBAS3|BBASV193W2 (Liquidez detectada)
src.infrastructure.providers.mercado_data_provider | DEBUG | RTD: preco_ativo BBAS3=20.82 forçado com sucesso
src.infrastructure.providers.mercado_data_provider | DEBUG | RTD: Detalhes completos registrados para ABEV3|ABEVX145 (Liquidez detectada)
src.infrastructure.providers.mercado_data_provider | DEBUG | RTD: preco_ativo ABEV3=16.03 forçado com sucesso
src.infrastructure.providers.mercado_data_provider | DEBUG | RTD: Detalhes completos registrados para ITUB4|ITUBU354 (Liquidez detectada)
src.infrastructure.providers.mercado_data_provider | DEBUG | RTD: preco_ativo ITUB4=42.01 forçado com sucesso
src.infrastructure.providers.mercado_data_provider | DEBUG | RTD: Detalhes completos registrados para GGBR4|GGBRT201 (Liquidez detectada)
src.infrastructure.providers.mercado_data_provider | DEBUG | RTD: preco_ativo GGBR4=24.82 forçado com sucesso
src.infrastructure.providers.mercado_data_provider | DEBUG | RTD: Detalhes completos registrados para ABCB4|ABCBT245 (Liquidez detectada)
src.infrastructure.providers.mercado_data_provider | DEBUG | RTD: preco_ativo ABCB4=23.68 forçado com sucesso
src.infrastructure.providers.mercado_data_provider | DEBUG | RTD: Detalhes completos registrados para MGLU3|MGLUU380 (Liquidez detectada)
src.infrastructure.providers.mercado_data_provider | DEBUG | RTD: preco_ativo MGLU3=4.76 forçado com sucesso
src.infrastructure.providers.mercado_data_provider | DEBUG | RTD: Detalhes completos registrados para QUAL3|QUALU103 (Liquidez detectada)
src.infrastructure.providers.mercado_data_provider | DEBUG | RTD: preco_ativo QUAL3=1.45 forçado com sucesso
src.infrastructure.providers.mercado_data_provider | DEBUG | RTD: Detalhes completos registrados para BBSE3|BBSEU381 (Liquidez detectada)
src.infrastructure.providers.mercado_data_provider | DEBUG | RTD: preco_ativo BBSE3=41.16 forçado com sucesso
src.infrastructure.providers.mercado_data_provider | DEBUG | RTD: Detalhes completos registrados para WEGE3|WEGEX487 (Liquidez detectada)
src.infrastructure.providers.mercado_data_provider | DEBUG | RTD: preco_ativo WEGE3=45.77 forçado com sucesso
src.infrastructure.providers.mercado_data_provider | DEBUG | RTD: Detalhes completos registrados para CYRE3|CYRET194W1 (Liquidez detectada)
src.infrastructure.providers.mercado_data_provider | DEBUG | RTD: preco_ativo CYRE3=20.67 forçado com sucesso
src.infrastructure.providers.mercado_data_provider | DEBUG | RTD: Detalhes completos registrados para PETR4|PETRM370 (Liquidez detectada)
src.infrastructure.providers.mercado_data_provider | DEBUG | RTD: preco_ativo PETR4=41.91 forçado com sucesso
src.infrastructure.providers.mercado_data_provider | DEBUG | RTD: Detalhes completos registrados para EMBJ3|EMBJV718 (Liquidez detectada)
src.infrastructure.providers.mercado_data_provider | DEBUG | RTD: preco_ativo EMBJ3=86.64 forçado com sucesso
src.infrastructure.providers.mercado_data_provider | DEBUG | RTD: Detalhes completos registrados para WEGE3|WEGET497 (Liquidez detectada)
src.infrastructure.providers.mercado_data_provider | DEBUG | RTD: preco_ativo WEGE3=45.77 forçado com sucesso
src.infrastructure.providers.mercado_data_provider | DEBUG | RTD: Detalhes completos registrados para BPAC11|BPACT571W1 (Liquidez detectada)
src.infrastructure.providers.mercado_data_provider | DEBUG | RTD: preco_ativo BPAC11=55.03 forçado com sucesso
src.infrastructure.providers.mercado_data_provider | DEBUG | RTD: Detalhes completos registrados para PETR4|PETRT184 (Liquidez detectada)
src.infrastructure.providers.mercado_data_provider | DEBUG | RTD: preco_ativo PETR4=41.91 forçado com sucesso
src.infrastructure.providers.mercado_data_provider | DEBUG | RTD: Detalhes completos registrados para ALUP11|ALUPT316 (Liquidez detectada)
src.infrastructure.providers.mercado_data_provider | DEBUG | RTD: preco_ativo ALUP11=32.48 forçado com sucesso
src.infrastructure.providers.mercado_data_provider | DEBUG | RTD: Detalhes completos registrados para VULC3|VULCT137 (Liquidez detectada)
src.infrastructure.providers.mercado_data_provider | DEBUG | RTD: preco_ativo VULC3=13.91 forçado com sucesso
src.infrastructure.providers.mercado_data_provider | DEBUG | RTD: Detalhes completos registrados para ISAE4|ISAEU260 (Liquidez detectada)
src.infrastructure.providers.mercado_data_provider | DEBUG | RTD: preco_ativo ISAE4=26.51 forçado com sucesso
src.infrastructure.providers.mercado_data_provider | DEBUG | RTD: Detalhes completos registrados para PRIO3|PRIOU580 (Liquidez detectada)
src.infrastructure.providers.mercado_data_provider | DEBUG | RTD: preco_ativo PRIO3=58.28 forçado com sucesso
src.infrastructure.providers.mercado_data_provider | DEBUG | RTD: Detalhes completos registrados para B3SA3|B3SAV160 (Liquidez detectada)
src.infrastructure.providers.mercado_data_provider | DEBUG | RTD: preco_ativo B3SA3=15.47 forçado com sucesso
src.infrastructure.providers.mercado_data_provider | DEBUG | RTD: Detalhes completos registrados para EMBJ3|EMBJT368 (Liquidez detectada)
src.infrastructure.providers.mercado_data_provider | DEBUG | RTD: preco_ativo EMBJ3=86.64 forçado com sucesso
src.infrastructure.providers.mercado_data_provider | DEBUG | RTD: Detalhes completos registrados para BBDC4|BBDCT988W2 (Liquidez detectada)
src.infrastructure.providers.mercado_data_provider | DEBUG | RTD: preco_ativo BBDC4=18.40 forçado com sucesso
src.infrastructure.providers.mercado_data_provider | DEBUG | RTD: Detalhes completos registrados para PETR4|PETRV353 (Liquidez detectada)
src.infrastructure.providers.mercado_data_provider | DEBUG | RTD: preco_ativo PETR4=41.91 forçado com sucesso
src.infrastructure.providers.mercado_data_provider | DEBUG | RTD: Detalhes completos registrados para EMBJ3|EMBJU330 (Liquidez detectada)
src.infrastructure.providers.mercado_data_provider | DEBUG | RTD: preco_ativo EMBJ3=86.64 forçado com sucesso
src.infrastructure.providers.mercado_data_provider | DEBUG | RTD: Detalhes completos registrados para BBSE3|BBSET359W1 (Liquidez detectada)
src.infrastructure.providers.mercado_data_provider | DEBUG | RTD: preco_ativo BBSE3=41.16 forçado com sucesso
src.infrastructure.providers.mercado_data_provider | DEBUG | RTD: Detalhes completos registrados para ALPA4|ALPAT954 (Liquidez detectada)
src.infrastructure.providers.mercado_data_provider | DEBUG | RTD: preco_ativo ALPA4=11.52 forçado com sucesso
src.infrastructure.providers.mercado_data_provider | DEBUG | RTD: Detalhes completos registrados para ABEV3|ABEVU190 (Liquidez detectada)
src.infrastructure.providers.mercado_data_provider | DEBUG | RTD: preco_ativo ABEV3=16.03 forçado com sucesso
src.infrastructure.providers.mercado_data_provider | DEBUG | RTD: Detalhes completos registrados para CVCB3|CVCBU155 (Liquidez detectada)
src.infrastructure.providers.mercado_data_provider | DEBUG | RTD: preco_ativo CVCB3=1.28 forçado com sucesso
src.infrastructure.providers.mercado_data_provider | DEBUG | RTD: Detalhes completos registrados para INTB3|INTBU123 (Liquidez detectada)
src.infrastructure.providers.mercado_data_provider | DEBUG | RTD: preco_ativo INTB3=13.48 forçado com sucesso
src.infrastructure.providers.mercado_data_provider | DEBUG | RTD: Detalhes completos registrados para ENGI11|ENGIT438 (Liquidez detectada)
src.infrastructure.providers.mercado_data_provider | DEBUG | RTD: preco_ativo ENGI11=48.98 forçado com sucesso
src.infrastructure.providers.mercado_data_provider | DEBUG | RTD: Detalhes completos registrados para B3SA3|B3SAX996 (Liquidez detectada)
src.infrastructure.providers.mercado_data_provider | DEBUG | RTD: preco_ativo B3SA3=15.47 forçado com sucesso
src.infrastructure.providers.mercado_data_provider | DEBUG | RTD: Detalhes completos registrados para BPAC11|BPACU681 (Liquidez detectada)
src.infrastructure.providers.mercado_data_provider | DEBUG | RTD: preco_ativo BPAC11=55.03 forçado com sucesso
src.infrastructure.providers.mercado_data_provider | DEBUG | RTD: Detalhes completos registrados para KLBN11|KLBNU168 (Liquidez detectada)
src.infrastructure.providers.mercado_data_provider | DEBUG | RTD: preco_ativo KLBN11=18.03 forçado com sucesso
src.infrastructure.providers.mercado_data_provider | DEBUG | RTD: Detalhes completos registrados para PRIO3|PRIOT600W1 (Liquidez detectada)
src.infrastructure.providers.mercado_data_provider | DEBUG | RTD: preco_ativo PRIO3=58.28 forçado com sucesso
src.infrastructure.providers.mercado_data_provider | DEBUG | RTD: Detalhes completos registrados para LREN3|LRENT145 (Liquidez detectada)
src.infrastructure.providers.mercado_data_provider | DEBUG | RTD: preco_ativo LREN3=13.38 forçado com sucesso
src.infrastructure.providers.mercado_data_provider | DEBUG | RTD: Detalhes completos registrados para PRIO3|PRIOU382 (Liquidez detectada)
src.infrastructure.providers.mercado_data_provider | DEBUG | RTD: preco_ativo PRIO3=58.28 forçado com sucesso
src.infrastructure.providers.mercado_data_provider | DEBUG | RTD: Detalhes completos registrados para SIMH3|SIMHT716 (Liquidez detectada)
src.infrastructure.providers.mercado_data_provider | DEBUG | RTD: preco_ativo SIMH3=7.52 forçado com sucesso
src.infrastructure.providers.mercado_data_provider | DEBUG | RTD: Detalhes completos registrados para MGLU3|MGLUU475 (Liquidez detectada)
src.infrastructure.providers.mercado_data_provider | DEBUG | RTD: preco_ativo MGLU3=4.76 forçado com sucesso
src.infrastructure.providers.mercado_data_provider | DEBUG | RTD: Detalhes completos registrados para ECOR3|ECORU479 (Liquidez detectada)
src.infrastructure.providers.mercado_data_provider | DEBUG | RTD: preco_ativo ECOR3=6.89 forçado com sucesso
src.infrastructure.providers.mercado_data_provider | DEBUG | RTD: Detalhes completos registrados para BBAS3|BBAST137 (Liquidez detectada)
src.infrastructure.providers.mercado_data_provider | DEBUG | RTD: preco_ativo BBAS3=20.82 forçado com sucesso
src.infrastructure.providers.mercado_data_provider | DEBUG | RTD: Detalhes completos registrados para BBAS3|BBASV188W2 (Liquidez detectada)
src.infrastructure.providers.mercado_data_provider | DEBUG | RTD: preco_ativo BBAS3=20.82 forçado com sucesso
src.infrastructure.providers.mercado_data_provider | DEBUG | RTD: Detalhes completos registrados para BBAS3|BBASM220 (Liquidez detectada)
src.infrastructure.providers.mercado_data_provider | DEBUG | RTD: preco_ativo BBAS3=20.82 forçado com sucesso
src.infrastructure.providers.mercado_data_provider | DEBUG | RTD: Detalhes completos registrados para EMBJ3|EMBJT768W2 (Liquidez detectada)
src.infrastructure.providers.mercado_data_provider | DEBUG | RTD: preco_ativo EMBJ3=86.64 forçado com sucesso
src.infrastructure.providers.mercado_data_provider | DEBUG | RTD: Detalhes completos registrados para POSI3|POSIU215 (Liquidez detectada)
src.infrastructure.providers.mercado_data_provider | DEBUG | RTD: preco_ativo POSI3=3.56 forçado com sucesso
src.infrastructure.providers.mercado_data_provider | DEBUG | RTD: Detalhes completos registrados para BEEF3|BEEFU257 (Liquidez detectada)
src.infrastructure.providers.mercado_data_provider | DEBUG | RTD: preco_ativo BEEF3=3.47 forçado com sucesso
src.infrastructure.providers.mercado_data_provider | DEBUG | RTD: Detalhes completos registrados para BEEF3|BEEFT385 (Liquidez detectada)
src.infrastructure.providers.mercado_data_provider | DEBUG | RTD: preco_ativo BEEF3=3.47 forçado com sucesso
src.infrastructure.providers.mercado_data_provider | DEBUG | RTD: Detalhes completos registrados para MGLU3|MGLUT651 (Liquidez detectada)
src.infrastructure.providers.mercado_data_provider | DEBUG | RTD: preco_ativo MGLU3=4.76 forçado com sucesso
src.infrastructure.providers.mercado_data_provider | DEBUG | RTD: Detalhes completos registrados para BBDC4|BBDCT190W2 (Liquidez detectada)
src.infrastructure.providers.mercado_data_provider | DEBUG | RTD: preco_ativo BBDC4=18.40 forçado com sucesso
src.infrastructure.providers.mercado_data_provider | DEBUG | RTD: Detalhes completos registrados para LEVE3|LEVEU313 (Liquidez detectada)
src.infrastructure.providers.mercado_data_provider | DEBUG | RTD: preco_ativo LEVE3=31.26 forçado com sucesso
src.infrastructure.providers.mercado_data_provider | DEBUG | RTD: Detalhes completos registrados para PRIO3|PRIOT457W1 (Liquidez detectada)
src.infrastructure.providers.mercado_data_provider | DEBUG | RTD: preco_ativo PRIO3=58.28 forçado com sucesso
src.infrastructure.providers.mercado_data_provider | DEBUG | RTD: Detalhes completos registrados para B3SA3|B3SAT178 (Liquidez detectada)
src.infrastructure.providers.mercado_data_provider | DEBUG | RTD: preco_ativo B3SA3=15.47 forçado com sucesso
src.infrastructure.providers.mercado_data_provider | DEBUG | RTD: Detalhes completos registrados para EMBJ3|EMBJT860W2 (Liquidez detectada)
src.infrastructure.providers.mercado_data_provider | DEBUG | RTD: preco_ativo EMBJ3=86.64 forçado com sucesso
src.infrastructure.providers.mercado_data_provider | DEBUG | RTD: Detalhes completos registrados para GGBR4|GGBRU282 (Liquidez detectada)
src.infrastructure.providers.mercado_data_provider | DEBUG | RTD: preco_ativo GGBR4=24.82 forçado com sucesso
src.infrastructure.providers.mercado_data_provider | DEBUG | RTD: Detalhes completos registrados para RADL3|RADLU187 (Liquidez detectada)
src.infrastructure.providers.mercado_data_provider | DEBUG | RTD: preco_ativo RADL3=17.74 forçado com sucesso
src.infrastructure.providers.mercado_data_provider | DEBUG | RTD: Detalhes completos registrados para EMBJ3|EMBJT468 (Liquidez detectada)
src.infrastructure.providers.mercado_data_provider | DEBUG | RTD: preco_ativo EMBJ3=86.64 forçado com sucesso
src.infrastructure.providers.mercado_data_provider | DEBUG | RTD: Detalhes completos registrados para GOAU4|GOAUU895 (Liquidez detectada)
src.infrastructure.providers.mercado_data_provider | DEBUG | RTD: preco_ativo GOAU4=10.74 forçado com sucesso
src.infrastructure.providers.mercado_data_provider | DEBUG | RTD: Detalhes completos registrados para PETR4|PETRT271W1 (Liquidez detectada)
src.infrastructure.providers.mercado_data_provider | DEBUG | RTD: preco_ativo PETR4=41.91 forçado com sucesso
src.infrastructure.providers.mercado_data_provider | DEBUG | RTD: Detalhes completos registrados para ITUB4|ITUBT377W1 (Liquidez detectada)
src.infrastructure.providers.mercado_data_provider | DEBUG | RTD: preco_ativo ITUB4=42.01 forçado com sucesso
src.infrastructure.providers.mercado_data_provider | DEBUG | RTD: Detalhes completos registrados para BBAS3|BBAST245 (Liquidez detectada)
src.infrastructure.providers.mercado_data_provider | DEBUG | RTD: preco_ativo BBAS3=20.82 forçado com sucesso
src.infrastructure.providers.mercado_data_provider | DEBUG | RTD: Detalhes completos registrados para BBSE3|BBSEU376 (Liquidez detectada)
src.infrastructure.providers.mercado_data_provider | DEBUG | RTD: preco_ativo BBSE3=41.16 forçado com sucesso
src.infrastructure.providers.mercado_data_provider | DEBUG | RTD: Detalhes completos registrados para LREN3|LRENV131 (Liquidez detectada)
src.infrastructure.providers.mercado_data_provider | DEBUG | RTD: preco_ativo LREN3=13.38 forçado com sucesso
src.infrastructure.providers.mercado_data_provider | DEBUG | RTD: Detalhes completos registrados para BPAC11|BPACT546W1 (Liquidez detectada)
src.infrastructure.providers.mercado_data_provider | DEBUG | RTD: preco_ativo BPAC11=55.03 forçado com sucesso
src.infrastructure.providers.mercado_data_provider | DEBUG | RTD: Detalhes completos registrados para ITUB4|ITUBV415W2 (Liquidez detectada)
src.infrastructure.providers.mercado_data_provider | DEBUG | RTD: preco_ativo ITUB4=42.01 forçado com sucesso
src.infrastructure.providers.mercado_data_provider | DEBUG | RTD: Detalhes completos registrados para RADL3|RADLT145 (Liquidez detectada)
src.infrastructure.providers.mercado_data_provider | DEBUG | RTD: preco_ativo RADL3=17.74 forçado com sucesso
src.infrastructure.providers.mercado_data_provider | DEBUG | RTD: Detalhes completos registrados para PNVL3|PNVLU901 (Liquidez detectada)
src.infrastructure.providers.mercado_data_provider | DEBUG | RTD: preco_ativo PNVL3=11.46 forçado com sucesso
src.infrastructure.providers.mercado_data_provider | DEBUG | RTD: Detalhes completos registrados para ITSA4|ITSAT135W1 (Liquidez detectada)
src.infrastructure.providers.mercado_data_provider | DEBUG | RTD: preco_ativo ITSA4=13.53 forçado com sucesso
src.infrastructure.providers.mercado_data_provider | DEBUG | RTD: Detalhes completos registrados para ITSA4|ITSAX216 (Liquidez detectada)
src.infrastructure.providers.mercado_data_provider | DEBUG | RTD: preco_ativo ITSA4=13.53 forçado com sucesso
src.infrastructure.providers.mercado_data_provider | DEBUG | RTD: Detalhes completos registrados para PRIO3|PRIOU555 (Liquidez detectada)
src.infrastructure.providers.mercado_data_provider | DEBUG | RTD: preco_ativo PRIO3=58.28 forçado com sucesso
src.infrastructure.providers.mercado_data_provider | DEBUG | RTD: Detalhes completos registrados para BPAC11|BPACU506 (Liquidez detectada)
src.infrastructure.providers.mercado_data_provider | DEBUG | RTD: preco_ativo BPAC11=55.03 forçado com sucesso
src.infrastructure.providers.mercado_data_provider | DEBUG | RTD: Detalhes completos registrados para ECOR3|ECORT644 (Liquidez detectada)
src.infrastructure.providers.mercado_data_provider | DEBUG | RTD: preco_ativo ECOR3=6.89 forçado com sucesso
src.infrastructure.providers.mercado_data_provider | DEBUG | RTD: Detalhes completos registrados para PETR3|PETRT416 (Liquidez detectada)
src.infrastructure.providers.mercado_data_provider | DEBUG | RTD: preco_ativo PETR3=47.42 forçado com sucesso
src.infrastructure.providers.mercado_data_provider | DEBUG | RTD: Detalhes completos registrados para EMBJ3|EMBJU580 (Liquidez detectada)
src.infrastructure.providers.mercado_data_provider | DEBUG | RTD: preco_ativo EMBJ3=86.64 forçado com sucesso
src.infrastructure.providers.mercado_data_provider | DEBUG | RTD: Detalhes completos registrados para POMO4|POMOW506 (Liquidez detectada)
src.infrastructure.providers.mercado_data_provider | DEBUG | RTD: preco_ativo POMO4=5.33 forçado com sucesso
src.infrastructure.providers.mercado_data_provider | DEBUG | RTD: Detalhes completos registrados para USIM5|USIMT840 (Liquidez detectada)
src.infrastructure.providers.mercado_data_provider | DEBUG | RTD: preco_ativo USIM5=8.25 forçado com sucesso
src.infrastructure.providers.mercado_data_provider | DEBUG | RTD: Detalhes completos registrados para BBSE3|BBSET361W2 (Liquidez detectada)
src.infrastructure.providers.mercado_data_provider | DEBUG | RTD: preco_ativo BBSE3=41.16 forçado com sucesso
src.infrastructure.providers.mercado_data_provider | DEBUG | RTD: Detalhes completos registrados para DXCO3|DXCOT515 (Liquidez detectada)
src.infrastructure.providers.mercado_data_provider | DEBUG | RTD: preco_ativo DXCO3=4.97 forçado com sucesso
src.infrastructure.providers.mercado_data_provider | DEBUG | RTD: Detalhes completos registrados para HYPE3|HYPET198W2 (Liquidez detectada)
src.infrastructure.providers.mercado_data_provider | DEBUG | RTD: preco_ativo HYPE3=21.05 forçado com sucesso
src.infrastructure.providers.mercado_data_provider | DEBUG | RTD: Detalhes completos registrados para BBAS3|BBAST13 (Liquidez detectada)
src.infrastructure.providers.mercado_data_provider | DEBUG | RTD: preco_ativo BBAS3=20.82 forçado com sucesso
src.infrastructure.providers.mercado_data_provider | DEBUG | RTD: Detalhes completos registrados para B3SA3|B3SAU159 (Liquidez detectada)
src.infrastructure.providers.mercado_data_provider | DEBUG | RTD: preco_ativo B3SA3=15.47 forçado com sucesso
src.infrastructure.providers.mercado_data_provider | DEBUG | RTD: Detalhes completos registrados para B3SA3|B3SAT179 (Liquidez detectada)
src.infrastructure.providers.mercado_data_provider | DEBUG | RTD: preco_ativo B3SA3=15.47 forçado com sucesso
src.infrastructure.providers.mercado_data_provider | DEBUG | RTD: Detalhes completos registrados para ALOS3|ALOST279 (Liquidez detectada)
src.infrastructure.providers.mercado_data_provider | DEBUG | RTD: preco_ativo ALOS3=26.52 forçado com sucesso
src.infrastructure.providers.mercado_data_provider | DEBUG | RTD: Detalhes completos registrados para ABEV3|ABEVU115 (Liquidez detectada)
src.infrastructure.providers.mercado_data_provider | DEBUG | RTD: preco_ativo ABEV3=16.03 forçado com sucesso
src.infrastructure.providers.mercado_data_provider | DEBUG | RTD: Detalhes completos registrados para RADL3|RADLT140W2 (Liquidez detectada)
src.infrastructure.providers.mercado_data_provider | DEBUG | RTD: preco_ativo RADL3=17.74 forçado com sucesso
src.infrastructure.providers.mercado_data_provider | DEBUG | RTD: Detalhes completos registrados para BBDC4|BBDCX192 (Liquidez detectada)
src.infrastructure.providers.mercado_data_provider | DEBUG | RTD: preco_ativo BBDC4=18.40 forçado com sucesso
src.infrastructure.providers.mercado_data_provider | DEBUG | RTD: Detalhes completos registrados para TOTS3|TOTSW330 (Liquidez detectada)
src.infrastructure.providers.mercado_data_provider | DEBUG | RTD: preco_ativo TOTS3=29.55 forçado com sucesso
src.infrastructure.providers.mercado_data_provider | DEBUG | RTD: Detalhes completos registrados para VALE3|VALEU494 (Liquidez detectada)
src.infrastructure.providers.mercado_data_provider | DEBUG | RTD: preco_ativo VALE3=75.11 forçado com sucesso
src.infrastructure.providers.mercado_data_provider | DEBUG | RTD: Detalhes completos registrados para CSAN3|CSANT355W1 (Liquidez detectada)
src.infrastructure.providers.mercado_data_provider | DEBUG | RTD: preco_ativo CSAN3=3.92 forçado com sucesso
src.infrastructure.providers.mercado_data_provider | DEBUG | RTD: Detalhes completos registrados para PETR4|PETRT386W1 (Liquidez detectada)
src.infrastructure.providers.mercado_data_provider | DEBUG | RTD: preco_ativo PETR4=41.91 forçado com sucesso
src.infrastructure.providers.mercado_data_provider | DEBUG | RTD: Detalhes completos registrados para LEVE3|LEVET318 (Liquidez detectada)
src.infrastructure.providers.mercado_data_provider | DEBUG | RTD: preco_ativo LEVE3=31.26 forçado com sucesso
src.infrastructure.providers.mercado_data_provider | DEBUG | RTD: Detalhes completos registrados para ITSA4|ITSAW123 (Liquidez detectada)
src.infrastructure.providers.mercado_data_provider | DEBUG | RTD: preco_ativo ITSA4=13.53 forçado com sucesso
src.infrastructure.providers.mercado_data_provider | DEBUG | RTD: Detalhes completos registrados para LREN3|LRENU189 (Liquidez detectada)
src.infrastructure.providers.mercado_data_provider | DEBUG | RTD: preco_ativo LREN3=13.38 forçado com sucesso
src.infrastructure.providers.mercado_data_provider | DEBUG | RTD: Detalhes completos registrados para BBAS3|BBAST142 (Liquidez detectada)
src.infrastructure.providers.mercado_data_provider | DEBUG | RTD: preco_ativo BBAS3=20.82 forçado com sucesso
src.infrastructure.providers.mercado_data_provider | DEBUG | RTD: Detalhes completos registrados para COGN3|COGNV336 (Liquidez detectada)
src.infrastructure.providers.mercado_data_provider | DEBUG | RTD: preco_ativo COGN3=2.19 forçado com sucesso
src.infrastructure.providers.mercado_data_provider | DEBUG | RTD: Detalhes completos registrados para ANIM3|ANIMT247 (Liquidez detectada)
src.infrastructure.providers.mercado_data_provider | DEBUG | RTD: preco_ativo ANIM3=2.23 forçado com sucesso
src.infrastructure.providers.mercado_data_provider | DEBUG | RTD: Detalhes completos registrados para VALE3|VALET551W1 (Liquidez detectada)
src.infrastructure.providers.mercado_data_provider | DEBUG | RTD: preco_ativo VALE3=75.11 forçado com sucesso
src.infrastructure.providers.mercado_data_provider | DEBUG | RTD: Detalhes completos registrados para RIAA3|RIAAT788 (Liquidez detectada)
src.infrastructure.providers.mercado_data_provider | DEBUG | RTD: preco_ativo RIAA3=7.63 forçado com sucesso
src.infrastructure.providers.mercado_data_provider | DEBUG | RTD: Detalhes completos registrados para CSMG3|CSMGT657W2 (Liquidez detectada)
src.infrastructure.providers.mercado_data_provider | DEBUG | RTD: preco_ativo CSMG3=61.94 forçado com sucesso
src.infrastructure.providers.mercado_data_provider | DEBUG | RTD: Detalhes completos registrados para BRAP4|BRAPT16 (Liquidez detectada)
src.infrastructure.providers.mercado_data_provider | DEBUG | RTD: preco_ativo BRAP4=21.69 forçado com sucesso
src.infrastructure.providers.mercado_data_provider | DEBUG | RTD: Detalhes completos registrados para PETR4|PETRT358W2 (Liquidez detectada)
src.infrastructure.providers.mercado_data_provider | DEBUG | RTD: preco_ativo PETR4=41.91 forçado com sucesso
src.infrastructure.providers.mercado_data_provider | DEBUG | RTD: Detalhes completos registrados para SUZB3|SUZBT393W1 (Liquidez detectada)
src.infrastructure.providers.mercado_data_provider | DEBUG | RTD: preco_ativo SUZB3=42.65 forçado com sucesso
src.infrastructure.providers.mercado_data_provider | DEBUG | RTD: Detalhes completos registrados para BBDC3|BBDCU12 (Liquidez detectada)
src.infrastructure.providers.mercado_data_provider | DEBUG | RTD: preco_ativo BBDC3=16.03 forçado com sucesso
src.infrastructure.providers.mercado_data_provider | DEBUG | RTD: Detalhes completos registrados para BBSE3|BBSEV381 (Liquidez detectada)
src.infrastructure.providers.mercado_data_provider | DEBUG | RTD: preco_ativo BBSE3=41.16 forçado com sucesso
src.infrastructure.providers.mercado_data_provider | DEBUG | RTD: Detalhes completos registrados para HAPV3|HAPVT390 (Liquidez detectada)
src.infrastructure.providers.mercado_data_provider | DEBUG | RTD: preco_ativo HAPV3=10.51 forçado com sucesso
src.infrastructure.providers.mercado_data_provider | DEBUG | RTD: Detalhes completos registrados para MYPK3|MYPKT935 (Liquidez detectada)
src.infrastructure.providers.mercado_data_provider | DEBUG | RTD: preco_ativo MYPK3=9.43 forçado com sucesso
src.infrastructure.providers.mercado_data_provider | DEBUG | RTD: Detalhes completos registrados para ITSA4|ITSAU135 (Liquidez detectada)
src.infrastructure.providers.mercado_data_provider | DEBUG | RTD: preco_ativo ITSA4=13.53 forçado com sucesso
src.infrastructure.providers.mercado_data_provider | DEBUG | RTD: Detalhes completos registrados para BPAC11|BPACT458 (Liquidez detectada)
src.infrastructure.providers.mercado_data_provider | DEBUG | RTD: preco_ativo BPAC11=55.03 forçado com sucesso
src.infrastructure.providers.mercado_data_provider | DEBUG | RTD: Detalhes completos registrados para FLRY3|FLRYT157 (Liquidez detectada)
src.infrastructure.providers.mercado_data_provider | DEBUG | RTD: preco_ativo FLRY3=16.80 forçado com sucesso
src.infrastructure.providers.mercado_data_provider | DEBUG | RTD: Detalhes completos registrados para MRVE3|MRVEX640 (Liquidez detectada)
src.infrastructure.providers.mercado_data_provider | DEBUG | RTD: preco_ativo MRVE3=4.56 forçado com sucesso
src.infrastructure.providers.mercado_data_provider | DEBUG | RTD: Detalhes completos registrados para PETR4|PETRU299 (Liquidez detectada)
src.infrastructure.providers.mercado_data_provider | DEBUG | RTD: preco_ativo PETR4=41.91 forçado com sucesso
src.infrastructure.providers.mercado_data_provider | DEBUG | RTD: Detalhes completos registrados para BBSE3|BBSEU324 (Liquidez detectada)
src.infrastructure.providers.mercado_data_provider | DEBUG | RTD: preco_ativo BBSE3=41.16 forçado com sucesso
src.infrastructure.providers.mercado_data_provider | DEBUG | RTD: Detalhes completos registrados para CPLE3|CPLET115 (Liquidez detectada)
src.infrastructure.providers.mercado_data_provider | DEBUG | RTD: preco_ativo CPLE3=14.67 forçado com sucesso
src.infrastructure.providers.mercado_data_provider | DEBUG | RTD: Detalhes completos registrados para BBDC4|BBDCT198W2 (Liquidez detectada)
src.infrastructure.providers.mercado_data_provider | DEBUG | RTD: preco_ativo BBDC4=18.40 forçado com sucesso
src.infrastructure.providers.mercado_data_provider | DEBUG | RTD: Detalhes completos registrados para MGLU3|MGLUT415W1 (Liquidez detectada)
src.infrastructure.providers.mercado_data_provider | DEBUG | RTD: preco_ativo MGLU3=4.76 forçado com sucesso
src.infrastructure.providers.mercado_data_provider | DEBUG | RTD: Detalhes completos registrados para CEAB3|CEABU112 (Liquidez detectada)
src.infrastructure.providers.mercado_data_provider | DEBUG | RTD: preco_ativo CEAB3=9.17 forçado com sucesso
src.infrastructure.providers.mercado_data_provider | DEBUG | RTD: Detalhes completos registrados para VALE3|VALET609 (Liquidez detectada)
src.infrastructure.providers.mercado_data_provider | DEBUG | RTD: preco_ativo VALE3=75.11 forçado com sucesso
src.infrastructure.providers.mercado_data_provider | DEBUG | RTD: Detalhes completos registrados para GGBR4|GGBRU180 (Liquidez detectada)
src.infrastructure.providers.mercado_data_provider | DEBUG | RTD: preco_ativo GGBR4=24.82 forçado com sucesso
src.infrastructure.providers.mercado_data_provider | DEBUG | RTD: Detalhes completos registrados para HAPV3|HAPVT620 (Liquidez detectada)
src.infrastructure.providers.mercado_data_provider | DEBUG | RTD: preco_ativo HAPV3=10.51 forçado com sucesso
src.infrastructure.providers.mercado_data_provider | DEBUG | RTD: Detalhes completos registrados para MULT3|MULTU246 (Liquidez detectada)
src.infrastructure.providers.mercado_data_provider | DEBUG | RTD: preco_ativo MULT3=27.63 forçado com sucesso
src.infrastructure.providers.mercado_data_provider | DEBUG | RTD: Detalhes completos registrados para CXSE3|CXSEU234 (Liquidez detectada)
src.infrastructure.providers.mercado_data_provider | DEBUG | RTD: preco_ativo CXSE3=20.41 forçado com sucesso
src.infrastructure.providers.mercado_data_provider | DEBUG | RTD: Detalhes completos registrados para ITUB4|ITUBU431 (Liquidez detectada)
src.infrastructure.providers.mercado_data_provider | DEBUG | RTD: preco_ativo ITUB4=42.01 forçado com sucesso
src.infrastructure.providers.mercado_data_provider | DEBUG | RTD: Detalhes completos registrados para BBDC4|BBDCT105W2 (Liquidez detectada)
src.infrastructure.providers.mercado_data_provider | DEBUG | RTD: preco_ativo BBDC4=18.40 forçado com sucesso
src.infrastructure.providers.mercado_data_provider | DEBUG | RTD: Detalhes completos registrados para POMO4|POMOU489 (Liquidez detectada)
src.infrastructure.providers.mercado_data_provider | DEBUG | RTD: preco_ativo POMO4=5.33 forçado com sucesso
src.infrastructure.providers.mercado_data_provider | DEBUG | RTD: Detalhes completos registrados para CSNA3|CSNAU410 (Liquidez detectada)
src.infrastructure.providers.mercado_data_provider | DEBUG | RTD: preco_ativo CSNA3=5.28 forçado com sucesso
src.infrastructure.providers.mercado_data_provider | DEBUG | RTD: Detalhes completos registrados para BBDC4|BBDCT161W1 (Liquidez detectada)
src.infrastructure.providers.mercado_data_provider | DEBUG | RTD: preco_ativo BBDC4=18.40 forçado com sucesso
src.infrastructure.providers.mercado_data_provider | DEBUG | RTD: Detalhes completos registrados para BBAS3|BBASM151 (Liquidez detectada)
src.infrastructure.providers.mercado_data_provider | DEBUG | RTD: preco_ativo BBAS3=20.82 forçado com sucesso
src.infrastructure.providers.mercado_data_provider | DEBUG | RTD: Detalhes completos registrados para TAEE11|TAEEU368W2 (Liquidez detectada)
src.infrastructure.providers.mercado_data_provider | DEBUG | RTD: preco_ativo TAEE11=39.12 forçado com sucesso
src.infrastructure.providers.mercado_data_provider | DEBUG | RTD: Detalhes completos registrados para BBAS3|BBASM232 (Liquidez detectada)
src.infrastructure.providers.mercado_data_provider | DEBUG | RTD: preco_ativo BBAS3=20.82 forçado com sucesso
src.infrastructure.providers.mercado_data_provider | DEBUG | RTD: Detalhes completos registrados para EMBJ3|EMBJU658 (Liquidez detectada)
src.infrastructure.providers.mercado_data_provider | DEBUG | RTD: preco_ativo EMBJ3=86.64 forçado com sucesso
src.infrastructure.providers.mercado_data_provider | DEBUG | RTD: Detalhes completos registrados para BPAC11|BPACT536W2 (Liquidez detectada)
src.infrastructure.providers.mercado_data_provider | DEBUG | RTD: preco_ativo BPAC11=55.03 forçado com sucesso
src.infrastructure.providers.mercado_data_provider | DEBUG | RTD: Detalhes completos registrados para BBDC4|BBDCT188W2 (Liquidez detectada)
src.infrastructure.providers.mercado_data_provider | DEBUG | RTD: preco_ativo BBDC4=18.40 forçado com sucesso
src.infrastructure.providers.mercado_data_provider | DEBUG | RTD: Detalhes completos registrados para PRIO3|PRIOX595 (Liquidez detectada)
src.infrastructure.providers.mercado_data_provider | DEBUG | RTD: preco_ativo PRIO3=58.28 forçado com sucesso
src.infrastructure.providers.mercado_data_provider | DEBUG | RTD: Detalhes completos registrados para PETR4|PETRT451W2 (Liquidez detectada)
src.infrastructure.providers.mercado_data_provider | DEBUG | RTD: preco_ativo PETR4=41.91 forçado com sucesso
src.infrastructure.providers.mercado_data_provider | DEBUG | RTD: Detalhes completos registrados para LREN3|LRENM137 (Liquidez detectada)
src.infrastructure.providers.mercado_data_provider | DEBUG | RTD: preco_ativo LREN3=13.38 forçado com sucesso
src.infrastructure.providers.mercado_data_provider | DEBUG | RTD: Detalhes completos registrados para B3SA3|B3SAX140 (Liquidez detectada)
src.infrastructure.providers.mercado_data_provider | DEBUG | RTD: preco_ativo B3SA3=15.47 forçado com sucesso
src.infrastructure.providers.mercado_data_provider | DEBUG | RTD: Detalhes completos registrados para BRAP4|BRAPT184 (Liquidez detectada)
src.infrastructure.providers.mercado_data_provider | DEBUG | RTD: preco_ativo BRAP4=21.69 forçado com sucesso
src.infrastructure.providers.mercado_data_provider | DEBUG | RTD: Detalhes completos registrados para TOTS3|TOTSU219 (Liquidez detectada)
src.infrastructure.providers.mercado_data_provider | DEBUG | RTD: preco_ativo TOTS3=29.55 forçado com sucesso
src.infrastructure.providers.mercado_data_provider | DEBUG | RTD: Detalhes completos registrados para CSNA3|CSNAT580W1 (Liquidez detectada)
src.infrastructure.providers.mercado_data_provider | DEBUG | RTD: preco_ativo CSNA3=5.28 forçado com sucesso
src.infrastructure.providers.mercado_data_provider | DEBUG | RTD: Detalhes completos registrados para MOVI3|MOVIU843 (Liquidez detectada)
src.infrastructure.providers.mercado_data_provider | DEBUG | RTD: preco_ativo MOVI3=7.85 forçado com sucesso
src.infrastructure.providers.mercado_data_provider | DEBUG | RTD: Detalhes completos registrados para MDIA3|MDIAU195 (Liquidez detectada)
src.infrastructure.providers.mercado_data_provider | DEBUG | RTD: preco_ativo MDIA3=17.04 forçado com sucesso
src.infrastructure.providers.mercado_data_provider | DEBUG | RTD: Detalhes completos registrados para BMOB3|BMOBT230 (Liquidez detectada)
src.infrastructure.providers.mercado_data_provider | DEBUG | RTD: preco_ativo BMOB3=22.83 forçado com sucesso
src.infrastructure.providers.mercado_data_provider | DEBUG | RTD: Detalhes completos registrados para LWSA3|LWSAT310 (Liquidez detectada)
src.infrastructure.providers.mercado_data_provider | DEBUG | RTD: preco_ativo LWSA3=3.71 forçado com sucesso
src.infrastructure.providers.mercado_data_provider | DEBUG | RTD: Detalhes completos registrados para EMBJ3|EMBJT965 (Liquidez detectada)
src.infrastructure.providers.mercado_data_provider | DEBUG | RTD: preco_ativo EMBJ3=86.64 forçado com sucesso
src.infrastructure.providers.mercado_data_provider | DEBUG | RTD: Detalhes completos registrados para PRIO3|PRIOT555 (Liquidez detectada)
src.infrastructure.providers.mercado_data_provider | DEBUG | RTD: preco_ativo PRIO3=58.28 forçado com sucesso
src.infrastructure.providers.mercado_data_provider | DEBUG | RTD: Detalhes completos registrados para BBAS3|BBAST10 (Liquidez detectada)
src.infrastructure.providers.mercado_data_provider | DEBUG | RTD: preco_ativo BBAS3=20.82 forçado com sucesso
src.infrastructure.providers.mercado_data_provider | DEBUG | RTD: Detalhes completos registrados para BBAS3|BBAST181W2 (Liquidez detectada)
src.infrastructure.providers.mercado_data_provider | DEBUG | RTD: preco_ativo BBAS3=20.82 forçado com sucesso
src.infrastructure.providers.mercado_data_provider | DEBUG | RTD: Detalhes completos registrados para JHSF3|JHSFU928 (Liquidez detectada)
src.infrastructure.providers.mercado_data_provider | DEBUG | RTD: preco_ativo JHSF3=10.67 forçado com sucesso
src.infrastructure.providers.mercado_data_provider | DEBUG | RTD: Detalhes completos registrados para CPFE3|CPFET364 (Liquidez detectada)
src.infrastructure.providers.mercado_data_provider | DEBUG | RTD: preco_ativo CPFE3=45.23 forçado com sucesso
src.infrastructure.providers.mercado_data_provider | DEBUG | RTD: Detalhes completos registrados para VALE3|VALEV496 (Liquidez detectada)
src.infrastructure.providers.mercado_data_provider | DEBUG | RTD: preco_ativo VALE3=75.11 forçado com sucesso
src.infrastructure.providers.mercado_data_provider | DEBUG | RTD: Detalhes completos registrados para PRIO3|PRIOT350 (Liquidez detectada)
src.infrastructure.providers.mercado_data_provider | DEBUG | RTD: preco_ativo PRIO3=58.28 forçado com sucesso
src.infrastructure.providers.mercado_data_provider | DEBUG | RTD: Detalhes completos registrados para COGN3|COGNV245 (Liquidez detectada)
src.infrastructure.providers.mercado_data_provider | DEBUG | RTD: preco_ativo COGN3=2.19 forçado com sucesso
src.infrastructure.providers.mercado_data_provider | DEBUG | RTD: Detalhes completos registrados para VIVA3|VIVAT231 (Liquidez detectada)
src.infrastructure.providers.mercado_data_provider | DEBUG | RTD: preco_ativo VIVA3=22.31 forçado com sucesso
src.infrastructure.providers.mercado_data_provider | DEBUG | RTD: Detalhes completos registrados para BBAS3|BBASU101 (Liquidez detectada)
src.infrastructure.providers.mercado_data_provider | DEBUG | RTD: preco_ativo BBAS3=20.82 forçado com sucesso
src.infrastructure.providers.mercado_data_provider | DEBUG | RTD: Detalhes completos registrados para PETR3|PETRU390 (Liquidez detectada)
src.infrastructure.providers.mercado_data_provider | DEBUG | RTD: preco_ativo PETR3=47.42 forçado com sucesso
src.infrastructure.providers.mercado_data_provider | DEBUG | RTD: Detalhes completos registrados para PETR4|PETRT277 (Liquidez detectada)
src.infrastructure.providers.mercado_data_provider | DEBUG | RTD: preco_ativo PETR4=41.91 forçado com sucesso
src.infrastructure.providers.mercado_data_provider | DEBUG | RTD: Detalhes completos registrados para BHIA3|BHIAU12 (Liquidez detectada)
src.infrastructure.providers.mercado_data_provider | DEBUG | RTD: preco_ativo BHIA3=0.78 forçado com sucesso
src.infrastructure.providers.mercado_data_provider | DEBUG | RTD: Detalhes completos registrados para ALPA4|ALPAT904 (Liquidez detectada)
src.infrastructure.providers.mercado_data_provider | DEBUG | RTD: preco_ativo ALPA4=11.52 forçado com sucesso
src.infrastructure.providers.mercado_data_provider | DEBUG | RTD: Detalhes completos registrados para VALE3|VALEU556 (Liquidez detectada)
src.infrastructure.providers.mercado_data_provider | DEBUG | RTD: preco_ativo VALE3=75.11 forçado com sucesso
src.infrastructure.providers.mercado_data_provider | DEBUG | RTD: Detalhes completos registrados para GGBR4|GGBRU255 (Liquidez detectada)
src.infrastructure.providers.mercado_data_provider | DEBUG | RTD: preco_ativo GGBR4=24.82 forçado com sucesso
src.infrastructure.providers.mercado_data_provider | DEBUG | RTD: Detalhes completos registrados para HYPE3|HYPET205W2 (Liquidez detectada)
src.infrastructure.providers.mercado_data_provider | DEBUG | RTD: preco_ativo HYPE3=21.05 forçado com sucesso
src.infrastructure.providers.mercado_data_provider | DEBUG | RTD: Detalhes completos registrados para EQTL3|EQTLU412 (Liquidez detectada)
src.infrastructure.providers.mercado_data_provider | DEBUG | RTD: preco_ativo EQTL3=38.00 forçado com sucesso
src.infrastructure.providers.mercado_data_provider | DEBUG | RTD: Detalhes completos registrados para DIRR3|DIRRT108 (Liquidez detectada)
src.infrastructure.providers.mercado_data_provider | DEBUG | RTD: preco_ativo DIRR3=11.10 forçado com sucesso
src.infrastructure.providers.mercado_data_provider | DEBUG | RTD: Detalhes completos registrados para BBSE3|BBSEU319 (Liquidez detectada)
src.infrastructure.providers.mercado_data_provider | DEBUG | RTD: preco_ativo BBSE3=41.16 forçado com sucesso
src.infrastructure.providers.mercado_data_provider | DEBUG | RTD: Detalhes completos registrados para GGBR4|GGBRT203W2 (Liquidez detectada)
src.infrastructure.providers.mercado_data_provider | DEBUG | RTD: preco_ativo GGBR4=24.82 forçado com sucesso
src.infrastructure.providers.mercado_data_provider | DEBUG | RTD: Detalhes completos registrados para MGLU3|MGLUT481 (Liquidez detectada)
src.infrastructure.providers.mercado_data_provider | DEBUG | RTD: preco_ativo MGLU3=4.76 forçado com sucesso
src.infrastructure.providers.mercado_data_provider | DEBUG | RTD: Detalhes completos registrados para IRBR3|IRBRT441 (Liquidez detectada)
src.infrastructure.providers.mercado_data_provider | DEBUG | RTD: preco_ativo IRBR3=53.33 forçado com sucesso
src.infrastructure.providers.mercado_data_provider | DEBUG | RTD: Detalhes completos registrados para CMIN3|CMINT421 (Liquidez detectada)
src.infrastructure.providers.mercado_data_provider | DEBUG | RTD: preco_ativo CMIN3=5.91 forçado com sucesso
src.infrastructure.providers.mercado_data_provider | DEBUG | RTD: Detalhes completos registrados para ABEV3|ABEVT162 (Liquidez detectada)
src.infrastructure.providers.mercado_data_provider | DEBUG | RTD: preco_ativo ABEV3=16.03 forçado com sucesso
src.infrastructure.providers.mercado_data_provider | DEBUG | RTD: Detalhes completos registrados para NATU3|NATUU780 (Liquidez detectada)
src.infrastructure.providers.mercado_data_provider | DEBUG | RTD: preco_ativo NATU3=8.35 forçado com sucesso
src.infrastructure.providers.mercado_data_provider | DEBUG | RTD: Detalhes completos registrados para CPFE3|CPFEU444 (Liquidez detectada)
src.infrastructure.providers.mercado_data_provider | DEBUG | RTD: preco_ativo CPFE3=45.23 forçado com sucesso
src.infrastructure.providers.mercado_data_provider | DEBUG | RTD: Detalhes completos registrados para ALOS3|ALOST322 (Liquidez detectada)
src.infrastructure.providers.mercado_data_provider | DEBUG | RTD: preco_ativo ALOS3=26.52 forçado com sucesso
src.infrastructure.providers.mercado_data_provider | DEBUG | RTD: Detalhes completos registrados para ABEV3|ABEVW14 (Liquidez detectada)
src.infrastructure.providers.mercado_data_provider | DEBUG | RTD: preco_ativo ABEV3=16.03 forçado com sucesso
src.infrastructure.providers.mercado_data_provider | DEBUG | RTD: Detalhes completos registrados para AMAR3|AMARU500 (Liquidez detectada)
src.infrastructure.providers.mercado_data_provider | DEBUG | RTD: preco_ativo AMAR3=0.59 forçado com sucesso
src.infrastructure.providers.mercado_data_provider | DEBUG | RTD: Detalhes completos registrados para BBSE3|BBSET426W1 (Liquidez detectada)
src.infrastructure.providers.mercado_data_provider | DEBUG | RTD: preco_ativo BBSE3=41.16 forçado com sucesso
src.infrastructure.providers.mercado_data_provider | DEBUG | RTD: Detalhes completos registrados para BPAC11|BPACU641 (Liquidez detectada)
src.infrastructure.providers.mercado_data_provider | DEBUG | RTD: preco_ativo BPAC11=55.03 forçado com sucesso
src.infrastructure.providers.mercado_data_provider | DEBUG | RTD: Detalhes completos registrados para MOVI3|MOVIX678 (Liquidez detectada)
src.infrastructure.providers.mercado_data_provider | DEBUG | RTD: preco_ativo MOVI3=7.85 forçado com sucesso
src.infrastructure.providers.mercado_data_provider | DEBUG | RTD: Detalhes completos registrados para ABEV3|ABEVU120 (Liquidez detectada)
src.infrastructure.providers.mercado_data_provider | DEBUG | RTD: preco_ativo ABEV3=16.03 forçado com sucesso
src.infrastructure.providers.mercado_data_provider | DEBUG | RTD: Detalhes completos registrados para MGLU3|MGLUT441 (Liquidez detectada)
src.infrastructure.providers.mercado_data_provider | DEBUG | RTD: preco_ativo MGLU3=4.76 forçado com sucesso
src.infrastructure.providers.mercado_data_provider | DEBUG | RTD: Detalhes completos registrados para ITSA4|ITSAU138 (Liquidez detectada)
src.infrastructure.providers.mercado_data_provider | DEBUG | RTD: preco_ativo ITSA4=13.53 forçado com sucesso
src.infrastructure.providers.mercado_data_provider | DEBUG | RTD: Detalhes completos registrados para DIRR3|DIRRT918 (Liquidez detectada)
src.infrastructure.providers.mercado_data_provider | DEBUG | RTD: preco_ativo DIRR3=11.10 forçado com sucesso
src.infrastructure.providers.mercado_data_provider | DEBUG | RTD: Detalhes completos registrados para BBDC4|BBDCX183 (Liquidez detectada)
src.infrastructure.providers.mercado_data_provider | DEBUG | RTD: preco_ativo BBDC4=18.40 forçado com sucesso
src.infrastructure.providers.mercado_data_provider | DEBUG | RTD: Detalhes completos registrados para CEAB3|CEABU882 (Liquidez detectada)
src.infrastructure.providers.mercado_data_provider | DEBUG | RTD: preco_ativo CEAB3=9.17 forçado com sucesso
src.infrastructure.providers.mercado_data_provider | DEBUG | RTD: Detalhes completos registrados para LEVE3|LEVET316 (Liquidez detectada)
src.infrastructure.providers.mercado_data_provider | DEBUG | RTD: preco_ativo LEVE3=31.26 forçado com sucesso
src.infrastructure.providers.mercado_data_provider | DEBUG | RTD: Detalhes completos registrados para INTB3|INTBU148 (Liquidez detectada)
src.infrastructure.providers.mercado_data_provider | DEBUG | RTD: preco_ativo INTB3=13.48 forçado com sucesso
src.infrastructure.providers.mercado_data_provider | DEBUG | RTD: Detalhes completos registrados para MYPK3|MYPKT905 (Liquidez detectada)
src.infrastructure.providers.mercado_data_provider | DEBUG | RTD: preco_ativo MYPK3=9.43 forçado com sucesso
src.infrastructure.providers.mercado_data_provider | DEBUG | RTD: Detalhes completos registrados para EMBJ3|EMBJT828 (Liquidez detectada)
src.infrastructure.providers.mercado_data_provider | DEBUG | RTD: preco_ativo EMBJ3=86.64 forçado com sucesso
src.infrastructure.providers.mercado_data_provider | DEBUG | RTD: Detalhes completos registrados para ALOS3|ALOSU208 (Liquidez detectada)
src.infrastructure.providers.mercado_data_provider | DEBUG | RTD: preco_ativo ALOS3=26.52 forçado com sucesso
src.infrastructure.providers.mercado_data_provider | DEBUG | RTD: Detalhes completos registrados para BBDC4|BBDCU184 (Liquidez detectada)
src.infrastructure.providers.mercado_data_provider | DEBUG | RTD: preco_ativo BBDC4=18.40 forçado com sucesso
src.infrastructure.providers.mercado_data_provider | DEBUG | RTD: Detalhes completos registrados para EQTL3|EQTLT389 (Liquidez detectada)
src.infrastructure.providers.mercado_data_provider | DEBUG | RTD: preco_ativo EQTL3=38.00 forçado com sucesso
src.infrastructure.providers.mercado_data_provider | DEBUG | RTD: Detalhes completos registrados para RENT3|RENTU328 (Liquidez detectada)
src.infrastructure.providers.mercado_data_provider | DEBUG | RTD: preco_ativo RENT3=37.32 forçado com sucesso
src.infrastructure.providers.mercado_data_provider | DEBUG | RTD: Detalhes completos registrados para ISAE4|ISAET296 (Liquidez detectada)
src.infrastructure.providers.mercado_data_provider | DEBUG | RTD: preco_ativo ISAE4=26.51 forçado com sucesso
src.infrastructure.providers.mercado_data_provider | DEBUG | RTD: Detalhes completos registrados para PSSA3|PSSAT491 (Liquidez detectada)
src.infrastructure.providers.mercado_data_provider | DEBUG | RTD: preco_ativo PSSA3=53.59 forçado com sucesso
src.infrastructure.providers.mercado_data_provider | DEBUG | RTD: Detalhes completos registrados para BPAC11|BPACV517 (Liquidez detectada)
src.infrastructure.providers.mercado_data_provider | DEBUG | RTD: preco_ativo BPAC11=55.03 forçado com sucesso
src.infrastructure.providers.mercado_data_provider | DEBUG | RTD: Detalhes completos registrados para BPAC11|BPACT590 (Liquidez detectada)
src.infrastructure.providers.mercado_data_provider | DEBUG | RTD: preco_ativo BPAC11=55.03 forçado com sucesso
src.infrastructure.providers.mercado_data_provider | DEBUG | RTD: Detalhes completos registrados para B3SA3|B3SAV190 (Liquidez detectada)
src.infrastructure.providers.mercado_data_provider | DEBUG | RTD: preco_ativo B3SA3=15.47 forçado com sucesso
src.infrastructure.providers.mercado_data_provider | DEBUG | RTD: Detalhes completos registrados para CXSE3|CXSEU18 (Liquidez detectada)
src.infrastructure.providers.mercado_data_provider | DEBUG | RTD: preco_ativo CXSE3=20.41 forçado com sucesso
src.infrastructure.providers.mercado_data_provider | DEBUG | RTD: Detalhes completos registrados para LWSA3|LWSAT400 (Liquidez detectada)
src.infrastructure.providers.mercado_data_provider | DEBUG | RTD: preco_ativo LWSA3=3.71 forçado com sucesso
src.infrastructure.providers.mercado_data_provider | DEBUG | RTD: Detalhes completos registrados para ENGI11|ENGIU521 (Liquidez detectada)
src.infrastructure.providers.mercado_data_provider | DEBUG | RTD: preco_ativo ENGI11=48.98 forçado com sucesso
src.infrastructure.providers.mercado_data_provider | DEBUG | RTD: Detalhes completos registrados para ITUB4|ITUBT407W4 (Liquidez detectada)
src.infrastructure.providers.mercado_data_provider | DEBUG | RTD: preco_ativo ITUB4=42.01 forçado com sucesso
src.infrastructure.providers.mercado_data_provider | DEBUG | RTD: Detalhes completos registrados para PRIO3|PRIOU395 (Liquidez detectada)
src.infrastructure.providers.mercado_data_provider | DEBUG | RTD: preco_ativo PRIO3=58.28 forçado com sucesso
src.infrastructure.providers.mercado_data_provider | DEBUG | RTD: Detalhes completos registrados para BRAP4|BRAPU247 (Liquidez detectada)
src.infrastructure.providers.mercado_data_provider | DEBUG | RTD: preco_ativo BRAP4=21.69 forçado com sucesso
src.infrastructure.providers.mercado_data_provider | DEBUG | RTD: Detalhes completos registrados para CPLE3|CPLEU108 (Liquidez detectada)
src.infrastructure.providers.mercado_data_provider | DEBUG | RTD: preco_ativo CPLE3=14.67 forçado com sucesso
src.infrastructure.providers.mercado_data_provider | DEBUG | RTD: Detalhes completos registrados para GGBR4|GGBRU215 (Liquidez detectada)
src.infrastructure.providers.mercado_data_provider | DEBUG | RTD: preco_ativo GGBR4=24.82 forçado com sucesso
src.infrastructure.providers.mercado_data_provider | DEBUG | RTD: Detalhes completos registrados para B3SA3|B3SAW172 (Liquidez detectada)
src.infrastructure.providers.mercado_data_provider | DEBUG | RTD: preco_ativo B3SA3=15.47 forçado com sucesso
src.infrastructure.providers.mercado_data_provider | DEBUG | RTD: Detalhes completos registrados para CSMG3|CSMGT670W4 (Liquidez detectada)
src.infrastructure.providers.mercado_data_provider | DEBUG | RTD: preco_ativo CSMG3=61.94 forçado com sucesso
src.infrastructure.providers.mercado_data_provider | DEBUG | RTD: Detalhes completos registrados para GMAT3|GMATU439 (Liquidez detectada)
src.infrastructure.providers.mercado_data_provider | DEBUG | RTD: preco_ativo GMAT3=3.88 forçado com sucesso
src.infrastructure.providers.mercado_data_provider | DEBUG | RTD: Detalhes completos registrados para SMFT3|SMFTU210 (Liquidez detectada)
src.infrastructure.providers.mercado_data_provider | DEBUG | RTD: preco_ativo SMFT3=19.47 forçado com sucesso
src.infrastructure.providers.mercado_data_provider | DEBUG | RTD: Detalhes completos registrados para IGTI11|IGTIU182 (Liquidez detectada)
src.infrastructure.providers.mercado_data_provider | DEBUG | RTD: preco_ativo IGTI11=24.53 forçado com sucesso
src.infrastructure.providers.mercado_data_provider | DEBUG | RTD: Detalhes completos registrados para DIRR3|DIRRT120 (Liquidez detectada)
src.infrastructure.providers.mercado_data_provider | DEBUG | RTD: preco_ativo DIRR3=11.10 forçado com sucesso
src.infrastructure.providers.mercado_data_provider | DEBUG | RTD: Detalhes completos registrados para HAPV3|HAPVT110W2 (Liquidez detectada)
src.infrastructure.providers.mercado_data_provider | DEBUG | RTD: preco_ativo HAPV3=10.51 forçado com sucesso
src.infrastructure.providers.mercado_data_provider | DEBUG | RTD: Detalhes completos registrados para LEVE3|LEVET298 (Liquidez detectada)
src.infrastructure.providers.mercado_data_provider | DEBUG | RTD: preco_ativo LEVE3=31.26 forçado com sucesso
src.infrastructure.providers.mercado_data_provider | DEBUG | RTD: Detalhes completos registrados para BBDC4|BBDCW208 (Liquidez detectada)
src.infrastructure.providers.mercado_data_provider | DEBUG | RTD: preco_ativo BBDC4=18.40 forçado com sucesso
src.infrastructure.providers.mercado_data_provider | DEBUG | RTD: Detalhes completos registrados para BBDC4|BBDCT115W2 (Liquidez detectada)
src.infrastructure.providers.mercado_data_provider | DEBUG | RTD: preco_ativo BBDC4=18.40 forçado com sucesso
src.infrastructure.providers.mercado_data_provider | DEBUG | RTD: Detalhes completos registrados para HAPV3|HAPVT760W2 (Liquidez detectada)
src.infrastructure.providers.mercado_data_provider | DEBUG | RTD: preco_ativo HAPV3=10.51 forçado com sucesso
src.infrastructure.providers.mercado_data_provider | DEBUG | RTD: Detalhes completos registrados para ECOR3|ECORU604 (Liquidez detectada)
src.infrastructure.providers.mercado_data_provider | DEBUG | RTD: preco_ativo ECOR3=6.89 forçado com sucesso
src.infrastructure.providers.mercado_data_provider | DEBUG | RTD: Detalhes completos registrados para BPAC11|BPACU384 (Liquidez detectada)
src.infrastructure.providers.mercado_data_provider | DEBUG | RTD: preco_ativo BPAC11=55.03 forçado com sucesso
src.infrastructure.providers.mercado_data_provider | DEBUG | RTD: Detalhes completos registrados para BRSR6|BRSRU117 (Liquidez detectada)
src.infrastructure.providers.mercado_data_provider | DEBUG | RTD: preco_ativo BRSR6=13.91 forçado com sucesso
src.infrastructure.providers.mercado_data_provider | DEBUG | RTD: Detalhes completos registrados para BBAS3|BBASX14 (Liquidez detectada)
src.infrastructure.providers.mercado_data_provider | DEBUG | RTD: preco_ativo BBAS3=20.82 forçado com sucesso
src.infrastructure.providers.mercado_data_provider | DEBUG | RTD: Detalhes completos registrados para COGN3|COGNU234 (Liquidez detectada)
src.infrastructure.providers.mercado_data_provider | DEBUG | RTD: preco_ativo COGN3=2.19 forçado com sucesso
src.infrastructure.providers.mercado_data_provider | DEBUG | RTD: Detalhes completos registrados para ITSA4|ITSAV122 (Liquidez detectada)
src.infrastructure.providers.mercado_data_provider | DEBUG | RTD: preco_ativo ITSA4=13.53 forçado com sucesso
src.infrastructure.providers.mercado_data_provider | DEBUG | RTD: Detalhes completos registrados para ITUB4|ITUBT377W2 (Liquidez detectada)
src.infrastructure.providers.mercado_data_provider | DEBUG | RTD: preco_ativo ITUB4=42.01 forçado com sucesso
src.infrastructure.providers.mercado_data_provider | DEBUG | RTD: Detalhes completos registrados para PETR4|PETRW403 (Liquidez detectada)
src.infrastructure.providers.mercado_data_provider | DEBUG | RTD: preco_ativo PETR4=41.91 forçado com sucesso
src.infrastructure.providers.mercado_data_provider | DEBUG | RTD: Detalhes completos registrados para ASAI3|ASAIU60 (Liquidez detectada)
src.infrastructure.providers.mercado_data_provider | DEBUG | RTD: preco_ativo ASAI3=8.21 forçado com sucesso
src.infrastructure.providers.mercado_data_provider | DEBUG | RTD: Detalhes completos registrados para IRBR3|IRBRT543W1 (Liquidez detectada)
src.infrastructure.providers.mercado_data_provider | DEBUG | RTD: preco_ativo IRBR3=53.33 forçado com sucesso
src.infrastructure.providers.mercado_data_provider | DEBUG | RTD: Detalhes completos registrados para IRBR3|IRBRT453W1 (Liquidez detectada)
src.infrastructure.providers.mercado_data_provider | DEBUG | RTD: preco_ativo IRBR3=53.33 forçado com sucesso
src.infrastructure.providers.mercado_data_provider | DEBUG | RTD: Detalhes completos registrados para SMAL11|SMALT950W2 (Liquidez detectada)
src.infrastructure.providers.mercado_data_provider | DEBUG | RTD: preco_ativo SMAL11=105.34 forçado com sucesso
src.infrastructure.providers.mercado_data_provider | DEBUG | RTD: Detalhes completos registrados para BBDC4|BBDCV165 (Liquidez detectada)
src.infrastructure.providers.mercado_data_provider | DEBUG | RTD: preco_ativo BBDC4=18.40 forçado com sucesso
src.infrastructure.providers.mercado_data_provider | DEBUG | RTD: Detalhes completos registrados para PETR4|PETRT481W1 (Liquidez detectada)
src.infrastructure.providers.mercado_data_provider | DEBUG | RTD: preco_ativo PETR4=41.91 forçado com sucesso
src.infrastructure.providers.mercado_data_provider | DEBUG | RTD: Detalhes completos registrados para GGBR4|GGBRU288 (Liquidez detectada)
src.infrastructure.providers.mercado_data_provider | DEBUG | RTD: preco_ativo GGBR4=24.82 forçado com sucesso
src.infrastructure.providers.mercado_data_provider | DEBUG | RTD: Detalhes completos registrados para MOVI3|MOVIU993 (Liquidez detectada)
src.infrastructure.providers.mercado_data_provider | DEBUG | RTD: preco_ativo MOVI3=7.85 forçado com sucesso
src.infrastructure.providers.mercado_data_provider | DEBUG | RTD: Detalhes completos registrados para HAPV3|HAPVT800 (Liquidez detectada)
src.infrastructure.providers.mercado_data_provider | DEBUG | RTD: preco_ativo HAPV3=10.51 forçado com sucesso
src.infrastructure.providers.mercado_data_provider | DEBUG | RTD: Detalhes completos registrados para ANIM3|ANIMM20 (Liquidez detectada)
src.infrastructure.providers.mercado_data_provider | DEBUG | RTD: preco_ativo ANIM3=2.23 forçado com sucesso
src.infrastructure.providers.mercado_data_provider | DEBUG | RTD: Detalhes completos registrados para PETR4|PETRU587 (Liquidez detectada)
src.infrastructure.providers.mercado_data_provider | DEBUG | RTD: preco_ativo PETR4=41.91 forçado com sucesso
src.infrastructure.providers.mercado_data_provider | DEBUG | RTD: Detalhes completos registrados para JHSF3|JHSFU888 (Liquidez detectada)
src.infrastructure.providers.mercado_data_provider | DEBUG | RTD: preco_ativo JHSF3=10.67 forçado com sucesso
src.infrastructure.providers.mercado_data_provider | DEBUG | RTD: Detalhes completos registrados para EMBJ3|EMBJT903 (Liquidez detectada)
src.infrastructure.providers.mercado_data_provider | DEBUG | RTD: preco_ativo EMBJ3=86.64 forçado com sucesso
src.infrastructure.providers.mercado_data_provider | DEBUG | RTD: Detalhes completos registrados para COGN3|COGNT171W2 (Liquidez detectada)
src.infrastructure.providers.mercado_data_provider | DEBUG | RTD: preco_ativo COGN3=2.19 forçado com sucesso
src.infrastructure.providers.mercado_data_provider | DEBUG | RTD: Detalhes completos registrados para KLBN11|KLBNT159 (Liquidez detectada)
src.infrastructure.providers.mercado_data_provider | DEBUG | RTD: preco_ativo KLBN11=18.03 forçado com sucesso
src.infrastructure.providers.mercado_data_provider | DEBUG | RTD: Detalhes completos registrados para POMO4|POMOT474 (Liquidez detectada)
src.infrastructure.providers.mercado_data_provider | DEBUG | RTD: preco_ativo POMO4=5.33 forçado com sucesso
src.infrastructure.providers.mercado_data_provider | DEBUG | RTD: Detalhes completos registrados para ITUB4|ITUBT407W2 (Liquidez detectada)
src.infrastructure.providers.mercado_data_provider | DEBUG | RTD: preco_ativo ITUB4=42.01 forçado com sucesso
src.infrastructure.providers.mercado_data_provider | DEBUG | RTD: Detalhes completos registrados para CSAN3|CSANX215 (Liquidez detectada)
src.infrastructure.providers.mercado_data_provider | DEBUG | RTD: preco_ativo CSAN3=3.92 forçado com sucesso
src.infrastructure.providers.mercado_data_provider | DEBUG | RTD: Detalhes completos registrados para ABEV3|ABEVV168 (Liquidez detectada)
src.infrastructure.providers.mercado_data_provider | DEBUG | RTD: preco_ativo ABEV3=16.03 forçado com sucesso
src.infrastructure.providers.mercado_data_provider | DEBUG | RTD: Detalhes completos registrados para ALOS3|ALOSU24 (Liquidez detectada)
src.infrastructure.providers.mercado_data_provider | DEBUG | RTD: preco_ativo ALOS3=26.52 forçado com sucesso
src.infrastructure.providers.mercado_data_provider | DEBUG | RTD: Detalhes completos registrados para POSI3|POSIU315 (Liquidez detectada)
src.infrastructure.providers.mercado_data_provider | DEBUG | RTD: preco_ativo POSI3=3.56 forçado com sucesso
src.infrastructure.providers.mercado_data_provider | DEBUG | RTD: Detalhes completos registrados para CSAN3|CSANV495 (Liquidez detectada)
src.infrastructure.providers.mercado_data_provider | DEBUG | RTD: preco_ativo CSAN3=3.92 forçado com sucesso
src.infrastructure.providers.mercado_data_provider | DEBUG | RTD: Detalhes completos registrados para ITUB4|ITUBT382W2 (Liquidez detectada)
src.infrastructure.providers.mercado_data_provider | DEBUG | RTD: preco_ativo ITUB4=42.01 forçado com sucesso
src.infrastructure.providers.mercado_data_provider | DEBUG | RTD: Detalhes completos registrados para PETR4|PETRT434W1 (Liquidez detectada)
src.infrastructure.providers.mercado_data_provider | DEBUG | RTD: preco_ativo PETR4=41.91 forçado com sucesso
src.infrastructure.providers.mercado_data_provider | DEBUG | RTD: Detalhes completos registrados para BEEF3|BEEFU247 (Liquidez detectada)
src.infrastructure.providers.mercado_data_provider | DEBUG | RTD: preco_ativo BEEF3=3.47 forçado com sucesso
src.infrastructure.providers.mercado_data_provider | DEBUG | RTD: Detalhes completos registrados para CSAN3|CSANT385W2 (Liquidez detectada)
src.infrastructure.providers.mercado_data_provider | DEBUG | RTD: preco_ativo CSAN3=3.92 forçado com sucesso
src.infrastructure.providers.mercado_data_provider | DEBUG | RTD: Detalhes completos registrados para BBSE3|BBSET381 (Liquidez detectada)
src.infrastructure.providers.mercado_data_provider | DEBUG | RTD: preco_ativo BBSE3=41.16 forçado com sucesso
src.infrastructure.providers.mercado_data_provider | DEBUG | RTD: Detalhes completos registrados para BBSE3|BBSEU461 (Liquidez detectada)
src.infrastructure.providers.mercado_data_provider | DEBUG | RTD: preco_ativo BBSE3=41.16 forçado com sucesso
src.infrastructure.providers.mercado_data_provider | DEBUG | RTD: Detalhes completos registrados para CSMG3|CSMGU550 (Liquidez detectada)
src.infrastructure.providers.mercado_data_provider | DEBUG | RTD: preco_ativo CSMG3=61.94 forçado com sucesso
src.infrastructure.providers.mercado_data_provider | DEBUG | RTD: Detalhes completos registrados para BBAS3|BBASU191 (Liquidez detectada)
src.infrastructure.providers.mercado_data_provider | DEBUG | RTD: preco_ativo BBAS3=20.82 forçado com sucesso
src.infrastructure.providers.mercado_data_provider | DEBUG | RTD: Detalhes completos registrados para MBRF3|MBRFT153 (Liquidez detectada)
src.infrastructure.providers.mercado_data_provider | DEBUG | RTD: preco_ativo MBRF3=16.59 forçado com sucesso
src.infrastructure.providers.mercado_data_provider | DEBUG | RTD: Detalhes completos registrados para BPAC11|BPACT463 (Liquidez detectada)
src.infrastructure.providers.mercado_data_provider | DEBUG | RTD: preco_ativo BPAC11=55.03 forçado com sucesso
src.infrastructure.providers.mercado_data_provider | DEBUG | RTD: Detalhes completos registrados para LWSA3|LWSAU400 (Liquidez detectada)
src.infrastructure.providers.mercado_data_provider | DEBUG | RTD: preco_ativo LWSA3=3.71 forçado com sucesso
src.infrastructure.providers.mercado_data_provider | DEBUG | RTD: Detalhes completos registrados para EQTL3|EQTLT382 (Liquidez detectada)
src.infrastructure.providers.mercado_data_provider | DEBUG | RTD: preco_ativo EQTL3=38.00 forçado com sucesso
src.infrastructure.providers.mercado_data_provider | DEBUG | RTD: Detalhes completos registrados para CSMG3|CSMGT633 (Liquidez detectada)
src.infrastructure.providers.mercado_data_provider | DEBUG | RTD: preco_ativo CSMG3=61.94 forçado com sucesso
src.infrastructure.providers.mercado_data_provider | DEBUG | RTD: Detalhes completos registrados para BBSE3|BBSEV361 (Liquidez detectada)
src.infrastructure.providers.mercado_data_provider | DEBUG | RTD: preco_ativo BBSE3=41.16 forçado com sucesso
src.infrastructure.providers.mercado_data_provider | DEBUG | RTD: Detalhes completos registrados para CMIG4|CMIGT101 (Liquidez detectada)
src.infrastructure.providers.mercado_data_provider | DEBUG | RTD: preco_ativo CMIG4=11.10 forçado com sucesso
src.infrastructure.providers.mercado_data_provider | DEBUG | RTD: Detalhes completos registrados para PRIO3|PRIOT395 (Liquidez detectada)
src.infrastructure.providers.mercado_data_provider | DEBUG | RTD: preco_ativo PRIO3=58.28 forçado com sucesso
src.infrastructure.providers.mercado_data_provider | DEBUG | RTD: Detalhes completos registrados para CXSE3|CXSEU204 (Liquidez detectada)
src.infrastructure.providers.mercado_data_provider | DEBUG | RTD: preco_ativo CXSE3=20.41 forçado com sucesso
src.infrastructure.providers.mercado_data_provider | DEBUG | RTD: Detalhes completos registrados para BBAS3|BBAST216W2 (Liquidez detectada)
src.infrastructure.providers.mercado_data_provider | DEBUG | RTD: preco_ativo BBAS3=20.82 forçado com sucesso
src.infrastructure.providers.mercado_data_provider | DEBUG | RTD: Detalhes completos registrados para BBDC4|BBDCU134 (Liquidez detectada)
src.infrastructure.providers.mercado_data_provider | DEBUG | RTD: preco_ativo BBDC4=18.40 forçado com sucesso
src.infrastructure.providers.mercado_data_provider | DEBUG | RTD: Detalhes completos registrados para FLRY3|FLRYT147 (Liquidez detectada)
src.infrastructure.providers.mercado_data_provider | DEBUG | RTD: preco_ativo FLRY3=16.80 forçado com sucesso
src.infrastructure.providers.mercado_data_provider | DEBUG | RTD: Detalhes completos registrados para PETR4|PETRU356 (Liquidez detectada)
src.infrastructure.providers.mercado_data_provider | DEBUG | RTD: preco_ativo PETR4=41.91 forçado com sucesso
src.infrastructure.providers.mercado_data_provider | DEBUG | RTD: Detalhes completos registrados para BBAS3|BBASX22 (Liquidez detectada)
src.infrastructure.providers.mercado_data_provider | DEBUG | RTD: preco_ativo BBAS3=20.82 forçado com sucesso
src.infrastructure.providers.mercado_data_provider | DEBUG | RTD: Detalhes completos registrados para CSMG3|CSMGW505 (Liquidez detectada)
src.infrastructure.providers.mercado_data_provider | DEBUG | RTD: preco_ativo CSMG3=61.94 forçado com sucesso
src.infrastructure.providers.mercado_data_provider | DEBUG | RTD: Detalhes completos registrados para PETR4|PETRT352 (Liquidez detectada)
src.infrastructure.providers.mercado_data_provider | DEBUG | RTD: preco_ativo PETR4=41.91 forçado com sucesso
src.infrastructure.providers.mercado_data_provider | DEBUG | RTD: Detalhes completos registrados para BBDC4|BBDCT149 (Liquidez detectada)
src.infrastructure.providers.mercado_data_provider | DEBUG | RTD: preco_ativo BBDC4=18.40 forçado com sucesso
src.infrastructure.providers.mercado_data_provider | DEBUG | RTD: Detalhes completos registrados para CYRE3|CYRET168 (Liquidez detectada)
src.infrastructure.providers.mercado_data_provider | DEBUG | RTD: preco_ativo CYRE3=20.67 forçado com sucesso
src.infrastructure.providers.mercado_data_provider | DEBUG | RTD: Detalhes completos registrados para CYRE3|CYRET193 (Liquidez detectada)
src.infrastructure.providers.mercado_data_provider | DEBUG | RTD: preco_ativo CYRE3=20.67 forçado com sucesso
src.infrastructure.providers.mercado_data_provider | DEBUG | RTD: Detalhes completos registrados para CSAN3|CSANU440 (Liquidez detectada)
src.infrastructure.providers.mercado_data_provider | DEBUG | RTD: preco_ativo CSAN3=3.92 forçado com sucesso
src.infrastructure.providers.mercado_data_provider | DEBUG | RTD: Detalhes completos registrados para PETR4|PETRX398 (Liquidez detectada)
src.infrastructure.providers.mercado_data_provider | DEBUG | RTD: preco_ativo PETR4=41.91 forçado com sucesso
src.infrastructure.providers.mercado_data_provider | DEBUG | RTD: Detalhes completos registrados para PETR4|PETRT373W2 (Liquidez detectada)
src.infrastructure.providers.mercado_data_provider | DEBUG | RTD: preco_ativo PETR4=41.91 forçado com sucesso
src.infrastructure.providers.mercado_data_provider | DEBUG | RTD: Detalhes completos registrados para HYPE3|HYPET180 (Liquidez detectada)
src.infrastructure.providers.mercado_data_provider | DEBUG | RTD: preco_ativo HYPE3=21.05 forçado com sucesso
src.infrastructure.providers.mercado_data_provider | DEBUG | RTD: Detalhes completos registrados para FLRY3|FLRYU129 (Liquidez detectada)
src.infrastructure.providers.mercado_data_provider | DEBUG | RTD: preco_ativo FLRY3=16.80 forçado com sucesso
src.infrastructure.providers.mercado_data_provider | DEBUG | RTD: Detalhes completos registrados para PRIO3|PRIOV560 (Liquidez detectada)
src.infrastructure.providers.mercado_data_provider | DEBUG | RTD: preco_ativo PRIO3=58.28 forçado com sucesso
src.infrastructure.providers.mercado_data_provider | DEBUG | RTD: Detalhes completos registrados para ABEV3|ABEVT150 (Liquidez detectada)
src.infrastructure.providers.mercado_data_provider | DEBUG | RTD: preco_ativo ABEV3=16.03 forçado com sucesso
src.infrastructure.providers.mercado_data_provider | DEBUG | RTD: Detalhes completos registrados para MBRF3|MBRFU155 (Liquidez detectada)
src.infrastructure.providers.mercado_data_provider | DEBUG | RTD: preco_ativo MBRF3=16.59 forçado com sucesso
src.infrastructure.providers.mercado_data_provider | DEBUG | RTD: Detalhes completos registrados para MGLU3|MGLUT355W1 (Liquidez detectada)
src.infrastructure.providers.mercado_data_provider | DEBUG | RTD: preco_ativo MGLU3=4.76 forçado com sucesso
src.infrastructure.providers.mercado_data_provider | DEBUG | RTD: Detalhes completos registrados para HAPV3|HAPVU107 (Liquidez detectada)
src.infrastructure.providers.mercado_data_provider | DEBUG | RTD: preco_ativo HAPV3=10.51 forçado com sucesso
src.infrastructure.providers.mercado_data_provider | DEBUG | RTD: Detalhes completos registrados para CPFE3|CPFET379 (Liquidez detectada)
src.infrastructure.providers.mercado_data_provider | DEBUG | RTD: preco_ativo CPFE3=45.23 forçado com sucesso
src.infrastructure.providers.mercado_data_provider | DEBUG | RTD: Detalhes completos registrados para SUZB3|SUZBW448 (Liquidez detectada)
src.infrastructure.providers.mercado_data_provider | DEBUG | RTD: preco_ativo SUZB3=42.60 forçado com sucesso
src.infrastructure.providers.mercado_data_provider | DEBUG | RTD: Detalhes completos registrados para PETR4|PETRT214 (Liquidez detectada)
src.infrastructure.providers.mercado_data_provider | DEBUG | RTD: preco_ativo PETR4=41.91 forçado com sucesso
src.infrastructure.providers.mercado_data_provider | DEBUG | RTD: Detalhes completos registrados para VALE3|VALET364 (Liquidez detectada)
src.infrastructure.providers.mercado_data_provider | DEBUG | RTD: preco_ativo VALE3=75.11 forçado com sucesso
src.infrastructure.providers.mercado_data_provider | DEBUG | RTD: Detalhes completos registrados para PRIO3|PRIOT615W1 (Liquidez detectada)
src.infrastructure.providers.mercado_data_provider | DEBUG | RTD: preco_ativo PRIO3=58.28 forçado com sucesso
src.infrastructure.providers.mercado_data_provider | DEBUG | RTD: Detalhes completos registrados para ABEV3|ABEVT145 (Liquidez detectada)
src.infrastructure.providers.mercado_data_provider | DEBUG | RTD: preco_ativo ABEV3=16.03 forçado com sucesso
src.infrastructure.providers.mercado_data_provider | DEBUG | RTD: Detalhes completos registrados para BBDC3|BBDCT158 (Liquidez detectada)
src.infrastructure.providers.mercado_data_provider | DEBUG | RTD: preco_ativo BBDC3=16.03 forçado com sucesso
src.infrastructure.providers.mercado_data_provider | DEBUG | RTD: Detalhes completos registrados para CXSE3|CXSEU25 (Liquidez detectada)
src.infrastructure.providers.mercado_data_provider | DEBUG | RTD: preco_ativo CXSE3=20.41 forçado com sucesso
src.infrastructure.providers.mercado_data_provider | DEBUG | RTD: Detalhes completos registrados para EQTL3|EQTLT307 (Liquidez detectada)
src.infrastructure.providers.mercado_data_provider | DEBUG | RTD: preco_ativo EQTL3=38.00 forçado com sucesso
src.infrastructure.providers.mercado_data_provider | DEBUG | RTD: Detalhes completos registrados para PRIO3|PRIOT630 (Liquidez detectada)
src.infrastructure.providers.mercado_data_provider | DEBUG | RTD: preco_ativo PRIO3=58.28 forçado com sucesso
src.infrastructure.providers.mercado_data_provider | DEBUG | RTD: Detalhes completos registrados para PRIO3|PRIOU352 (Liquidez detectada)
src.infrastructure.providers.mercado_data_provider | DEBUG | RTD: preco_ativo PRIO3=58.28 forçado com sucesso
src.infrastructure.providers.mercado_data_provider | DEBUG | RTD: Detalhes completos registrados para LREN3|LRENV178 (Liquidez detectada)
src.infrastructure.providers.mercado_data_provider | DEBUG | RTD: preco_ativo LREN3=13.38 forçado com sucesso
src.infrastructure.providers.mercado_data_provider | DEBUG | RTD: Detalhes completos registrados para BPAC11|BPACU591 (Liquidez detectada)
src.infrastructure.providers.mercado_data_provider | DEBUG | RTD: preco_ativo BPAC11=55.03 forçado com sucesso
src.infrastructure.providers.mercado_data_provider | DEBUG | RTD: Detalhes completos registrados para BBDC3|BBDCU17 (Liquidez detectada)
src.infrastructure.providers.mercado_data_provider | DEBUG | RTD: preco_ativo BBDC3=16.03 forçado com sucesso
src.infrastructure.providers.mercado_data_provider | DEBUG | RTD: Detalhes completos registrados para ENEV3|ENEVU265 (Liquidez detectada)
src.infrastructure.providers.mercado_data_provider | DEBUG | RTD: preco_ativo ENEV3=25.93 forçado com sucesso
src.infrastructure.providers.mercado_data_provider | DEBUG | RTD: Detalhes completos registrados para BBAS3|BBASU246 (Liquidez detectada)
src.infrastructure.providers.mercado_data_provider | DEBUG | RTD: preco_ativo BBAS3=20.82 forçado com sucesso
src.infrastructure.providers.mercado_data_provider | DEBUG | RTD: Detalhes completos registrados para BBSE3|BBSET354W2 (Liquidez detectada)
src.infrastructure.providers.mercado_data_provider | DEBUG | RTD: preco_ativo BBSE3=41.16 forçado com sucesso
src.infrastructure.providers.mercado_data_provider | DEBUG | RTD: Detalhes completos registrados para KLBN11|KLBNT151 (Liquidez detectada)
src.infrastructure.providers.mercado_data_provider | DEBUG | RTD: preco_ativo KLBN11=18.03 forçado com sucesso
src.infrastructure.providers.mercado_data_provider | DEBUG | RTD: Detalhes completos registrados para POMO4|POMOM494 (Liquidez detectada)
src.infrastructure.providers.mercado_data_provider | DEBUG | RTD: preco_ativo POMO4=5.33 forçado com sucesso
src.infrastructure.providers.mercado_data_provider | DEBUG | RTD: Detalhes completos registrados para PRIO3|PRIOU50 (Liquidez detectada)
src.infrastructure.providers.mercado_data_provider | DEBUG | RTD: preco_ativo PRIO3=58.28 forçado com sucesso
src.infrastructure.providers.mercado_data_provider | DEBUG | RTD: Detalhes completos registrados para PETR4|PETRU462 (Liquidez detectada)
src.infrastructure.providers.mercado_data_provider | DEBUG | RTD: preco_ativo PETR4=41.91 forçado com sucesso
src.infrastructure.providers.mercado_data_provider | DEBUG | RTD: Detalhes completos registrados para GMAT3|GMATU409 (Liquidez detectada)
src.infrastructure.providers.mercado_data_provider | DEBUG | RTD: preco_ativo GMAT3=3.88 forçado com sucesso
src.infrastructure.providers.mercado_data_provider | DEBUG | RTD: Detalhes completos registrados para BBAS3|BBASV198W2 (Liquidez detectada)
src.infrastructure.providers.mercado_data_provider | DEBUG | RTD: preco_ativo BBAS3=20.82 forçado com sucesso
src.infrastructure.providers.mercado_data_provider | DEBUG | RTD: Detalhes completos registrados para CSMG3|CSMGW500 (Liquidez detectada)
src.infrastructure.providers.mercado_data_provider | DEBUG | RTD: preco_ativo CSMG3=61.94 forçado com sucesso
src.infrastructure.providers.mercado_data_provider | DEBUG | RTD: Detalhes completos registrados para IGTI11|IGTIU269 (Liquidez detectada)
src.infrastructure.providers.mercado_data_provider | DEBUG | RTD: preco_ativo IGTI11=24.53 forçado com sucesso
src.infrastructure.providers.mercado_data_provider | DEBUG | RTD: Detalhes completos registrados para MRVE3|MRVET410W2 (Liquidez detectada)
src.infrastructure.providers.mercado_data_provider | DEBUG | RTD: preco_ativo MRVE3=4.56 forçado com sucesso
src.infrastructure.providers.mercado_data_provider | DEBUG | RTD: Detalhes completos registrados para ITUB4|ITUBU404 (Liquidez detectada)
src.infrastructure.providers.mercado_data_provider | DEBUG | RTD: preco_ativo ITUB4=42.01 forçado com sucesso
src.infrastructure.providers.mercado_data_provider | DEBUG | RTD: Detalhes completos registrados para BBAS3|BBASU134 (Liquidez detectada)
src.infrastructure.providers.mercado_data_provider | DEBUG | RTD: preco_ativo BBAS3=20.82 forçado com sucesso
src.infrastructure.providers.mercado_data_provider | DEBUG | RTD: Detalhes completos registrados para BBAS3|BBASW224 (Liquidez detectada)
src.infrastructure.providers.mercado_data_provider | DEBUG | RTD: preco_ativo BBAS3=20.82 forçado com sucesso
src.infrastructure.providers.mercado_data_provider | DEBUG | RTD: Detalhes completos registrados para ITSA4|ITSAM122 (Liquidez detectada)
src.infrastructure.providers.mercado_data_provider | DEBUG | RTD: preco_ativo ITSA4=13.53 forçado com sucesso
src.infrastructure.providers.mercado_data_provider | DEBUG | RTD: Detalhes completos registrados para MBRF3|MBRFT138 (Liquidez detectada)
src.infrastructure.providers.mercado_data_provider | DEBUG | RTD: preco_ativo MBRF3=16.59 forçado com sucesso
src.infrastructure.providers.mercado_data_provider | DEBUG | RTD: Detalhes completos registrados para HYPE3|HYPET197 (Liquidez detectada)
src.infrastructure.providers.mercado_data_provider | DEBUG | RTD: preco_ativo HYPE3=21.05 forçado com sucesso
src.infrastructure.providers.mercado_data_provider | DEBUG | RTD: Detalhes completos registrados para JHSF3|JHSFU102 (Liquidez detectada)
src.infrastructure.providers.mercado_data_provider | DEBUG | RTD: preco_ativo JHSF3=10.67 forçado com sucesso
src.infrastructure.providers.mercado_data_provider | DEBUG | RTD: Detalhes completos registrados para ITSA4|ITSAM125 (Liquidez detectada)
src.infrastructure.providers.mercado_data_provider | DEBUG | RTD: preco_ativo ITSA4=13.53 forçado com sucesso
src.infrastructure.providers.mercado_data_provider | DEBUG | RTD: Detalhes completos registrados para CSMG3|CSMGU530 (Liquidez detectada)
src.infrastructure.providers.mercado_data_provider | DEBUG | RTD: preco_ativo CSMG3=61.94 forçado com sucesso
src.infrastructure.providers.mercado_data_provider | DEBUG | RTD: Detalhes completos registrados para PETR4|PETRT313W1 (Liquidez detectada)
src.infrastructure.providers.mercado_data_provider | DEBUG | RTD: preco_ativo PETR4=41.91 forçado com sucesso
src.infrastructure.providers.mercado_data_provider | DEBUG | RTD: Detalhes completos registrados para ABCB4|ABCBT250 (Liquidez detectada)
src.infrastructure.providers.mercado_data_provider | DEBUG | RTD: preco_ativo ABCB4=23.68 forçado com sucesso
src.infrastructure.providers.mercado_data_provider | DEBUG | RTD: Detalhes completos registrados para EMBJ3|EMBJT413 (Liquidez detectada)
src.infrastructure.providers.mercado_data_provider | DEBUG | RTD: preco_ativo EMBJ3=86.64 forçado com sucesso
src.infrastructure.providers.mercado_data_provider | DEBUG | RTD: Detalhes completos registrados para CSNA3|CSNAU500 (Liquidez detectada)
src.infrastructure.providers.mercado_data_provider | DEBUG | RTD: preco_ativo CSNA3=5.28 forçado com sucesso
src.infrastructure.providers.mercado_data_provider | DEBUG | RTD: Detalhes completos registrados para RENT3|RENTT410 (Liquidez detectada)
src.infrastructure.providers.mercado_data_provider | DEBUG | RTD: preco_ativo RENT3=37.32 forçado com sucesso
src.infrastructure.providers.mercado_data_provider | DEBUG | RTD: Detalhes completos registrados para MGLU3|MGLUU360 (Liquidez detectada)
src.infrastructure.providers.mercado_data_provider | DEBUG | RTD: preco_ativo MGLU3=4.76 forçado com sucesso
src.infrastructure.providers.mercado_data_provider | DEBUG | RTD: Detalhes completos registrados para GGBR4|GGBRT246W1 (Liquidez detectada)
src.infrastructure.providers.mercado_data_provider | DEBUG | RTD: preco_ativo GGBR4=24.82 forçado com sucesso
src.infrastructure.providers.mercado_data_provider | DEBUG | RTD: Detalhes completos registrados para RIAA3|RIAAT578 (Liquidez detectada)
src.infrastructure.providers.mercado_data_provider | DEBUG | RTD: preco_ativo RIAA3=7.63 forçado com sucesso
src.infrastructure.providers.mercado_data_provider | DEBUG | RTD: Detalhes completos registrados para PETR4|PETRU327 (Liquidez detectada)
src.infrastructure.providers.mercado_data_provider | DEBUG | RTD: preco_ativo PETR4=41.91 forçado com sucesso
src.infrastructure.providers.mercado_data_provider | DEBUG | RTD: Detalhes completos registrados para VLID3|VLIDT230 (Liquidez detectada)
src.infrastructure.providers.mercado_data_provider | DEBUG | RTD: preco_ativo VLID3=17.96 forçado com sucesso
src.infrastructure.providers.mercado_data_provider | DEBUG | RTD: Detalhes completos registrados para EQTL3|EQTLU319 (Liquidez detectada)
src.infrastructure.providers.mercado_data_provider | DEBUG | RTD: preco_ativo EQTL3=38.00 forçado com sucesso
src.infrastructure.providers.mercado_data_provider | DEBUG | RTD: Detalhes completos registrados para EMBJ3|EMBJU525 (Liquidez detectada)
src.infrastructure.providers.mercado_data_provider | DEBUG | RTD: preco_ativo EMBJ3=86.64 forçado com sucesso
src.infrastructure.providers.mercado_data_provider | DEBUG | RTD: Detalhes completos registrados para BBAS3|BBASU893 (Liquidez detectada)
src.infrastructure.providers.mercado_data_provider | DEBUG | RTD: preco_ativo BBAS3=20.82 forçado com sucesso
src.infrastructure.providers.mercado_data_provider | DEBUG | RTD: Detalhes completos registrados para JHSF3|JHSFT120 (Liquidez detectada)
src.infrastructure.providers.mercado_data_provider | DEBUG | RTD: preco_ativo JHSF3=10.67 forçado com sucesso
src.infrastructure.providers.mercado_data_provider | DEBUG | RTD: Detalhes completos registrados para ABEV3|ABEVT132 (Liquidez detectada)
src.infrastructure.providers.mercado_data_provider | DEBUG | RTD: preco_ativo ABEV3=16.03 forçado com sucesso
src.infrastructure.providers.mercado_data_provider | DEBUG | RTD: Detalhes completos registrados para BBDC3|BBDCU143 (Liquidez detectada)
src.infrastructure.providers.mercado_data_provider | DEBUG | RTD: preco_ativo BBDC3=16.03 forçado com sucesso
src.infrastructure.providers.mercado_data_provider | DEBUG | RTD: Detalhes completos registrados para BBSE3|BBSEU371 (Liquidez detectada)
src.infrastructure.providers.mercado_data_provider | DEBUG | RTD: preco_ativo BBSE3=41.16 forçado com sucesso
src.infrastructure.providers.mercado_data_provider | DEBUG | RTD: Detalhes completos registrados para LJQQ3|LJQQU115 (Liquidez detectada)
src.infrastructure.providers.mercado_data_provider | DEBUG | RTD: preco_ativo LJQQ3=1.20 forçado com sucesso
src.infrastructure.providers.mercado_data_provider | DEBUG | RTD: Detalhes completos registrados para CPLE3|CPLET14 (Liquidez detectada)
src.infrastructure.providers.mercado_data_provider | DEBUG | RTD: preco_ativo CPLE3=14.67 forçado com sucesso
src.infrastructure.providers.mercado_data_provider | DEBUG | RTD: Detalhes completos registrados para CURY3|CURYU297 (Liquidez detectada)
src.infrastructure.providers.mercado_data_provider | DEBUG | RTD: preco_ativo CURY3=28.80 forçado com sucesso
src.infrastructure.providers.mercado_data_provider | DEBUG | RTD: Detalhes completos registrados para RENT3|RENTU305 (Liquidez detectada)
src.infrastructure.providers.mercado_data_provider | DEBUG | RTD: preco_ativo RENT3=37.32 forçado com sucesso
src.infrastructure.providers.mercado_data_provider | DEBUG | RTD: Detalhes completos registrados para BBSE3|BBSET380 (Liquidez detectada)
src.infrastructure.providers.mercado_data_provider | DEBUG | RTD: preco_ativo BBSE3=41.16 forçado com sucesso
src.infrastructure.providers.mercado_data_provider | DEBUG | RTD: Detalhes completos registrados para CPLE3|CPLEX135 (Liquidez detectada)
src.infrastructure.providers.mercado_data_provider | DEBUG | RTD: preco_ativo CPLE3=14.67 forçado com sucesso
src.infrastructure.providers.mercado_data_provider | DEBUG | RTD: Detalhes completos registrados para HAPV3|HAPVT920 (Liquidez detectada)
src.infrastructure.providers.mercado_data_provider | DEBUG | RTD: preco_ativo HAPV3=10.51 forçado com sucesso
src.infrastructure.providers.mercado_data_provider | DEBUG | RTD: Detalhes completos registrados para PRIO3|PRIOT417 (Liquidez detectada)
src.infrastructure.providers.mercado_data_provider | DEBUG | RTD: preco_ativo PRIO3=58.28 forçado com sucesso
src.infrastructure.providers.mercado_data_provider | DEBUG | RTD: Detalhes completos registrados para PSSA3|PSSAT581 (Liquidez detectada)
src.infrastructure.providers.mercado_data_provider | DEBUG | RTD: preco_ativo PSSA3=53.59 forçado com sucesso
src.infrastructure.providers.mercado_data_provider | DEBUG | RTD: Detalhes completos registrados para BEEF3|BEEFT352 (Liquidez detectada)
src.infrastructure.providers.mercado_data_provider | DEBUG | RTD: preco_ativo BEEF3=3.47 forçado com sucesso
src.infrastructure.providers.mercado_data_provider | DEBUG | RTD: Detalhes completos registrados para BBAS3|BBASW900 (Liquidez detectada)
src.infrastructure.providers.mercado_data_provider | DEBUG | RTD: preco_ativo BBAS3=20.82 forçado com sucesso
src.infrastructure.providers.mercado_data_provider | DEBUG | RTD: Detalhes completos registrados para IRBR3|IRBRU501 (Liquidez detectada)
src.infrastructure.providers.mercado_data_provider | DEBUG | RTD: preco_ativo IRBR3=53.33 forçado com sucesso
src.infrastructure.providers.mercado_data_provider | DEBUG | RTD: Detalhes completos registrados para BBSE3|BBSEU429 (Liquidez detectada)
src.infrastructure.providers.mercado_data_provider | DEBUG | RTD: preco_ativo BBSE3=41.16 forçado com sucesso
src.infrastructure.providers.mercado_data_provider | DEBUG | RTD: Detalhes completos registrados para BBAS3|BBAST187 (Liquidez detectada)
src.infrastructure.providers.mercado_data_provider | DEBUG | RTD: preco_ativo BBAS3=20.82 forçado com sucesso
src.infrastructure.providers.mercado_data_provider | DEBUG | RTD: Detalhes completos registrados para CSNA3|CSNAV565 (Liquidez detectada)
src.infrastructure.providers.mercado_data_provider | DEBUG | RTD: preco_ativo CSNA3=5.28 forçado com sucesso
src.infrastructure.providers.mercado_data_provider | DEBUG | RTD: Detalhes completos registrados para BRKM5|BRKMT100 (Liquidez detectada)
src.infrastructure.providers.mercado_data_provider | DEBUG | RTD: preco_ativo BRKM5=6.12 forçado com sucesso
src.infrastructure.providers.mercado_data_provider | DEBUG | RTD: Detalhes completos registrados para BBSE3|BBSEU301 (Liquidez detectada)
src.infrastructure.providers.mercado_data_provider | DEBUG | RTD: preco_ativo BBSE3=41.16 forçado com sucesso
src.infrastructure.providers.mercado_data_provider | DEBUG | RTD: Detalhes completos registrados para BBAS3|BBASV23 (Liquidez detectada)
src.infrastructure.providers.mercado_data_provider | DEBUG | RTD: preco_ativo BBAS3=20.82 forçado com sucesso
src.infrastructure.providers.mercado_data_provider | DEBUG | RTD: Detalhes completos registrados para DIRR3|DIRRT898 (Liquidez detectada)
src.infrastructure.providers.mercado_data_provider | DEBUG | RTD: preco_ativo DIRR3=11.10 forçado com sucesso
src.infrastructure.providers.mercado_data_provider | DEBUG | RTD: Detalhes completos registrados para BPAC11|BPACW552 (Liquidez detectada)
src.infrastructure.providers.mercado_data_provider | DEBUG | RTD: preco_ativo BPAC11=55.03 forçado com sucesso
src.infrastructure.providers.mercado_data_provider | DEBUG | RTD: Detalhes completos registrados para B3SA3|B3SAU154 (Liquidez detectada)
src.infrastructure.providers.mercado_data_provider | DEBUG | RTD: preco_ativo B3SA3=15.47 forçado com sucesso
src.infrastructure.providers.mercado_data_provider | DEBUG | RTD: Detalhes completos registrados para PRIO3|PRIOT495W2 (Liquidez detectada)
src.infrastructure.providers.mercado_data_provider | DEBUG | RTD: preco_ativo PRIO3=58.28 forçado com sucesso
src.infrastructure.providers.mercado_data_provider | DEBUG | RTD: Detalhes completos registrados para LWSA3|LWSAT415 (Liquidez detectada)
src.infrastructure.providers.mercado_data_provider | DEBUG | RTD: preco_ativo LWSA3=3.71 forçado com sucesso
src.infrastructure.providers.mercado_data_provider | DEBUG | RTD: Detalhes completos registrados para BRAP4|BRAPU182 (Liquidez detectada)
src.infrastructure.providers.mercado_data_provider | DEBUG | RTD: preco_ativo BRAP4=21.69 forçado com sucesso
src.infrastructure.providers.mercado_data_provider | DEBUG | RTD: Detalhes completos registrados para MGLU3|MGLUT361 (Liquidez detectada)
src.infrastructure.providers.mercado_data_provider | DEBUG | RTD: preco_ativo MGLU3=4.76 forçado com sucesso
src.infrastructure.providers.mercado_data_provider | DEBUG | RTD: Detalhes completos registrados para LEVE3|LEVEU311 (Liquidez detectada)
src.infrastructure.providers.mercado_data_provider | DEBUG | RTD: preco_ativo LEVE3=31.26 forçado com sucesso
src.infrastructure.providers.mercado_data_provider | DEBUG | RTD: Detalhes completos registrados para ENEV3|ENEVU225 (Liquidez detectada)
src.infrastructure.providers.mercado_data_provider | DEBUG | RTD: preco_ativo ENEV3=25.93 forçado com sucesso
src.infrastructure.providers.mercado_data_provider | DEBUG | RTD: Detalhes completos registrados para ITUB4|ITUBX11 (Liquidez detectada)
src.infrastructure.providers.mercado_data_provider | DEBUG | RTD: preco_ativo ITUB4=42.01 forçado com sucesso
src.infrastructure.providers.mercado_data_provider | DEBUG | RTD: Detalhes completos registrados para CURY3|CURYU319 (Liquidez detectada)
src.infrastructure.providers.mercado_data_provider | DEBUG | RTD: preco_ativo CURY3=28.80 forçado com sucesso
src.infrastructure.providers.mercado_data_provider | DEBUG | RTD: Detalhes completos registrados para CASH3|CASHV30 (Liquidez detectada)
src.infrastructure.providers.mercado_data_provider | DEBUG | RTD: preco_ativo CASH3=4.29 forçado com sucesso
src.infrastructure.providers.mercado_data_provider | DEBUG | RTD: Detalhes completos registrados para VALE3|VALEU441 (Liquidez detectada)
src.infrastructure.providers.mercado_data_provider | DEBUG | RTD: preco_ativo VALE3=75.11 forçado com sucesso
src.infrastructure.providers.mercado_data_provider | DEBUG | RTD: Detalhes completos registrados para PRIO3|PRIOX465 (Liquidez detectada)
src.infrastructure.providers.mercado_data_provider | DEBUG | RTD: preco_ativo PRIO3=58.28 forçado com sucesso
src.infrastructure.providers.mercado_data_provider | DEBUG | RTD: Detalhes completos registrados para BBAS3|BBASX217 (Liquidez detectada)
src.infrastructure.providers.mercado_data_provider | DEBUG | RTD: preco_ativo BBAS3=20.82 forçado com sucesso
src.infrastructure.providers.mercado_data_provider | DEBUG | RTD: Detalhes completos registrados para IGTI11|IGTIT209 (Liquidez detectada)
src.infrastructure.providers.mercado_data_provider | DEBUG | RTD: preco_ativo IGTI11=24.53 forçado com sucesso
src.infrastructure.providers.mercado_data_provider | DEBUG | RTD: Detalhes completos registrados para ABEV3|ABEVX135 (Liquidez detectada)
src.infrastructure.providers.mercado_data_provider | DEBUG | RTD: preco_ativo ABEV3=16.03 forçado com sucesso
src.infrastructure.providers.mercado_data_provider | DEBUG | RTD: Detalhes completos registrados para BBSE3|BBSEV379 (Liquidez detectada)
src.infrastructure.providers.mercado_data_provider | DEBUG | RTD: preco_ativo BBSE3=41.16 forçado com sucesso
src.infrastructure.providers.mercado_data_provider | DEBUG | RTD: Detalhes completos registrados para RADL3|RADLT145W2 (Liquidez detectada)
src.infrastructure.providers.mercado_data_provider | DEBUG | RTD: preco_ativo RADL3=17.74 forçado com sucesso
src.infrastructure.providers.mercado_data_provider | DEBUG | RTD: Detalhes completos registrados para GOAU4|GOAUT827 (Liquidez detectada)
src.infrastructure.providers.mercado_data_provider | DEBUG | RTD: preco_ativo GOAU4=10.74 forçado com sucesso
src.infrastructure.providers.mercado_data_provider | DEBUG | RTD: Detalhes completos registrados para BBDC4|BBDCU162 (Liquidez detectada)
src.infrastructure.providers.mercado_data_provider | DEBUG | RTD: preco_ativo BBDC4=18.40 forçado com sucesso
src.infrastructure.providers.mercado_data_provider | DEBUG | RTD: Detalhes completos registrados para VALE3|VALEV613 (Liquidez detectada)
src.infrastructure.providers.mercado_data_provider | DEBUG | RTD: preco_ativo VALE3=75.11 forçado com sucesso
src.infrastructure.providers.mercado_data_provider | DEBUG | RTD: Detalhes completos registrados para PETR4|PETRV470 (Liquidez detectada)
src.infrastructure.providers.mercado_data_provider | DEBUG | RTD: preco_ativo PETR4=41.91 forçado com sucesso
src.infrastructure.providers.mercado_data_provider | DEBUG | RTD: Detalhes completos registrados para PRIO3|PRIOT560 (Liquidez detectada)
src.infrastructure.providers.mercado_data_provider | DEBUG | RTD: preco_ativo PRIO3=58.28 forçado com sucesso
src.infrastructure.providers.mercado_data_provider | DEBUG | RTD: Detalhes completos registrados para MGLU3|MGLUU470 (Liquidez detectada)
src.infrastructure.providers.mercado_data_provider | DEBUG | RTD: preco_ativo MGLU3=4.76 forçado com sucesso
src.infrastructure.providers.mercado_data_provider | DEBUG | RTD: Detalhes completos registrados para LREN3|LRENT114W1 (Liquidez detectada)
src.infrastructure.providers.mercado_data_provider | DEBUG | RTD: preco_ativo LREN3=13.38 forçado com sucesso
src.infrastructure.providers.mercado_data_provider | DEBUG | RTD: Detalhes completos registrados para CXSE3|CXSET186 (Liquidez detectada)
src.infrastructure.providers.mercado_data_provider | DEBUG | RTD: preco_ativo CXSE3=20.41 forçado com sucesso
src.infrastructure.providers.mercado_data_provider | DEBUG | RTD: Detalhes completos registrados para PETR4|PETRV425 (Liquidez detectada)
src.infrastructure.providers.mercado_data_provider | DEBUG | RTD: preco_ativo PETR4=41.91 forçado com sucesso
src.infrastructure.providers.mercado_data_provider | DEBUG | RTD: Detalhes completos registrados para VIVA3|VIVAU161 (Liquidez detectada)
src.infrastructure.providers.mercado_data_provider | DEBUG | RTD: preco_ativo VIVA3=22.31 forçado com sucesso
src.infrastructure.providers.mercado_data_provider | DEBUG | RTD: Detalhes completos registrados para BBDC4|BBDCU219 (Liquidez detectada)
src.infrastructure.providers.mercado_data_provider | DEBUG | RTD: preco_ativo BBDC4=18.40 forçado com sucesso
src.infrastructure.providers.mercado_data_provider | DEBUG | RTD: Detalhes completos registrados para BRAV3|BRAVW23 (Liquidez detectada)
src.infrastructure.providers.mercado_data_provider | DEBUG | RTD: preco_ativo BRAV3=20.88 forçado com sucesso
src.infrastructure.providers.mercado_data_provider | DEBUG | RTD: Detalhes completos registrados para MULT3|MULTU281 (Liquidez detectada)
src.infrastructure.providers.mercado_data_provider | DEBUG | RTD: preco_ativo MULT3=27.63 forçado com sucesso
src.infrastructure.providers.mercado_data_provider | DEBUG | RTD: Detalhes completos registrados para HASH11|HASHU430 (Liquidez detectada)
src.infrastructure.providers.mercado_data_provider | DEBUG | RTD: preco_ativo HASH11=42.65 forçado com sucesso
src.infrastructure.providers.mercado_data_provider | DEBUG | RTD: Detalhes completos registrados para IGTI11|IGTIU226 (Liquidez detectada)
src.infrastructure.providers.mercado_data_provider | DEBUG | RTD: preco_ativo IGTI11=24.53 forçado com sucesso
src.infrastructure.providers.mercado_data_provider | DEBUG | RTD: Detalhes completos registrados para BMOB3|BMOBT228 (Liquidez detectada)
src.infrastructure.providers.mercado_data_provider | DEBUG | RTD: preco_ativo BMOB3=22.83 forçado com sucesso
src.infrastructure.providers.mercado_data_provider | DEBUG | RTD: Detalhes completos registrados para PSSA3|PSSAU496 (Liquidez detectada)
src.infrastructure.providers.mercado_data_provider | DEBUG | RTD: preco_ativo PSSA3=53.59 forçado com sucesso
src.infrastructure.providers.mercado_data_provider | DEBUG | RTD: Detalhes completos registrados para BBDC4|BBDCT129 (Liquidez detectada)
src.infrastructure.providers.mercado_data_provider | DEBUG | RTD: preco_ativo BBDC4=18.40 forçado com sucesso
src.infrastructure.providers.mercado_data_provider | DEBUG | RTD: Detalhes completos registrados para ABCB4|ABCBV239 (Liquidez detectada)
src.infrastructure.providers.mercado_data_provider | DEBUG | RTD: preco_ativo ABCB4=23.68 forçado com sucesso
src.infrastructure.providers.mercado_data_provider | DEBUG | RTD: Detalhes completos registrados para KLBN11|KLBNV176 (Liquidez detectada)
src.infrastructure.providers.mercado_data_provider | DEBUG | RTD: preco_ativo KLBN11=18.03 forçado com sucesso
src.infrastructure.providers.mercado_data_provider | DEBUG | RTD: Detalhes completos registrados para CXSE3|CXSET194 (Liquidez detectada)
src.infrastructure.providers.mercado_data_provider | DEBUG | RTD: preco_ativo CXSE3=20.41 forçado com sucesso
src.infrastructure.providers.mercado_data_provider | DEBUG | RTD: Detalhes completos registrados para BBAS3|BBASU963 (Liquidez detectada)
src.infrastructure.providers.mercado_data_provider | DEBUG | RTD: preco_ativo BBAS3=20.82 forçado com sucesso
src.infrastructure.providers.mercado_data_provider | DEBUG | RTD: Detalhes completos registrados para BBAS3|BBASW166 (Liquidez detectada)
src.infrastructure.providers.mercado_data_provider | DEBUG | RTD: preco_ativo BBAS3=20.82 forçado com sucesso
src.infrastructure.providers.mercado_data_provider | DEBUG | RTD: Detalhes completos registrados para SUZB3|SUZBT663 (Liquidez detectada)
src.infrastructure.providers.mercado_data_provider | DEBUG | RTD: preco_ativo SUZB3=42.60 forçado com sucesso
src.infrastructure.providers.mercado_data_provider | DEBUG | RTD: Detalhes completos registrados para BBSE3|BBSET421W2 (Liquidez detectada)
src.infrastructure.providers.mercado_data_provider | DEBUG | RTD: preco_ativo BBSE3=41.16 forçado com sucesso
src.infrastructure.providers.mercado_data_provider | DEBUG | RTD: Detalhes completos registrados para ALUP11|ALUPU323 (Liquidez detectada)
src.infrastructure.providers.mercado_data_provider | DEBUG | RTD: preco_ativo ALUP11=32.48 forçado com sucesso
src.infrastructure.providers.mercado_data_provider | DEBUG | RTD: Detalhes completos registrados para ITUB4|ITUBW484 (Liquidez detectada)
src.infrastructure.providers.mercado_data_provider | DEBUG | RTD: preco_ativo ITUB4=42.01 forçado com sucesso
src.infrastructure.providers.mercado_data_provider | DEBUG | RTD: Detalhes completos registrados para LEVE3|LEVEU263 (Liquidez detectada)
src.infrastructure.providers.mercado_data_provider | DEBUG | RTD: preco_ativo LEVE3=31.26 forçado com sucesso
src.infrastructure.providers.mercado_data_provider | DEBUG | RTD: Detalhes completos registrados para EMBJ3|EMBJT880W2 (Liquidez detectada)
src.infrastructure.providers.mercado_data_provider | DEBUG | RTD: preco_ativo EMBJ3=86.64 forçado com sucesso
src.infrastructure.providers.mercado_data_provider | DEBUG | RTD: Detalhes completos registrados para COGN3|COGNT148 (Liquidez detectada)
src.infrastructure.providers.mercado_data_provider | DEBUG | RTD: preco_ativo COGN3=2.19 forçado com sucesso
src.infrastructure.providers.mercado_data_provider | DEBUG | RTD: Detalhes completos registrados para PETR3|PETRU426 (Liquidez detectada)
src.infrastructure.providers.mercado_data_provider | DEBUG | RTD: preco_ativo PETR3=47.42 forçado com sucesso
src.infrastructure.providers.mercado_data_provider | DEBUG | RTD: Detalhes completos registrados para BPAC11|BPACU494 (Liquidez detectada)
src.infrastructure.providers.mercado_data_provider | DEBUG | RTD: preco_ativo BPAC11=55.03 forçado com sucesso
src.infrastructure.providers.mercado_data_provider | DEBUG | RTD: Detalhes completos registrados para BPAC11|BPACT506W1 (Liquidez detectada)
src.infrastructure.providers.mercado_data_provider | DEBUG | RTD: preco_ativo BPAC11=55.03 forçado com sucesso
src.infrastructure.providers.mercado_data_provider | DEBUG | RTD: Detalhes completos registrados para PETR4|PETRT21 (Liquidez detectada)
src.infrastructure.providers.mercado_data_provider | DEBUG | RTD: preco_ativo PETR4=41.91 forçado com sucesso
src.infrastructure.providers.mercado_data_provider | DEBUG | RTD: Detalhes completos registrados para CVCB3|CVCBT105 (Liquidez detectada)
src.infrastructure.providers.mercado_data_provider | DEBUG | RTD: preco_ativo CVCB3=1.28 forçado com sucesso
src.infrastructure.providers.mercado_data_provider | DEBUG | RTD: Detalhes completos registrados para GOAU4|GOAUX650 (Liquidez detectada)
src.infrastructure.providers.mercado_data_provider | DEBUG | RTD: preco_ativo GOAU4=10.74 forçado com sucesso
src.infrastructure.providers.mercado_data_provider | DEBUG | RTD: Detalhes completos registrados para BRKM5|BRKMW820 (Liquidez detectada)
src.infrastructure.providers.mercado_data_provider | DEBUG | RTD: preco_ativo BRKM5=6.12 forçado com sucesso
src.infrastructure.providers.mercado_data_provider | DEBUG | RTD: Detalhes completos registrados para JHSF3|JHSFT918 (Liquidez detectada)
src.infrastructure.providers.mercado_data_provider | DEBUG | RTD: preco_ativo JHSF3=10.67 forçado com sucesso
src.infrastructure.providers.mercado_data_provider | DEBUG | RTD: Detalhes completos registrados para CXSE3|CXSEW16 (Liquidez detectada)
src.infrastructure.providers.mercado_data_provider | DEBUG | RTD: preco_ativo CXSE3=20.41 forçado com sucesso
src.infrastructure.providers.mercado_data_provider | DEBUG | RTD: Detalhes completos registrados para TAEE11|TAEEU361 (Liquidez detectada)
src.infrastructure.providers.mercado_data_provider | DEBUG | RTD: preco_ativo TAEE11=39.12 forçado com sucesso
src.infrastructure.providers.mercado_data_provider | DEBUG | RTD: Detalhes completos registrados para BBAS3|BBASM195 (Liquidez detectada)
src.infrastructure.providers.mercado_data_provider | DEBUG | RTD: preco_ativo BBAS3=20.82 forçado com sucesso
src.infrastructure.providers.mercado_data_provider | DEBUG | RTD: Detalhes completos registrados para BBSE3|BBSET391W2 (Liquidez detectada)
src.infrastructure.providers.mercado_data_provider | DEBUG | RTD: preco_ativo BBSE3=41.16 forçado com sucesso
src.infrastructure.providers.mercado_data_provider | DEBUG | RTD: Detalhes completos registrados para BRKM5|BRKMT500 (Liquidez detectada)
src.infrastructure.providers.mercado_data_provider | DEBUG | RTD: preco_ativo BRKM5=6.12 forçado com sucesso
src.infrastructure.providers.mercado_data_provider | DEBUG | RTD: Detalhes completos registrados para BBDC3|BBDCV157 (Liquidez detectada)
src.infrastructure.providers.mercado_data_provider | DEBUG | RTD: preco_ativo BBDC3=16.03 forçado com sucesso
src.infrastructure.providers.mercado_data_provider | DEBUG | RTD: Detalhes completos registrados para PRIO3|PRIOU332 (Liquidez detectada)
src.infrastructure.providers.mercado_data_provider | DEBUG | RTD: preco_ativo PRIO3=58.28 forçado com sucesso
src.infrastructure.providers.mercado_data_provider | DEBUG | RTD: Detalhes completos registrados para ITUB4|ITUBW43 (Liquidez detectada)
src.infrastructure.providers.mercado_data_provider | DEBUG | RTD: preco_ativo ITUB4=42.01 forçado com sucesso
src.infrastructure.providers.mercado_data_provider | DEBUG | RTD: Detalhes completos registrados para FLRY3|FLRYT159 (Liquidez detectada)
src.infrastructure.providers.mercado_data_provider | DEBUG | RTD: preco_ativo FLRY3=16.80 forçado com sucesso
src.infrastructure.providers.mercado_data_provider | DEBUG | RTD: Detalhes completos registrados para ABEV3|ABEVU153 (Liquidez detectada)
src.infrastructure.providers.mercado_data_provider | DEBUG | RTD: preco_ativo ABEV3=16.03 forçado com sucesso
src.infrastructure.providers.mercado_data_provider | DEBUG | RTD: Detalhes completos registrados para MDIA3|MDIAU175 (Liquidez detectada)
src.infrastructure.providers.mercado_data_provider | DEBUG | RTD: preco_ativo MDIA3=17.04 forçado com sucesso
src.infrastructure.providers.mercado_data_provider | DEBUG | RTD: Detalhes completos registrados para KEPL3|KEPLW700 (Liquidez detectada)
src.infrastructure.providers.mercado_data_provider | DEBUG | RTD: preco_ativo KEPL3=6.42 forçado com sucesso
src.infrastructure.providers.mercado_data_provider | DEBUG | RTD: Detalhes completos registrados para BBDC3|BBDCV159 (Liquidez detectada)
src.infrastructure.providers.mercado_data_provider | DEBUG | RTD: preco_ativo BBDC3=16.03 forçado com sucesso
src.infrastructure.providers.mercado_data_provider | DEBUG | RTD: Detalhes completos registrados para BPAC11|BPACT486W2 (Liquidez detectada)
src.infrastructure.providers.mercado_data_provider | DEBUG | RTD: preco_ativo BPAC11=55.03 forçado com sucesso
src.infrastructure.providers.mercado_data_provider | DEBUG | RTD: Detalhes completos registrados para PETR4|PETRW406 (Liquidez detectada)
src.infrastructure.providers.mercado_data_provider | DEBUG | RTD: preco_ativo PETR4=41.91 forçado com sucesso
src.infrastructure.providers.mercado_data_provider | DEBUG | RTD: Detalhes completos registrados para CSAN3|CSANT375W2 (Liquidez detectada)
src.infrastructure.providers.mercado_data_provider | DEBUG | RTD: preco_ativo CSAN3=3.92 forçado com sucesso
src.infrastructure.providers.mercado_data_provider | DEBUG | RTD: Detalhes completos registrados para MGLU3|MGLUT425W1 (Liquidez detectada)
src.infrastructure.providers.mercado_data_provider | DEBUG | RTD: preco_ativo MGLU3=4.76 forçado com sucesso
src.infrastructure.providers.mercado_data_provider | DEBUG | RTD: Detalhes completos registrados para PRIO3|PRIOU397 (Liquidez detectada)
src.infrastructure.providers.mercado_data_provider | DEBUG | RTD: preco_ativo PRIO3=58.28 forçado com sucesso
src.infrastructure.providers.mercado_data_provider | DEBUG | RTD: Detalhes completos registrados para EMBJ3|EMBJU635 (Liquidez detectada)
src.infrastructure.providers.mercado_data_provider | DEBUG | RTD: preco_ativo EMBJ3=86.64 forçado com sucesso
src.infrastructure.providers.mercado_data_provider | DEBUG | RTD: Detalhes completos registrados para PETR4|PETRT247 (Liquidez detectada)
src.infrastructure.providers.mercado_data_provider | DEBUG | RTD: preco_ativo PETR4=41.91 forçado com sucesso
src.infrastructure.providers.mercado_data_provider | DEBUG | RTD: Detalhes completos registrados para BBAS3|BBAST867 (Liquidez detectada)
src.infrastructure.providers.mercado_data_provider | DEBUG | RTD: preco_ativo BBAS3=20.82 forçado com sucesso
src.infrastructure.providers.mercado_data_provider | DEBUG | RTD: Detalhes completos registrados para BBAS3|BBAST120 (Liquidez detectada)
src.infrastructure.providers.mercado_data_provider | DEBUG | RTD: preco_ativo BBAS3=20.82 forçado com sucesso
src.infrastructure.providers.mercado_data_provider | DEBUG | RTD: Detalhes completos registrados para MOVI3|MOVIT720 (Liquidez detectada)
src.infrastructure.providers.mercado_data_provider | DEBUG | RTD: preco_ativo MOVI3=7.85 forçado com sucesso
src.infrastructure.providers.mercado_data_provider | DEBUG | RTD: Detalhes completos registrados para CSAN3|CSANT290 (Liquidez detectada)
src.infrastructure.providers.mercado_data_provider | DEBUG | RTD: preco_ativo CSAN3=3.92 forçado com sucesso
src.infrastructure.providers.mercado_data_provider | DEBUG | RTD: Detalhes completos registrados para EMBJ3|EMBJT798W2 (Liquidez detectada)
src.infrastructure.providers.mercado_data_provider | DEBUG | RTD: preco_ativo EMBJ3=86.64 forçado com sucesso
src.infrastructure.providers.mercado_data_provider | DEBUG | RTD: Detalhes completos registrados para EMBJ3|EMBJU808 (Liquidez detectada)
src.infrastructure.providers.mercado_data_provider | DEBUG | RTD: preco_ativo EMBJ3=86.64 forçado com sucesso
src.infrastructure.providers.mercado_data_provider | DEBUG | RTD: Detalhes completos registrados para BBAS3|BBASU179 (Liquidez detectada)
src.infrastructure.providers.mercado_data_provider | DEBUG | RTD: preco_ativo BBAS3=20.82 forçado com sucesso
src.infrastructure.providers.mercado_data_provider | DEBUG | RTD: Detalhes completos registrados para MDIA3|MDIAT165 (Liquidez detectada)
src.infrastructure.providers.mercado_data_provider | DEBUG | RTD: preco_ativo MDIA3=17.04 forçado com sucesso
src.infrastructure.providers.mercado_data_provider | DEBUG | RTD: Detalhes completos registrados para IGTI11|IGTIT260 (Liquidez detectada)
src.infrastructure.providers.mercado_data_provider | DEBUG | RTD: preco_ativo IGTI11=24.53 forçado com sucesso
src.infrastructure.providers.mercado_data_provider | DEBUG | RTD: Detalhes completos registrados para EMBJ3|EMBJU360 (Liquidez detectada)
src.infrastructure.providers.mercado_data_provider | DEBUG | RTD: preco_ativo EMBJ3=86.64 forçado com sucesso
src.infrastructure.providers.mercado_data_provider | DEBUG | RTD: Detalhes completos registrados para ABEV3|ABEVT159W2 (Liquidez detectada)
src.infrastructure.providers.mercado_data_provider | DEBUG | RTD: preco_ativo ABEV3=16.03 forçado com sucesso
src.infrastructure.providers.mercado_data_provider | DEBUG | RTD: Detalhes completos registrados para PETR4|PETRV342 (Liquidez detectada)
src.infrastructure.providers.mercado_data_provider | DEBUG | RTD: preco_ativo PETR4=41.91 forçado com sucesso
src.infrastructure.providers.mercado_data_provider | DEBUG | RTD: Detalhes completos registrados para BBDC4|BBDCV202 (Liquidez detectada)
src.infrastructure.providers.mercado_data_provider | DEBUG | RTD: preco_ativo BBDC4=18.40 forçado com sucesso
src.infrastructure.providers.mercado_data_provider | DEBUG | RTD: Detalhes completos registrados para ISAE4|ISAEU220 (Liquidez detectada)
src.infrastructure.providers.mercado_data_provider | DEBUG | RTD: preco_ativo ISAE4=26.51 forçado com sucesso
src.infrastructure.providers.mercado_data_provider | DEBUG | RTD: Detalhes completos registrados para BBDC4|BBDCT130W2 (Liquidez detectada)
src.infrastructure.providers.mercado_data_provider | DEBUG | RTD: preco_ativo BBDC4=18.40 forçado com sucesso
src.infrastructure.providers.mercado_data_provider | DEBUG | RTD: Detalhes completos registrados para EMBJ3|EMBJU455 (Liquidez detectada)
src.infrastructure.providers.mercado_data_provider | DEBUG | RTD: preco_ativo EMBJ3=86.64 forçado com sucesso
src.infrastructure.providers.mercado_data_provider | DEBUG | RTD: Detalhes completos registrados para ENEV3|ENEVT267 (Liquidez detectada)
src.infrastructure.providers.mercado_data_provider | DEBUG | RTD: preco_ativo ENEV3=25.93 forçado com sucesso
src.infrastructure.providers.mercado_data_provider | DEBUG | RTD: Detalhes completos registrados para PETR3|PETRT36 (Liquidez detectada)
src.infrastructure.providers.mercado_data_provider | DEBUG | RTD: preco_ativo PETR3=47.42 forçado com sucesso
src.infrastructure.providers.mercado_data_provider | DEBUG | RTD: Detalhes completos registrados para PETR4|PETRT437 (Liquidez detectada)
src.infrastructure.providers.mercado_data_provider | DEBUG | RTD: preco_ativo PETR4=41.91 forçado com sucesso
src.infrastructure.providers.mercado_data_provider | DEBUG | RTD: Detalhes completos registrados para QUAL3|QUALT134 (Liquidez detectada)
src.infrastructure.providers.mercado_data_provider | DEBUG | RTD: preco_ativo QUAL3=1.45 forçado com sucesso
src.infrastructure.providers.mercado_data_provider | DEBUG | RTD: Detalhes completos registrados para ITUB4|ITUBU345 (Liquidez detectada)
src.infrastructure.providers.mercado_data_provider | DEBUG | RTD: preco_ativo ITUB4=42.01 forçado com sucesso
src.infrastructure.providers.mercado_data_provider | DEBUG | RTD: Detalhes completos registrados para EGIE3|EGIEU262 (Liquidez detectada)
src.infrastructure.providers.mercado_data_provider | DEBUG | RTD: preco_ativo EGIE3=29.42 forçado com sucesso
src.infrastructure.providers.mercado_data_provider | DEBUG | RTD: Detalhes completos registrados para BBDC4|BBDCU204 (Liquidez detectada)
src.infrastructure.providers.mercado_data_provider | DEBUG | RTD: preco_ativo BBDC4=18.40 forçado com sucesso
src.infrastructure.providers.mercado_data_provider | DEBUG | RTD: Detalhes completos registrados para BEEF3|BEEFT346W1 (Liquidez detectada)
src.infrastructure.providers.mercado_data_provider | DEBUG | RTD: preco_ativo BEEF3=3.47 forçado com sucesso
src.infrastructure.providers.mercado_data_provider | DEBUG | RTD: Detalhes completos registrados para B3SA3|B3SAT10 (Liquidez detectada)
src.infrastructure.providers.mercado_data_provider | DEBUG | RTD: preco_ativo B3SA3=15.47 forçado com sucesso
src.infrastructure.providers.mercado_data_provider | DEBUG | RTD: Detalhes completos registrados para QUAL3|QUALT154 (Liquidez detectada)
src.infrastructure.providers.mercado_data_provider | DEBUG | RTD: preco_ativo QUAL3=1.45 forçado com sucesso
src.infrastructure.providers.mercado_data_provider | DEBUG | RTD: Detalhes completos registrados para PSSA3|PSSAU544 (Liquidez detectada)
src.infrastructure.providers.mercado_data_provider | DEBUG | RTD: preco_ativo PSSA3=53.59 forçado com sucesso
src.infrastructure.providers.mercado_data_provider | INFO | Background scan: 1604 novos instrumentos registrados
src.infrastructure.providers.mercado_data_provider | DEBUG | Varredura: _chaves_com_book=2928 _chaves_detalhes=2928
src.infrastructure.providers.mercado_data_provider | DEBUG | Varredura: sem_preco=0 sem_dados_rtd=8 chaves_com_book=2928
src.infrastructure.providers.mercado_data_provider | INFO | Varredura(F): monitor=30899 book=2920 | reg=0.000 ref=0.039 var=0.493 total=0.532 | inst_map=0.031 | onda2=1012(0.149) onda1=0(0.000) cab_skip=1916 status=0.146
src.infrastructure.providers.mercado_data_provider | DEBUG | Varredura: _chaves_com_book=2928 _chaves_detalhes=2928
src.infrastructure.providers.mercado_data_provider | DEBUG | Varredura: sem_preco=0 sem_dados_rtd=2 chaves_com_book=2928
src.infrastructure.providers.mercado_data_provider | INFO | Varredura(F): monitor=30899 book=2926 | reg=0.000 ref=0.007 var=0.081 total=0.089 | inst_map=0.000 | onda2=455(0.016) onda1=0(0.000) cab_skip=2473 status=0.050
src.infrastructure.providers.mercado_data_provider | DEBUG | RTD: Detalhes completos registrados para BRAV3|BRAVT206 (Liquidez detectada)
src.infrastructure.providers.mercado_data_provider | DEBUG | RTD: preco_ativo BRAV3=20.88 forçado com sucesso
src.infrastructure.providers.mercado_data_provider | DEBUG | RTD: Detalhes completos registrados para BRAV3|BRAVU162 (Liquidez detectada)
src.infrastructure.providers.mercado_data_provider | DEBUG | RTD: preco_ativo BRAV3=20.88 forçado com sucesso
src.infrastructure.providers.mercado_data_provider | DEBUG | RTD: Detalhes completos registrados para BRAV3|BRAVU978 (Liquidez detectada)
src.infrastructure.providers.mercado_data_provider | DEBUG | RTD: preco_ativo BRAV3=20.88 forçado com sucesso
src.infrastructure.providers.mercado_data_provider | DEBUG | RTD: Detalhes completos registrados para BRAP4|BRAPT239 (Liquidez detectada)
src.infrastructure.providers.mercado_data_provider | DEBUG | RTD: preco_ativo BRAP4=21.69 forçado com sucesso
src.infrastructure.providers.mercado_data_provider | DEBUG | RTD: Detalhes completos registrados para BRAV3|BRAVT115 (Liquidez detectada)
src.infrastructure.providers.mercado_data_provider | DEBUG | RTD: preco_ativo BRAV3=20.88 forçado com sucesso
src.infrastructure.providers.mercado_data_provider | DEBUG | RTD: Detalhes completos registrados para BRAP4|BRAPT247 (Liquidez detectada)
src.infrastructure.providers.mercado_data_provider | DEBUG | RTD: preco_ativo BRAP4=21.69 forçado com sucesso
src.infrastructure.providers.mercado_data_provider | DEBUG | RTD: Detalhes completos registrados para BRSR6|BRSRT144 (Liquidez detectada)
src.infrastructure.providers.mercado_data_provider | DEBUG | RTD: preco_ativo BRSR6=13.91 forçado com sucesso
src.infrastructure.providers.mercado_data_provider | DEBUG | RTD: Detalhes completos registrados para BRAV3|BRAVU117 (Liquidez detectada)
src.infrastructure.providers.mercado_data_provider | DEBUG | RTD: preco_ativo BRAV3=20.88 forçado com sucesso
src.infrastructure.providers.mercado_data_provider | DEBUG | RTD: Detalhes completos registrados para BRAV3|BRAVW163 (Liquidez detectada)
src.infrastructure.providers.mercado_data_provider | DEBUG | RTD: preco_ativo BRAV3=20.88 forçado com sucesso
src.infrastructure.providers.mercado_data_provider | DEBUG | RTD: Detalhes completos registrados para CMIG4|CMIGT115W1 (Liquidez detectada)
src.infrastructure.providers.mercado_data_provider | DEBUG | RTD: preco_ativo CMIG4=11.10 forçado com sucesso
src.infrastructure.providers.mercado_data_provider | DEBUG | RTD: Detalhes completos registrados para BPAC11|BPACW48 (Liquidez detectada)
src.infrastructure.providers.mercado_data_provider | DEBUG | RTD: preco_ativo BPAC11=55.03 forçado com sucesso
src.infrastructure.providers.mercado_data_provider | DEBUG | RTD: Detalhes completos registrados para BRAP4|BRAPV199 (Liquidez detectada)
src.infrastructure.providers.mercado_data_provider | DEBUG | RTD: preco_ativo BRAP4=21.69 forçado com sucesso
src.infrastructure.providers.mercado_data_provider | DEBUG | RTD: Detalhes completos registrados para BRAP4|BRAPW228 (Liquidez detectada)
src.infrastructure.providers.mercado_data_provider | DEBUG | RTD: preco_ativo BRAP4=21.69 forçado com sucesso
src.infrastructure.providers.mercado_data_provider | DEBUG | RTD: Detalhes completos registrados para BRKM5|BRKMX900 (Liquidez detectada)
src.infrastructure.providers.mercado_data_provider | DEBUG | RTD: preco_ativo BRKM5=6.12 forçado com sucesso
src.infrastructure.providers.mercado_data_provider | DEBUG | RTD: Detalhes completos registrados para BRAV3|BRAVT210 (Liquidez detectada)
src.infrastructure.providers.mercado_data_provider | DEBUG | RTD: preco_ativo BRAV3=20.88 forçado com sucesso
src.infrastructure.providers.mercado_data_provider | DEBUG | RTD: Detalhes completos registrados para BRKM5|BRKMT620 (Liquidez detectada)
src.infrastructure.providers.mercado_data_provider | DEBUG | RTD: preco_ativo BRKM5=6.12 forçado com sucesso
src.infrastructure.providers.mercado_data_provider | DEBUG | RTD: Detalhes completos registrados para BRKM5|BRKMU760 (Liquidez detectada)
src.infrastructure.providers.mercado_data_provider | DEBUG | RTD: preco_ativo BRKM5=6.12 forçado com sucesso
src.infrastructure.providers.mercado_data_provider | DEBUG | RTD: Detalhes completos registrados para CEAB3|CEABT102 (Liquidez detectada)
src.infrastructure.providers.mercado_data_provider | DEBUG | RTD: preco_ativo CEAB3=9.17 forçado com sucesso
src.infrastructure.providers.mercado_data_provider | DEBUG | RTD: Detalhes completos registrados para CMIG4|CMIGT107 (Liquidez detectada)
src.infrastructure.providers.mercado_data_provider | DEBUG | RTD: preco_ativo CMIG4=11.10 forçado com sucesso
src.infrastructure.providers.mercado_data_provider | DEBUG | RTD: Detalhes completos registrados para CEAB3|CEABU952 (Liquidez detectada)
src.infrastructure.providers.mercado_data_provider | DEBUG | RTD: preco_ativo CEAB3=9.17 forçado com sucesso
src.infrastructure.providers.mercado_data_provider | DEBUG | RTD: Detalhes completos registrados para BRAV3|BRAVU132 (Liquidez detectada)
src.infrastructure.providers.mercado_data_provider | DEBUG | RTD: preco_ativo BRAV3=20.88 forçado com sucesso
src.infrastructure.providers.mercado_data_provider | DEBUG | RTD: Detalhes completos registrados para CMIG4|CMIGT108W2 (Liquidez detectada)
src.infrastructure.providers.mercado_data_provider | DEBUG | RTD: preco_ativo CMIG4=11.10 forçado com sucesso
src.infrastructure.providers.mercado_data_provider | DEBUG | RTD: Detalhes completos registrados para BRSR6|BRSRU134 (Liquidez detectada)
src.infrastructure.providers.mercado_data_provider | DEBUG | RTD: preco_ativo BRSR6=13.91 forçado com sucesso
src.infrastructure.providers.mercado_data_provider | DEBUG | RTD: Detalhes completos registrados para BRAV3|BRAVU185 (Liquidez detectada)
src.infrastructure.providers.mercado_data_provider | DEBUG | RTD: preco_ativo BRAV3=20.88 forçado com sucesso
src.infrastructure.providers.mercado_data_provider | DEBUG | RTD: Detalhes completos registrados para BRAP4|BRAPU217 (Liquidez detectada)
src.infrastructure.providers.mercado_data_provider | DEBUG | RTD: preco_ativo BRAP4=21.69 forçado com sucesso
src.infrastructure.providers.mercado_data_provider | DEBUG | RTD: Detalhes completos registrados para BRKM5|BRKMX850 (Liquidez detectada)
src.infrastructure.providers.mercado_data_provider | DEBUG | RTD: preco_ativo BRKM5=6.12 forçado com sucesso
src.infrastructure.providers.mercado_data_provider | DEBUG | RTD: Detalhes completos registrados para BRAV3|BRAVT120 (Liquidez detectada)
src.infrastructure.providers.mercado_data_provider | DEBUG | RTD: preco_ativo BRAV3=20.88 forçado com sucesso
src.infrastructure.providers.mercado_data_provider | DEBUG | RTD: Detalhes completos registrados para BRSR6|BRSRU104 (Liquidez detectada)
src.infrastructure.providers.mercado_data_provider | DEBUG | RTD: preco_ativo BRSR6=13.91 forçado com sucesso
src.infrastructure.providers.mercado_data_provider | DEBUG | RTD: Detalhes completos registrados para BRAP4|BRAPU234 (Liquidez detectada)
src.infrastructure.providers.mercado_data_provider | DEBUG | RTD: preco_ativo BRAP4=21.69 forçado com sucesso
src.infrastructure.providers.mercado_data_provider | DEBUG | RTD: Detalhes completos registrados para BRAP4|BRAPU157 (Liquidez detectada)
src.infrastructure.providers.mercado_data_provider | DEBUG | RTD: preco_ativo BRAP4=21.69 forçado com sucesso
src.infrastructure.providers.mercado_data_provider | DEBUG | RTD: Detalhes completos registrados para BRAP4|BRAPT227 (Liquidez detectada)
src.infrastructure.providers.mercado_data_provider | DEBUG | RTD: preco_ativo BRAP4=21.69 forçado com sucesso
src.infrastructure.providers.mercado_data_provider | DEBUG | RTD: Detalhes completos registrados para BRAV3|BRAVX978 (Liquidez detectada)
src.infrastructure.providers.mercado_data_provider | DEBUG | RTD: preco_ativo BRAV3=20.88 forçado com sucesso
src.infrastructure.providers.mercado_data_provider | DEBUG | RTD: Detalhes completos registrados para BRAV3|BRAVV20 (Liquidez detectada)
src.infrastructure.providers.mercado_data_provider | DEBUG | RTD: preco_ativo BRAV3=20.88 forçado com sucesso
src.infrastructure.providers.mercado_data_provider | DEBUG | RTD: Detalhes completos registrados para BRSR6|BRSRU989 (Liquidez detectada)
src.infrastructure.providers.mercado_data_provider | DEBUG | RTD: preco_ativo BRSR6=13.91 forçado com sucesso
src.infrastructure.providers.mercado_data_provider | DEBUG | RTD: Detalhes completos registrados para BRAV3|BRAVU175 (Liquidez detectada)
src.infrastructure.providers.mercado_data_provider | DEBUG | RTD: preco_ativo BRAV3=20.88 forçado com sucesso
src.infrastructure.providers.mercado_data_provider | DEBUG | RTD: Detalhes completos registrados para BRAV3|BRAVU197 (Liquidez detectada)
src.infrastructure.providers.mercado_data_provider | DEBUG | RTD: preco_ativo BRAV3=20.88 forçado com sucesso
src.infrastructure.providers.mercado_data_provider | DEBUG | RTD: Detalhes completos registrados para BRAP4|BRAPU227 (Liquidez detectada)
src.infrastructure.providers.mercado_data_provider | DEBUG | RTD: preco_ativo BRAP4=21.69 forçado com sucesso
src.infrastructure.providers.mercado_data_provider | DEBUG | RTD: Detalhes completos registrados para CEAB3|CEABT792 (Liquidez detectada)
src.infrastructure.providers.mercado_data_provider | DEBUG | RTD: preco_ativo CEAB3=9.17 forçado com sucesso
src.infrastructure.providers.mercado_data_provider | DEBUG | RTD: Detalhes completos registrados para BRAP4|BRAPT167 (Liquidez detectada)
src.infrastructure.providers.mercado_data_provider | DEBUG | RTD: preco_ativo BRAP4=21.69 forçado com sucesso
src.infrastructure.providers.mercado_data_provider | DEBUG | RTD: Detalhes completos registrados para BRAV3|BRAVV183 (Liquidez detectada)
src.infrastructure.providers.mercado_data_provider | DEBUG | RTD: preco_ativo BRAV3=20.88 forçado com sucesso
src.infrastructure.providers.mercado_data_provider | DEBUG | RTD: Detalhes completos registrados para BRAP4|BRAPU179 (Liquidez detectada)
src.infrastructure.providers.mercado_data_provider | DEBUG | RTD: preco_ativo BRAP4=21.69 forçado com sucesso
src.infrastructure.providers.mercado_data_provider | DEBUG | RTD: Detalhes completos registrados para CEAB3|CEABT972 (Liquidez detectada)
src.infrastructure.providers.mercado_data_provider | DEBUG | RTD: preco_ativo CEAB3=9.17 forçado com sucesso
src.infrastructure.providers.mercado_data_provider | DEBUG | RTD: Detalhes completos registrados para BRKM5|BRKMT580 (Liquidez detectada)
src.infrastructure.providers.mercado_data_provider | DEBUG | RTD: preco_ativo BRKM5=6.12 forçado com sucesso
src.infrastructure.providers.mercado_data_provider | DEBUG | RTD: Detalhes completos registrados para BRAV3|BRAVV22 (Liquidez detectada)
src.infrastructure.providers.mercado_data_provider | DEBUG | RTD: preco_ativo BRAV3=20.88 forçado com sucesso
src.infrastructure.providers.mercado_data_provider | DEBUG | RTD: Detalhes completos registrados para MGLU3|MGLUT420W2 (Liquidez detectada)
src.infrastructure.providers.mercado_data_provider | DEBUG | RTD: preco_ativo MGLU3=4.76 forçado com sucesso
src.infrastructure.providers.mercado_data_provider | DEBUG | RTD: Detalhes completos registrados para ITUB4|ITUBT376 (Liquidez detectada)
src.infrastructure.providers.mercado_data_provider | DEBUG | RTD: preco_ativo ITUB4=42.03 forçado com sucesso
src.infrastructure.providers.mercado_data_provider | DEBUG | RTD: Detalhes completos registrados para ROMI3|ROMIU535 (Liquidez detectada)
src.infrastructure.providers.mercado_data_provider | DEBUG | RTD: preco_ativo ROMI3=5.91 forçado com sucesso
src.infrastructure.providers.mercado_data_provider | DEBUG | RTD: Detalhes completos registrados para MOVI3|MOVIT930 (Liquidez detectada)
src.infrastructure.providers.mercado_data_provider | DEBUG | RTD: preco_ativo MOVI3=7.85 forçado com sucesso
src.infrastructure.providers.mercado_data_provider | DEBUG | RTD: Detalhes completos registrados para ENEV3|ENEVU172 (Liquidez detectada)
src.infrastructure.providers.mercado_data_provider | DEBUG | RTD: preco_ativo ENEV3=25.93 forçado com sucesso
src.infrastructure.providers.mercado_data_provider | DEBUG | RTD: Detalhes completos registrados para KLBN11|KLBNT169 (Liquidez detectada)
src.infrastructure.providers.mercado_data_provider | DEBUG | RTD: preco_ativo KLBN11=18.03 forçado com sucesso
src.infrastructure.providers.mercado_data_provider | DEBUG | RTD: Detalhes completos registrados para ITSA4|ITSAT140 (Liquidez detectada)
src.infrastructure.providers.mercado_data_provider | DEBUG | RTD: preco_ativo ITSA4=13.53 forçado com sucesso
src.infrastructure.providers.mercado_data_provider | DEBUG | RTD: Detalhes completos registrados para BRSR6|BRSRT147 (Liquidez detectada)
src.infrastructure.providers.mercado_data_provider | DEBUG | RTD: preco_ativo BRSR6=13.91 forçado com sucesso
src.infrastructure.providers.mercado_data_provider | DEBUG | RTD: Detalhes completos registrados para BBAS3|BBASV190W2 (Liquidez detectada)
src.infrastructure.providers.mercado_data_provider | DEBUG | RTD: preco_ativo BBAS3=20.82 forçado com sucesso
src.infrastructure.providers.mercado_data_provider | DEBUG | RTD: Detalhes completos registrados para PETR4|PETRU397 (Liquidez detectada)
src.infrastructure.providers.mercado_data_provider | DEBUG | RTD: preco_ativo PETR4=41.91 forçado com sucesso
src.infrastructure.providers.mercado_data_provider | DEBUG | RTD: Detalhes completos registrados para BBAS3|BBASM203 (Liquidez detectada)
src.infrastructure.providers.mercado_data_provider | DEBUG | RTD: preco_ativo BBAS3=20.82 forçado com sucesso
src.infrastructure.providers.mercado_data_provider | DEBUG | RTD: Detalhes completos registrados para HYPE3|HYPET203W2 (Liquidez detectada)
src.infrastructure.providers.mercado_data_provider | DEBUG | RTD: preco_ativo HYPE3=21.05 forçado com sucesso
src.infrastructure.providers.mercado_data_provider | DEBUG | RTD: Detalhes completos registrados para CSMG3|CSMGT573 (Liquidez detectada)
src.infrastructure.providers.mercado_data_provider | DEBUG | RTD: preco_ativo CSMG3=61.94 forçado com sucesso
src.infrastructure.providers.mercado_data_provider | DEBUG | RTD: Detalhes completos registrados para CSNA3|CSNAT590W1 (Liquidez detectada)
src.infrastructure.providers.mercado_data_provider | DEBUG | RTD: preco_ativo CSNA3=5.28 forçado com sucesso
src.infrastructure.providers.mercado_data_provider | DEBUG | RTD: Detalhes completos registrados para BBAS3|BBAST1 (Liquidez detectada)
src.infrastructure.providers.mercado_data_provider | DEBUG | RTD: preco_ativo BBAS3=20.82 forçado com sucesso
src.infrastructure.providers.mercado_data_provider | DEBUG | RTD: Detalhes completos registrados para CXSE3|CXSEU24 (Liquidez detectada)
src.infrastructure.providers.mercado_data_provider | DEBUG | RTD: preco_ativo CXSE3=20.41 forçado com sucesso
src.infrastructure.providers.mercado_data_provider | DEBUG | RTD: Detalhes completos registrados para JHSF3|JHSFT898 (Liquidez detectada)
src.infrastructure.providers.mercado_data_provider | DEBUG | RTD: preco_ativo JHSF3=10.67 forçado com sucesso
src.infrastructure.providers.mercado_data_provider | DEBUG | RTD: Detalhes completos registrados para BBAS3|BBASU231 (Liquidez detectada)
src.infrastructure.providers.mercado_data_provider | DEBUG | RTD: preco_ativo BBAS3=20.82 forçado com sucesso
src.infrastructure.providers.mercado_data_provider | DEBUG | RTD: Detalhes completos registrados para MRVE3|MRVET390W2 (Liquidez detectada)
src.infrastructure.providers.mercado_data_provider | DEBUG | RTD: preco_ativo MRVE3=4.56 forçado com sucesso
src.infrastructure.providers.mercado_data_provider | DEBUG | RTD: Detalhes completos registrados para ITUB4|ITUBX10 (Liquidez detectada)
src.infrastructure.providers.mercado_data_provider | DEBUG | RTD: preco_ativo ITUB4=42.03 forçado com sucesso
src.infrastructure.providers.mercado_data_provider | DEBUG | RTD: Detalhes completos registrados para PRIO3|PRIOU330 (Liquidez detectada)
src.infrastructure.providers.mercado_data_provider | DEBUG | RTD: preco_ativo PRIO3=58.27 forçado com sucesso
src.infrastructure.providers.mercado_data_provider | DEBUG | RTD: Detalhes completos registrados para EMBJ3|EMBJW703 (Liquidez detectada)
src.infrastructure.providers.mercado_data_provider | DEBUG | RTD: preco_ativo EMBJ3=86.64 forçado com sucesso
src.infrastructure.providers.mercado_data_provider | DEBUG | RTD: Detalhes completos registrados para CSNA3|CSNAT317 (Liquidez detectada)
src.infrastructure.providers.mercado_data_provider | DEBUG | RTD: preco_ativo CSNA3=5.28 forçado com sucesso
src.infrastructure.providers.mercado_data_provider | DEBUG | RTD: Detalhes completos registrados para CVCB3|CVCBU850 (Liquidez detectada)
src.infrastructure.providers.mercado_data_provider | DEBUG | RTD: preco_ativo CVCB3=1.28 forçado com sucesso
src.infrastructure.providers.mercado_data_provider | DEBUG | RTD: Detalhes completos registrados para BBAS3|BBASX173 (Liquidez detectada)
src.infrastructure.providers.mercado_data_provider | DEBUG | RTD: preco_ativo BBAS3=20.82 forçado com sucesso
src.infrastructure.providers.mercado_data_provider | DEBUG | RTD: Detalhes completos registrados para BPAC11|BPACU381 (Liquidez detectada)
src.infrastructure.providers.mercado_data_provider | DEBUG | RTD: preco_ativo BPAC11=55.03 forçado com sucesso
src.infrastructure.providers.mercado_data_provider | DEBUG | RTD: Detalhes completos registrados para BBAS3|BBAST185 (Liquidez detectada)
src.infrastructure.providers.mercado_data_provider | DEBUG | RTD: preco_ativo BBAS3=20.82 forçado com sucesso
src.infrastructure.providers.mercado_data_provider | DEBUG | RTD: Detalhes completos registrados para QUAL3|QUALU128 (Liquidez detectada)
src.infrastructure.providers.mercado_data_provider | DEBUG | RTD: preco_ativo QUAL3=1.45 forçado com sucesso
src.infrastructure.providers.mercado_data_provider | DEBUG | RTD: Detalhes completos registrados para BRKM5|BRKMT390 (Liquidez detectada)
src.infrastructure.providers.mercado_data_provider | DEBUG | RTD: preco_ativo BRKM5=6.12 forçado com sucesso
src.infrastructure.providers.mercado_data_provider | DEBUG | RTD: Detalhes completos registrados para VALE3|VALEU761 (Liquidez detectada)
src.infrastructure.providers.mercado_data_provider | DEBUG | RTD: preco_ativo VALE3=75.11 forçado com sucesso
src.infrastructure.providers.mercado_data_provider | DEBUG | RTD: Detalhes completos registrados para WEGE3|WEGET419W2 (Liquidez detectada)
src.infrastructure.providers.mercado_data_provider | DEBUG | RTD: preco_ativo WEGE3=45.77 forçado com sucesso
src.infrastructure.providers.mercado_data_provider | DEBUG | RTD: Detalhes completos registrados para CSMG3|CSMGT658 (Liquidez detectada)
src.infrastructure.providers.mercado_data_provider | DEBUG | RTD: preco_ativo CSMG3=61.94 forçado com sucesso
src.infrastructure.providers.mercado_data_provider | DEBUG | RTD: Detalhes completos registrados para DIRR3|DIRRW27 (Liquidez detectada)
src.infrastructure.providers.mercado_data_provider | DEBUG | RTD: preco_ativo DIRR3=11.10 forçado com sucesso
src.infrastructure.providers.mercado_data_provider | DEBUG | RTD: Detalhes completos registrados para LREN3|LRENU957 (Liquidez detectada)
src.infrastructure.providers.mercado_data_provider | DEBUG | RTD: preco_ativo LREN3=13.38 forçado com sucesso
src.infrastructure.providers.mercado_data_provider | DEBUG | RTD: Detalhes completos registrados para NATU3|NATUT107 (Liquidez detectada)
src.infrastructure.providers.mercado_data_provider | DEBUG | RTD: preco_ativo NATU3=8.35 forçado com sucesso
src.infrastructure.providers.mercado_data_provider | DEBUG | RTD: Detalhes completos registrados para BRKM5|BRKMV600 (Liquidez detectada)
src.infrastructure.providers.mercado_data_provider | DEBUG | RTD: preco_ativo BRKM5=6.12 forçado com sucesso
src.infrastructure.providers.mercado_data_provider | DEBUG | RTD: Detalhes completos registrados para CEAB3|CEABU732 (Liquidez detectada)
src.infrastructure.providers.mercado_data_provider | DEBUG | RTD: preco_ativo CEAB3=9.17 forçado com sucesso
src.infrastructure.providers.mercado_data_provider | DEBUG | RTD: Detalhes completos registrados para BEEF3|BEEFU357 (Liquidez detectada)
src.infrastructure.providers.mercado_data_provider | DEBUG | RTD: preco_ativo BEEF3=3.47 forçado com sucesso
src.infrastructure.providers.mercado_data_provider | DEBUG | RTD: Detalhes completos registrados para CMIG4|CMIGX117 (Liquidez detectada)
src.infrastructure.providers.mercado_data_provider | DEBUG | RTD: preco_ativo CMIG4=11.10 forçado com sucesso
src.infrastructure.providers.mercado_data_provider | DEBUG | RTD: Detalhes completos registrados para TOTS3|TOTSU344 (Liquidez detectada)
src.infrastructure.providers.mercado_data_provider | DEBUG | RTD: preco_ativo TOTS3=29.55 forçado com sucesso
src.infrastructure.providers.mercado_data_provider | DEBUG | RTD: Detalhes completos registrados para EMBJ3|EMBJT595 (Liquidez detectada)
src.infrastructure.providers.mercado_data_provider | DEBUG | RTD: preco_ativo EMBJ3=86.64 forçado com sucesso
src.infrastructure.providers.mercado_data_provider | DEBUG | RTD: Detalhes completos registrados para PETR4|PETRU502 (Liquidez detectada)
src.infrastructure.providers.mercado_data_provider | DEBUG | RTD: preco_ativo PETR4=41.91 forçado com sucesso
src.infrastructure.providers.mercado_data_provider | DEBUG | RTD: Detalhes completos registrados para BHIA3|BHIAU50 (Liquidez detectada)
src.infrastructure.providers.mercado_data_provider | DEBUG | RTD: preco_ativo BHIA3=0.78 forçado com sucesso
src.infrastructure.providers.mercado_data_provider | DEBUG | RTD: Detalhes completos registrados para ECOR3|ECORU744 (Liquidez detectada)
src.infrastructure.providers.mercado_data_provider | DEBUG | RTD: preco_ativo ECOR3=6.89 forçado com sucesso
src.infrastructure.providers.mercado_data_provider | DEBUG | RTD: Detalhes completos registrados para TOTS3|TOTSU337 (Liquidez detectada)
src.infrastructure.providers.mercado_data_provider | DEBUG | RTD: preco_ativo TOTS3=29.55 forçado com sucesso
src.infrastructure.providers.mercado_data_provider | DEBUG | RTD: Detalhes completos registrados para MOTV3|MOTVU144 (Liquidez detectada)
src.infrastructure.providers.mercado_data_provider | DEBUG | RTD: preco_ativo MOTV3=14.18 forçado com sucesso
src.infrastructure.providers.mercado_data_provider | DEBUG | RTD: Detalhes completos registrados para GOAU4|GOAUV868 (Liquidez detectada)
src.infrastructure.providers.mercado_data_provider | DEBUG | RTD: preco_ativo GOAU4=10.74 forçado com sucesso
src.infrastructure.providers.mercado_data_provider | DEBUG | RTD: Detalhes completos registrados para MYPK3|MYPKU995 (Liquidez detectada)
src.infrastructure.providers.mercado_data_provider | DEBUG | RTD: preco_ativo MYPK3=9.43 forçado com sucesso
src.infrastructure.providers.mercado_data_provider | DEBUG | RTD: Detalhes completos registrados para CSMG3|CSMGT615 (Liquidez detectada)
src.infrastructure.providers.mercado_data_provider | DEBUG | RTD: preco_ativo CSMG3=61.94 forçado com sucesso
src.infrastructure.providers.mercado_data_provider | DEBUG | RTD: Detalhes completos registrados para BRAP4|BRAPT212 (Liquidez detectada)
src.infrastructure.providers.mercado_data_provider | DEBUG | RTD: preco_ativo BRAP4=21.69 forçado com sucesso
src.infrastructure.providers.mercado_data_provider | DEBUG | RTD: Detalhes completos registrados para BBDC4|BBDCM115 (Liquidez detectada)
src.infrastructure.providers.mercado_data_provider | DEBUG | RTD: preco_ativo BBDC4=18.40 forçado com sucesso
src.infrastructure.providers.mercado_data_provider | DEBUG | RTD: Detalhes completos registrados para PRIO3|PRIOT525W1 (Liquidez detectada)
src.infrastructure.providers.mercado_data_provider | DEBUG | RTD: preco_ativo PRIO3=58.27 forçado com sucesso
src.infrastructure.providers.mercado_data_provider | DEBUG | RTD: Detalhes completos registrados para BRAP4|BRAPT174 (Liquidez detectada)
src.infrastructure.providers.mercado_data_provider | DEBUG | RTD: preco_ativo BRAP4=21.69 forçado com sucesso
src.infrastructure.providers.mercado_data_provider | DEBUG | RTD: Detalhes completos registrados para EMBJ3|EMBJT788W2 (Liquidez detectada)
src.infrastructure.providers.mercado_data_provider | DEBUG | RTD: preco_ativo EMBJ3=86.64 forçado com sucesso
src.infrastructure.providers.mercado_data_provider | DEBUG | RTD: Detalhes completos registrados para PRIO3|PRIOU457 (Liquidez detectada)
src.infrastructure.providers.mercado_data_provider | DEBUG | RTD: preco_ativo PRIO3=58.27 forçado com sucesso
src.infrastructure.providers.mercado_data_provider | DEBUG | RTD: Detalhes completos registrados para PRIO3|PRIOU487 (Liquidez detectada)
src.infrastructure.providers.mercado_data_provider | DEBUG | RTD: preco_ativo PRIO3=58.27 forçado com sucesso
src.infrastructure.providers.mercado_data_provider | DEBUG | RTD: Detalhes completos registrados para PETR3|PETRU526 (Liquidez detectada)
src.infrastructure.providers.mercado_data_provider | DEBUG | RTD: preco_ativo PETR3=47.42 forçado com sucesso
src.infrastructure.providers.mercado_data_provider | DEBUG | RTD: Detalhes completos registrados para AZZA3|AZZAU150 (Liquidez detectada)
src.infrastructure.providers.mercado_data_provider | DEBUG | RTD: preco_ativo AZZA3=16.36 forçado com sucesso
src.infrastructure.providers.mercado_data_provider | DEBUG | RTD: Detalhes completos registrados para BMOB3|BMOBU223 (Liquidez detectada)
src.infrastructure.providers.mercado_data_provider | DEBUG | RTD: preco_ativo BMOB3=22.81 forçado com sucesso
src.infrastructure.providers.mercado_data_provider | DEBUG | RTD: Detalhes completos registrados para BRKM5|BRKMT540 (Liquidez detectada)
src.infrastructure.providers.mercado_data_provider | DEBUG | RTD: preco_ativo BRKM5=6.12 forçado com sucesso
src.infrastructure.providers.mercado_data_provider | DEBUG | RTD: Detalhes completos registrados para BRKM5|BRKMV500 (Liquidez detectada)
src.infrastructure.providers.mercado_data_provider | DEBUG | RTD: preco_ativo BRKM5=6.12 forçado com sucesso
src.infrastructure.providers.mercado_data_provider | DEBUG | RTD: Detalhes completos registrados para MDIA3|MDIAU182 (Liquidez detectada)
src.infrastructure.providers.mercado_data_provider | DEBUG | RTD: preco_ativo MDIA3=17.04 forçado com sucesso
src.infrastructure.providers.mercado_data_provider | DEBUG | RTD: Detalhes completos registrados para NATU3|NATUU880 (Liquidez detectada)
src.infrastructure.providers.mercado_data_provider | DEBUG | RTD: preco_ativo NATU3=8.35 forçado com sucesso
src.infrastructure.providers.mercado_data_provider | DEBUG | RTD: Detalhes completos registrados para PRIO3|PRIOT625W1 (Liquidez detectada)
src.infrastructure.providers.mercado_data_provider | DEBUG | RTD: preco_ativo PRIO3=58.27 forçado com sucesso
src.infrastructure.providers.mercado_data_provider | DEBUG | RTD: Detalhes completos registrados para DXCO3|DXCOU515 (Liquidez detectada)
src.infrastructure.providers.mercado_data_provider | DEBUG | RTD: preco_ativo DXCO3=4.97 forçado com sucesso
src.infrastructure.providers.mercado_data_provider | DEBUG | RTD: Detalhes completos registrados para CMIN3|CMINT341 (Liquidez detectada)
src.infrastructure.providers.mercado_data_provider | DEBUG | RTD: preco_ativo CMIN3=5.91 forçado com sucesso
src.infrastructure.providers.mercado_data_provider | DEBUG | RTD: Detalhes completos registrados para LREN3|LRENV134 (Liquidez detectada)
src.infrastructure.providers.mercado_data_provider | DEBUG | RTD: preco_ativo LREN3=13.38 forçado com sucesso
src.infrastructure.providers.mercado_data_provider | DEBUG | RTD: Detalhes completos registrados para PETR4|PETRV458 (Liquidez detectada)
src.infrastructure.providers.mercado_data_provider | DEBUG | RTD: preco_ativo PETR4=41.91 forçado com sucesso
src.infrastructure.providers.mercado_data_provider | DEBUG | RTD: Detalhes completos registrados para EZTC3|EZTCT119 (Liquidez detectada)
src.infrastructure.providers.mercado_data_provider | DEBUG | RTD: preco_ativo EZTC3=11.16 forçado com sucesso
src.infrastructure.providers.mercado_data_provider | DEBUG | RTD: Detalhes completos registrados para HAPV3|HAPVT102 (Liquidez detectada)
src.infrastructure.providers.mercado_data_provider | DEBUG | RTD: preco_ativo HAPV3=10.51 forçado com sucesso
src.infrastructure.providers.mercado_data_provider | DEBUG | RTD: Detalhes completos registrados para ANIM3|ANIMT327 (Liquidez detectada)
src.infrastructure.providers.mercado_data_provider | DEBUG | RTD: preco_ativo ANIM3=2.23 forçado com sucesso
src.infrastructure.providers.mercado_data_provider | DEBUG | RTD: Detalhes completos registrados para GOAU4|GOAUT987 (Liquidez detectada)
src.infrastructure.providers.mercado_data_provider | DEBUG | RTD: preco_ativo GOAU4=10.74 forçado com sucesso
src.infrastructure.providers.mercado_data_provider | DEBUG | RTD: Detalhes completos registrados para EZTC3|EZTCU953 (Liquidez detectada)
src.infrastructure.providers.mercado_data_provider | DEBUG | RTD: preco_ativo EZTC3=11.16 forçado com sucesso
src.infrastructure.providers.mercado_data_provider | DEBUG | RTD: Detalhes completos registrados para BBSE3|BBSEX347 (Liquidez detectada)
src.infrastructure.providers.mercado_data_provider | DEBUG | RTD: preco_ativo BBSE3=41.16 forçado com sucesso
src.infrastructure.providers.mercado_data_provider | DEBUG | RTD: Detalhes completos registrados para MULT3|MULTU313 (Liquidez detectada)
src.infrastructure.providers.mercado_data_provider | DEBUG | RTD: preco_ativo MULT3=27.63 forçado com sucesso
src.infrastructure.providers.mercado_data_provider | DEBUG | RTD: Detalhes completos registrados para BBSE3|BBSEU409 (Liquidez detectada)
src.infrastructure.providers.mercado_data_provider | DEBUG | RTD: preco_ativo BBSE3=41.16 forçado com sucesso
src.infrastructure.providers.mercado_data_provider | DEBUG | RTD: Detalhes completos registrados para BBAS3|BBAST131W1 (Liquidez detectada)
src.infrastructure.providers.mercado_data_provider | DEBUG | RTD: preco_ativo BBAS3=20.82 forçado com sucesso
src.infrastructure.providers.mercado_data_provider | DEBUG | RTD: Detalhes completos registrados para EMBJ3|EMBJT425 (Liquidez detectada)
src.infrastructure.providers.mercado_data_provider | DEBUG | RTD: preco_ativo EMBJ3=86.64 forçado com sucesso
src.infrastructure.providers.mercado_data_provider | DEBUG | RTD: Detalhes completos registrados para PETR4|PETRW399 (Liquidez detectada)
src.infrastructure.providers.mercado_data_provider | DEBUG | RTD: preco_ativo PETR4=41.91 forçado com sucesso
src.infrastructure.providers.mercado_data_provider | DEBUG | RTD: Detalhes completos registrados para PETR4|PETRW13 (Liquidez detectada)
src.infrastructure.providers.mercado_data_provider | DEBUG | RTD: preco_ativo PETR4=41.91 forçado com sucesso
src.infrastructure.providers.mercado_data_provider | DEBUG | RTD: Detalhes completos registrados para CVCB3|CVCBU145 (Liquidez detectada)
src.infrastructure.providers.mercado_data_provider | DEBUG | RTD: preco_ativo CVCB3=1.28 forçado com sucesso
src.infrastructure.providers.mercado_data_provider | DEBUG | RTD: Detalhes completos registrados para ALUP11|ALUPU298 (Liquidez detectada)
src.infrastructure.providers.mercado_data_provider | DEBUG | RTD: preco_ativo ALUP11=32.48 forçado com sucesso
src.infrastructure.providers.mercado_data_provider | DEBUG | RTD: Detalhes completos registrados para BEEF3|BEEFU312 (Liquidez detectada)
src.infrastructure.providers.mercado_data_provider | DEBUG | RTD: preco_ativo BEEF3=3.47 forçado com sucesso
src.infrastructure.providers.mercado_data_provider | DEBUG | RTD: Detalhes completos registrados para BPAC11|BPACT610 (Liquidez detectada)
src.infrastructure.providers.mercado_data_provider | DEBUG | RTD: preco_ativo BPAC11=55.03 forçado com sucesso
src.infrastructure.providers.mercado_data_provider | DEBUG | RTD: Detalhes completos registrados para ALOS3|ALOSU299 (Liquidez detectada)
src.infrastructure.providers.mercado_data_provider | DEBUG | RTD: preco_ativo ALOS3=26.52 forçado com sucesso
src.infrastructure.providers.mercado_data_provider | DEBUG | RTD: Detalhes completos registrados para SBSP3|SBSPT200 (Liquidez detectada)
src.infrastructure.providers.mercado_data_provider | DEBUG | RTD: preco_ativo SBSP3=27.10 forçado com sucesso
src.infrastructure.providers.mercado_data_provider | DEBUG | RTD: Detalhes completos registrados para PETR4|PETRX384 (Liquidez detectada)
src.infrastructure.providers.mercado_data_provider | DEBUG | RTD: preco_ativo PETR4=41.91 forçado com sucesso
src.infrastructure.providers.mercado_data_provider | DEBUG | RTD: Detalhes completos registrados para BRAV3|BRAVX13 (Liquidez detectada)
src.infrastructure.providers.mercado_data_provider | DEBUG | RTD: preco_ativo BRAV3=20.88 forçado com sucesso
src.infrastructure.providers.mercado_data_provider | DEBUG | RTD: Detalhes completos registrados para MDIA3|MDIAU170 (Liquidez detectada)
src.infrastructure.providers.mercado_data_provider | DEBUG | RTD: preco_ativo MDIA3=17.04 forçado com sucesso
src.infrastructure.providers.mercado_data_provider | DEBUG | RTD: Detalhes completos registrados para BBDC4|BBDCT135W2 (Liquidez detectada)
src.infrastructure.providers.mercado_data_provider | DEBUG | RTD: preco_ativo BBDC4=18.40 forçado com sucesso
src.infrastructure.providers.mercado_data_provider | DEBUG | RTD: Detalhes completos registrados para ITUB4|ITUBV505 (Liquidez detectada)
src.infrastructure.providers.mercado_data_provider | DEBUG | RTD: preco_ativo ITUB4=42.03 forçado com sucesso
src.infrastructure.providers.mercado_data_provider | DEBUG | RTD: Detalhes completos registrados para RADL3|RADLU211 (Liquidez detectada)
src.infrastructure.providers.mercado_data_provider | DEBUG | RTD: preco_ativo RADL3=17.74 forçado com sucesso
src.infrastructure.providers.mercado_data_provider | DEBUG | RTD: Detalhes completos registrados para EMBJ3|EMBJT778W2 (Liquidez detectada)
src.infrastructure.providers.mercado_data_provider | DEBUG | RTD: preco_ativo EMBJ3=86.64 forçado com sucesso
src.infrastructure.providers.mercado_data_provider | DEBUG | RTD: Detalhes completos registrados para BEEF3|BEEFT415 (Liquidez detectada)
src.infrastructure.providers.mercado_data_provider | DEBUG | RTD: preco_ativo BEEF3=3.47 forçado com sucesso
src.infrastructure.providers.mercado_data_provider | DEBUG | RTD: Detalhes completos registrados para MGLU3|MGLUU580 (Liquidez detectada)
src.infrastructure.providers.mercado_data_provider | DEBUG | RTD: preco_ativo MGLU3=4.76 forçado com sucesso
src.infrastructure.providers.mercado_data_provider | DEBUG | RTD: Detalhes completos registrados para BRKM5|BRKMW690 (Liquidez detectada)
src.infrastructure.providers.mercado_data_provider | DEBUG | RTD: preco_ativo BRKM5=6.12 forçado com sucesso
src.infrastructure.providers.mercado_data_provider | DEBUG | RTD: Detalhes completos registrados para BBSE3|BBSET354 (Liquidez detectada)
src.infrastructure.providers.mercado_data_provider | DEBUG | RTD: preco_ativo BBSE3=41.16 forçado com sucesso
src.infrastructure.providers.mercado_data_provider | DEBUG | RTD: Detalhes completos registrados para ITUB4|ITUBT437W2 (Liquidez detectada)
src.infrastructure.providers.mercado_data_provider | DEBUG | RTD: preco_ativo ITUB4=42.03 forçado com sucesso
src.infrastructure.providers.mercado_data_provider | DEBUG | RTD: Detalhes completos registrados para CXSE3|CXSEM220 (Liquidez detectada)
src.infrastructure.providers.mercado_data_provider | DEBUG | RTD: preco_ativo CXSE3=20.41 forçado com sucesso
src.infrastructure.providers.mercado_data_provider | DEBUG | RTD: Detalhes completos registrados para CMIN3|CMINT495 (Liquidez detectada)
src.infrastructure.providers.mercado_data_provider | DEBUG | RTD: preco_ativo CMIN3=5.91 forçado com sucesso
src.infrastructure.providers.mercado_data_provider | DEBUG | RTD: Detalhes completos registrados para BBDC4|BBDCT138W1 (Liquidez detectada)
src.infrastructure.providers.mercado_data_provider | DEBUG | RTD: preco_ativo BBDC4=18.40 forçado com sucesso
src.infrastructure.providers.mercado_data_provider | DEBUG | RTD: Detalhes completos registrados para PETR4|PETRU176 (Liquidez detectada)
src.infrastructure.providers.mercado_data_provider | DEBUG | RTD: preco_ativo PETR4=41.91 forçado com sucesso
src.infrastructure.providers.mercado_data_provider | DEBUG | RTD: Detalhes completos registrados para CEAB3|CEABT982 (Liquidez detectada)
src.infrastructure.providers.mercado_data_provider | DEBUG | RTD: preco_ativo CEAB3=9.17 forçado com sucesso
src.infrastructure.providers.mercado_data_provider | DEBUG | RTD: Detalhes completos registrados para PRIO3|PRIOT535W2 (Liquidez detectada)
src.infrastructure.providers.mercado_data_provider | DEBUG | RTD: preco_ativo PRIO3=58.27 forçado com sucesso
src.infrastructure.providers.mercado_data_provider | DEBUG | RTD: Detalhes completos registrados para SIMH3|SIMHT946 (Liquidez detectada)
src.infrastructure.providers.mercado_data_provider | DEBUG | RTD: preco_ativo SIMH3=7.52 forçado com sucesso
src.infrastructure.providers.mercado_data_provider | DEBUG | RTD: Detalhes completos registrados para CPFE3|CPFEV412 (Liquidez detectada)
src.infrastructure.providers.mercado_data_provider | DEBUG | RTD: preco_ativo CPFE3=45.23 forçado com sucesso
src.infrastructure.providers.mercado_data_provider | DEBUG | RTD: Detalhes completos registrados para BRAV3|BRAVT200 (Liquidez detectada)
src.infrastructure.providers.mercado_data_provider | DEBUG | RTD: preco_ativo BRAV3=20.88 forçado com sucesso
src.infrastructure.providers.mercado_data_provider | DEBUG | RTD: Detalhes completos registrados para B3SA3|B3SAV15 (Liquidez detectada)
src.infrastructure.providers.mercado_data_provider | DEBUG | RTD: preco_ativo B3SA3=15.47 forçado com sucesso
src.infrastructure.providers.mercado_data_provider | DEBUG | RTD: Detalhes completos registrados para MOTV3|MOTVT141 (Liquidez detectada)
src.infrastructure.providers.mercado_data_provider | DEBUG | RTD: preco_ativo MOTV3=14.18 forçado com sucesso
src.infrastructure.providers.mercado_data_provider | DEBUG | RTD: Detalhes completos registrados para GOAU4|GOAUU107 (Liquidez detectada)
src.infrastructure.providers.mercado_data_provider | DEBUG | RTD: preco_ativo GOAU4=10.74 forçado com sucesso
src.infrastructure.providers.mercado_data_provider | DEBUG | RTD: Detalhes completos registrados para MBRF3|MBRFU167 (Liquidez detectada)
src.infrastructure.providers.mercado_data_provider | DEBUG | RTD: preco_ativo MBRF3=16.59 forçado com sucesso
src.infrastructure.providers.mercado_data_provider | DEBUG | RTD: Detalhes completos registrados para PRIO3|PRIOU400 (Liquidez detectada)
src.infrastructure.providers.mercado_data_provider | DEBUG | RTD: preco_ativo PRIO3=58.27 forçado com sucesso
src.infrastructure.providers.mercado_data_provider | DEBUG | RTD: Detalhes completos registrados para BBSE3|BBSET350 (Liquidez detectada)
src.infrastructure.providers.mercado_data_provider | DEBUG | RTD: preco_ativo BBSE3=41.16 forçado com sucesso
src.infrastructure.providers.mercado_data_provider | DEBUG | RTD: Detalhes completos registrados para BRAP4|BRAPT172 (Liquidez detectada)
src.infrastructure.providers.mercado_data_provider | DEBUG | RTD: preco_ativo BRAP4=21.69 forçado com sucesso
src.infrastructure.providers.mercado_data_provider | DEBUG | RTD: Detalhes completos registrados para ITUB4|ITUBT362W1 (Liquidez detectada)
src.infrastructure.providers.mercado_data_provider | DEBUG | RTD: preco_ativo ITUB4=42.03 forçado com sucesso
src.infrastructure.providers.mercado_data_provider | DEBUG | RTD: Detalhes completos registrados para PETR4|PETRV401 (Liquidez detectada)
src.infrastructure.providers.mercado_data_provider | DEBUG | RTD: preco_ativo PETR4=41.91 forçado com sucesso
src.infrastructure.providers.mercado_data_provider | DEBUG | RTD: Detalhes completos registrados para HBOR3|HBORU182 (Liquidez detectada)
src.infrastructure.providers.mercado_data_provider | DEBUG | RTD: preco_ativo HBOR3=1.84 forçado com sucesso
src.infrastructure.providers.mercado_data_provider | DEBUG | RTD: Detalhes completos registrados para B3SA3|B3SAX150 (Liquidez detectada)
src.infrastructure.providers.mercado_data_provider | DEBUG | RTD: preco_ativo B3SA3=15.47 forçado com sucesso
src.infrastructure.providers.mercado_data_provider | DEBUG | RTD: Detalhes completos registrados para PETR4|PETRX319 (Liquidez detectada)
src.infrastructure.providers.mercado_data_provider | DEBUG | RTD: preco_ativo PETR4=41.91 forçado com sucesso
src.infrastructure.providers.mercado_data_provider | DEBUG | RTD: Detalhes completos registrados para MBRF3|MBRFT113 (Liquidez detectada)
src.infrastructure.providers.mercado_data_provider | DEBUG | RTD: preco_ativo MBRF3=16.59 forçado com sucesso
src.infrastructure.providers.mercado_data_provider | DEBUG | RTD: Detalhes completos registrados para PNVL3|PNVLU921 (Liquidez detectada)
src.infrastructure.providers.mercado_data_provider | DEBUG | RTD: preco_ativo PNVL3=11.46 forçado com sucesso
src.infrastructure.providers.mercado_data_provider | DEBUG | RTD: Detalhes completos registrados para BBAS3|BBASU266 (Liquidez detectada)
src.infrastructure.providers.mercado_data_provider | DEBUG | RTD: preco_ativo BBAS3=20.82 forçado com sucesso
src.infrastructure.providers.mercado_data_provider | DEBUG | RTD: Detalhes completos registrados para BBSE3|BBSEU299 (Liquidez detectada)
src.infrastructure.providers.mercado_data_provider | DEBUG | RTD: preco_ativo BBSE3=41.16 forçado com sucesso
src.infrastructure.providers.mercado_data_provider | DEBUG | RTD: Detalhes completos registrados para BBDC4|BBDCW3 (Liquidez detectada)
src.infrastructure.providers.mercado_data_provider | DEBUG | RTD: preco_ativo BBDC4=18.40 forçado com sucesso
src.infrastructure.providers.mercado_data_provider | DEBUG | RTD: Detalhes completos registrados para POMO4|POMOU479 (Liquidez detectada)
src.infrastructure.providers.mercado_data_provider | DEBUG | RTD: preco_ativo POMO4=5.34 forçado com sucesso
src.infrastructure.providers.mercado_data_provider | DEBUG | RTD: Detalhes completos registrados para SEER3|SEERT117 (Liquidez detectada)
src.infrastructure.providers.mercado_data_provider | DEBUG | RTD: preco_ativo SEER3=11.66 forçado com sucesso
src.infrastructure.providers.mercado_data_provider | DEBUG | RTD: Detalhes completos registrados para IRBR3|IRBRT471 (Liquidez detectada)
src.infrastructure.providers.mercado_data_provider | DEBUG | RTD: preco_ativo IRBR3=53.33 forçado com sucesso
src.infrastructure.providers.mercado_data_provider | DEBUG | RTD: Detalhes completos registrados para UGPA3|UGPAU270 (Liquidez detectada)
src.infrastructure.providers.mercado_data_provider | DEBUG | RTD: preco_ativo UGPA3=32.13 forçado com sucesso
src.infrastructure.providers.mercado_data_provider | DEBUG | RTD: Detalhes completos registrados para PSSA3|PSSAT448 (Liquidez detectada)
src.infrastructure.providers.mercado_data_provider | DEBUG | RTD: preco_ativo PSSA3=53.59 forçado com sucesso
src.infrastructure.providers.mercado_data_provider | DEBUG | RTD: Detalhes completos registrados para BBAS3|BBAST205 (Liquidez detectada)
src.infrastructure.providers.mercado_data_provider | DEBUG | RTD: preco_ativo BBAS3=20.82 forçado com sucesso
src.infrastructure.providers.mercado_data_provider | DEBUG | RTD: Detalhes completos registrados para BPAC11|BPACU484 (Liquidez detectada)
src.infrastructure.providers.mercado_data_provider | DEBUG | RTD: preco_ativo BPAC11=55.03 forçado com sucesso
src.infrastructure.providers.mercado_data_provider | DEBUG | RTD: Detalhes completos registrados para ISAE4|ISAEV250 (Liquidez detectada)
src.infrastructure.providers.mercado_data_provider | DEBUG | RTD: preco_ativo ISAE4=26.51 forçado com sucesso
src.infrastructure.providers.mercado_data_provider | DEBUG | RTD: Detalhes completos registrados para EQTL3|EQTLT377 (Liquidez detectada)
src.infrastructure.providers.mercado_data_provider | DEBUG | RTD: preco_ativo EQTL3=38.00 forçado com sucesso
src.infrastructure.providers.mercado_data_provider | DEBUG | RTD: Detalhes completos registrados para MBRF3|MBRFX162 (Liquidez detectada)
src.infrastructure.providers.mercado_data_provider | DEBUG | RTD: preco_ativo MBRF3=16.59 forçado com sucesso
src.infrastructure.providers.mercado_data_provider | DEBUG | RTD: Detalhes completos registrados para PETR4|PETRT487 (Liquidez detectada)
src.infrastructure.providers.mercado_data_provider | DEBUG | RTD: preco_ativo PETR4=41.91 forçado com sucesso
src.infrastructure.providers.mercado_data_provider | DEBUG | RTD: Detalhes completos registrados para BBDC4|BBDCT139 (Liquidez detectada)
src.infrastructure.providers.mercado_data_provider | DEBUG | RTD: preco_ativo BBDC4=18.40 forçado com sucesso
src.infrastructure.providers.mercado_data_provider | DEBUG | RTD: Detalhes completos registrados para VALE3|VALEU851 (Liquidez detectada)
src.infrastructure.providers.mercado_data_provider | DEBUG | RTD: preco_ativo VALE3=75.11 forçado com sucesso
src.infrastructure.providers.mercado_data_provider | DEBUG | RTD: Detalhes completos registrados para CMIN3|CMINV500 (Liquidez detectada)
src.infrastructure.providers.mercado_data_provider | DEBUG | RTD: preco_ativo CMIN3=5.91 forçado com sucesso
src.infrastructure.providers.mercado_data_provider | DEBUG | RTD: Detalhes completos registrados para CSNA3|CSNAU420 (Liquidez detectada)
src.infrastructure.providers.mercado_data_provider | DEBUG | RTD: preco_ativo CSNA3=5.28 forçado com sucesso
src.infrastructure.providers.mercado_data_provider | DEBUG | RTD: Detalhes completos registrados para HAPV3|HAPVT660 (Liquidez detectada)
src.infrastructure.providers.mercado_data_provider | DEBUG | RTD: preco_ativo HAPV3=10.51 forçado com sucesso
src.infrastructure.providers.mercado_data_provider | DEBUG | RTD: Detalhes completos registrados para BBSE3|BBSET376W1 (Liquidez detectada)
src.infrastructure.providers.mercado_data_provider | DEBUG | RTD: preco_ativo BBSE3=41.16 forçado com sucesso
src.infrastructure.providers.mercado_data_provider | DEBUG | RTD: Detalhes completos registrados para PETR4|PETRT431W1 (Liquidez detectada)
src.infrastructure.providers.mercado_data_provider | DEBUG | RTD: preco_ativo PETR4=41.91 forçado com sucesso
src.infrastructure.providers.mercado_data_provider | DEBUG | RTD: Detalhes completos registrados para BMGB4|BMGBX650 (Liquidez detectada)
src.infrastructure.providers.mercado_data_provider | DEBUG | RTD: preco_ativo BMGB4=5.19 forçado com sucesso
src.infrastructure.providers.mercado_data_provider | DEBUG | RTD: Detalhes completos registrados para BEEF3|BEEFT267 (Liquidez detectada)
src.infrastructure.providers.mercado_data_provider | DEBUG | RTD: preco_ativo BEEF3=3.47 forçado com sucesso
src.infrastructure.providers.mercado_data_provider | DEBUG | RTD: Detalhes completos registrados para BBSE3|BBSET401W2 (Liquidez detectada)
src.infrastructure.providers.mercado_data_provider | DEBUG | RTD: preco_ativo BBSE3=41.16 forçado com sucesso
src.infrastructure.providers.mercado_data_provider | DEBUG | RTD: Detalhes completos registrados para ECOR3|ECORU664 (Liquidez detectada)
src.infrastructure.providers.mercado_data_provider | DEBUG | RTD: preco_ativo ECOR3=6.89 forçado com sucesso
src.infrastructure.providers.mercado_data_provider | DEBUG | RTD: Detalhes completos registrados para BRKM5|BRKMU700 (Liquidez detectada)
src.infrastructure.providers.mercado_data_provider | DEBUG | RTD: preco_ativo BRKM5=6.12 forçado com sucesso
src.infrastructure.providers.mercado_data_provider | DEBUG | RTD: Detalhes completos registrados para MRVE3|MRVET440 (Liquidez detectada)
src.infrastructure.providers.mercado_data_provider | DEBUG | RTD: preco_ativo MRVE3=4.56 forçado com sucesso
src.infrastructure.providers.mercado_data_provider | DEBUG | RTD: Detalhes completos registrados para BBDC4|BBDCU224 (Liquidez detectada)
src.infrastructure.providers.mercado_data_provider | DEBUG | RTD: preco_ativo BBDC4=18.40 forçado com sucesso
src.infrastructure.providers.mercado_data_provider | DEBUG | RTD: Detalhes completos registrados para RADL3|RADLU183 (Liquidez detectada)
src.infrastructure.providers.mercado_data_provider | DEBUG | RTD: preco_ativo RADL3=17.74 forçado com sucesso
src.infrastructure.providers.mercado_data_provider | DEBUG | RTD: Detalhes completos registrados para PETR4|PETRV418 (Liquidez detectada)
src.infrastructure.providers.mercado_data_provider | DEBUG | RTD: preco_ativo PETR4=41.91 forçado com sucesso
src.infrastructure.providers.mercado_data_provider | DEBUG | RTD: Detalhes completos registrados para ALOS3|ALOSU230 (Liquidez detectada)
src.infrastructure.providers.mercado_data_provider | DEBUG | RTD: preco_ativo ALOS3=26.52 forçado com sucesso
src.infrastructure.providers.mercado_data_provider | DEBUG | RTD: Detalhes completos registrados para BBSE3|BBSET36 (Liquidez detectada)
src.infrastructure.providers.mercado_data_provider | DEBUG | RTD: preco_ativo BBSE3=41.16 forçado com sucesso
src.infrastructure.providers.mercado_data_provider | DEBUG | RTD: Detalhes completos registrados para ANIM3|ANIMU247 (Liquidez detectada)
src.infrastructure.providers.mercado_data_provider | DEBUG | RTD: preco_ativo ANIM3=2.23 forçado com sucesso
src.infrastructure.providers.mercado_data_provider | DEBUG | RTD: Detalhes completos registrados para BRAP4|BRAPU259 (Liquidez detectada)
src.infrastructure.providers.mercado_data_provider | DEBUG | RTD: preco_ativo BRAP4=21.69 forçado com sucesso
src.infrastructure.providers.mercado_data_provider | DEBUG | RTD: Detalhes completos registrados para BRAP4|BRAPU262 (Liquidez detectada)
src.infrastructure.providers.mercado_data_provider | DEBUG | RTD: preco_ativo BRAP4=21.69 forçado com sucesso
src.infrastructure.providers.mercado_data_provider | DEBUG | RTD: Detalhes completos registrados para EZTC3|EZTCT953 (Liquidez detectada)
src.infrastructure.providers.mercado_data_provider | DEBUG | RTD: preco_ativo EZTC3=11.16 forçado com sucesso
src.infrastructure.providers.mercado_data_provider | DEBUG | RTD: Detalhes completos registrados para CSNA3|CSNAV495 (Liquidez detectada)
src.infrastructure.providers.mercado_data_provider | DEBUG | RTD: preco_ativo CSNA3=5.28 forçado com sucesso
src.infrastructure.providers.mercado_data_provider | DEBUG | RTD: Detalhes completos registrados para PETR4|PETRM350 (Liquidez detectada)
src.infrastructure.providers.mercado_data_provider | DEBUG | RTD: preco_ativo PETR4=41.91 forçado com sucesso
src.infrastructure.providers.mercado_data_provider | DEBUG | RTD: Detalhes completos registrados para CSMG3|CSMGT620W4 (Liquidez detectada)
src.infrastructure.providers.mercado_data_provider | DEBUG | RTD: preco_ativo CSMG3=61.94 forçado com sucesso
src.infrastructure.providers.mercado_data_provider | DEBUG | RTD: Detalhes completos registrados para PRIO3|PRIOU420 (Liquidez detectada)
src.infrastructure.providers.mercado_data_provider | DEBUG | RTD: preco_ativo PRIO3=58.27 forçado com sucesso
src.infrastructure.providers.mercado_data_provider | DEBUG | RTD: Detalhes completos registrados para EMBJ3|EMBJX793 (Liquidez detectada)
src.infrastructure.providers.mercado_data_provider | DEBUG | RTD: preco_ativo EMBJ3=86.64 forçado com sucesso
src.infrastructure.providers.mercado_data_provider | DEBUG | RTD: Detalhes completos registrados para FLRY3|FLRYT142 (Liquidez detectada)
src.infrastructure.providers.mercado_data_provider | DEBUG | RTD: preco_ativo FLRY3=16.80 forçado com sucesso
src.infrastructure.providers.mercado_data_provider | DEBUG | RTD: Detalhes completos registrados para CXSE3|CXSEU181 (Liquidez detectada)
src.infrastructure.providers.mercado_data_provider | DEBUG | RTD: preco_ativo CXSE3=20.41 forçado com sucesso
src.infrastructure.providers.mercado_data_provider | DEBUG | RTD: Detalhes completos registrados para CSNA3|CSNAU380 (Liquidez detectada)
src.infrastructure.providers.mercado_data_provider | DEBUG | RTD: preco_ativo CSNA3=5.28 forçado com sucesso
src.infrastructure.providers.mercado_data_provider | DEBUG | RTD: Detalhes completos registrados para CMIN3|CMINU561 (Liquidez detectada)
src.infrastructure.providers.mercado_data_provider | DEBUG | RTD: preco_ativo CMIN3=5.91 forçado com sucesso
src.infrastructure.providers.mercado_data_provider | DEBUG | RTD: Detalhes completos registrados para CSMG3|CSMGT602W2 (Liquidez detectada)
src.infrastructure.providers.mercado_data_provider | DEBUG | RTD: preco_ativo CSMG3=61.94 forçado com sucesso
src.infrastructure.providers.mercado_data_provider | DEBUG | RTD: Detalhes completos registrados para PRIO3|PRIOT387 (Liquidez detectada)
src.infrastructure.providers.mercado_data_provider | DEBUG | RTD: preco_ativo PRIO3=58.27 forçado com sucesso
src.infrastructure.providers.mercado_data_provider | DEBUG | RTD: Detalhes completos registrados para ITUB4|ITUBT379W2 (Liquidez detectada)
src.infrastructure.providers.mercado_data_provider | DEBUG | RTD: preco_ativo ITUB4=42.03 forçado com sucesso
src.infrastructure.providers.mercado_data_provider | DEBUG | RTD: Detalhes completos registrados para EMBJ3|EMBJT853W2 (Liquidez detectada)
src.infrastructure.providers.mercado_data_provider | DEBUG | RTD: preco_ativo EMBJ3=86.64 forçado com sucesso
src.infrastructure.providers.mercado_data_provider | DEBUG | RTD: Detalhes completos registrados para SBSP3|SBSPV279 (Liquidez detectada)
src.infrastructure.providers.mercado_data_provider | DEBUG | RTD: preco_ativo SBSP3=27.10 forçado com sucesso
src.infrastructure.providers.mercado_data_provider | DEBUG | RTD: Detalhes completos registrados para PETR4|PETRU394 (Liquidez detectada)
src.infrastructure.providers.mercado_data_provider | DEBUG | RTD: preco_ativo PETR4=41.91 forçado com sucesso
src.infrastructure.providers.mercado_data_provider | DEBUG | RTD: Detalhes completos registrados para B3SA3|B3SAV153 (Liquidez detectada)
src.infrastructure.providers.mercado_data_provider | DEBUG | RTD: preco_ativo B3SA3=15.47 forçado com sucesso
src.infrastructure.providers.mercado_data_provider | DEBUG | RTD: Detalhes completos registrados para LEVE3|LEVET27 (Liquidez detectada)
src.infrastructure.providers.mercado_data_provider | DEBUG | RTD: preco_ativo LEVE3=31.26 forçado com sucesso
src.infrastructure.providers.mercado_data_provider | DEBUG | RTD: Detalhes completos registrados para DIRR3|DIRRU129 (Liquidez detectada)
src.infrastructure.providers.mercado_data_provider | DEBUG | RTD: preco_ativo DIRR3=11.10 forçado com sucesso
src.infrastructure.providers.mercado_data_provider | DEBUG | RTD: Detalhes completos registrados para PLPL3|PLPLT711 (Liquidez detectada)
src.infrastructure.providers.mercado_data_provider | DEBUG | RTD: preco_ativo PLPL3=7.32 forçado com sucesso
src.infrastructure.providers.mercado_data_provider | DEBUG | RTD: Detalhes completos registrados para CSAN3|CSANT425 (Liquidez detectada)
src.infrastructure.providers.mercado_data_provider | DEBUG | RTD: preco_ativo CSAN3=3.92 forçado com sucesso
src.infrastructure.providers.mercado_data_provider | DEBUG | RTD: Detalhes completos registrados para B3SA3|B3SAU124W4 (Liquidez detectada)
src.infrastructure.providers.mercado_data_provider | DEBUG | RTD: preco_ativo B3SA3=15.47 forçado com sucesso
src.infrastructure.providers.mercado_data_provider | DEBUG | RTD: Detalhes completos registrados para CSAN3|CSANT360W2 (Liquidez detectada)
src.infrastructure.providers.mercado_data_provider | DEBUG | RTD: preco_ativo CSAN3=3.92 forçado com sucesso
src.infrastructure.providers.mercado_data_provider | DEBUG | RTD: Detalhes completos registrados para VIVT3|VIVTT318 (Liquidez detectada)
src.infrastructure.providers.mercado_data_provider | DEBUG | RTD: preco_ativo VIVT3=32.39 forçado com sucesso
src.infrastructure.providers.mercado_data_provider | DEBUG | RTD: Detalhes completos registrados para MDIA3|MDIAU155 (Liquidez detectada)
src.infrastructure.providers.mercado_data_provider | DEBUG | RTD: preco_ativo MDIA3=17.04 forçado com sucesso
src.infrastructure.providers.mercado_data_provider | DEBUG | RTD: Detalhes completos registrados para BBSE3|BBSEU291 (Liquidez detectada)
src.infrastructure.providers.mercado_data_provider | DEBUG | RTD: preco_ativo BBSE3=41.16 forçado com sucesso
src.infrastructure.providers.mercado_data_provider | DEBUG | RTD: Detalhes completos registrados para VULC3|VULCU140 (Liquidez detectada)
src.infrastructure.providers.mercado_data_provider | DEBUG | RTD: preco_ativo VULC3=13.91 forçado com sucesso
src.infrastructure.providers.mercado_data_provider | DEBUG | RTD: Detalhes completos registrados para BRAV3|BRAVU130 (Liquidez detectada)
src.infrastructure.providers.mercado_data_provider | DEBUG | RTD: preco_ativo BRAV3=20.88 forçado com sucesso
src.infrastructure.providers.mercado_data_provider | DEBUG | RTD: Detalhes completos registrados para PRIO3|PRIOV540 (Liquidez detectada)
src.infrastructure.providers.mercado_data_provider | DEBUG | RTD: preco_ativo PRIO3=58.27 forçado com sucesso
src.infrastructure.providers.mercado_data_provider | DEBUG | RTD: Detalhes completos registrados para BEEF3|BEEFT361W2 (Liquidez detectada)
src.infrastructure.providers.mercado_data_provider | DEBUG | RTD: preco_ativo BEEF3=3.47 forçado com sucesso
src.infrastructure.providers.mercado_data_provider | DEBUG | RTD: Detalhes completos registrados para PETR4|PETRT441W1 (Liquidez detectada)
src.infrastructure.providers.mercado_data_provider | DEBUG | RTD: preco_ativo PETR4=41.91 forçado com sucesso
src.infrastructure.providers.mercado_data_provider | DEBUG | RTD: Detalhes completos registrados para NATU3|NATUU90 (Liquidez detectada)
src.infrastructure.providers.mercado_data_provider | DEBUG | RTD: preco_ativo NATU3=8.35 forçado com sucesso
src.infrastructure.providers.mercado_data_provider | DEBUG | RTD: Detalhes completos registrados para EMBJ3|EMBJU855 (Liquidez detectada)
src.infrastructure.providers.mercado_data_provider | DEBUG | RTD: preco_ativo EMBJ3=86.64 forçado com sucesso
src.infrastructure.providers.mercado_data_provider | DEBUG | RTD: Detalhes completos registrados para RADL3|RADLU176 (Liquidez detectada)
src.infrastructure.providers.mercado_data_provider | DEBUG | RTD: preco_ativo RADL3=17.74 forçado com sucesso
src.infrastructure.providers.mercado_data_provider | DEBUG | RTD: Detalhes completos registrados para PRIO3|PRIOT595 (Liquidez detectada)
src.infrastructure.providers.mercado_data_provider | DEBUG | RTD: preco_ativo PRIO3=58.27 forçado com sucesso
src.infrastructure.providers.mercado_data_provider | DEBUG | RTD: Detalhes completos registrados para BBSE3|BBSET406W2 (Liquidez detectada)
src.infrastructure.providers.mercado_data_provider | DEBUG | RTD: preco_ativo BBSE3=41.16 forçado com sucesso
src.infrastructure.providers.mercado_data_provider | DEBUG | RTD: Detalhes completos registrados para ALPA4|ALPAU764 (Liquidez detectada)
src.infrastructure.providers.mercado_data_provider | DEBUG | RTD: preco_ativo ALPA4=11.52 forçado com sucesso
src.infrastructure.providers.mercado_data_provider | DEBUG | RTD: Detalhes completos registrados para ASAI3|ASAIT910 (Liquidez detectada)
src.infrastructure.providers.mercado_data_provider | DEBUG | RTD: preco_ativo ASAI3=8.21 forçado com sucesso
src.infrastructure.providers.mercado_data_provider | DEBUG | RTD: Detalhes completos registrados para ALOS3|ALOST248W1 (Liquidez detectada)
src.infrastructure.providers.mercado_data_provider | DEBUG | RTD: preco_ativo ALOS3=26.52 forçado com sucesso
src.infrastructure.providers.mercado_data_provider | DEBUG | RTD: Detalhes completos registrados para B3SA3|B3SAU141 (Liquidez detectada)
src.infrastructure.providers.mercado_data_provider | DEBUG | RTD: preco_ativo B3SA3=15.47 forçado com sucesso
src.infrastructure.providers.mercado_data_provider | DEBUG | RTD: Detalhes completos registrados para BBDC4|BBDCW17 (Liquidez detectada)
src.infrastructure.providers.mercado_data_provider | DEBUG | RTD: preco_ativo BBDC4=18.40 forçado com sucesso
src.infrastructure.providers.mercado_data_provider | DEBUG | RTD: Detalhes completos registrados para HAPV3|HAPVT920W1 (Liquidez detectada)
src.infrastructure.providers.mercado_data_provider | DEBUG | RTD: preco_ativo HAPV3=10.51 forçado com sucesso
src.infrastructure.providers.mercado_data_provider | DEBUG | RTD: Detalhes completos registrados para LREN3|LRENW13 (Liquidez detectada)
src.infrastructure.providers.mercado_data_provider | DEBUG | RTD: preco_ativo LREN3=13.38 forçado com sucesso
src.infrastructure.providers.mercado_data_provider | DEBUG | RTD: Detalhes completos registrados para PETR3|PETRU405 (Liquidez detectada)
src.infrastructure.providers.mercado_data_provider | DEBUG | RTD: preco_ativo PETR3=47.42 forçado com sucesso
src.infrastructure.providers.mercado_data_provider | DEBUG | RTD: Detalhes completos registrados para PRIO3|PRIOT427 (Liquidez detectada)
src.infrastructure.providers.mercado_data_provider | DEBUG | RTD: preco_ativo PRIO3=58.27 forçado com sucesso
src.infrastructure.providers.mercado_data_provider | DEBUG | RTD: Detalhes completos registrados para BPAC11|BPACU354 (Liquidez detectada)
src.infrastructure.providers.mercado_data_provider | DEBUG | RTD: preco_ativo BPAC11=55.03 forçado com sucesso
src.infrastructure.providers.mercado_data_provider | DEBUG | RTD: Detalhes completos registrados para BBDC4|BBDCT231 (Liquidez detectada)
src.infrastructure.providers.mercado_data_provider | DEBUG | RTD: preco_ativo BBDC4=18.40 forçado com sucesso
src.infrastructure.providers.mercado_data_provider | DEBUG | RTD: Detalhes completos registrados para SBFG3|SBFGT791 (Liquidez detectada)
src.infrastructure.providers.mercado_data_provider | DEBUG | RTD: preco_ativo SBFG3=9.37 forçado com sucesso
src.infrastructure.providers.mercado_data_provider | DEBUG | RTD: Detalhes completos registrados para CEAB3|CEABU972 (Liquidez detectada)
src.infrastructure.providers.mercado_data_provider | DEBUG | RTD: preco_ativo CEAB3=9.17 forçado com sucesso
src.infrastructure.providers.mercado_data_provider | DEBUG | RTD: Detalhes completos registrados para BBAS3|BBASV224 (Liquidez detectada)
src.infrastructure.providers.mercado_data_provider | DEBUG | RTD: preco_ativo BBAS3=20.82 forçado com sucesso
src.infrastructure.providers.mercado_data_provider | DEBUG | RTD: Detalhes completos registrados para BBAS3|BBAST220 (Liquidez detectada)
src.infrastructure.providers.mercado_data_provider | DEBUG | RTD: preco_ativo BBAS3=20.82 forçado com sucesso
src.infrastructure.providers.mercado_data_provider | DEBUG | RTD: Detalhes completos registrados para BRAV3|BRAVU167 (Liquidez detectada)
src.infrastructure.providers.mercado_data_provider | DEBUG | RTD: preco_ativo BRAV3=20.88 forçado com sucesso
src.infrastructure.providers.mercado_data_provider | DEBUG | RTD: Detalhes completos registrados para CSAN3|CSANT390W1 (Liquidez detectada)
src.infrastructure.providers.mercado_data_provider | DEBUG | RTD: preco_ativo CSAN3=3.92 forçado com sucesso
src.infrastructure.providers.mercado_data_provider | DEBUG | RTD: Detalhes completos registrados para EMBJ3|EMBJU773 (Liquidez detectada)
src.infrastructure.providers.mercado_data_provider | DEBUG | RTD: preco_ativo EMBJ3=86.64 forçado com sucesso
src.infrastructure.providers.mercado_data_provider | DEBUG | RTD: Detalhes completos registrados para BBDC4|BBDCT184W1 (Liquidez detectada)
src.infrastructure.providers.mercado_data_provider | DEBUG | RTD: preco_ativo BBDC4=18.40 forçado com sucesso
src.infrastructure.providers.mercado_data_provider | DEBUG | RTD: Detalhes completos registrados para EMBJ3|EMBJT688 (Liquidez detectada)
src.infrastructure.providers.mercado_data_provider | DEBUG | RTD: preco_ativo EMBJ3=86.64 forçado com sucesso
src.infrastructure.providers.mercado_data_provider | DEBUG | RTD: Detalhes completos registrados para ALOS3|ALOST278W2 (Liquidez detectada)
src.infrastructure.providers.mercado_data_provider | DEBUG | RTD: preco_ativo ALOS3=26.52 forçado com sucesso
src.infrastructure.providers.mercado_data_provider | DEBUG | RTD: Detalhes completos registrados para HAPV3|HAPVT870 (Liquidez detectada)
src.infrastructure.providers.mercado_data_provider | DEBUG | RTD: preco_ativo HAPV3=10.51 forçado com sucesso
src.infrastructure.providers.mercado_data_provider | DEBUG | RTD: Detalhes completos registrados para PRIO3|PRIOT580W1 (Liquidez detectada)
src.infrastructure.providers.mercado_data_provider | DEBUG | RTD: preco_ativo PRIO3=58.27 forçado com sucesso
src.infrastructure.providers.mercado_data_provider | DEBUG | RTD: Detalhes completos registrados para B3SA3|B3SAT144 (Liquidez detectada)
src.infrastructure.providers.mercado_data_provider | DEBUG | RTD: preco_ativo B3SA3=15.47 forçado com sucesso
src.infrastructure.providers.mercado_data_provider | DEBUG | RTD: Detalhes completos registrados para ITUB4|ITUBX360 (Liquidez detectada)
src.infrastructure.providers.mercado_data_provider | DEBUG | RTD: preco_ativo ITUB4=42.03 forçado com sucesso
src.infrastructure.providers.mercado_data_provider | DEBUG | RTD: Detalhes completos registrados para PSSA3|PSSAW461 (Liquidez detectada)
src.infrastructure.providers.mercado_data_provider | DEBUG | RTD: preco_ativo PSSA3=53.59 forçado com sucesso
src.infrastructure.providers.mercado_data_provider | DEBUG | RTD: Detalhes completos registrados para GOAU4|GOAUT11 (Liquidez detectada)
src.infrastructure.providers.mercado_data_provider | DEBUG | RTD: preco_ativo GOAU4=10.74 forçado com sucesso
src.infrastructure.providers.mercado_data_provider | DEBUG | RTD: Detalhes completos registrados para EMBJ3|EMBJU933 (Liquidez detectada)
src.infrastructure.providers.mercado_data_provider | DEBUG | RTD: preco_ativo EMBJ3=86.64 forçado com sucesso
src.infrastructure.providers.mercado_data_provider | DEBUG | RTD: Detalhes completos registrados para MOVI3|MOVIU723 (Liquidez detectada)
src.infrastructure.providers.mercado_data_provider | DEBUG | RTD: preco_ativo MOVI3=7.85 forçado com sucesso
src.infrastructure.providers.mercado_data_provider | DEBUG | RTD: Detalhes completos registrados para CEAB3|CEABU872 (Liquidez detectada)
src.infrastructure.providers.mercado_data_provider | DEBUG | RTD: preco_ativo CEAB3=9.17 forçado com sucesso
src.infrastructure.providers.mercado_data_provider | DEBUG | RTD: Detalhes completos registrados para CPLE3|CPLET160 (Liquidez detectada)
src.infrastructure.providers.mercado_data_provider | DEBUG | RTD: preco_ativo CPLE3=14.67 forçado com sucesso
src.infrastructure.providers.mercado_data_provider | DEBUG | RTD: Detalhes completos registrados para BBSE3|BBSET358 (Liquidez detectada)
src.infrastructure.providers.mercado_data_provider | DEBUG | RTD: preco_ativo BBSE3=41.16 forçado com sucesso
src.infrastructure.providers.mercado_data_provider | DEBUG | RTD: Detalhes completos registrados para ABEV3|ABEVT133W2 (Liquidez detectada)
src.infrastructure.providers.mercado_data_provider | DEBUG | RTD: preco_ativo ABEV3=16.03 forçado com sucesso
src.infrastructure.providers.mercado_data_provider | DEBUG | RTD: Detalhes completos registrados para COGN3|COGNU335 (Liquidez detectada)
src.infrastructure.providers.mercado_data_provider | DEBUG | RTD: preco_ativo COGN3=2.19 forçado com sucesso
src.infrastructure.providers.mercado_data_provider | DEBUG | RTD: Detalhes completos registrados para CMIG4|CMIGT123 (Liquidez detectada)
src.infrastructure.providers.mercado_data_provider | DEBUG | RTD: preco_ativo CMIG4=11.10 forçado com sucesso
src.infrastructure.providers.mercado_data_provider | DEBUG | RTD: Detalhes completos registrados para BBSE3|BBSEU331 (Liquidez detectada)
src.infrastructure.providers.mercado_data_provider | DEBUG | RTD: preco_ativo BBSE3=41.16 forçado com sucesso
src.infrastructure.providers.mercado_data_provider | DEBUG | RTD: Detalhes completos registrados para CYRE3|CYRET231 (Liquidez detectada)
src.infrastructure.providers.mercado_data_provider | DEBUG | RTD: preco_ativo CYRE3=20.66 forçado com sucesso
src.infrastructure.providers.mercado_data_provider | DEBUG | RTD: Detalhes completos registrados para ITUB4|ITUBT365W1 (Liquidez detectada)
src.infrastructure.providers.mercado_data_provider | DEBUG | RTD: preco_ativo ITUB4=42.03 forçado com sucesso
src.infrastructure.providers.mercado_data_provider | DEBUG | RTD: Detalhes completos registrados para BBAS3|BBAST125 (Liquidez detectada)
src.infrastructure.providers.mercado_data_provider | DEBUG | RTD: preco_ativo BBAS3=20.82 forçado com sucesso
src.infrastructure.providers.mercado_data_provider | DEBUG | RTD: Detalhes completos registrados para ABEV3|ABEVU163 (Liquidez detectada)
src.infrastructure.providers.mercado_data_provider | DEBUG | RTD: preco_ativo ABEV3=16.03 forçado com sucesso
src.infrastructure.providers.mercado_data_provider | DEBUG | RTD: Detalhes completos registrados para ALOS3|ALOST263W2 (Liquidez detectada)
src.infrastructure.providers.mercado_data_provider | DEBUG | RTD: preco_ativo ALOS3=26.52 forçado com sucesso
src.infrastructure.providers.mercado_data_provider | DEBUG | RTD: Detalhes completos registrados para CSNA3|CSNAV505 (Liquidez detectada)
src.infrastructure.providers.mercado_data_provider | DEBUG | RTD: preco_ativo CSNA3=5.28 forçado com sucesso
src.infrastructure.providers.mercado_data_provider | DEBUG | RTD: Detalhes completos registrados para PETR4|PETRT341W1 (Liquidez detectada)
src.infrastructure.providers.mercado_data_provider | DEBUG | RTD: preco_ativo PETR4=41.91 forçado com sucesso
src.infrastructure.providers.mercado_data_provider | DEBUG | RTD: Detalhes completos registrados para ECOR3|ECORU409 (Liquidez detectada)
src.infrastructure.providers.mercado_data_provider | DEBUG | RTD: preco_ativo ECOR3=6.89 forçado com sucesso
src.infrastructure.providers.mercado_data_provider | DEBUG | RTD: Detalhes completos registrados para POMO4|POMOU494 (Liquidez detectada)
src.infrastructure.providers.mercado_data_provider | DEBUG | RTD: preco_ativo POMO4=5.34 forçado com sucesso
src.infrastructure.providers.mercado_data_provider | DEBUG | RTD: Detalhes completos registrados para CPLE3|CPLEV108 (Liquidez detectada)
src.infrastructure.providers.mercado_data_provider | DEBUG | RTD: preco_ativo CPLE3=14.67 forçado com sucesso
src.infrastructure.providers.mercado_data_provider | DEBUG | RTD: Detalhes completos registrados para BPAC11|BPACU421 (Liquidez detectada)
src.infrastructure.providers.mercado_data_provider | DEBUG | RTD: preco_ativo BPAC11=55.03 forçado com sucesso
src.infrastructure.providers.mercado_data_provider | DEBUG | RTD: Detalhes completos registrados para EMBJ3|EMBJT883 (Liquidez detectada)
src.infrastructure.providers.mercado_data_provider | DEBUG | RTD: preco_ativo EMBJ3=86.64 forçado com sucesso
src.infrastructure.providers.mercado_data_provider | DEBUG | RTD: Detalhes completos registrados para BBAS3|BBASU129W1 (Liquidez detectada)
src.infrastructure.providers.mercado_data_provider | DEBUG | RTD: preco_ativo BBAS3=20.82 forçado com sucesso
src.infrastructure.providers.mercado_data_provider | DEBUG | RTD: Detalhes completos registrados para IGTI11|IGTIU279 (Liquidez detectada)
src.infrastructure.providers.mercado_data_provider | DEBUG | RTD: preco_ativo IGTI11=24.53 forçado com sucesso
src.infrastructure.providers.mercado_data_provider | DEBUG | RTD: Detalhes completos registrados para BBAS3|BBASV161 (Liquidez detectada)
src.infrastructure.providers.mercado_data_provider | DEBUG | RTD: preco_ativo BBAS3=20.82 forçado com sucesso
src.infrastructure.providers.mercado_data_provider | DEBUG | RTD: Detalhes completos registrados para BEEF3|BEEFT405 (Liquidez detectada)
src.infrastructure.providers.mercado_data_provider | DEBUG | RTD: preco_ativo BEEF3=3.47 forçado com sucesso
src.infrastructure.providers.mercado_data_provider | DEBUG | RTD: Detalhes completos registrados para SMAL11|SMALT107 (Liquidez detectada)
src.infrastructure.providers.mercado_data_provider | DEBUG | RTD: preco_ativo SMAL11=105.34 forçado com sucesso
src.infrastructure.providers.mercado_data_provider | DEBUG | RTD: Detalhes completos registrados para CSAN3|CSANT370W2 (Liquidez detectada)
src.infrastructure.providers.mercado_data_provider | DEBUG | RTD: preco_ativo CSAN3=3.92 forçado com sucesso
src.infrastructure.providers.mercado_data_provider | DEBUG | RTD: Detalhes completos registrados para BPAC11|BPACT398 (Liquidez detectada)
src.infrastructure.providers.mercado_data_provider | DEBUG | RTD: preco_ativo BPAC11=55.03 forçado com sucesso
src.infrastructure.providers.mercado_data_provider | DEBUG | RTD: Detalhes completos registrados para TOTS3|TOTST234 (Liquidez detectada)
src.infrastructure.providers.mercado_data_provider | DEBUG | RTD: preco_ativo TOTS3=29.55 forçado com sucesso
src.infrastructure.providers.mercado_data_provider | DEBUG | RTD: Detalhes completos registrados para PETR4|PETRT242 (Liquidez detectada)
src.infrastructure.providers.mercado_data_provider | DEBUG | RTD: preco_ativo PETR4=41.91 forçado com sucesso
src.infrastructure.providers.mercado_data_provider | DEBUG | RTD: Detalhes completos registrados para BMGB4|BMGBT541 (Liquidez detectada)
src.infrastructure.providers.mercado_data_provider | DEBUG | RTD: preco_ativo BMGB4=5.19 forçado com sucesso
src.infrastructure.providers.mercado_data_provider | DEBUG | RTD: Detalhes completos registrados para CSNA3|CSNAU805 (Liquidez detectada)
src.infrastructure.providers.mercado_data_provider | DEBUG | RTD: preco_ativo CSNA3=5.28 forçado com sucesso
src.infrastructure.providers.mercado_data_provider | DEBUG | RTD: Detalhes completos registrados para BBAS3|BBASM180 (Liquidez detectada)
src.infrastructure.providers.mercado_data_provider | DEBUG | RTD: preco_ativo BBAS3=20.82 forçado com sucesso
src.infrastructure.providers.mercado_data_provider | DEBUG | RTD: Detalhes completos registrados para MBRF3|MBRFU995 (Liquidez detectada)
src.infrastructure.providers.mercado_data_provider | DEBUG | RTD: preco_ativo MBRF3=16.59 forçado com sucesso
src.infrastructure.providers.mercado_data_provider | DEBUG | RTD: Detalhes completos registrados para CYRE3|CYRET166 (Liquidez detectada)
src.infrastructure.providers.mercado_data_provider | DEBUG | RTD: preco_ativo CYRE3=20.66 forçado com sucesso
src.infrastructure.providers.mercado_data_provider | DEBUG | RTD: Detalhes completos registrados para BEEF3|BEEFT331W2 (Liquidez detectada)
src.infrastructure.providers.mercado_data_provider | DEBUG | RTD: preco_ativo BEEF3=3.47 forçado com sucesso
src.infrastructure.providers.mercado_data_provider | DEBUG | RTD: Detalhes completos registrados para MULT3|MULTT258 (Liquidez detectada)
src.infrastructure.providers.mercado_data_provider | DEBUG | RTD: preco_ativo MULT3=27.63 forçado com sucesso
src.infrastructure.providers.mercado_data_provider | DEBUG | RTD: Detalhes completos registrados para BBSE3|BBSET406 (Liquidez detectada)
src.infrastructure.providers.mercado_data_provider | DEBUG | RTD: preco_ativo BBSE3=41.16 forçado com sucesso
src.infrastructure.providers.mercado_data_provider | DEBUG | RTD: Detalhes completos registrados para PRIO3|PRIOU362 (Liquidez detectada)
src.infrastructure.providers.mercado_data_provider | DEBUG | RTD: preco_ativo PRIO3=58.27 forçado com sucesso
src.infrastructure.providers.mercado_data_provider | DEBUG | RTD: Detalhes completos registrados para CXSE3|CXSEU254 (Liquidez detectada)
src.infrastructure.providers.mercado_data_provider | DEBUG | RTD: preco_ativo CXSE3=20.41 forçado com sucesso
src.infrastructure.providers.mercado_data_provider | DEBUG | RTD: Detalhes completos registrados para PETR4|PETRU597 (Liquidez detectada)
src.infrastructure.providers.mercado_data_provider | DEBUG | RTD: preco_ativo PETR4=41.91 forçado com sucesso
src.infrastructure.providers.mercado_data_provider | DEBUG | RTD: Detalhes completos registrados para PRIO3|PRIOT540 (Liquidez detectada)
src.infrastructure.providers.mercado_data_provider | DEBUG | RTD: preco_ativo PRIO3=58.27 forçado com sucesso
src.infrastructure.providers.mercado_data_provider | DEBUG | RTD: Detalhes completos registrados para ALPA4|ALPAU904 (Liquidez detectada)
src.infrastructure.providers.mercado_data_provider | DEBUG | RTD: preco_ativo ALPA4=11.52 forçado com sucesso
src.infrastructure.providers.mercado_data_provider | DEBUG | RTD: Detalhes completos registrados para BBSE3|BBSEU411 (Liquidez detectada)
src.infrastructure.providers.mercado_data_provider | DEBUG | RTD: preco_ativo BBSE3=41.16 forçado com sucesso
src.infrastructure.providers.mercado_data_provider | DEBUG | RTD: Detalhes completos registrados para EQTL3|EQTLT382W2 (Liquidez detectada)
src.infrastructure.providers.mercado_data_provider | DEBUG | RTD: preco_ativo EQTL3=38.00 forçado com sucesso
src.infrastructure.providers.mercado_data_provider | DEBUG | RTD: Detalhes completos registrados para BPAC11|BPACT489W2 (Liquidez detectada)
src.infrastructure.providers.mercado_data_provider | DEBUG | RTD: preco_ativo BPAC11=55.03 forçado com sucesso
src.infrastructure.providers.mercado_data_provider | DEBUG | RTD: Detalhes completos registrados para CXSE3|CXSET171 (Liquidez detectada)
src.infrastructure.providers.mercado_data_provider | DEBUG | RTD: preco_ativo CXSE3=20.41 forçado com sucesso
src.infrastructure.providers.mercado_data_provider | DEBUG | RTD: Detalhes completos registrados para BBAS3|BBASM234 (Liquidez detectada)
src.infrastructure.providers.mercado_data_provider | DEBUG | RTD: preco_ativo BBAS3=20.82 forçado com sucesso
src.infrastructure.providers.mercado_data_provider | DEBUG | RTD: Detalhes completos registrados para PETR4|PETRT217 (Liquidez detectada)
src.infrastructure.providers.mercado_data_provider | DEBUG | RTD: preco_ativo PETR4=41.91 forçado com sucesso
src.infrastructure.providers.mercado_data_provider | DEBUG | RTD: Detalhes completos registrados para WEGE3|WEGET360 (Liquidez detectada)
src.infrastructure.providers.mercado_data_provider | DEBUG | RTD: preco_ativo WEGE3=45.63 forçado com sucesso
src.infrastructure.providers.mercado_data_provider | DEBUG | RTD: Detalhes completos registrados para CSNA3|CSNAT697 (Liquidez detectada)
src.infrastructure.providers.mercado_data_provider | DEBUG | RTD: preco_ativo CSNA3=5.28 forçado com sucesso
src.infrastructure.providers.mercado_data_provider | DEBUG | RTD: Detalhes completos registrados para EQTL3|EQTLU304 (Liquidez detectada)
src.infrastructure.providers.mercado_data_provider | DEBUG | RTD: preco_ativo EQTL3=38.00 forçado com sucesso
src.infrastructure.providers.mercado_data_provider | DEBUG | RTD: Detalhes completos registrados para BBDC4|BBDCT13 (Liquidez detectada)
src.infrastructure.providers.mercado_data_provider | DEBUG | RTD: preco_ativo BBDC4=18.40 forçado com sucesso
src.infrastructure.providers.mercado_data_provider | DEBUG | RTD: Detalhes completos registrados para CSMG3|CSMGT593 (Liquidez detectada)
src.infrastructure.providers.mercado_data_provider | DEBUG | RTD: preco_ativo CSMG3=61.94 forçado com sucesso
src.infrastructure.providers.mercado_data_provider | DEBUG | RTD: Detalhes completos registrados para BRSR6|BRSRU109 (Liquidez detectada)
src.infrastructure.providers.mercado_data_provider | DEBUG | RTD: preco_ativo BRSR6=13.91 forçado com sucesso
src.infrastructure.providers.mercado_data_provider | DEBUG | RTD: Detalhes completos registrados para BBDC4|BBDCX17 (Liquidez detectada)
src.infrastructure.providers.mercado_data_provider | DEBUG | RTD: preco_ativo BBDC4=18.40 forçado com sucesso
src.infrastructure.providers.mercado_data_provider | DEBUG | RTD: Detalhes completos registrados para BBDC4|BBDCT156 (Liquidez detectada)
src.infrastructure.providers.mercado_data_provider | DEBUG | RTD: preco_ativo BBDC4=18.40 forçado com sucesso
src.infrastructure.providers.mercado_data_provider | DEBUG | RTD: Detalhes completos registrados para INTB3|INTBU128 (Liquidez detectada)
src.infrastructure.providers.mercado_data_provider | DEBUG | RTD: preco_ativo INTB3=13.48 forçado com sucesso
src.infrastructure.providers.mercado_data_provider | DEBUG | RTD: Detalhes completos registrados para RADL3|RADLT175 (Liquidez detectada)
src.infrastructure.providers.mercado_data_provider | DEBUG | RTD: preco_ativo RADL3=17.74 forçado com sucesso
src.infrastructure.providers.mercado_data_provider | DEBUG | RTD: Detalhes completos registrados para BMGB4|BMGBX40 (Liquidez detectada)
src.infrastructure.providers.mercado_data_provider | DEBUG | RTD: preco_ativo BMGB4=5.19 forçado com sucesso
src.infrastructure.providers.mercado_data_provider | DEBUG | RTD: Detalhes completos registrados para LREN3|LRENU174 (Liquidez detectada)
src.infrastructure.providers.mercado_data_provider | DEBUG | RTD: preco_ativo LREN3=13.38 forçado com sucesso
src.infrastructure.providers.mercado_data_provider | DEBUG | RTD: Detalhes completos registrados para ITUB4|ITUBW404 (Liquidez detectada)
src.infrastructure.providers.mercado_data_provider | DEBUG | RTD: preco_ativo ITUB4=42.03 forçado com sucesso
src.infrastructure.providers.mercado_data_provider | DEBUG | RTD: Detalhes completos registrados para PRIO3|PRIOT620 (Liquidez detectada)
src.infrastructure.providers.mercado_data_provider | DEBUG | RTD: preco_ativo PRIO3=58.27 forçado com sucesso
src.infrastructure.providers.mercado_data_provider | DEBUG | RTD: Detalhes completos registrados para BBAS3|BBAST165 (Liquidez detectada)
src.infrastructure.providers.mercado_data_provider | DEBUG | RTD: preco_ativo BBAS3=20.82 forçado com sucesso
src.infrastructure.providers.mercado_data_provider | DEBUG | RTD: Detalhes completos registrados para QUAL3|QUALT104 (Liquidez detectada)
src.infrastructure.providers.mercado_data_provider | DEBUG | RTD: preco_ativo QUAL3=1.45 forçado com sucesso
src.infrastructure.providers.mercado_data_provider | DEBUG | RTD: Detalhes completos registrados para SAPR11|SAPRT321 (Liquidez detectada)
src.infrastructure.providers.mercado_data_provider | DEBUG | RTD: preco_ativo SAPR11=35.65 forçado com sucesso
src.infrastructure.providers.mercado_data_provider | DEBUG | RTD: Detalhes completos registrados para CEAB3|CEABU982 (Liquidez detectada)
src.infrastructure.providers.mercado_data_provider | DEBUG | RTD: preco_ativo CEAB3=9.17 forçado com sucesso
src.infrastructure.providers.mercado_data_provider | DEBUG | RTD: Detalhes completos registrados para BBDC4|BBDCT20 (Liquidez detectada)
src.infrastructure.providers.mercado_data_provider | DEBUG | RTD: preco_ativo BBDC4=18.40 forçado com sucesso
src.infrastructure.providers.mercado_data_provider | DEBUG | RTD: Detalhes completos registrados para PRIO3|PRIOW560 (Liquidez detectada)
src.infrastructure.providers.mercado_data_provider | DEBUG | RTD: preco_ativo PRIO3=58.27 forçado com sucesso
src.infrastructure.providers.mercado_data_provider | DEBUG | RTD: Detalhes completos registrados para PRIO3|PRIOU430 (Liquidez detectada)
src.infrastructure.providers.mercado_data_provider | DEBUG | RTD: preco_ativo PRIO3=58.27 forçado com sucesso
src.infrastructure.providers.mercado_data_provider | DEBUG | RTD: Detalhes completos registrados para CSMG3|CSMGT485 (Liquidez detectada)
src.infrastructure.providers.mercado_data_provider | DEBUG | RTD: preco_ativo CSMG3=61.94 forçado com sucesso
src.infrastructure.providers.mercado_data_provider | DEBUG | RTD: Detalhes completos registrados para EZTC3|EZTCU773 (Liquidez detectada)
src.infrastructure.providers.mercado_data_provider | DEBUG | RTD: preco_ativo EZTC3=11.16 forçado com sucesso
src.infrastructure.providers.mercado_data_provider | DEBUG | RTD: Detalhes completos registrados para ITUB4|ITUBW13 (Liquidez detectada)
src.infrastructure.providers.mercado_data_provider | DEBUG | RTD: preco_ativo ITUB4=42.03 forçado com sucesso
src.infrastructure.providers.mercado_data_provider | DEBUG | RTD: Detalhes completos registrados para BBAS3|BBASX20 (Liquidez detectada)
src.infrastructure.providers.mercado_data_provider | DEBUG | RTD: preco_ativo BBAS3=20.82 forçado com sucesso
src.infrastructure.providers.mercado_data_provider | DEBUG | RTD: Detalhes completos registrados para PRIO3|PRIOT585W2 (Liquidez detectada)
src.infrastructure.providers.mercado_data_provider | DEBUG | RTD: preco_ativo PRIO3=58.27 forçado com sucesso
src.infrastructure.providers.mercado_data_provider | DEBUG | RTD: Detalhes completos registrados para BBSE3|BBSEU411W1 (Liquidez detectada)
src.infrastructure.providers.mercado_data_provider | DEBUG | RTD: preco_ativo BBSE3=41.16 forçado com sucesso
src.infrastructure.providers.mercado_data_provider | DEBUG | RTD: Detalhes completos registrados para BRAP4|BRAPT211 (Liquidez detectada)
src.infrastructure.providers.mercado_data_provider | DEBUG | RTD: preco_ativo BRAP4=21.69 forçado com sucesso
src.infrastructure.providers.mercado_data_provider | DEBUG | RTD: Detalhes completos registrados para BBAS3|BBAST157 (Liquidez detectada)
src.infrastructure.providers.mercado_data_provider | DEBUG | RTD: preco_ativo BBAS3=20.82 forçado com sucesso
src.infrastructure.providers.mercado_data_provider | DEBUG | RTD: Detalhes completos registrados para CPFE3|CPFEU474 (Liquidez detectada)
src.infrastructure.providers.mercado_data_provider | DEBUG | RTD: preco_ativo CPFE3=45.23 forçado com sucesso
src.infrastructure.providers.mercado_data_provider | DEBUG | RTD: Detalhes completos registrados para MRVE3|MRVET550 (Liquidez detectada)
src.infrastructure.providers.mercado_data_provider | DEBUG | RTD: preco_ativo MRVE3=4.56 forçado com sucesso
src.infrastructure.providers.mercado_data_provider | DEBUG | RTD: Detalhes completos registrados para BBDC3|BBDCU171 (Liquidez detectada)
src.infrastructure.providers.mercado_data_provider | DEBUG | RTD: preco_ativo BBDC3=16.03 forçado com sucesso
src.infrastructure.providers.mercado_data_provider | DEBUG | RTD: Detalhes completos registrados para CEAB3|CEABU832 (Liquidez detectada)
src.infrastructure.providers.mercado_data_provider | DEBUG | RTD: preco_ativo CEAB3=9.17 forçado com sucesso
src.infrastructure.providers.mercado_data_provider | DEBUG | RTD: Detalhes completos registrados para BEEF3|BEEFT522 (Liquidez detectada)
src.infrastructure.providers.mercado_data_provider | DEBUG | RTD: preco_ativo BEEF3=3.47 forçado com sucesso
src.infrastructure.providers.mercado_data_provider | DEBUG | RTD: Detalhes completos registrados para BBDC3|BBDCX142 (Liquidez detectada)
src.infrastructure.providers.mercado_data_provider | DEBUG | RTD: preco_ativo BBDC3=16.03 forçado com sucesso
src.infrastructure.providers.mercado_data_provider | DEBUG | RTD: Detalhes completos registrados para LEVE3|LEVEU333 (Liquidez detectada)
src.infrastructure.providers.mercado_data_provider | DEBUG | RTD: preco_ativo LEVE3=31.26 forçado com sucesso
src.infrastructure.providers.mercado_data_provider | DEBUG | RTD: Detalhes completos registrados para MRVE3|MRVEU425 (Liquidez detectada)
src.infrastructure.providers.mercado_data_provider | DEBUG | RTD: preco_ativo MRVE3=4.56 forçado com sucesso
src.infrastructure.providers.mercado_data_provider | DEBUG | RTD: Detalhes completos registrados para ARML3|ARMLT303 (Liquidez detectada)
src.infrastructure.providers.mercado_data_provider | DEBUG | RTD: preco_ativo ARML3=3.33 forçado com sucesso
src.infrastructure.providers.mercado_data_provider | DEBUG | RTD: Detalhes completos registrados para BBSE3|BBSET356W1 (Liquidez detectada)
src.infrastructure.providers.mercado_data_provider | DEBUG | RTD: preco_ativo BBSE3=41.16 forçado com sucesso
src.infrastructure.providers.mercado_data_provider | DEBUG | RTD: Detalhes completos registrados para BBDC4|BBDCX176 (Liquidez detectada)
src.infrastructure.providers.mercado_data_provider | DEBUG | RTD: preco_ativo BBDC4=18.40 forçado com sucesso
src.infrastructure.providers.mercado_data_provider | DEBUG | RTD: Detalhes completos registrados para ENGI11|ENGIU516 (Liquidez detectada)
src.infrastructure.providers.mercado_data_provider | DEBUG | RTD: preco_ativo ENGI11=48.98 forçado com sucesso
src.infrastructure.providers.mercado_data_provider | DEBUG | RTD: Detalhes completos registrados para CSAN3|CSANT405W2 (Liquidez detectada)
src.infrastructure.providers.mercado_data_provider | DEBUG | RTD: preco_ativo CSAN3=3.92 forçado com sucesso
src.infrastructure.providers.mercado_data_provider | DEBUG | RTD: Detalhes completos registrados para CEAB3|CEABT900 (Liquidez detectada)
src.infrastructure.providers.mercado_data_provider | DEBUG | RTD: preco_ativo CEAB3=9.17 forçado com sucesso
src.infrastructure.providers.mercado_data_provider | DEBUG | RTD: Detalhes completos registrados para BBDC4|BBDCV180 (Liquidez detectada)
src.infrastructure.providers.mercado_data_provider | DEBUG | RTD: preco_ativo BBDC4=18.40 forçado com sucesso
src.infrastructure.providers.mercado_data_provider | DEBUG | RTD: Detalhes completos registrados para GGBR4|GGBRU270 (Liquidez detectada)
src.infrastructure.providers.mercado_data_provider | DEBUG | RTD: preco_ativo GGBR4=24.82 forçado com sucesso
src.infrastructure.providers.mercado_data_provider | DEBUG | RTD: Detalhes completos registrados para PRIO3|PRIOU575 (Liquidez detectada)
src.infrastructure.providers.mercado_data_provider | DEBUG | RTD: preco_ativo PRIO3=58.27 forçado com sucesso
src.infrastructure.providers.mercado_data_provider | DEBUG | RTD: Detalhes completos registrados para MULT3|MULTT308 (Liquidez detectada)
src.infrastructure.providers.mercado_data_provider | DEBUG | RTD: preco_ativo MULT3=27.63 forçado com sucesso
src.infrastructure.providers.mercado_data_provider | DEBUG | RTD: Detalhes completos registrados para EMBJ3|EMBJT61 (Liquidez detectada)
src.infrastructure.providers.mercado_data_provider | DEBUG | RTD: preco_ativo EMBJ3=86.64 forçado com sucesso
src.infrastructure.providers.mercado_data_provider | DEBUG | RTD: Detalhes completos registrados para BRAP4|BRAPV209 (Liquidez detectada)
src.infrastructure.providers.mercado_data_provider | DEBUG | RTD: preco_ativo BRAP4=21.69 forçado com sucesso
src.infrastructure.providers.mercado_data_provider | DEBUG | RTD: Detalhes completos registrados para BBSE3|BBSEV439 (Liquidez detectada)
src.infrastructure.providers.mercado_data_provider | DEBUG | RTD: preco_ativo BBSE3=41.16 forçado com sucesso
src.infrastructure.providers.mercado_data_provider | DEBUG | RTD: Detalhes completos registrados para CSMG3|CSMGU620 (Liquidez detectada)
src.infrastructure.providers.mercado_data_provider | DEBUG | RTD: preco_ativo CSMG3=61.94 forçado com sucesso
src.infrastructure.providers.mercado_data_provider | DEBUG | RTD: Detalhes completos registrados para BPAC11|BPACU466 (Liquidez detectada)
src.infrastructure.providers.mercado_data_provider | DEBUG | RTD: preco_ativo BPAC11=55.03 forçado com sucesso
src.infrastructure.providers.mercado_data_provider | DEBUG | RTD: Detalhes completos registrados para ENGI11|ENGIT531 (Liquidez detectada)
src.infrastructure.providers.mercado_data_provider | DEBUG | RTD: preco_ativo ENGI11=48.98 forçado com sucesso
src.infrastructure.providers.mercado_data_provider | DEBUG | RTD: Detalhes completos registrados para EZTC3|EZTCU126 (Liquidez detectada)
src.infrastructure.providers.mercado_data_provider | DEBUG | RTD: preco_ativo EZTC3=11.16 forçado com sucesso
src.infrastructure.providers.mercado_data_provider | DEBUG | RTD: Detalhes completos registrados para ALPA4|ALPAT107 (Liquidez detectada)
src.infrastructure.providers.mercado_data_provider | DEBUG | RTD: preco_ativo ALPA4=11.52 forçado com sucesso
src.infrastructure.providers.mercado_data_provider | DEBUG | RTD: Detalhes completos registrados para BBDC4|BBDCM145 (Liquidez detectada)
src.infrastructure.providers.mercado_data_provider | DEBUG | RTD: preco_ativo BBDC4=18.40 forçado com sucesso
src.infrastructure.providers.mercado_data_provider | DEBUG | RTD: Detalhes completos registrados para ABCB4|ABCBT165 (Liquidez detectada)
src.infrastructure.providers.mercado_data_provider | DEBUG | RTD: preco_ativo ABCB4=23.68 forçado com sucesso
src.infrastructure.providers.mercado_data_provider | DEBUG | RTD: Detalhes completos registrados para BPAC11|BPACU576 (Liquidez detectada)
src.infrastructure.providers.mercado_data_provider | DEBUG | RTD: preco_ativo BPAC11=55.03 forçado com sucesso
src.infrastructure.providers.mercado_data_provider | DEBUG | RTD: Detalhes completos registrados para MOTV3|MOTVU955 (Liquidez detectada)
src.infrastructure.providers.mercado_data_provider | DEBUG | RTD: preco_ativo MOTV3=14.18 forçado com sucesso
src.infrastructure.providers.mercado_data_provider | DEBUG | RTD: Detalhes completos registrados para CEAB3|CEABT402 (Liquidez detectada)
src.infrastructure.providers.mercado_data_provider | DEBUG | RTD: preco_ativo CEAB3=9.17 forçado com sucesso
src.infrastructure.providers.mercado_data_provider | DEBUG | RTD: Detalhes completos registrados para BBSE3|BBSEU366 (Liquidez detectada)
src.infrastructure.providers.mercado_data_provider | DEBUG | RTD: preco_ativo BBSE3=41.16 forçado com sucesso
src.infrastructure.providers.mercado_data_provider | DEBUG | RTD: Detalhes completos registrados para BBDC4|BBDCT201W1 (Liquidez detectada)
src.infrastructure.providers.mercado_data_provider | DEBUG | RTD: preco_ativo BBDC4=18.40 forçado com sucesso
src.infrastructure.providers.mercado_data_provider | DEBUG | RTD: Detalhes completos registrados para BRAV3|BRAVU202 (Liquidez detectada)
src.infrastructure.providers.mercado_data_provider | DEBUG | RTD: preco_ativo BRAV3=20.88 forçado com sucesso
src.infrastructure.providers.mercado_data_provider | DEBUG | RTD: Detalhes completos registrados para MGLU3|MGLUU680 (Liquidez detectada)
src.infrastructure.providers.mercado_data_provider | DEBUG | RTD: preco_ativo MGLU3=4.76 forçado com sucesso
src.infrastructure.providers.mercado_data_provider | DEBUG | RTD: Detalhes completos registrados para BBDC3|BBDCT132 (Liquidez detectada)
src.infrastructure.providers.mercado_data_provider | DEBUG | RTD: preco_ativo BBDC3=16.03 forçado com sucesso
src.infrastructure.providers.mercado_data_provider | DEBUG | RTD: Detalhes completos registrados para PETR4|PETRV184 (Liquidez detectada)
src.infrastructure.providers.mercado_data_provider | DEBUG | RTD: preco_ativo PETR4=41.91 forçado com sucesso
src.infrastructure.providers.mercado_data_provider | DEBUG | RTD: Detalhes completos registrados para PETR4|PETRT311W1 (Liquidez detectada)
src.infrastructure.providers.mercado_data_provider | DEBUG | RTD: preco_ativo PETR4=41.91 forçado com sucesso
src.infrastructure.providers.mercado_data_provider | DEBUG | RTD: Detalhes completos registrados para BBAS3|BBAST176W2 (Liquidez detectada)
src.infrastructure.providers.mercado_data_provider | DEBUG | RTD: preco_ativo BBAS3=20.82 forçado com sucesso
src.infrastructure.providers.mercado_data_provider | DEBUG | RTD: Detalhes completos registrados para BBDC3|BBDCT199 (Liquidez detectada)
src.infrastructure.providers.mercado_data_provider | DEBUG | RTD: preco_ativo BBDC3=16.03 forçado com sucesso
src.infrastructure.providers.mercado_data_provider | DEBUG | RTD: Detalhes completos registrados para PRIO3|PRIOT445W1 (Liquidez detectada)
src.infrastructure.providers.mercado_data_provider | DEBUG | RTD: preco_ativo PRIO3=58.27 forçado com sucesso
src.infrastructure.providers.mercado_data_provider | DEBUG | RTD: Detalhes completos registrados para EMBJ3|EMBJT460 (Liquidez detectada)
src.infrastructure.providers.mercado_data_provider | DEBUG | RTD: preco_ativo EMBJ3=86.64 forçado com sucesso
src.infrastructure.providers.mercado_data_provider | DEBUG | RTD: Detalhes completos registrados para ITUB4|ITUBU385 (Liquidez detectada)
src.infrastructure.providers.mercado_data_provider | DEBUG | RTD: preco_ativo ITUB4=42.03 forçado com sucesso
src.infrastructure.providers.mercado_data_provider | DEBUG | RTD: Detalhes completos registrados para JALL3|JALLU200 (Liquidez detectada)
src.infrastructure.providers.mercado_data_provider | DEBUG | RTD: preco_ativo JALL3=1.99 forçado com sucesso
src.infrastructure.providers.mercado_data_provider | DEBUG | RTD: Detalhes completos registrados para BBSE3|BBSET379W2 (Liquidez detectada)
src.infrastructure.providers.mercado_data_provider | DEBUG | RTD: preco_ativo BBSE3=41.16 forçado com sucesso
src.infrastructure.providers.mercado_data_provider | DEBUG | RTD: Detalhes completos registrados para RAIL3|RAILT158 (Liquidez detectada)
src.infrastructure.providers.mercado_data_provider | DEBUG | RTD: preco_ativo RAIL3=13.97 forçado com sucesso
src.infrastructure.providers.mercado_data_provider | DEBUG | RTD: Detalhes completos registrados para ENEV3|ENEVT205 (Liquidez detectada)
src.infrastructure.providers.mercado_data_provider | DEBUG | RTD: preco_ativo ENEV3=25.93 forçado com sucesso
src.infrastructure.providers.mercado_data_provider | DEBUG | RTD: Detalhes completos registrados para PSSA3|PSSAT498 (Liquidez detectada)
src.infrastructure.providers.mercado_data_provider | DEBUG | RTD: preco_ativo PSSA3=53.59 forçado com sucesso
src.infrastructure.providers.mercado_data_provider | DEBUG | RTD: Detalhes completos registrados para ANIM3|ANIMT177 (Liquidez detectada)
src.infrastructure.providers.mercado_data_provider | DEBUG | RTD: preco_ativo ANIM3=2.23 forçado com sucesso
src.infrastructure.providers.mercado_data_provider | DEBUG | RTD: Detalhes completos registrados para BMGB4|BMGBU502 (Liquidez detectada)
src.infrastructure.providers.mercado_data_provider | DEBUG | RTD: preco_ativo BMGB4=5.19 forçado com sucesso
src.infrastructure.providers.mercado_data_provider | DEBUG | RTD: Detalhes completos registrados para EMBJ3|EMBJU315 (Liquidez detectada)
src.infrastructure.providers.mercado_data_provider | DEBUG | RTD: preco_ativo EMBJ3=86.64 forçado com sucesso
src.infrastructure.providers.mercado_data_provider | DEBUG | RTD: Detalhes completos registrados para IRBR3|IRBRT458W1 (Liquidez detectada)
src.infrastructure.providers.mercado_data_provider | DEBUG | RTD: preco_ativo IRBR3=53.33 forçado com sucesso
src.infrastructure.providers.mercado_data_provider | DEBUG | RTD: Detalhes completos registrados para CEAB3|CEABU942 (Liquidez detectada)
src.infrastructure.providers.mercado_data_provider | DEBUG | RTD: preco_ativo CEAB3=9.17 forçado com sucesso
src.infrastructure.providers.mercado_data_provider | DEBUG | RTD: Detalhes completos registrados para LEVE3|LEVEV27 (Liquidez detectada)
src.infrastructure.providers.mercado_data_provider | DEBUG | RTD: preco_ativo LEVE3=31.26 forçado com sucesso
src.infrastructure.providers.mercado_data_provider | DEBUG | RTD: Detalhes completos registrados para KEPL3|KEPLT636 (Liquidez detectada)
src.infrastructure.providers.mercado_data_provider | DEBUG | RTD: preco_ativo KEPL3=6.42 forçado com sucesso
src.infrastructure.providers.mercado_data_provider | DEBUG | RTD: Detalhes completos registrados para ALOS3|ALOSW259 (Liquidez detectada)
src.infrastructure.providers.mercado_data_provider | DEBUG | RTD: preco_ativo ALOS3=26.52 forçado com sucesso
src.infrastructure.providers.mercado_data_provider | DEBUG | RTD: Detalhes completos registrados para ALOS3|ALOST282 (Liquidez detectada)
src.infrastructure.providers.mercado_data_provider | DEBUG | RTD: preco_ativo ALOS3=26.52 forçado com sucesso
src.infrastructure.providers.mercado_data_provider | DEBUG | RTD: Detalhes completos registrados para CMIN3|CMINT346 (Liquidez detectada)
src.infrastructure.providers.mercado_data_provider | DEBUG | RTD: preco_ativo CMIN3=5.91 forçado com sucesso
src.infrastructure.providers.mercado_data_provider | DEBUG | RTD: Detalhes completos registrados para VALE3|VALEV654 (Liquidez detectada)
src.infrastructure.providers.mercado_data_provider | DEBUG | RTD: preco_ativo VALE3=75.11 forçado com sucesso
src.infrastructure.providers.mercado_data_provider | DEBUG | RTD: Detalhes completos registrados para CSMG3|CSMGU565 (Liquidez detectada)
src.infrastructure.providers.mercado_data_provider | DEBUG | RTD: preco_ativo CSMG3=61.94 forçado com sucesso
src.infrastructure.providers.mercado_data_provider | DEBUG | RTD: Detalhes completos registrados para ENEV3|ENEVU227 (Liquidez detectada)
src.infrastructure.providers.mercado_data_provider | DEBUG | RTD: preco_ativo ENEV3=25.93 forçado com sucesso
src.infrastructure.providers.mercado_data_provider | DEBUG | RTD: Detalhes completos registrados para BBSE3|BBSEU466 (Liquidez detectada)
src.infrastructure.providers.mercado_data_provider | DEBUG | RTD: preco_ativo BBSE3=41.16 forçado com sucesso
src.infrastructure.providers.mercado_data_provider | DEBUG | RTD: Detalhes completos registrados para GGBR4|GGBRT165 (Liquidez detectada)
src.infrastructure.providers.mercado_data_provider | DEBUG | RTD: preco_ativo GGBR4=24.82 forçado com sucesso
src.infrastructure.providers.mercado_data_provider | DEBUG | RTD: Detalhes completos registrados para BBDC4|BBDCU287 (Liquidez detectada)
src.infrastructure.providers.mercado_data_provider | DEBUG | RTD: preco_ativo BBDC4=18.40 forçado com sucesso
src.infrastructure.providers.mercado_data_provider | DEBUG | RTD: Detalhes completos registrados para TOTS3|TOTSV224 (Liquidez detectada)
src.infrastructure.providers.mercado_data_provider | DEBUG | RTD: preco_ativo TOTS3=29.55 forçado com sucesso
src.infrastructure.providers.mercado_data_provider | DEBUG | RTD: Detalhes completos registrados para EGIE3|EGIEU295 (Liquidez detectada)
src.infrastructure.providers.mercado_data_provider | DEBUG | RTD: preco_ativo EGIE3=29.42 forçado com sucesso
src.infrastructure.providers.mercado_data_provider | DEBUG | RTD: Detalhes completos registrados para MDIA3|MDIAU177 (Liquidez detectada)
src.infrastructure.providers.mercado_data_provider | DEBUG | RTD: preco_ativo MDIA3=17.04 forçado com sucesso
src.infrastructure.providers.mercado_data_provider | DEBUG | RTD: Detalhes completos registrados para MBRF3|MBRFU170 (Liquidez detectada)
src.infrastructure.providers.mercado_data_provider | DEBUG | RTD: preco_ativo MBRF3=16.59 forçado com sucesso
src.infrastructure.providers.mercado_data_provider | DEBUG | RTD: Detalhes completos registrados para PETR4|PETRT263W1 (Liquidez detectada)
src.infrastructure.providers.mercado_data_provider | DEBUG | RTD: preco_ativo PETR4=41.91 forçado com sucesso
src.infrastructure.providers.mercado_data_provider | DEBUG | RTD: Detalhes completos registrados para MDIA3|MDIAU165 (Liquidez detectada)
src.infrastructure.providers.mercado_data_provider | DEBUG | RTD: preco_ativo MDIA3=17.04 forçado com sucesso
src.infrastructure.providers.mercado_data_provider | DEBUG | RTD: Detalhes completos registrados para HAPV3|HAPVT420 (Liquidez detectada)
src.infrastructure.providers.mercado_data_provider | DEBUG | RTD: preco_ativo HAPV3=10.51 forçado com sucesso
src.infrastructure.providers.mercado_data_provider | DEBUG | RTD: Detalhes completos registrados para CURY3|CURYT302 (Liquidez detectada)
src.infrastructure.providers.mercado_data_provider | DEBUG | RTD: preco_ativo CURY3=28.80 forçado com sucesso
src.infrastructure.providers.mercado_data_provider | DEBUG | RTD: Detalhes completos registrados para EMBJ3|EMBJU575 (Liquidez detectada)
src.infrastructure.providers.mercado_data_provider | DEBUG | RTD: preco_ativo EMBJ3=86.64 forçado com sucesso
src.infrastructure.providers.mercado_data_provider | DEBUG | RTD: Detalhes completos registrados para PETR3|PETRT393 (Liquidez detectada)
src.infrastructure.providers.mercado_data_provider | DEBUG | RTD: preco_ativo PETR3=47.42 forçado com sucesso
src.infrastructure.providers.mercado_data_provider | DEBUG | RTD: Detalhes completos registrados para CMIG4|CMIGM100 (Liquidez detectada)
src.infrastructure.providers.mercado_data_provider | DEBUG | RTD: preco_ativo CMIG4=11.10 forçado com sucesso
src.infrastructure.providers.mercado_data_provider | DEBUG | RTD: Detalhes completos registrados para PETR4|PETRT474 (Liquidez detectada)
src.infrastructure.providers.mercado_data_provider | DEBUG | RTD: preco_ativo PETR4=41.91 forçado com sucesso
src.infrastructure.providers.mercado_data_provider | DEBUG | RTD: Detalhes completos registrados para BBSE3|BBSET421 (Liquidez detectada)
src.infrastructure.providers.mercado_data_provider | DEBUG | RTD: preco_ativo BBSE3=41.16 forçado com sucesso
src.infrastructure.providers.mercado_data_provider | DEBUG | RTD: Detalhes completos registrados para BPAC11|BPACT494W2 (Liquidez detectada)
src.infrastructure.providers.mercado_data_provider | DEBUG | RTD: preco_ativo BPAC11=55.03 forçado com sucesso
src.infrastructure.providers.mercado_data_provider | DEBUG | RTD: Detalhes completos registrados para UGPA3|UGPAU317 (Liquidez detectada)
src.infrastructure.providers.mercado_data_provider | DEBUG | RTD: preco_ativo UGPA3=32.13 forçado com sucesso
src.infrastructure.providers.mercado_data_provider | DEBUG | RTD: Detalhes completos registrados para BRAP4|BRAPT209 (Liquidez detectada)
src.infrastructure.providers.mercado_data_provider | DEBUG | RTD: preco_ativo BRAP4=21.69 forçado com sucesso
src.infrastructure.providers.mercado_data_provider | DEBUG | RTD: Detalhes completos registrados para ITUB4|ITUBU45 (Liquidez detectada)
src.infrastructure.providers.mercado_data_provider | DEBUG | RTD: preco_ativo ITUB4=42.03 forçado com sucesso
src.infrastructure.providers.mercado_data_provider | DEBUG | RTD: Detalhes completos registrados para PETR4|PETRV254 (Liquidez detectada)
src.infrastructure.providers.mercado_data_provider | DEBUG | RTD: preco_ativo PETR4=41.91 forçado com sucesso
src.infrastructure.providers.mercado_data_provider | DEBUG | RTD: Detalhes completos registrados para EMBJ3|EMBJU993 (Liquidez detectada)
src.infrastructure.providers.mercado_data_provider | DEBUG | RTD: preco_ativo EMBJ3=86.64 forçado com sucesso
src.infrastructure.providers.mercado_data_provider | DEBUG | RTD: Detalhes completos registrados para SMAL11|SMALT102W1 (Liquidez detectada)
src.infrastructure.providers.mercado_data_provider | DEBUG | RTD: preco_ativo SMAL11=105.34 forçado com sucesso
src.infrastructure.providers.mercado_data_provider | DEBUG | RTD: Detalhes completos registrados para BBSE3|BBSEX406 (Liquidez detectada)
src.infrastructure.providers.mercado_data_provider | DEBUG | RTD: preco_ativo BBSE3=41.16 forçado com sucesso
src.infrastructure.providers.mercado_data_provider | DEBUG | RTD: Detalhes completos registrados para PETR4|PETRT252 (Liquidez detectada)
src.infrastructure.providers.mercado_data_provider | DEBUG | RTD: preco_ativo PETR4=41.91 forçado com sucesso
src.infrastructure.providers.mercado_data_provider | DEBUG | RTD: Detalhes completos registrados para BBAS3|BBASU100 (Liquidez detectada)
src.infrastructure.providers.mercado_data_provider | DEBUG | RTD: preco_ativo BBAS3=20.82 forçado com sucesso
src.infrastructure.providers.mercado_data_provider | DEBUG | RTD: Detalhes completos registrados para EMBJ3|EMBJT480 (Liquidez detectada)
src.infrastructure.providers.mercado_data_provider | DEBUG | RTD: preco_ativo EMBJ3=86.64 forçado com sucesso
src.infrastructure.providers.mercado_data_provider | DEBUG | RTD: Detalhes completos registrados para MBRF3|MBRFT163W1 (Liquidez detectada)
src.infrastructure.providers.mercado_data_provider | DEBUG | RTD: preco_ativo MBRF3=16.59 forçado com sucesso
src.infrastructure.providers.mercado_data_provider | DEBUG | RTD: Detalhes completos registrados para EMBJ3|EMBJT530 (Liquidez detectada)
src.infrastructure.providers.mercado_data_provider | DEBUG | RTD: preco_ativo EMBJ3=86.64 forçado com sucesso
src.infrastructure.providers.mercado_data_provider | DEBUG | RTD: Detalhes completos registrados para COGN3|COGNT233 (Liquidez detectada)
src.infrastructure.providers.mercado_data_provider | DEBUG | RTD: preco_ativo COGN3=2.19 forçado com sucesso
src.infrastructure.providers.mercado_data_provider | DEBUG | RTD: Detalhes completos registrados para BBDC4|BBDCU147 (Liquidez detectada)
src.infrastructure.providers.mercado_data_provider | DEBUG | RTD: preco_ativo BBDC4=18.40 forçado com sucesso
src.infrastructure.providers.mercado_data_provider | DEBUG | RTD: Detalhes completos registrados para HASH11|HASHT510 (Liquidez detectada)
src.infrastructure.providers.mercado_data_provider | DEBUG | RTD: preco_ativo HASH11=42.62 forçado com sucesso
src.infrastructure.providers.mercado_data_provider | DEBUG | RTD: Detalhes completos registrados para BBSE3|BBSET426W2 (Liquidez detectada)
src.infrastructure.providers.mercado_data_provider | DEBUG | RTD: preco_ativo BBSE3=41.16 forçado com sucesso
src.infrastructure.providers.mercado_data_provider | DEBUG | RTD: Detalhes completos registrados para EMBJ3|EMBJT605 (Liquidez detectada)
src.infrastructure.providers.mercado_data_provider | DEBUG | RTD: preco_ativo EMBJ3=86.64 forçado com sucesso
src.infrastructure.providers.mercado_data_provider | DEBUG | RTD: Detalhes completos registrados para ITUB4|ITUBV406 (Liquidez detectada)
src.infrastructure.providers.mercado_data_provider | DEBUG | RTD: preco_ativo ITUB4=42.03 forçado com sucesso
src.infrastructure.providers.mercado_data_provider | DEBUG | RTD: Detalhes completos registrados para CSNA3|CSNAT550W1 (Liquidez detectada)
src.infrastructure.providers.mercado_data_provider | DEBUG | RTD: preco_ativo CSNA3=5.28 forçado com sucesso
src.infrastructure.providers.mercado_data_provider | DEBUG | RTD: Detalhes completos registrados para CSAN3|CSANV485 (Liquidez detectada)
src.infrastructure.providers.mercado_data_provider | DEBUG | RTD: preco_ativo CSAN3=3.92 forçado com sucesso
src.infrastructure.providers.mercado_data_provider | DEBUG | RTD: Detalhes completos registrados para BBAS3|BBAST183W2 (Liquidez detectada)
src.infrastructure.providers.mercado_data_provider | DEBUG | RTD: preco_ativo BBAS3=20.82 forçado com sucesso
src.infrastructure.providers.mercado_data_provider | DEBUG | RTD: Detalhes completos registrados para POSI3|POSIT385 (Liquidez detectada)
src.infrastructure.providers.mercado_data_provider | DEBUG | RTD: preco_ativo POSI3=3.56 forçado com sucesso
src.infrastructure.providers.mercado_data_provider | DEBUG | RTD: Detalhes completos registrados para HYPE3|HYPET175 (Liquidez detectada)
src.infrastructure.providers.mercado_data_provider | DEBUG | RTD: preco_ativo HYPE3=21.05 forçado com sucesso
src.infrastructure.providers.mercado_data_provider | DEBUG | RTD: Detalhes completos registrados para VALE3|VALET309 (Liquidez detectada)
src.infrastructure.providers.mercado_data_provider | DEBUG | RTD: preco_ativo VALE3=75.11 forçado com sucesso
src.infrastructure.providers.mercado_data_provider | DEBUG | RTD: Detalhes completos registrados para MGLU3|MGLUU445 (Liquidez detectada)
src.infrastructure.providers.mercado_data_provider | DEBUG | RTD: preco_ativo MGLU3=4.76 forçado com sucesso
src.infrastructure.providers.mercado_data_provider | DEBUG | RTD: Detalhes completos registrados para IRBR3|IRBRU490 (Liquidez detectada)
src.infrastructure.providers.mercado_data_provider | DEBUG | RTD: preco_ativo IRBR3=53.33 forçado com sucesso
src.infrastructure.providers.mercado_data_provider | DEBUG | RTD: Detalhes completos registrados para RAIL3|RAILT154 (Liquidez detectada)
src.infrastructure.providers.mercado_data_provider | DEBUG | RTD: preco_ativo RAIL3=13.97 forçado com sucesso
src.infrastructure.providers.mercado_data_provider | DEBUG | RTD: Detalhes completos registrados para EMBJ3|EMBJT313 (Liquidez detectada)
src.infrastructure.providers.mercado_data_provider | DEBUG | RTD: preco_ativo EMBJ3=86.64 forçado com sucesso
src.infrastructure.providers.mercado_data_provider | DEBUG | RTD: Detalhes completos registrados para POMO4|POMOU459 (Liquidez detectada)
src.infrastructure.providers.mercado_data_provider | DEBUG | RTD: preco_ativo POMO4=5.34 forçado com sucesso
src.infrastructure.providers.mercado_data_provider | DEBUG | RTD: Detalhes completos registrados para IRBR3|IRBRT411 (Liquidez detectada)
src.infrastructure.providers.mercado_data_provider | DEBUG | RTD: preco_ativo IRBR3=53.33 forçado com sucesso
src.infrastructure.providers.mercado_data_provider | DEBUG | RTD: Detalhes completos registrados para BBAS3|BBASV290 (Liquidez detectada)
src.infrastructure.providers.mercado_data_provider | DEBUG | RTD: preco_ativo BBAS3=20.82 forçado com sucesso
src.infrastructure.providers.mercado_data_provider | DEBUG | RTD: Detalhes completos registrados para BBAS3|BBASU272 (Liquidez detectada)
src.infrastructure.providers.mercado_data_provider | DEBUG | RTD: preco_ativo BBAS3=20.82 forçado com sucesso
src.infrastructure.providers.mercado_data_provider | DEBUG | RTD: Detalhes completos registrados para ITSA4|ITSAW114 (Liquidez detectada)
src.infrastructure.providers.mercado_data_provider | DEBUG | RTD: preco_ativo ITSA4=13.53 forçado com sucesso
src.infrastructure.providers.mercado_data_provider | DEBUG | RTD: Detalhes completos registrados para BRAV3|BRAVU177 (Liquidez detectada)
src.infrastructure.providers.mercado_data_provider | DEBUG | RTD: preco_ativo BRAV3=20.88 forçado com sucesso
src.infrastructure.providers.mercado_data_provider | DEBUG | RTD: Detalhes completos registrados para PETR4|PETRX419 (Liquidez detectada)
src.infrastructure.providers.mercado_data_provider | DEBUG | RTD: preco_ativo PETR4=41.91 forçado com sucesso
src.infrastructure.providers.mercado_data_provider | DEBUG | RTD: Detalhes completos registrados para LWSA3|LWSAW400 (Liquidez detectada)
src.infrastructure.providers.mercado_data_provider | DEBUG | RTD: preco_ativo LWSA3=3.71 forçado com sucesso
src.infrastructure.providers.mercado_data_provider | DEBUG | RTD: Detalhes completos registrados para MYPK3|MYPKT925 (Liquidez detectada)
src.infrastructure.providers.mercado_data_provider | DEBUG | RTD: preco_ativo MYPK3=9.43 forçado com sucesso
src.infrastructure.providers.mercado_data_provider | DEBUG | RTD: Detalhes completos registrados para BBSE3|BBSET429 (Liquidez detectada)
src.infrastructure.providers.mercado_data_provider | DEBUG | RTD: preco_ativo BBSE3=41.16 forçado com sucesso
src.infrastructure.providers.mercado_data_provider | DEBUG | RTD: Detalhes completos registrados para MRVE3|MRVET430W1 (Liquidez detectada)
src.infrastructure.providers.mercado_data_provider | DEBUG | RTD: preco_ativo MRVE3=4.56 forçado com sucesso
src.infrastructure.providers.mercado_data_provider | DEBUG | RTD: Detalhes completos registrados para PRIO3|PRIOU675 (Liquidez detectada)
src.infrastructure.providers.mercado_data_provider | DEBUG | RTD: preco_ativo PRIO3=58.27 forçado com sucesso
src.infrastructure.providers.mercado_data_provider | DEBUG | RTD: Detalhes completos registrados para HYPE3|HYPET213W2 (Liquidez detectada)
src.infrastructure.providers.mercado_data_provider | DEBUG | RTD: preco_ativo HYPE3=21.05 forçado com sucesso
src.infrastructure.providers.mercado_data_provider | DEBUG | RTD: Detalhes completos registrados para NATU3|NATUU640 (Liquidez detectada)
src.infrastructure.providers.mercado_data_provider | DEBUG | RTD: preco_ativo NATU3=8.35 forçado com sucesso
src.infrastructure.providers.mercado_data_provider | DEBUG | RTD: Detalhes completos registrados para BBSE3|BBSEM374 (Liquidez detectada)
src.infrastructure.providers.mercado_data_provider | DEBUG | RTD: preco_ativo BBSE3=41.16 forçado com sucesso
src.infrastructure.providers.mercado_data_provider | DEBUG | RTD: Detalhes completos registrados para BEEF3|BEEFT316W2 (Liquidez detectada)
src.infrastructure.providers.mercado_data_provider | DEBUG | RTD: preco_ativo BEEF3=3.47 forçado com sucesso
src.infrastructure.providers.mercado_data_provider | DEBUG | RTD: Detalhes completos registrados para CPLE3|CPLEU113 (Liquidez detectada)
src.infrastructure.providers.mercado_data_provider | DEBUG | RTD: preco_ativo CPLE3=14.67 forçado com sucesso
src.infrastructure.providers.mercado_data_provider | DEBUG | RTD: Detalhes completos registrados para EMBJ3|EMBJT570 (Liquidez detectada)
src.infrastructure.providers.mercado_data_provider | DEBUG | RTD: preco_ativo EMBJ3=86.64 forçado com sucesso
src.infrastructure.providers.mercado_data_provider | DEBUG | RTD: Detalhes completos registrados para HYPE3|HYPEU200 (Liquidez detectada)
src.infrastructure.providers.mercado_data_provider | DEBUG | RTD: preco_ativo HYPE3=21.05 forçado com sucesso
src.infrastructure.providers.mercado_data_provider | DEBUG | RTD: Detalhes completos registrados para PETR4|PETRT562 (Liquidez detectada)
src.infrastructure.providers.mercado_data_provider | DEBUG | RTD: preco_ativo PETR4=41.91 forçado com sucesso
src.infrastructure.providers.mercado_data_provider | DEBUG | RTD: Detalhes completos registrados para BBSE3|BBSET366 (Liquidez detectada)
src.infrastructure.providers.mercado_data_provider | DEBUG | RTD: preco_ativo BBSE3=41.16 forçado com sucesso
src.infrastructure.providers.mercado_data_provider | DEBUG | RTD: Detalhes completos registrados para HAPV3|HAPVU850 (Liquidez detectada)
src.infrastructure.providers.mercado_data_provider | DEBUG | RTD: preco_ativo HAPV3=10.51 forçado com sucesso
src.infrastructure.providers.mercado_data_provider | DEBUG | RTD: Detalhes completos registrados para EGIE3|EGIEU35 (Liquidez detectada)
src.infrastructure.providers.mercado_data_provider | DEBUG | RTD: preco_ativo EGIE3=29.42 forçado com sucesso
src.infrastructure.providers.mercado_data_provider | DEBUG | RTD: Detalhes completos registrados para BBDC4|BBDCT150W2 (Liquidez detectada)
src.infrastructure.providers.mercado_data_provider | DEBUG | RTD: preco_ativo BBDC4=18.40 forçado com sucesso
src.infrastructure.providers.mercado_data_provider | DEBUG | RTD: Detalhes completos registrados para MDIA3|MDIAT182 (Liquidez detectada)
src.infrastructure.providers.mercado_data_provider | DEBUG | RTD: preco_ativo MDIA3=17.04 forçado com sucesso
src.infrastructure.providers.mercado_data_provider | DEBUG | RTD: Detalhes completos registrados para BPAC11|BPACU526 (Liquidez detectada)
src.infrastructure.providers.mercado_data_provider | DEBUG | RTD: preco_ativo BPAC11=55.03 forçado com sucesso
src.infrastructure.providers.mercado_data_provider | DEBUG | RTD: Detalhes completos registrados para ASAI3|ASAIT880 (Liquidez detectada)
src.infrastructure.providers.mercado_data_provider | DEBUG | RTD: preco_ativo ASAI3=8.21 forçado com sucesso
src.infrastructure.providers.mercado_data_provider | DEBUG | RTD: Detalhes completos registrados para BMGB4|BMGBT531 (Liquidez detectada)
src.infrastructure.providers.mercado_data_provider | DEBUG | RTD: preco_ativo BMGB4=5.19 forçado com sucesso
src.infrastructure.providers.mercado_data_provider | DEBUG | RTD: Detalhes completos registrados para ALOS3|ALOST253W1 (Liquidez detectada)
src.infrastructure.providers.mercado_data_provider | DEBUG | RTD: preco_ativo ALOS3=26.52 forçado com sucesso
src.infrastructure.providers.mercado_data_provider | DEBUG | RTD: Detalhes completos registrados para IRBR3|IRBRV481 (Liquidez detectada)
src.infrastructure.providers.mercado_data_provider | DEBUG | RTD: preco_ativo IRBR3=53.33 forçado com sucesso
src.infrastructure.providers.mercado_data_provider | DEBUG | RTD: Detalhes completos registrados para ABEV3|ABEVT122 (Liquidez detectada)
src.infrastructure.providers.mercado_data_provider | DEBUG | RTD: preco_ativo ABEV3=16.03 forçado com sucesso
src.infrastructure.providers.mercado_data_provider | DEBUG | RTD: Detalhes completos registrados para CPFE3|CPFEU384 (Liquidez detectada)
src.infrastructure.providers.mercado_data_provider | DEBUG | RTD: preco_ativo CPFE3=45.23 forçado com sucesso
src.infrastructure.providers.mercado_data_provider | DEBUG | RTD: Detalhes completos registrados para PETR4|PETRV4 (Liquidez detectada)
src.infrastructure.providers.mercado_data_provider | DEBUG | RTD: preco_ativo PETR4=41.91 forçado com sucesso
src.infrastructure.providers.mercado_data_provider | DEBUG | RTD: Detalhes completos registrados para CMIG4|CMIGT996W2 (Liquidez detectada)
src.infrastructure.providers.mercado_data_provider | DEBUG | RTD: preco_ativo CMIG4=11.10 forçado com sucesso
src.infrastructure.providers.mercado_data_provider | DEBUG | RTD: Detalhes completos registrados para PSSA3|PSSAU478 (Liquidez detectada)
src.infrastructure.providers.mercado_data_provider | DEBUG | RTD: preco_ativo PSSA3=53.59 forçado com sucesso
src.infrastructure.providers.mercado_data_provider | DEBUG | RTD: Detalhes completos registrados para BPAC11|BPACU379 (Liquidez detectada)
src.infrastructure.providers.mercado_data_provider | DEBUG | RTD: preco_ativo BPAC11=55.03 forçado com sucesso
src.infrastructure.providers.mercado_data_provider | DEBUG | RTD: Detalhes completos registrados para CURY3|CURYT299 (Liquidez detectada)
src.infrastructure.providers.mercado_data_provider | DEBUG | RTD: preco_ativo CURY3=28.80 forçado com sucesso
src.infrastructure.providers.mercado_data_provider | DEBUG | RTD: Detalhes completos registrados para PRIO3|PRIOT560W1 (Liquidez detectada)
src.infrastructure.providers.mercado_data_provider | DEBUG | RTD: preco_ativo PRIO3=58.27 forçado com sucesso
src.infrastructure.providers.mercado_data_provider | DEBUG | RTD: Detalhes completos registrados para BPAC11|BPACT352 (Liquidez detectada)
src.infrastructure.providers.mercado_data_provider | DEBUG | RTD: preco_ativo BPAC11=55.03 forçado com sucesso
src.infrastructure.providers.mercado_data_provider | DEBUG | RTD: Detalhes completos registrados para SUZB3|SUZBT413 (Liquidez detectada)
src.infrastructure.providers.mercado_data_provider | DEBUG | RTD: preco_ativo SUZB3=42.60 forçado com sucesso
src.infrastructure.providers.mercado_data_provider | DEBUG | RTD: Detalhes completos registrados para BPAC11|BPACU581 (Liquidez detectada)
src.infrastructure.providers.mercado_data_provider | DEBUG | RTD: preco_ativo BPAC11=55.03 forçado com sucesso
src.infrastructure.providers.mercado_data_provider | DEBUG | RTD: Detalhes completos registrados para MBRF3|MBRFV18 (Liquidez detectada)
src.infrastructure.providers.mercado_data_provider | DEBUG | RTD: preco_ativo MBRF3=16.59 forçado com sucesso
src.infrastructure.providers.mercado_data_provider | DEBUG | RTD: Detalhes completos registrados para BBAS3|BBASV190 (Liquidez detectada)
src.infrastructure.providers.mercado_data_provider | DEBUG | RTD: preco_ativo BBAS3=20.82 forçado com sucesso
src.infrastructure.providers.mercado_data_provider | DEBUG | RTD: Detalhes completos registrados para LJQQ3|LJQQT140 (Liquidez detectada)
src.infrastructure.providers.mercado_data_provider | DEBUG | RTD: preco_ativo LJQQ3=1.20 forçado com sucesso
src.infrastructure.providers.mercado_data_provider | DEBUG | RTD: Detalhes completos registrados para PETR4|PETRT388W2 (Liquidez detectada)
src.infrastructure.providers.mercado_data_provider | DEBUG | RTD: preco_ativo PETR4=41.91 forçado com sucesso
src.infrastructure.providers.mercado_data_provider | DEBUG | RTD: Detalhes completos registrados para ALPA4|ALPAU105 (Liquidez detectada)
src.infrastructure.providers.mercado_data_provider | DEBUG | RTD: preco_ativo ALPA4=11.52 forçado com sucesso
src.infrastructure.providers.mercado_data_provider | DEBUG | RTD: Detalhes completos registrados para PETR4|PETRT557 (Liquidez detectada)
src.infrastructure.providers.mercado_data_provider | DEBUG | RTD: preco_ativo PETR4=41.91 forçado com sucesso
src.infrastructure.providers.mercado_data_provider | DEBUG | RTD: Detalhes completos registrados para BBSE3|BBSEU352 (Liquidez detectada)
src.infrastructure.providers.mercado_data_provider | DEBUG | RTD: preco_ativo BBSE3=41.16 forçado com sucesso
src.infrastructure.providers.mercado_data_provider | DEBUG | RTD: Detalhes completos registrados para CPFE3|CPFEU429 (Liquidez detectada)
src.infrastructure.providers.mercado_data_provider | DEBUG | RTD: preco_ativo CPFE3=45.23 forçado com sucesso
src.infrastructure.providers.mercado_data_provider | DEBUG | RTD: Detalhes completos registrados para PRIO3|PRIOU442 (Liquidez detectada)
src.infrastructure.providers.mercado_data_provider | DEBUG | RTD: preco_ativo PRIO3=58.27 forçado com sucesso
src.infrastructure.providers.mercado_data_provider | DEBUG | RTD: Detalhes completos registrados para ANIM3|ANIMU197 (Liquidez detectada)
src.infrastructure.providers.mercado_data_provider | DEBUG | RTD: preco_ativo ANIM3=2.23 forçado com sucesso
src.infrastructure.providers.mercado_data_provider | DEBUG | RTD: Detalhes completos registrados para HAPV3|HAPVT980W2 (Liquidez detectada)
src.infrastructure.providers.mercado_data_provider | DEBUG | RTD: preco_ativo HAPV3=10.51 forçado com sucesso
src.infrastructure.providers.mercado_data_provider | DEBUG | RTD: Detalhes completos registrados para BBAS3|BBAST755 (Liquidez detectada)
src.infrastructure.providers.mercado_data_provider | DEBUG | RTD: preco_ativo BBAS3=20.82 forçado com sucesso
src.infrastructure.providers.mercado_data_provider | INFO | Background scan: 1681 novos instrumentos registrados
src.infrastructure.providers.mercado_data_provider | DEBUG | Varredura: _chaves_com_book=3428 _chaves_detalhes=3428
src.infrastructure.providers.mercado_data_provider | DEBUG | Varredura: sem_preco=0 sem_dados_rtd=22 chaves_com_book=3428
src.infrastructure.providers.mercado_data_provider | INFO | Varredura(F): monitor=32615 book=3406 | reg=0.000 ref=0.002 var=0.093 total=0.095 | inst_map=0.000 | onda2=654(0.022) onda1=0(0.000) cab_skip=2774 status=0.054
src.infrastructure.providers.mercado_data_provider | DEBUG | Varredura: _chaves_com_book=3428 _chaves_detalhes=3428
src.infrastructure.providers.mercado_data_provider | DEBUG | Varredura: sem_preco=0 sem_dados_rtd=13 chaves_com_book=3428
src.infrastructure.providers.mercado_data_provider | INFO | Varredura(F): monitor=32615 book=3415 | reg=0.000 ref=0.004 var=0.204 total=0.208 | inst_map=0.000 | onda2=300(0.030) onda1=0(0.000) cab_skip=3128 status=0.110
src.infrastructure.providers.mercado_data_provider | DEBUG | RTD: Detalhes completos registrados para CMIG4|CMIGU906 (Liquidez detectada)
src.infrastructure.providers.mercado_data_provider | DEBUG | RTD: preco_ativo CMIG4=11.10 forçado com sucesso
src.infrastructure.providers.mercado_data_provider | DEBUG | RTD: Detalhes completos registrados para CMIG4|CMIGU994 (Liquidez detectada)
src.infrastructure.providers.mercado_data_provider | DEBUG | RTD: preco_ativo CMIG4=11.10 forçado com sucesso
src.infrastructure.providers.mercado_data_provider | DEBUG | RTD: Detalhes completos registrados para CMIG4|CMIGX155 (Liquidez detectada)
src.infrastructure.providers.mercado_data_provider | DEBUG | RTD: preco_ativo CMIG4=11.10 forçado com sucesso
src.infrastructure.providers.mercado_data_provider | DEBUG | RTD: Detalhes completos registrados para CMIG4|CMIGX112 (Liquidez detectada)
src.infrastructure.providers.mercado_data_provider | DEBUG | RTD: preco_ativo CMIG4=11.10 forçado com sucesso
src.infrastructure.providers.mercado_data_provider | DEBUG | RTD: Detalhes completos registrados para CMIG4|CMIGU128 (Liquidez detectada)
src.infrastructure.providers.mercado_data_provider | DEBUG | RTD: preco_ativo CMIG4=11.10 forçado com sucesso
src.infrastructure.providers.mercado_data_provider | DEBUG | RTD: Detalhes completos registrados para CMIG4|CMIGV110 (Liquidez detectada)
src.infrastructure.providers.mercado_data_provider | DEBUG | RTD: preco_ativo CMIG4=11.10 forçado com sucesso
src.infrastructure.providers.mercado_data_provider | DEBUG | RTD: Detalhes completos registrados para CMIG4|CMIGU110 (Liquidez detectada)
src.infrastructure.providers.mercado_data_provider | DEBUG | RTD: preco_ativo CMIG4=11.10 forçado com sucesso
src.infrastructure.providers.mercado_data_provider | DEBUG | RTD: Detalhes completos registrados para CMIG4|CMIGM10 (Liquidez detectada)
src.infrastructure.providers.mercado_data_provider | DEBUG | RTD: preco_ativo CMIG4=11.10 forçado com sucesso
src.infrastructure.providers.mercado_data_provider | DEBUG | RTD: Detalhes completos registrados para CMIG4|CMIGV105 (Liquidez detectada)
src.infrastructure.providers.mercado_data_provider | DEBUG | RTD: preco_ativo CMIG4=11.10 forçado com sucesso
src.infrastructure.providers.mercado_data_provider | DEBUG | RTD: Detalhes completos registrados para CMIG4|CMIGU120 (Liquidez detectada)
src.infrastructure.providers.mercado_data_provider | DEBUG | RTD: preco_ativo CMIG4=11.10 forçado com sucesso
src.infrastructure.providers.mercado_data_provider | DEBUG | RTD: Detalhes completos registrados para GRND3|GRNDT390 (Liquidez detectada)
src.infrastructure.providers.mercado_data_provider | DEBUG | RTD: preco_ativo GRND3=3.68 forçado com sucesso
src.infrastructure.providers.mercado_data_provider | DEBUG | RTD: Detalhes completos registrados para ENEV3|ENEVU235 (Liquidez detectada)
src.infrastructure.providers.mercado_data_provider | DEBUG | RTD: preco_ativo ENEV3=25.93 forçado com sucesso
src.infrastructure.providers.mercado_data_provider | DEBUG | RTD: Detalhes completos registrados para AMAR3|AMART500 (Liquidez detectada)
src.infrastructure.providers.mercado_data_provider | DEBUG | RTD: preco_ativo AMAR3=0.59 forçado com sucesso
src.infrastructure.providers.mercado_data_provider | DEBUG | RTD: Detalhes completos registrados para CSAN3|CSANT420 (Liquidez detectada)
src.infrastructure.providers.mercado_data_provider | DEBUG | RTD: preco_ativo CSAN3=3.92 forçado com sucesso
src.infrastructure.providers.mercado_data_provider | DEBUG | RTD: Detalhes completos registrados para PETR4|PETRV29 (Liquidez detectada)
src.infrastructure.providers.mercado_data_provider | DEBUG | RTD: preco_ativo PETR4=41.91 forçado com sucesso
src.infrastructure.providers.mercado_data_provider | DEBUG | RTD: Detalhes completos registrados para TOTS3|TOTSU247 (Liquidez detectada)
src.infrastructure.providers.mercado_data_provider | DEBUG | RTD: preco_ativo TOTS3=29.55 forçado com sucesso
src.infrastructure.providers.mercado_data_provider | DEBUG | RTD: Detalhes completos registrados para PRIO3|PRIOT570W1 (Liquidez detectada)
src.infrastructure.providers.mercado_data_provider | DEBUG | RTD: preco_ativo PRIO3=58.27 forçado com sucesso
src.infrastructure.providers.mercado_data_provider | DEBUG | RTD: Detalhes completos registrados para PETR4|PETRT436W2 (Liquidez detectada)
src.infrastructure.providers.mercado_data_provider | DEBUG | RTD: preco_ativo PETR4=41.91 forçado com sucesso
src.infrastructure.providers.mercado_data_provider | DEBUG | RTD: Detalhes completos registrados para BRAV3|BRAVU195 (Liquidez detectada)
src.infrastructure.providers.mercado_data_provider | DEBUG | RTD: preco_ativo BRAV3=20.88 forçado com sucesso
src.infrastructure.providers.mercado_data_provider | DEBUG | RTD: Detalhes completos registrados para BBAS3|BBASU151 (Liquidez detectada)
src.infrastructure.providers.mercado_data_provider | DEBUG | RTD: preco_ativo BBAS3=20.82 forçado com sucesso
src.infrastructure.providers.mercado_data_provider | DEBUG | RTD: Detalhes completos registrados para LWSA3|LWSAU390 (Liquidez detectada)
src.infrastructure.providers.mercado_data_provider | DEBUG | RTD: preco_ativo LWSA3=3.71 forçado com sucesso
src.infrastructure.providers.mercado_data_provider | DEBUG | RTD: Detalhes completos registrados para VALE3|VALET931W1 (Liquidez detectada)
src.infrastructure.providers.mercado_data_provider | DEBUG | RTD: preco_ativo VALE3=75.14 forçado com sucesso
src.infrastructure.providers.mercado_data_provider | DEBUG | RTD: Detalhes completos registrados para MOTV3|MOTVT146 (Liquidez detectada)
src.infrastructure.providers.mercado_data_provider | DEBUG | RTD: preco_ativo MOTV3=14.18 forçado com sucesso
src.infrastructure.providers.mercado_data_provider | DEBUG | RTD: Detalhes completos registrados para BPAC11|BPACU496 (Liquidez detectada)
src.infrastructure.providers.mercado_data_provider | DEBUG | RTD: preco_ativo BPAC11=55.03 forçado com sucesso
src.infrastructure.providers.mercado_data_provider | DEBUG | RTD: Detalhes completos registrados para EMBJ3|EMBJT498 (Liquidez detectada)
src.infrastructure.providers.mercado_data_provider | DEBUG | RTD: preco_ativo EMBJ3=86.64 forçado com sucesso
src.infrastructure.providers.mercado_data_provider | DEBUG | RTD: Detalhes completos registrados para GGBR4|GGBRT223 (Liquidez detectada)
src.infrastructure.providers.mercado_data_provider | DEBUG | RTD: preco_ativo GGBR4=24.80 forçado com sucesso
src.infrastructure.providers.mercado_data_provider | DEBUG | RTD: Detalhes completos registrados para GOAU4|GOAUT957 (Liquidez detectada)
src.infrastructure.providers.mercado_data_provider | DEBUG | RTD: preco_ativo GOAU4=10.74 forçado com sucesso
src.infrastructure.providers.mercado_data_provider | DEBUG | RTD: Detalhes completos registrados para BBAS3|BBASU219 (Liquidez detectada)
src.infrastructure.providers.mercado_data_provider | DEBUG | RTD: preco_ativo BBAS3=20.82 forçado com sucesso
src.infrastructure.providers.mercado_data_provider | DEBUG | RTD: Detalhes completos registrados para ITUB4|ITUBU494 (Liquidez detectada)
src.infrastructure.providers.mercado_data_provider | DEBUG | RTD: preco_ativo ITUB4=42.03 forçado com sucesso
src.infrastructure.providers.mercado_data_provider | DEBUG | RTD: Detalhes completos registrados para BRKM5|BRKMT680 (Liquidez detectada)
src.infrastructure.providers.mercado_data_provider | DEBUG | RTD: preco_ativo BRKM5=6.12 forçado com sucesso
src.infrastructure.providers.mercado_data_provider | DEBUG | RTD: Detalhes completos registrados para PETR3|PETRT383 (Liquidez detectada)
src.infrastructure.providers.mercado_data_provider | DEBUG | RTD: preco_ativo PETR3=47.41 forçado com sucesso
src.infrastructure.providers.mercado_data_provider | DEBUG | RTD: Detalhes completos registrados para CYRE3|CYRET216 (Liquidez detectada)
src.infrastructure.providers.mercado_data_provider | DEBUG | RTD: preco_ativo CYRE3=20.66 forçado com sucesso
src.infrastructure.providers.mercado_data_provider | DEBUG | RTD: Detalhes completos registrados para INTB3|INTBT131 (Liquidez detectada)
src.infrastructure.providers.mercado_data_provider | DEBUG | RTD: preco_ativo INTB3=13.48 forçado com sucesso
src.infrastructure.providers.mercado_data_provider | DEBUG | RTD: Detalhes completos registrados para IGTI11|IGTIU274 (Liquidez detectada)
src.infrastructure.providers.mercado_data_provider | DEBUG | RTD: preco_ativo IGTI11=24.53 forçado com sucesso
src.infrastructure.providers.mercado_data_provider | DEBUG | RTD: Detalhes completos registrados para BRKM5|BRKMU500 (Liquidez detectada)
src.infrastructure.providers.mercado_data_provider | DEBUG | RTD: preco_ativo BRKM5=6.12 forçado com sucesso
src.infrastructure.providers.mercado_data_provider | DEBUG | RTD: Detalhes completos registrados para PETR3|PETRU345 (Liquidez detectada)
src.infrastructure.providers.mercado_data_provider | DEBUG | RTD: preco_ativo PETR3=47.41 forçado com sucesso
src.infrastructure.providers.mercado_data_provider | DEBUG | RTD: Detalhes completos registrados para BBSE3|BBSET399W2 (Liquidez detectada)
src.infrastructure.providers.mercado_data_provider | DEBUG | RTD: preco_ativo BBSE3=41.16 forçado com sucesso
src.infrastructure.providers.mercado_data_provider | DEBUG | RTD: Detalhes completos registrados para PETR4|PETRU646 (Liquidez detectada)
src.infrastructure.providers.mercado_data_provider | DEBUG | RTD: preco_ativo PETR4=41.91 forçado com sucesso
src.infrastructure.providers.mercado_data_provider | DEBUG | RTD: Detalhes completos registrados para MULT3|MULTU288 (Liquidez detectada)
src.infrastructure.providers.mercado_data_provider | DEBUG | RTD: preco_ativo MULT3=27.63 forçado com sucesso
src.infrastructure.providers.mercado_data_provider | DEBUG | RTD: Detalhes completos registrados para BBAS3|BBASV166 (Liquidez detectada)
src.infrastructure.providers.mercado_data_provider | DEBUG | RTD: preco_ativo BBAS3=20.82 forçado com sucesso
src.infrastructure.providers.mercado_data_provider | DEBUG | RTD: Detalhes completos registrados para CSAN3|CSANT375 (Liquidez detectada)
src.infrastructure.providers.mercado_data_provider | DEBUG | RTD: preco_ativo CSAN3=3.92 forçado com sucesso
src.infrastructure.providers.mercado_data_provider | DEBUG | RTD: Detalhes completos registrados para PRIO3|PRIOU695 (Liquidez detectada)
src.infrastructure.providers.mercado_data_provider | DEBUG | RTD: preco_ativo PRIO3=58.27 forçado com sucesso
src.infrastructure.providers.mercado_data_provider | DEBUG | RTD: Detalhes completos registrados para LEVE3|LEVET278 (Liquidez detectada)
src.infrastructure.providers.mercado_data_provider | DEBUG | RTD: preco_ativo LEVE3=31.26 forçado com sucesso
src.infrastructure.providers.mercado_data_provider | DEBUG | RTD: Detalhes completos registrados para ISAE4|ISAEU250 (Liquidez detectada)
src.infrastructure.providers.mercado_data_provider | DEBUG | RTD: preco_ativo ISAE4=26.51 forçado com sucesso
src.infrastructure.providers.mercado_data_provider | DEBUG | RTD: Detalhes completos registrados para ITUB4|ITUBT385W1 (Liquidez detectada)
src.infrastructure.providers.mercado_data_provider | DEBUG | RTD: preco_ativo ITUB4=42.03 forçado com sucesso
src.infrastructure.providers.mercado_data_provider | DEBUG | RTD: Detalhes completos registrados para ABEV3|ABEVT185 (Liquidez detectada)
src.infrastructure.providers.mercado_data_provider | DEBUG | RTD: preco_ativo ABEV3=16.03 forçado com sucesso
src.infrastructure.providers.mercado_data_provider | DEBUG | RTD: Detalhes completos registrados para EQTL3|EQTLT369W2 (Liquidez detectada)
src.infrastructure.providers.mercado_data_provider | DEBUG | RTD: preco_ativo EQTL3=37.99 forçado com sucesso
src.infrastructure.providers.mercado_data_provider | DEBUG | RTD: Detalhes completos registrados para COGN3|COGNT223 (Liquidez detectada)
src.infrastructure.providers.mercado_data_provider | DEBUG | RTD: preco_ativo COGN3=2.19 forçado com sucesso
src.infrastructure.providers.mercado_data_provider | DEBUG | RTD: Detalhes completos registrados para IRBR3|IRBRT431 (Liquidez detectada)
src.infrastructure.providers.mercado_data_provider | DEBUG | RTD: preco_ativo IRBR3=53.33 forçado com sucesso
src.infrastructure.providers.mercado_data_provider | DEBUG | RTD: Detalhes completos registrados para CSMG3|CSMGT642W2 (Liquidez detectada)
src.infrastructure.providers.mercado_data_provider | DEBUG | RTD: preco_ativo CSMG3=61.94 forçado com sucesso
src.infrastructure.providers.mercado_data_provider | DEBUG | RTD: Detalhes completos registrados para EQTL3|EQTLT339 (Liquidez detectada)
src.infrastructure.providers.mercado_data_provider | DEBUG | RTD: preco_ativo EQTL3=37.99 forçado com sucesso
src.infrastructure.providers.mercado_data_provider | DEBUG | RTD: Detalhes completos registrados para ALUP11|ALUPT341 (Liquidez detectada)
src.infrastructure.providers.mercado_data_provider | DEBUG | RTD: preco_ativo ALUP11=32.48 forçado com sucesso
src.infrastructure.providers.mercado_data_provider | DEBUG | RTD: Detalhes completos registrados para COGN3|COGNT339 (Liquidez detectada)
src.infrastructure.providers.mercado_data_provider | DEBUG | RTD: preco_ativo COGN3=2.19 forçado com sucesso
src.infrastructure.providers.mercado_data_provider | DEBUG | RTD: Detalhes completos registrados para CSNA3|CSNAT420W2 (Liquidez detectada)
src.infrastructure.providers.mercado_data_provider | DEBUG | RTD: preco_ativo CSNA3=5.28 forçado com sucesso
src.infrastructure.providers.mercado_data_provider | DEBUG | RTD: Detalhes completos registrados para BPAC11|BPACT525 (Liquidez detectada)
src.infrastructure.providers.mercado_data_provider | DEBUG | RTD: preco_ativo BPAC11=55.03 forçado com sucesso
src.infrastructure.providers.mercado_data_provider | DEBUG | RTD: Detalhes completos registrados para CBAV3|CBAVT936 (Liquidez detectada)
src.infrastructure.providers.mercado_data_provider | DEBUG | RTD: preco_ativo CBAV3=10.94 forçado com sucesso
src.infrastructure.providers.mercado_data_provider | DEBUG | RTD: Detalhes completos registrados para PETR3|PETRU516 (Liquidez detectada)
src.infrastructure.providers.mercado_data_provider | DEBUG | RTD: preco_ativo PETR3=47.41 forçado com sucesso
src.infrastructure.providers.mercado_data_provider | DEBUG | RTD: Detalhes completos registrados para ENEV3|ENEVT230 (Liquidez detectada)
src.infrastructure.providers.mercado_data_provider | DEBUG | RTD: preco_ativo ENEV3=25.93 forçado com sucesso
src.infrastructure.providers.mercado_data_provider | DEBUG | RTD: Detalhes completos registrados para BBAS3|BBASU10 (Liquidez detectada)
src.infrastructure.providers.mercado_data_provider | DEBUG | RTD: preco_ativo BBAS3=20.82 forçado com sucesso
src.infrastructure.providers.mercado_data_provider | DEBUG | RTD: Detalhes completos registrados para CURY3|CURYT292 (Liquidez detectada)
src.infrastructure.providers.mercado_data_provider | DEBUG | RTD: preco_ativo CURY3=28.80 forçado com sucesso
src.infrastructure.providers.mercado_data_provider | DEBUG | RTD: Detalhes completos registrados para CEAB3|CEABT115 (Liquidez detectada)
src.infrastructure.providers.mercado_data_provider | DEBUG | RTD: preco_ativo CEAB3=9.17 forçado com sucesso
src.infrastructure.providers.mercado_data_provider | DEBUG | RTD: Detalhes completos registrados para BBAS3|BBASW169 (Liquidez detectada)
src.infrastructure.providers.mercado_data_provider | DEBUG | RTD: preco_ativo BBAS3=20.82 forçado com sucesso
src.infrastructure.providers.mercado_data_provider | DEBUG | RTD: Detalhes completos registrados para BBAS3|BBASV210W2 (Liquidez detectada)
src.infrastructure.providers.mercado_data_provider | DEBUG | RTD: preco_ativo BBAS3=20.82 forçado com sucesso
src.infrastructure.providers.mercado_data_provider | DEBUG | RTD: Detalhes completos registrados para BBDC4|BBDCU214 (Liquidez detectada)
src.infrastructure.providers.mercado_data_provider | DEBUG | RTD: preco_ativo BBDC4=18.40 forçado com sucesso
src.infrastructure.providers.mercado_data_provider | DEBUG | RTD: Detalhes completos registrados para BPAC11|BPACU419 (Liquidez detectada)
src.infrastructure.providers.mercado_data_provider | DEBUG | RTD: preco_ativo BPAC11=55.03 forçado com sucesso
src.infrastructure.providers.mercado_data_provider | DEBUG | RTD: Detalhes completos registrados para DXCO3|DXCOT480 (Liquidez detectada)
src.infrastructure.providers.mercado_data_provider | DEBUG | RTD: preco_ativo DXCO3=4.97 forçado com sucesso
src.infrastructure.providers.mercado_data_provider | DEBUG | RTD: Detalhes completos registrados para BBSE3|BBSET369W2 (Liquidez detectada)
src.infrastructure.providers.mercado_data_provider | DEBUG | RTD: preco_ativo BBSE3=41.16 forçado com sucesso
src.infrastructure.providers.mercado_data_provider | DEBUG | RTD: Detalhes completos registrados para MGLU3|MGLUX555 (Liquidez detectada)
src.infrastructure.providers.mercado_data_provider | DEBUG | RTD: preco_ativo MGLU3=4.76 forçado com sucesso
src.infrastructure.providers.mercado_data_provider | DEBUG | RTD: Detalhes completos registrados para PETR4|PETRU522 (Liquidez detectada)
src.infrastructure.providers.mercado_data_provider | DEBUG | RTD: preco_ativo PETR4=41.91 forçado com sucesso
src.infrastructure.providers.mercado_data_provider | DEBUG | RTD: Detalhes completos registrados para PETR4|PETRV3 (Liquidez detectada)
src.infrastructure.providers.mercado_data_provider | DEBUG | RTD: preco_ativo PETR4=41.91 forçado com sucesso
src.infrastructure.providers.mercado_data_provider | DEBUG | RTD: Detalhes completos registrados para BBDC4|BBDCU209 (Liquidez detectada)
src.infrastructure.providers.mercado_data_provider | DEBUG | RTD: preco_ativo BBDC4=18.40 forçado com sucesso
src.infrastructure.providers.mercado_data_provider | DEBUG | RTD: Detalhes completos registrados para BBSE3|BBSET351 (Liquidez detectada)
src.infrastructure.providers.mercado_data_provider | DEBUG | RTD: preco_ativo BBSE3=41.16 forçado com sucesso
src.infrastructure.providers.mercado_data_provider | DEBUG | RTD: Detalhes completos registrados para ASAI3|ASAIU510 (Liquidez detectada)
src.infrastructure.providers.mercado_data_provider | DEBUG | RTD: preco_ativo ASAI3=8.21 forçado com sucesso
src.infrastructure.providers.mercado_data_provider | DEBUG | RTD: Detalhes completos registrados para BRAV3|BRAVV19 (Liquidez detectada)
src.infrastructure.providers.mercado_data_provider | DEBUG | RTD: preco_ativo BRAV3=20.88 forçado com sucesso
src.infrastructure.providers.mercado_data_provider | DEBUG | RTD: Detalhes completos registrados para PRIO3|PRIOT440W1 (Liquidez detectada)
src.infrastructure.providers.mercado_data_provider | DEBUG | RTD: preco_ativo PRIO3=58.27 forçado com sucesso
src.infrastructure.providers.mercado_data_provider | DEBUG | RTD: Detalhes completos registrados para BPAC11|BPACT635 (Liquidez detectada)
src.infrastructure.providers.mercado_data_provider | DEBUG | RTD: preco_ativo BPAC11=55.03 forçado com sucesso
src.infrastructure.providers.mercado_data_provider | DEBUG | RTD: Detalhes completos registrados para INTB3|INTBU133 (Liquidez detectada)
src.infrastructure.providers.mercado_data_provider | DEBUG | RTD: preco_ativo INTB3=13.48 forçado com sucesso
src.infrastructure.providers.mercado_data_provider | DEBUG | RTD: Detalhes completos registrados para PETR3|PETRT418 (Liquidez detectada)
src.infrastructure.providers.mercado_data_provider | DEBUG | RTD: preco_ativo PETR3=47.41 forçado com sucesso
src.infrastructure.providers.mercado_data_provider | DEBUG | RTD: Detalhes completos registrados para CPLE3|CPLET150 (Liquidez detectada)
src.infrastructure.providers.mercado_data_provider | DEBUG | RTD: preco_ativo CPLE3=14.67 forçado com sucesso
src.infrastructure.providers.mercado_data_provider | DEBUG | RTD: Detalhes completos registrados para IRBR3|IRBRU513 (Liquidez detectada)
src.infrastructure.providers.mercado_data_provider | DEBUG | RTD: preco_ativo IRBR3=53.33 forçado com sucesso
src.infrastructure.providers.mercado_data_provider | DEBUG | RTD: Detalhes completos registrados para VALE3|VALET669W4 (Liquidez detectada)
src.infrastructure.providers.mercado_data_provider | DEBUG | RTD: preco_ativo VALE3=75.14 forçado com sucesso
src.infrastructure.providers.mercado_data_provider | DEBUG | RTD: Detalhes completos registrados para MRVE3|MRVET470W2 (Liquidez detectada)
src.infrastructure.providers.mercado_data_provider | DEBUG | RTD: preco_ativo MRVE3=4.56 forçado com sucesso
src.infrastructure.providers.mercado_data_provider | DEBUG | RTD: Detalhes completos registrados para WEGE3|WEGEV409W2 (Liquidez detectada)
src.infrastructure.providers.mercado_data_provider | DEBUG | RTD: preco_ativo WEGE3=45.63 forçado com sucesso
src.infrastructure.providers.mercado_data_provider | DEBUG | RTD: Detalhes completos registrados para BBSE3|BBSEU380 (Liquidez detectada)
src.infrastructure.providers.mercado_data_provider | DEBUG | RTD: preco_ativo BBSE3=41.16 forçado com sucesso
src.infrastructure.providers.mercado_data_provider | DEBUG | RTD: Detalhes completos registrados para CSMG3|CSMGV449 (Liquidez detectada)
src.infrastructure.providers.mercado_data_provider | DEBUG | RTD: preco_ativo CSMG3=61.94 forçado com sucesso
src.infrastructure.providers.mercado_data_provider | DEBUG | RTD: Detalhes completos registrados para MBRF3|MBRFU187 (Liquidez detectada)
src.infrastructure.providers.mercado_data_provider | DEBUG | RTD: preco_ativo MBRF3=16.59 forçado com sucesso
src.infrastructure.providers.mercado_data_provider | DEBUG | RTD: Detalhes completos registrados para ABCB4|ABCBU234 (Liquidez detectada)
src.infrastructure.providers.mercado_data_provider | DEBUG | RTD: preco_ativo ABCB4=23.68 forçado com sucesso
src.infrastructure.providers.mercado_data_provider | DEBUG | RTD: Detalhes completos registrados para ENGI11|ENGIU541 (Liquidez detectada)
src.infrastructure.providers.mercado_data_provider | DEBUG | RTD: preco_ativo ENGI11=48.98 forçado com sucesso
src.infrastructure.providers.mercado_data_provider | DEBUG | RTD: Detalhes completos registrados para POMO4|POMOT454 (Liquidez detectada)
src.infrastructure.providers.mercado_data_provider | DEBUG | RTD: preco_ativo POMO4=5.34 forçado com sucesso
src.infrastructure.providers.mercado_data_provider | DEBUG | RTD: Detalhes completos registrados para EQTL3|EQTLU289 (Liquidez detectada)
src.infrastructure.providers.mercado_data_provider | DEBUG | RTD: preco_ativo EQTL3=37.99 forçado com sucesso
src.infrastructure.providers.mercado_data_provider | DEBUG | RTD: Detalhes completos registrados para EMBJ3|EMBJT900W2 (Liquidez detectada)
src.infrastructure.providers.mercado_data_provider | DEBUG | RTD: preco_ativo EMBJ3=86.64 forçado com sucesso
src.infrastructure.providers.mercado_data_provider | DEBUG | RTD: Detalhes completos registrados para IRBR3|IRBRT471W2 (Liquidez detectada)
src.infrastructure.providers.mercado_data_provider | DEBUG | RTD: preco_ativo IRBR3=53.33 forçado com sucesso
src.infrastructure.providers.mercado_data_provider | DEBUG | RTD: Detalhes completos registrados para ENEV3|ENEVU195 (Liquidez detectada)
src.infrastructure.providers.mercado_data_provider | DEBUG | RTD: preco_ativo ENEV3=25.93 forçado com sucesso
src.infrastructure.providers.mercado_data_provider | DEBUG | RTD: Detalhes completos registrados para EMBJ3|EMBJT560 (Liquidez detectada)
src.infrastructure.providers.mercado_data_provider | DEBUG | RTD: preco_ativo EMBJ3=86.64 forçado com sucesso
src.infrastructure.providers.mercado_data_provider | DEBUG | RTD: Detalhes completos registrados para JHSF3|JHSFT948 (Liquidez detectada)
src.infrastructure.providers.mercado_data_provider | DEBUG | RTD: preco_ativo JHSF3=10.67 forçado com sucesso
src.infrastructure.providers.mercado_data_provider | DEBUG | RTD: Detalhes completos registrados para CURY3|CURYU332 (Liquidez detectada)
src.infrastructure.providers.mercado_data_provider | DEBUG | RTD: preco_ativo CURY3=28.80 forçado com sucesso
src.infrastructure.providers.mercado_data_provider | DEBUG | RTD: Detalhes completos registrados para BBAS3|BBASW209 (Liquidez detectada)
src.infrastructure.providers.mercado_data_provider | DEBUG | RTD: preco_ativo BBAS3=20.82 forçado com sucesso
src.infrastructure.providers.mercado_data_provider | DEBUG | RTD: Detalhes completos registrados para ALUP11|ALUPU354 (Liquidez detectada)
src.infrastructure.providers.mercado_data_provider | DEBUG | RTD: preco_ativo ALUP11=32.48 forçado com sucesso
src.infrastructure.providers.mercado_data_provider | DEBUG | RTD: Detalhes completos registrados para EQTL3|EQTLT344W2 (Liquidez detectada)
src.infrastructure.providers.mercado_data_provider | DEBUG | RTD: preco_ativo EQTL3=37.99 forçado com sucesso
src.infrastructure.providers.mercado_data_provider | DEBUG | RTD: Detalhes completos registrados para JHSF3|JHSFX790 (Liquidez detectada)
src.infrastructure.providers.mercado_data_provider | DEBUG | RTD: preco_ativo JHSF3=10.67 forçado com sucesso
src.infrastructure.providers.mercado_data_provider | DEBUG | RTD: Detalhes completos registrados para IGTI11|IGTIT221 (Liquidez detectada)
src.infrastructure.providers.mercado_data_provider | DEBUG | RTD: preco_ativo IGTI11=24.53 forçado com sucesso
src.infrastructure.providers.mercado_data_provider | DEBUG | RTD: Detalhes completos registrados para MYPK3|MYPKU975 (Liquidez detectada)
src.infrastructure.providers.mercado_data_provider | DEBUG | RTD: preco_ativo MYPK3=9.43 forçado com sucesso
src.infrastructure.providers.mercado_data_provider | DEBUG | RTD: Detalhes completos registrados para KLBN11|KLBNU14 (Liquidez detectada)
src.infrastructure.providers.mercado_data_provider | DEBUG | RTD: preco_ativo KLBN11=18.03 forçado com sucesso
src.infrastructure.providers.mercado_data_provider | DEBUG | RTD: Detalhes completos registrados para PETR3|PETRT219 (Liquidez detectada)
src.infrastructure.providers.mercado_data_provider | DEBUG | RTD: preco_ativo PETR3=47.41 forçado com sucesso
src.infrastructure.providers.mercado_data_provider | DEBUG | RTD: Detalhes completos registrados para EGIE3|EGIET287 (Liquidez detectada)
src.infrastructure.providers.mercado_data_provider | DEBUG | RTD: preco_ativo EGIE3=29.42 forçado com sucesso
src.infrastructure.providers.mercado_data_provider | DEBUG | RTD: Detalhes completos registrados para BBAS3|BBASX188 (Liquidez detectada)
src.infrastructure.providers.mercado_data_provider | DEBUG | RTD: preco_ativo BBAS3=20.82 forçado com sucesso
src.infrastructure.providers.mercado_data_provider | DEBUG | RTD: Detalhes completos registrados para BBAS3|BBASW160 (Liquidez detectada)
src.infrastructure.providers.mercado_data_provider | DEBUG | RTD: preco_ativo BBAS3=20.82 forçado com sucesso
src.infrastructure.providers.mercado_data_provider | DEBUG | RTD: Detalhes completos registrados para PETR4|PETRW363 (Liquidez detectada)
src.infrastructure.providers.mercado_data_provider | DEBUG | RTD: preco_ativo PETR4=41.91 forçado com sucesso
src.infrastructure.providers.mercado_data_provider | DEBUG | RTD: Detalhes completos registrados para LJQQ3|LJQQU125 (Liquidez detectada)
src.infrastructure.providers.mercado_data_provider | DEBUG | RTD: preco_ativo LJQQ3=1.20 forçado com sucesso
src.infrastructure.providers.mercado_data_provider | DEBUG | RTD: Detalhes completos registrados para BBDC4|BBDCW178 (Liquidez detectada)
src.infrastructure.providers.mercado_data_provider | DEBUG | RTD: preco_ativo BBDC4=18.40 forçado com sucesso
src.infrastructure.providers.mercado_data_provider | DEBUG | RTD: Detalhes completos registrados para RADL3|RADLW154 (Liquidez detectada)
src.infrastructure.providers.mercado_data_provider | DEBUG | RTD: preco_ativo RADL3=17.74 forçado com sucesso
src.infrastructure.providers.mercado_data_provider | DEBUG | RTD: Detalhes completos registrados para CSAN3|CSANT200 (Liquidez detectada)
src.infrastructure.providers.mercado_data_provider | DEBUG | RTD: preco_ativo CSAN3=3.92 forçado com sucesso
src.infrastructure.providers.mercado_data_provider | DEBUG | RTD: Detalhes completos registrados para CVCB3|CVCBT850 (Liquidez detectada)
src.infrastructure.providers.mercado_data_provider | DEBUG | RTD: preco_ativo CVCB3=1.28 forçado com sucesso
src.infrastructure.providers.mercado_data_provider | DEBUG | RTD: Detalhes completos registrados para LEVE3|LEVET283 (Liquidez detectada)
src.infrastructure.providers.mercado_data_provider | DEBUG | RTD: preco_ativo LEVE3=31.26 forçado com sucesso
src.infrastructure.providers.mercado_data_provider | DEBUG | RTD: Detalhes completos registrados para POMO4|POMOT549 (Liquidez detectada)
src.infrastructure.providers.mercado_data_provider | DEBUG | RTD: preco_ativo POMO4=5.34 forçado com sucesso
src.infrastructure.providers.mercado_data_provider | DEBUG | RTD: Detalhes completos registrados para BBSE3|BBSEU364 (Liquidez detectada)
src.infrastructure.providers.mercado_data_provider | DEBUG | RTD: preco_ativo BBSE3=41.16 forçado com sucesso
src.infrastructure.providers.mercado_data_provider | DEBUG | RTD: Detalhes completos registrados para PETR4|PETRT253W1 (Liquidez detectada)
src.infrastructure.providers.mercado_data_provider | DEBUG | RTD: preco_ativo PETR4=41.91 forçado com sucesso
src.infrastructure.providers.mercado_data_provider | DEBUG | RTD: Detalhes completos registrados para BBDC3|BBDCU166 (Liquidez detectada)
src.infrastructure.providers.mercado_data_provider | DEBUG | RTD: preco_ativo BBDC3=16.03 forçado com sucesso
src.infrastructure.providers.mercado_data_provider | DEBUG | RTD: Detalhes completos registrados para PETR4|PETRT267 (Liquidez detectada)
src.infrastructure.providers.mercado_data_provider | DEBUG | RTD: preco_ativo PETR4=41.91 forçado com sucesso
src.infrastructure.providers.mercado_data_provider | DEBUG | RTD: Detalhes completos registrados para ENEV3|ENEVU292 (Liquidez detectada)
src.infrastructure.providers.mercado_data_provider | DEBUG | RTD: preco_ativo ENEV3=25.93 forçado com sucesso
src.infrastructure.providers.mercado_data_provider | DEBUG | RTD: Detalhes completos registrados para BBAS3|BBAST126W2 (Liquidez detectada)
src.infrastructure.providers.mercado_data_provider | DEBUG | RTD: preco_ativo BBAS3=20.82 forçado com sucesso
src.infrastructure.providers.mercado_data_provider | DEBUG | RTD: Detalhes completos registrados para CURY3|CURYT284 (Liquidez detectada)
src.infrastructure.providers.mercado_data_provider | DEBUG | RTD: preco_ativo CURY3=28.80 forçado com sucesso
src.infrastructure.providers.mercado_data_provider | DEBUG | RTD: Detalhes completos registrados para JHSF3|JHSFM110 (Liquidez detectada)
src.infrastructure.providers.mercado_data_provider | DEBUG | RTD: preco_ativo JHSF3=10.67 forçado com sucesso
src.infrastructure.providers.mercado_data_provider | DEBUG | RTD: Detalhes completos registrados para PETR4|PETRT20 (Liquidez detectada)
src.infrastructure.providers.mercado_data_provider | DEBUG | RTD: preco_ativo PETR4=41.91 forçado com sucesso
src.infrastructure.providers.mercado_data_provider | DEBUG | RTD: Detalhes completos registrados para BBAS3|BBAST187W1 (Liquidez detectada)
src.infrastructure.providers.mercado_data_provider | DEBUG | RTD: preco_ativo BBAS3=20.82 forçado com sucesso
src.infrastructure.providers.mercado_data_provider | DEBUG | RTD: Detalhes completos registrados para IRBR3|IRBRT556W2 (Liquidez detectada)
src.infrastructure.providers.mercado_data_provider | DEBUG | RTD: preco_ativo IRBR3=53.33 forçado com sucesso
src.infrastructure.providers.mercado_data_provider | DEBUG | RTD: Detalhes completos registrados para BBDC3|BBDCU161 (Liquidez detectada)
src.infrastructure.providers.mercado_data_provider | DEBUG | RTD: preco_ativo BBDC3=16.03 forçado com sucesso
src.infrastructure.providers.mercado_data_provider | DEBUG | RTD: Detalhes completos registrados para CSMG3|CSMGV420 (Liquidez detectada)
src.infrastructure.providers.mercado_data_provider | DEBUG | RTD: preco_ativo CSMG3=61.94 forçado com sucesso
src.infrastructure.providers.mercado_data_provider | DEBUG | RTD: Detalhes completos registrados para ISAE4|ISAEU255 (Liquidez detectada)
src.infrastructure.providers.mercado_data_provider | DEBUG | RTD: preco_ativo ISAE4=26.51 forçado com sucesso
src.infrastructure.providers.mercado_data_provider | DEBUG | RTD: Detalhes completos registrados para IGTI11|IGTIU276 (Liquidez detectada)
src.infrastructure.providers.mercado_data_provider | DEBUG | RTD: preco_ativo IGTI11=24.53 forçado com sucesso
src.infrastructure.providers.mercado_data_provider | DEBUG | RTD: Detalhes completos registrados para RENT3|RENTT328W1 (Liquidez detectada)
src.infrastructure.providers.mercado_data_provider | DEBUG | RTD: preco_ativo RENT3=37.32 forçado com sucesso
src.infrastructure.providers.mercado_data_provider | DEBUG | RTD: Detalhes completos registrados para CAML3|CAMLU452 (Liquidez detectada)
src.infrastructure.providers.mercado_data_provider | DEBUG | RTD: preco_ativo CAML3=4.60 forçado com sucesso
src.infrastructure.providers.mercado_data_provider | DEBUG | RTD: Detalhes completos registrados para PSSA3|PSSAV466 (Liquidez detectada)
src.infrastructure.providers.mercado_data_provider | DEBUG | RTD: preco_ativo PSSA3=53.59 forçado com sucesso
src.infrastructure.providers.mercado_data_provider | DEBUG | RTD: Detalhes completos registrados para BRAV3|BRAVU110 (Liquidez detectada)
src.infrastructure.providers.mercado_data_provider | DEBUG | RTD: preco_ativo BRAV3=20.88 forçado com sucesso
src.infrastructure.providers.mercado_data_provider | DEBUG | RTD: Detalhes completos registrados para HAPV3|HAPVT930 (Liquidez detectada)
src.infrastructure.providers.mercado_data_provider | DEBUG | RTD: preco_ativo HAPV3=10.52 forçado com sucesso
src.infrastructure.providers.mercado_data_provider | DEBUG | RTD: Detalhes completos registrados para PRIO3|PRIOU307 (Liquidez detectada)
src.infrastructure.providers.mercado_data_provider | DEBUG | RTD: preco_ativo PRIO3=58.27 forçado com sucesso
src.infrastructure.providers.mercado_data_provider | DEBUG | RTD: Detalhes completos registrados para BLAU3|BLAUV12 (Liquidez detectada)
src.infrastructure.providers.mercado_data_provider | DEBUG | RTD: preco_ativo BLAU3=8.85 forçado com sucesso
src.infrastructure.providers.mercado_data_provider | DEBUG | RTD: Detalhes completos registrados para MGLU3|MGLUT465W2 (Liquidez detectada)
src.infrastructure.providers.mercado_data_provider | DEBUG | RTD: preco_ativo MGLU3=4.76 forçado com sucesso
src.infrastructure.providers.mercado_data_provider | DEBUG | RTD: Detalhes completos registrados para EMBJ3|EMBJV798 (Liquidez detectada)
src.infrastructure.providers.mercado_data_provider | DEBUG | RTD: preco_ativo EMBJ3=86.64 forçado com sucesso
src.infrastructure.providers.mercado_data_provider | DEBUG | RTD: Detalhes completos registrados para NATU3|NATUT870 (Liquidez detectada)
src.infrastructure.providers.mercado_data_provider | DEBUG | RTD: preco_ativo NATU3=8.35 forçado com sucesso
src.infrastructure.providers.mercado_data_provider | DEBUG | RTD: Detalhes completos registrados para MRVE3|MRVEU52 (Liquidez detectada)
src.infrastructure.providers.mercado_data_provider | DEBUG | RTD: preco_ativo MRVE3=4.56 forçado com sucesso
src.infrastructure.providers.mercado_data_provider | DEBUG | RTD: Detalhes completos registrados para PETR4|PETRT364 (Liquidez detectada)
src.infrastructure.providers.mercado_data_provider | DEBUG | RTD: preco_ativo PETR4=41.91 forçado com sucesso
src.infrastructure.providers.mercado_data_provider | DEBUG | RTD: Detalhes completos registrados para HAPV3|HAPVT415 (Liquidez detectada)
src.infrastructure.providers.mercado_data_provider | DEBUG | RTD: preco_ativo HAPV3=10.52 forçado com sucesso
src.infrastructure.providers.mercado_data_provider | DEBUG | RTD: Detalhes completos registrados para MGLU3|MGLUT551 (Liquidez detectada)
src.infrastructure.providers.mercado_data_provider | DEBUG | RTD: preco_ativo MGLU3=4.76 forçado com sucesso
src.infrastructure.providers.mercado_data_provider | DEBUG | RTD: Detalhes completos registrados para ITUB4|ITUBU373 (Liquidez detectada)
src.infrastructure.providers.mercado_data_provider | DEBUG | RTD: preco_ativo ITUB4=42.03 forçado com sucesso
src.infrastructure.providers.mercado_data_provider | DEBUG | RTD: Detalhes completos registrados para BPAC11|BPACU386 (Liquidez detectada)
src.infrastructure.providers.mercado_data_provider | DEBUG | RTD: preco_ativo BPAC11=55.03 forçado com sucesso
src.infrastructure.providers.mercado_data_provider | DEBUG | RTD: Detalhes completos registrados para B3SA3|B3SAW16 (Liquidez detectada)
src.infrastructure.providers.mercado_data_provider | DEBUG | RTD: preco_ativo B3SA3=15.47 forçado com sucesso
src.infrastructure.providers.mercado_data_provider | DEBUG | RTD: Detalhes completos registrados para B3SA3|B3SAU994 (Liquidez detectada)
src.infrastructure.providers.mercado_data_provider | DEBUG | RTD: preco_ativo B3SA3=15.47 forçado com sucesso
src.infrastructure.providers.mercado_data_provider | DEBUG | RTD: Detalhes completos registrados para MGLU3|MGLUU395 (Liquidez detectada)
src.infrastructure.providers.mercado_data_provider | DEBUG | RTD: preco_ativo MGLU3=4.76 forçado com sucesso
src.infrastructure.providers.mercado_data_provider | DEBUG | RTD: Detalhes completos registrados para PETR4|PETRT419W1 (Liquidez detectada)
src.infrastructure.providers.mercado_data_provider | DEBUG | RTD: preco_ativo PETR4=41.91 forçado com sucesso
src.infrastructure.providers.mercado_data_provider | DEBUG | RTD: Detalhes completos registrados para BBDC3|BBDCT1 (Liquidez detectada)
src.infrastructure.providers.mercado_data_provider | DEBUG | RTD: preco_ativo BBDC3=16.03 forçado com sucesso
src.infrastructure.providers.mercado_data_provider | DEBUG | RTD: Detalhes completos registrados para BEEF3|BEEFT346W2 (Liquidez detectada)
src.infrastructure.providers.mercado_data_provider | DEBUG | RTD: preco_ativo BEEF3=3.47 forçado com sucesso
src.infrastructure.providers.mercado_data_provider | DEBUG | RTD: Detalhes completos registrados para CPLE3|CPLEU130 (Liquidez detectada)
src.infrastructure.providers.mercado_data_provider | DEBUG | RTD: preco_ativo CPLE3=14.67 forçado com sucesso
src.infrastructure.providers.mercado_data_provider | DEBUG | RTD: Detalhes completos registrados para ISAE4|ISAET27 (Liquidez detectada)
src.infrastructure.providers.mercado_data_provider | DEBUG | RTD: preco_ativo ISAE4=26.51 forçado com sucesso
src.infrastructure.providers.mercado_data_provider | DEBUG | RTD: Detalhes completos registrados para BRAV3|BRAVU125 (Liquidez detectada)
src.infrastructure.providers.mercado_data_provider | DEBUG | RTD: preco_ativo BRAV3=20.88 forçado com sucesso
src.infrastructure.providers.mercado_data_provider | DEBUG | RTD: Detalhes completos registrados para PETR4|PETRV352 (Liquidez detectada)
src.infrastructure.providers.mercado_data_provider | DEBUG | RTD: preco_ativo PETR4=41.91 forçado com sucesso
src.infrastructure.providers.mercado_data_provider | DEBUG | RTD: Detalhes completos registrados para ALOS3|ALOSV226 (Liquidez detectada)
src.infrastructure.providers.mercado_data_provider | DEBUG | RTD: preco_ativo ALOS3=26.52 forçado com sucesso
src.infrastructure.providers.mercado_data_provider | DEBUG | RTD: Detalhes completos registrados para BRAV3|BRAVT136 (Liquidez detectada)
src.infrastructure.providers.mercado_data_provider | DEBUG | RTD: preco_ativo BRAV3=20.88 forçado com sucesso
src.infrastructure.providers.mercado_data_provider | DEBUG | RTD: Detalhes completos registrados para PETR4|PETRM407 (Liquidez detectada)
src.infrastructure.providers.mercado_data_provider | DEBUG | RTD: preco_ativo PETR4=41.91 forçado com sucesso
src.infrastructure.providers.mercado_data_provider | DEBUG | RTD: Detalhes completos registrados para BBSE3|BBSET371 (Liquidez detectada)
src.infrastructure.providers.mercado_data_provider | DEBUG | RTD: preco_ativo BBSE3=41.16 forçado com sucesso
src.infrastructure.providers.mercado_data_provider | DEBUG | RTD: Detalhes completos registrados para SAUD3|SAUDU150 (Liquidez detectada)
src.infrastructure.providers.mercado_data_provider | DEBUG | RTD: preco_ativo SAUD3=14.83 forçado com sucesso
src.infrastructure.providers.mercado_data_provider | DEBUG | RTD: Detalhes completos registrados para ENGI11|ENGIU458 (Liquidez detectada)
src.infrastructure.providers.mercado_data_provider | DEBUG | RTD: preco_ativo ENGI11=48.98 forçado com sucesso
src.infrastructure.providers.mercado_data_provider | DEBUG | RTD: Detalhes completos registrados para CSAN3|CSANU455 (Liquidez detectada)
src.infrastructure.providers.mercado_data_provider | DEBUG | RTD: preco_ativo CSAN3=3.92 forçado com sucesso
src.infrastructure.providers.mercado_data_provider | DEBUG | RTD: Detalhes completos registrados para ENGI11|ENGIU546 (Liquidez detectada)
src.infrastructure.providers.mercado_data_provider | DEBUG | RTD: preco_ativo ENGI11=48.98 forçado com sucesso
src.infrastructure.providers.mercado_data_provider | DEBUG | RTD: Detalhes completos registrados para BBAS3|BBAST907 (Liquidez detectada)
src.infrastructure.providers.mercado_data_provider | DEBUG | RTD: preco_ativo BBAS3=20.82 forçado com sucesso
src.infrastructure.providers.mercado_data_provider | DEBUG | RTD: Detalhes completos registrados para BBSE3|BBSEU349 (Liquidez detectada)
src.infrastructure.providers.mercado_data_provider | DEBUG | RTD: preco_ativo BBSE3=41.16 forçado com sucesso
src.infrastructure.providers.mercado_data_provider | DEBUG | RTD: Detalhes completos registrados para CSAN3|CSANT390W2 (Liquidez detectada)
src.infrastructure.providers.mercado_data_provider | DEBUG | RTD: preco_ativo CSAN3=3.92 forçado com sucesso
src.infrastructure.providers.mercado_data_provider | DEBUG | RTD: Detalhes completos registrados para CSAN3|CSANT330 (Liquidez detectada)
src.infrastructure.providers.mercado_data_provider | DEBUG | RTD: preco_ativo CSAN3=3.92 forçado com sucesso
src.infrastructure.providers.mercado_data_provider | DEBUG | RTD: Detalhes completos registrados para HAPV3|HAPVT990W2 (Liquidez detectada)
src.infrastructure.providers.mercado_data_provider | DEBUG | RTD: preco_ativo HAPV3=10.52 forçado com sucesso
src.infrastructure.providers.mercado_data_provider | DEBUG | RTD: Detalhes completos registrados para PETR4|PETRT429 (Liquidez detectada)
src.infrastructure.providers.mercado_data_provider | DEBUG | RTD: preco_ativo PETR4=41.91 forçado com sucesso
src.infrastructure.providers.mercado_data_provider | DEBUG | RTD: Detalhes completos registrados para PETR4|PETRT386W2 (Liquidez detectada)
src.infrastructure.providers.mercado_data_provider | DEBUG | RTD: preco_ativo PETR4=41.91 forçado com sucesso
src.infrastructure.providers.mercado_data_provider | DEBUG | RTD: Detalhes completos registrados para BBDC4|BBDCX190 (Liquidez detectada)
src.infrastructure.providers.mercado_data_provider | DEBUG | RTD: preco_ativo BBDC4=18.40 forçado com sucesso
src.infrastructure.providers.mercado_data_provider | DEBUG | RTD: Detalhes completos registrados para EQTL3|EQTLU357 (Liquidez detectada)
src.infrastructure.providers.mercado_data_provider | DEBUG | RTD: preco_ativo EQTL3=37.99 forçado com sucesso
src.infrastructure.providers.mercado_data_provider | DEBUG | RTD: Detalhes completos registrados para PRIO3|PRIOU630 (Liquidez detectada)
src.infrastructure.providers.mercado_data_provider | DEBUG | RTD: preco_ativo PRIO3=58.27 forçado com sucesso
src.infrastructure.providers.mercado_data_provider | DEBUG | RTD: Detalhes completos registrados para ABEV3|ABEVT180 (Liquidez detectada)
src.infrastructure.providers.mercado_data_provider | DEBUG | RTD: preco_ativo ABEV3=16.03 forçado com sucesso
src.infrastructure.providers.mercado_data_provider | DEBUG | RTD: Detalhes completos registrados para BBSE3|BBSET369W1 (Liquidez detectada)
src.infrastructure.providers.mercado_data_provider | DEBUG | RTD: preco_ativo BBSE3=41.16 forçado com sucesso
src.infrastructure.providers.mercado_data_provider | DEBUG | RTD: Detalhes completos registrados para ITSA4|ITSAT117 (Liquidez detectada)
src.infrastructure.providers.mercado_data_provider | DEBUG | RTD: preco_ativo ITSA4=13.54 forçado com sucesso
src.infrastructure.providers.mercado_data_provider | DEBUG | RTD: Detalhes completos registrados para CPFE3|CPFEU457 (Liquidez detectada)
src.infrastructure.providers.mercado_data_provider | DEBUG | RTD: preco_ativo CPFE3=45.23 forçado com sucesso
src.infrastructure.providers.mercado_data_provider | DEBUG | RTD: Detalhes completos registrados para BBAS3|BBASU204 (Liquidez detectada)
src.infrastructure.providers.mercado_data_provider | DEBUG | RTD: preco_ativo BBAS3=20.82 forçado com sucesso
src.infrastructure.providers.mercado_data_provider | DEBUG | RTD: Detalhes completos registrados para BPAC11|BPACW526 (Liquidez detectada)
src.infrastructure.providers.mercado_data_provider | DEBUG | RTD: preco_ativo BPAC11=55.03 forçado com sucesso
src.infrastructure.providers.mercado_data_provider | DEBUG | RTD: Detalhes completos registrados para ITUB4|ITUBT395W1 (Liquidez detectada)
src.infrastructure.providers.mercado_data_provider | DEBUG | RTD: preco_ativo ITUB4=42.03 forçado com sucesso
src.infrastructure.providers.mercado_data_provider | DEBUG | RTD: Detalhes completos registrados para ALOS3|ALOST226 (Liquidez detectada)
src.infrastructure.providers.mercado_data_provider | DEBUG | RTD: preco_ativo ALOS3=26.52 forçado com sucesso
src.infrastructure.providers.mercado_data_provider | DEBUG | RTD: Detalhes completos registrados para BBDC4|BBDCU132 (Liquidez detectada)
src.infrastructure.providers.mercado_data_provider | DEBUG | RTD: preco_ativo BBDC4=18.40 forçado com sucesso
src.infrastructure.providers.mercado_data_provider | DEBUG | RTD: Detalhes completos registrados para BBDC3|BBDCT16 (Liquidez detectada)
src.infrastructure.providers.mercado_data_provider | DEBUG | RTD: preco_ativo BBDC3=16.03 forçado com sucesso
src.infrastructure.providers.mercado_data_provider | DEBUG | RTD: Detalhes completos registrados para CSMG3|CSMGU643 (Liquidez detectada)
src.infrastructure.providers.mercado_data_provider | DEBUG | RTD: preco_ativo CSMG3=61.94 forçado com sucesso
src.infrastructure.providers.mercado_data_provider | DEBUG | RTD: Detalhes completos registrados para SAPR11|SAPRU326 (Liquidez detectada)
src.infrastructure.providers.mercado_data_provider | DEBUG | RTD: preco_ativo SAPR11=35.65 forçado com sucesso
src.infrastructure.providers.mercado_data_provider | DEBUG | RTD: Detalhes completos registrados para ISAE4|ISAET265 (Liquidez detectada)
src.infrastructure.providers.mercado_data_provider | DEBUG | RTD: preco_ativo ISAE4=26.51 forçado com sucesso
src.infrastructure.providers.mercado_data_provider | DEBUG | RTD: Detalhes completos registrados para BBAS3|BBAST206 (Liquidez detectada)
src.infrastructure.providers.mercado_data_provider | DEBUG | RTD: preco_ativo BBAS3=20.82 forçado com sucesso
src.infrastructure.providers.mercado_data_provider | DEBUG | RTD: Detalhes completos registrados para PETR4|PETRV228 (Liquidez detectada)
src.infrastructure.providers.mercado_data_provider | DEBUG | RTD: preco_ativo PETR4=41.91 forçado com sucesso
src.infrastructure.providers.mercado_data_provider | DEBUG | RTD: Detalhes completos registrados para BBAS3|BBAST997 (Liquidez detectada)
src.infrastructure.providers.mercado_data_provider | DEBUG | RTD: preco_ativo BBAS3=20.82 forçado com sucesso
src.infrastructure.providers.mercado_data_provider | DEBUG | RTD: Detalhes completos registrados para GGBR4|GGBRT185 (Liquidez detectada)
src.infrastructure.providers.mercado_data_provider | DEBUG | RTD: preco_ativo GGBR4=24.80 forçado com sucesso
src.infrastructure.providers.mercado_data_provider | DEBUG | RTD: Detalhes completos registrados para PETR4|PETRX359 (Liquidez detectada)
src.infrastructure.providers.mercado_data_provider | DEBUG | RTD: preco_ativo PETR4=41.91 forçado com sucesso
src.infrastructure.providers.mercado_data_provider | DEBUG | RTD: Detalhes completos registrados para BBDC4|BBDCX216 (Liquidez detectada)
src.infrastructure.providers.mercado_data_provider | DEBUG | RTD: preco_ativo BBDC4=18.40 forçado com sucesso
src.infrastructure.providers.mercado_data_provider | DEBUG | RTD: Detalhes completos registrados para BPAC11|BPACT383 (Liquidez detectada)
src.infrastructure.providers.mercado_data_provider | DEBUG | RTD: preco_ativo BPAC11=55.03 forçado com sucesso
src.infrastructure.providers.mercado_data_provider | DEBUG | RTD: Detalhes completos registrados para BBDC4|BBDCT153W1 (Liquidez detectada)
src.infrastructure.providers.mercado_data_provider | DEBUG | RTD: preco_ativo BBDC4=18.40 forçado com sucesso
src.infrastructure.providers.mercado_data_provider | DEBUG | RTD: Detalhes completos registrados para BBAS3|BBASU271 (Liquidez detectada)
src.infrastructure.providers.mercado_data_provider | DEBUG | RTD: preco_ativo BBAS3=20.82 forçado com sucesso
src.infrastructure.providers.mercado_data_provider | DEBUG | RTD: Detalhes completos registrados para EMBJ3|EMBJT445 (Liquidez detectada)
src.infrastructure.providers.mercado_data_provider | DEBUG | RTD: preco_ativo EMBJ3=86.64 forçado com sucesso
src.infrastructure.providers.mercado_data_provider | DEBUG | RTD: Detalhes completos registrados para PRIO3|PRIOU515 (Liquidez detectada)
src.infrastructure.providers.mercado_data_provider | DEBUG | RTD: preco_ativo PRIO3=58.27 forçado com sucesso
src.infrastructure.providers.mercado_data_provider | DEBUG | RTD: Detalhes completos registrados para BRAP4|BRAPT199 (Liquidez detectada)
src.infrastructure.providers.mercado_data_provider | DEBUG | RTD: preco_ativo BRAP4=21.69 forçado com sucesso
src.infrastructure.providers.mercado_data_provider | DEBUG | RTD: Detalhes completos registrados para HAPV3|HAPVT810 (Liquidez detectada)
src.infrastructure.providers.mercado_data_provider | DEBUG | RTD: preco_ativo HAPV3=10.52 forçado com sucesso
src.infrastructure.providers.mercado_data_provider | DEBUG | RTD: Detalhes completos registrados para EMBJ3|EMBJU430 (Liquidez detectada)
src.infrastructure.providers.mercado_data_provider | DEBUG | RTD: preco_ativo EMBJ3=86.64 forçado com sucesso
src.infrastructure.providers.mercado_data_provider | DEBUG | RTD: Detalhes completos registrados para KLBN11|KLBNU172 (Liquidez detectada)
src.infrastructure.providers.mercado_data_provider | DEBUG | RTD: preco_ativo KLBN11=18.03 forçado com sucesso
src.infrastructure.providers.mercado_data_provider | DEBUG | RTD: Detalhes completos registrados para MRVE3|MRVET520 (Liquidez detectada)
src.infrastructure.providers.mercado_data_provider | DEBUG | RTD: preco_ativo MRVE3=4.56 forçado com sucesso
src.infrastructure.providers.mercado_data_provider | DEBUG | RTD: Detalhes completos registrados para CPFE3|CPFET384 (Liquidez detectada)
src.infrastructure.providers.mercado_data_provider | DEBUG | RTD: preco_ativo CPFE3=45.23 forçado com sucesso
src.infrastructure.providers.mercado_data_provider | DEBUG | RTD: Detalhes completos registrados para VALE3|VALEX884 (Liquidez detectada)
src.infrastructure.providers.mercado_data_provider | DEBUG | RTD: preco_ativo VALE3=75.14 forçado com sucesso
src.infrastructure.providers.mercado_data_provider | DEBUG | RTD: Detalhes completos registrados para ITUB4|ITUBX502 (Liquidez detectada)
src.infrastructure.providers.mercado_data_provider | DEBUG | RTD: preco_ativo ITUB4=42.03 forçado com sucesso
src.infrastructure.providers.mercado_data_provider | DEBUG | RTD: Detalhes completos registrados para BBSE3|BBSET396W2 (Liquidez detectada)
src.infrastructure.providers.mercado_data_provider | DEBUG | RTD: preco_ativo BBSE3=41.16 forçado com sucesso
src.infrastructure.providers.mercado_data_provider | DEBUG | RTD: Detalhes completos registrados para YDUQ3|YDUQU736 (Liquidez detectada)
src.infrastructure.providers.mercado_data_provider | DEBUG | RTD: preco_ativo YDUQ3=8.10 forçado com sucesso
src.infrastructure.providers.mercado_data_provider | DEBUG | RTD: Detalhes completos registrados para MRVE3|MRVET380 (Liquidez detectada)
src.infrastructure.providers.mercado_data_provider | DEBUG | RTD: preco_ativo MRVE3=4.56 forçado com sucesso
src.infrastructure.providers.mercado_data_provider | DEBUG | RTD: Detalhes completos registrados para KLBN11|KLBNT193 (Liquidez detectada)
src.infrastructure.providers.mercado_data_provider | DEBUG | RTD: preco_ativo KLBN11=18.03 forçado com sucesso
src.infrastructure.providers.mercado_data_provider | DEBUG | RTD: Detalhes completos registrados para UGPA3|UGPAU272 (Liquidez detectada)
src.infrastructure.providers.mercado_data_provider | DEBUG | RTD: preco_ativo UGPA3=32.13 forçado com sucesso
src.infrastructure.providers.mercado_data_provider | DEBUG | RTD: Detalhes completos registrados para IRBR3|IRBRT399 (Liquidez detectada)
src.infrastructure.providers.mercado_data_provider | DEBUG | RTD: preco_ativo IRBR3=53.33 forçado com sucesso
src.infrastructure.providers.mercado_data_provider | DEBUG | RTD: Detalhes completos registrados para CEAB3|CEABU862 (Liquidez detectada)
src.infrastructure.providers.mercado_data_provider | DEBUG | RTD: preco_ativo CEAB3=9.17 forçado com sucesso
src.infrastructure.providers.mercado_data_provider | DEBUG | RTD: Detalhes completos registrados para PSSA3|PSSAU473 (Liquidez detectada)
src.infrastructure.providers.mercado_data_provider | DEBUG | RTD: preco_ativo PSSA3=53.59 forçado com sucesso
src.infrastructure.providers.mercado_data_provider | DEBUG | RTD: Detalhes completos registrados para ENGI11|ENGIT476 (Liquidez detectada)
src.infrastructure.providers.mercado_data_provider | DEBUG | RTD: preco_ativo ENGI11=48.98 forçado com sucesso
src.infrastructure.providers.mercado_data_provider | DEBUG | RTD: Detalhes completos registrados para B3SA3|B3SAU110 (Liquidez detectada)
src.infrastructure.providers.mercado_data_provider | DEBUG | RTD: preco_ativo B3SA3=15.47 forçado com sucesso
src.infrastructure.providers.mercado_data_provider | DEBUG | RTD: Detalhes completos registrados para BPAC11|BPACT526W2 (Liquidez detectada)
src.infrastructure.providers.mercado_data_provider | DEBUG | RTD: preco_ativo BPAC11=55.03 forçado com sucesso
src.infrastructure.providers.mercado_data_provider | DEBUG | RTD: Detalhes completos registrados para PETR4|PETRV355 (Liquidez detectada)
src.infrastructure.providers.mercado_data_provider | DEBUG | RTD: preco_ativo PETR4=41.91 forçado com sucesso
src.infrastructure.providers.mercado_data_provider | DEBUG | RTD: Detalhes completos registrados para HASH11|HASHU370 (Liquidez detectada)
src.infrastructure.providers.mercado_data_provider | DEBUG | RTD: preco_ativo HASH11=42.62 forçado com sucesso
src.infrastructure.providers.mercado_data_provider | DEBUG | RTD: Detalhes completos registrados para CPFE3|CPFET474 (Liquidez detectada)
src.infrastructure.providers.mercado_data_provider | DEBUG | RTD: preco_ativo CPFE3=45.23 forçado com sucesso
src.infrastructure.providers.mercado_data_provider | DEBUG | RTD: Detalhes completos registrados para RDOR3|RDORU290 (Liquidez detectada)
src.infrastructure.providers.mercado_data_provider | DEBUG | RTD: preco_ativo RDOR3=33.85 forçado com sucesso
src.infrastructure.providers.mercado_data_provider | DEBUG | RTD: Detalhes completos registrados para BEEF3|BEEFT351W2 (Liquidez detectada)
src.infrastructure.providers.mercado_data_provider | DEBUG | RTD: preco_ativo BEEF3=3.47 forçado com sucesso
src.infrastructure.providers.mercado_data_provider | DEBUG | RTD: Detalhes completos registrados para WEGE3|WEGEU421 (Liquidez detectada)
src.infrastructure.providers.mercado_data_provider | DEBUG | RTD: preco_ativo WEGE3=45.63 forçado com sucesso
src.infrastructure.providers.mercado_data_provider | DEBUG | RTD: Detalhes completos registrados para MYPK3|MYPKT955 (Liquidez detectada)
src.infrastructure.providers.mercado_data_provider | DEBUG | RTD: preco_ativo MYPK3=9.43 forçado com sucesso
src.infrastructure.providers.mercado_data_provider | DEBUG | RTD: Detalhes completos registrados para BRKM5|BRKMT490 (Liquidez detectada)
src.infrastructure.providers.mercado_data_provider | DEBUG | RTD: preco_ativo BRKM5=6.12 forçado com sucesso
src.infrastructure.providers.mercado_data_provider | DEBUG | RTD: Detalhes completos registrados para NATU3|NATUU940 (Liquidez detectada)
src.infrastructure.providers.mercado_data_provider | DEBUG | RTD: preco_ativo NATU3=8.35 forçado com sucesso
src.infrastructure.providers.mercado_data_provider | DEBUG | RTD: Detalhes completos registrados para BBAS3|BBASX231 (Liquidez detectada)
src.infrastructure.providers.mercado_data_provider | DEBUG | RTD: preco_ativo BBAS3=20.82 forçado com sucesso
src.infrastructure.providers.mercado_data_provider | DEBUG | RTD: Detalhes completos registrados para BBSE3|BBSEX416 (Liquidez detectada)
src.infrastructure.providers.mercado_data_provider | DEBUG | RTD: preco_ativo BBSE3=41.16 forçado com sucesso
src.infrastructure.providers.mercado_data_provider | DEBUG | RTD: Detalhes completos registrados para ABEV3|ABEVT160 (Liquidez detectada)
src.infrastructure.providers.mercado_data_provider | DEBUG | RTD: preco_ativo ABEV3=16.03 forçado com sucesso
src.infrastructure.providers.mercado_data_provider | DEBUG | RTD: Detalhes completos registrados para PRIO3|PRIOT485W1 (Liquidez detectada)
src.infrastructure.providers.mercado_data_provider | DEBUG | RTD: preco_ativo PRIO3=58.27 forçado com sucesso
src.infrastructure.providers.mercado_data_provider | DEBUG | RTD: Detalhes completos registrados para BBSE3|BBSEU329 (Liquidez detectada)
src.infrastructure.providers.mercado_data_provider | DEBUG | RTD: preco_ativo BBSE3=41.16 forçado com sucesso
src.infrastructure.providers.mercado_data_provider | DEBUG | RTD: Detalhes completos registrados para BBDC4|BBDCV164 (Liquidez detectada)
src.infrastructure.providers.mercado_data_provider | DEBUG | RTD: preco_ativo BBDC4=18.40 forçado com sucesso
src.infrastructure.providers.mercado_data_provider | DEBUG | RTD: Detalhes completos registrados para COGN3|COGNU114 (Liquidez detectada)
src.infrastructure.providers.mercado_data_provider | DEBUG | RTD: preco_ativo COGN3=2.19 forçado com sucesso
src.infrastructure.providers.mercado_data_provider | DEBUG | RTD: Detalhes completos registrados para BBSE3|BBSEX31 (Liquidez detectada)
src.infrastructure.providers.mercado_data_provider | DEBUG | RTD: preco_ativo BBSE3=41.16 forçado com sucesso
src.infrastructure.providers.mercado_data_provider | DEBUG | RTD: Detalhes completos registrados para BBAS3|BBASU140 (Liquidez detectada)
src.infrastructure.providers.mercado_data_provider | DEBUG | RTD: preco_ativo BBAS3=20.82 forçado com sucesso
src.infrastructure.providers.mercado_data_provider | DEBUG | RTD: Detalhes completos registrados para DIRR3|DIRRV112 (Liquidez detectada)
src.infrastructure.providers.mercado_data_provider | DEBUG | RTD: preco_ativo DIRR3=11.10 forçado com sucesso
src.infrastructure.providers.mercado_data_provider | DEBUG | RTD: Detalhes completos registrados para MGLU3|MGLUX330 (Liquidez detectada)
src.infrastructure.providers.mercado_data_provider | DEBUG | RTD: preco_ativo MGLU3=4.76 forçado com sucesso
src.infrastructure.providers.mercado_data_provider | DEBUG | RTD: Detalhes completos registrados para CPFE3|CPFEU424 (Liquidez detectada)
src.infrastructure.providers.mercado_data_provider | DEBUG | RTD: preco_ativo CPFE3=45.23 forçado com sucesso
src.infrastructure.providers.mercado_data_provider | DEBUG | RTD: Detalhes completos registrados para PETR4|PETRT451W1 (Liquidez detectada)
src.infrastructure.providers.mercado_data_provider | DEBUG | RTD: preco_ativo PETR4=41.91 forçado com sucesso
src.infrastructure.providers.mercado_data_provider | DEBUG | RTD: Detalhes completos registrados para MGLU3|MGLUU740 (Liquidez detectada)
src.infrastructure.providers.mercado_data_provider | DEBUG | RTD: preco_ativo MGLU3=4.76 forçado com sucesso
src.infrastructure.providers.mercado_data_provider | DEBUG | RTD: Detalhes completos registrados para B3SA3|B3SAU122 (Liquidez detectada)
src.infrastructure.providers.mercado_data_provider | DEBUG | RTD: preco_ativo B3SA3=15.47 forçado com sucesso
src.infrastructure.providers.mercado_data_provider | DEBUG | RTD: Detalhes completos registrados para BBSE3|BBSEU449 (Liquidez detectada)
src.infrastructure.providers.mercado_data_provider | DEBUG | RTD: preco_ativo BBSE3=41.16 forçado com sucesso
src.infrastructure.providers.mercado_data_provider | DEBUG | RTD: Detalhes completos registrados para ASAI3|ASAIT670 (Liquidez detectada)
src.infrastructure.providers.mercado_data_provider | DEBUG | RTD: preco_ativo ASAI3=8.21 forçado com sucesso
src.infrastructure.providers.mercado_data_provider | DEBUG | RTD: Detalhes completos registrados para PRIO3|PRIOT372 (Liquidez detectada)
src.infrastructure.providers.mercado_data_provider | DEBUG | RTD: preco_ativo PRIO3=58.27 forçado com sucesso
src.infrastructure.providers.mercado_data_provider | DEBUG | RTD: Detalhes completos registrados para BBDC4|BBDCU13 (Liquidez detectada)
src.infrastructure.providers.mercado_data_provider | DEBUG | RTD: preco_ativo BBDC4=18.40 forçado com sucesso
src.infrastructure.providers.mercado_data_provider | DEBUG | RTD: Detalhes completos registrados para EQTL3|EQTLT302 (Liquidez detectada)
src.infrastructure.providers.mercado_data_provider | DEBUG | RTD: preco_ativo EQTL3=37.99 forçado com sucesso
src.infrastructure.providers.mercado_data_provider | DEBUG | RTD: Detalhes completos registrados para IGTI11|IGTIT274 (Liquidez detectada)
src.infrastructure.providers.mercado_data_provider | DEBUG | RTD: preco_ativo IGTI11=24.53 forçado com sucesso
src.infrastructure.providers.mercado_data_provider | DEBUG | RTD: Detalhes completos registrados para MDIA3|MDIAT135 (Liquidez detectada)
src.infrastructure.providers.mercado_data_provider | DEBUG | RTD: preco_ativo MDIA3=17.04 forçado com sucesso
src.infrastructure.providers.mercado_data_provider | DEBUG | RTD: Detalhes completos registrados para ABEV3|ABEVU108 (Liquidez detectada)
src.infrastructure.providers.mercado_data_provider | DEBUG | RTD: preco_ativo ABEV3=16.03 forçado com sucesso
src.infrastructure.providers.mercado_data_provider | DEBUG | RTD: Detalhes completos registrados para BRAP4|BRAPT237 (Liquidez detectada)
src.infrastructure.providers.mercado_data_provider | DEBUG | RTD: preco_ativo BRAP4=21.69 forçado com sucesso
src.infrastructure.providers.mercado_data_provider | DEBUG | RTD: Detalhes completos registrados para HAPV3|HAPVT115W2 (Liquidez detectada)
src.infrastructure.providers.mercado_data_provider | DEBUG | RTD: preco_ativo HAPV3=10.52 forçado com sucesso
src.infrastructure.providers.mercado_data_provider | DEBUG | RTD: Detalhes completos registrados para CMIN3|CMINW451 (Liquidez detectada)
src.infrastructure.providers.mercado_data_provider | DEBUG | RTD: preco_ativo CMIN3=5.91 forçado com sucesso
src.infrastructure.providers.mercado_data_provider | DEBUG | RTD: Detalhes completos registrados para BBSE3|BBSET324 (Liquidez detectada)
src.infrastructure.providers.mercado_data_provider | DEBUG | RTD: preco_ativo BBSE3=41.16 forçado com sucesso
src.infrastructure.providers.mercado_data_provider | DEBUG | RTD: Detalhes completos registrados para PRIO3|PRIOU482 (Liquidez detectada)
src.infrastructure.providers.mercado_data_provider | DEBUG | RTD: preco_ativo PRIO3=58.27 forçado com sucesso
src.infrastructure.providers.mercado_data_provider | DEBUG | RTD: Detalhes completos registrados para CURY3|CURYT224 (Liquidez detectada)
src.infrastructure.providers.mercado_data_provider | DEBUG | RTD: preco_ativo CURY3=28.80 forçado com sucesso
src.infrastructure.providers.mercado_data_provider | DEBUG | RTD: Detalhes completos registrados para PRIO3|PRIOU317 (Liquidez detectada)
src.infrastructure.providers.mercado_data_provider | DEBUG | RTD: preco_ativo PRIO3=58.27 forçado com sucesso
src.infrastructure.providers.mercado_data_provider | DEBUG | RTD: Detalhes completos registrados para UNIP6|UNIPU357 (Liquidez detectada)
src.infrastructure.providers.mercado_data_provider | DEBUG | RTD: preco_ativo UNIP6=62.97 forçado com sucesso
src.infrastructure.providers.mercado_data_provider | DEBUG | RTD: Detalhes completos registrados para CSMG3|CSMGT603 (Liquidez detectada)
src.infrastructure.providers.mercado_data_provider | DEBUG | RTD: preco_ativo CSMG3=61.94 forçado com sucesso
src.infrastructure.providers.mercado_data_provider | DEBUG | RTD: Detalhes completos registrados para HAPV3|HAPVT610 (Liquidez detectada)
src.infrastructure.providers.mercado_data_provider | DEBUG | RTD: preco_ativo HAPV3=10.52 forçado com sucesso
src.infrastructure.providers.mercado_data_provider | DEBUG | RTD: Detalhes completos registrados para EQTL3|EQTLT347 (Liquidez detectada)
src.infrastructure.providers.mercado_data_provider | DEBUG | RTD: preco_ativo EQTL3=37.99 forçado com sucesso
src.infrastructure.providers.mercado_data_provider | DEBUG | RTD: Detalhes completos registrados para PETR4|PETRV396W2 (Liquidez detectada)
src.infrastructure.providers.mercado_data_provider | DEBUG | RTD: preco_ativo PETR4=41.91 forçado com sucesso
src.infrastructure.providers.mercado_data_provider | DEBUG | RTD: Detalhes completos registrados para B3SA3|B3SAU137 (Liquidez detectada)
src.infrastructure.providers.mercado_data_provider | DEBUG | RTD: preco_ativo B3SA3=15.47 forçado com sucesso
src.infrastructure.providers.mercado_data_provider | DEBUG | RTD: Detalhes completos registrados para PETR4|PETRV381 (Liquidez detectada)
src.infrastructure.providers.mercado_data_provider | DEBUG | RTD: preco_ativo PETR4=41.91 forçado com sucesso
src.infrastructure.providers.mercado_data_provider | DEBUG | RTD: Detalhes completos registrados para PETR4|PETRT228W1 (Liquidez detectada)
src.infrastructure.providers.mercado_data_provider | DEBUG | RTD: preco_ativo PETR4=41.91 forçado com sucesso
src.infrastructure.providers.mercado_data_provider | DEBUG | RTD: Detalhes completos registrados para PRIO3|PRIOU495 (Liquidez detectada)
src.infrastructure.providers.mercado_data_provider | DEBUG | RTD: preco_ativo PRIO3=58.27 forçado com sucesso
src.infrastructure.providers.mercado_data_provider | DEBUG | RTD: Detalhes completos registrados para TASA4|TASAT379 (Liquidez detectada)
src.infrastructure.providers.mercado_data_provider | DEBUG | RTD: preco_ativo TASA4=4.81 forçado com sucesso
src.infrastructure.providers.mercado_data_provider | DEBUG | RTD: Detalhes completos registrados para EMBJ3|EMBJU728 (Liquidez detectada)
src.infrastructure.providers.mercado_data_provider | DEBUG | RTD: preco_ativo EMBJ3=86.64 forçado com sucesso
src.infrastructure.providers.mercado_data_provider | DEBUG | RTD: Detalhes completos registrados para ITUB4|ITUBT387W1 (Liquidez detectada)
src.infrastructure.providers.mercado_data_provider | DEBUG | RTD: preco_ativo ITUB4=42.03 forçado com sucesso
src.infrastructure.providers.mercado_data_provider | DEBUG | RTD: Detalhes completos registrados para HAPV3|HAPVT700 (Liquidez detectada)
src.infrastructure.providers.mercado_data_provider | DEBUG | RTD: preco_ativo HAPV3=10.52 forçado com sucesso
src.infrastructure.providers.mercado_data_provider | DEBUG | RTD: Detalhes completos registrados para JHSF3|JHSFU938 (Liquidez detectada)
src.infrastructure.providers.mercado_data_provider | DEBUG | RTD: preco_ativo JHSF3=10.67 forçado com sucesso
src.infrastructure.providers.mercado_data_provider | DEBUG | RTD: Detalhes completos registrados para COGN3|COGNT211W1 (Liquidez detectada)
src.infrastructure.providers.mercado_data_provider | DEBUG | RTD: preco_ativo COGN3=2.19 forçado com sucesso
src.infrastructure.providers.mercado_data_provider | DEBUG | RTD: Detalhes completos registrados para BRAP4|BRAPU224 (Liquidez detectada)
src.infrastructure.providers.mercado_data_provider | DEBUG | RTD: preco_ativo BRAP4=21.69 forçado com sucesso
src.infrastructure.providers.mercado_data_provider | DEBUG | RTD: Detalhes completos registrados para CSAN3|CSANX550 (Liquidez detectada)
src.infrastructure.providers.mercado_data_provider | DEBUG | RTD: preco_ativo CSAN3=3.92 forçado com sucesso
src.infrastructure.providers.mercado_data_provider | DEBUG | RTD: Detalhes completos registrados para BBAS3|BBASM206 (Liquidez detectada)
src.infrastructure.providers.mercado_data_provider | DEBUG | RTD: preco_ativo BBAS3=20.82 forçado com sucesso
src.infrastructure.providers.mercado_data_provider | DEBUG | RTD: Detalhes completos registrados para EMBJ3|EMBJU568 (Liquidez detectada)
src.infrastructure.providers.mercado_data_provider | DEBUG | RTD: preco_ativo EMBJ3=86.64 forçado com sucesso
src.infrastructure.providers.mercado_data_provider | DEBUG | RTD: Detalhes completos registrados para ITUB4|ITUBV464 (Liquidez detectada)
src.infrastructure.providers.mercado_data_provider | DEBUG | RTD: preco_ativo ITUB4=42.03 forçado com sucesso
src.infrastructure.providers.mercado_data_provider | DEBUG | RTD: Detalhes completos registrados para ASAI3|ASAIT730 (Liquidez detectada)
src.infrastructure.providers.mercado_data_provider | DEBUG | RTD: preco_ativo ASAI3=8.21 forçado com sucesso
src.infrastructure.providers.mercado_data_provider | DEBUG | RTD: Detalhes completos registrados para BRAP4|BRAPU222 (Liquidez detectada)
src.infrastructure.providers.mercado_data_provider | DEBUG | RTD: preco_ativo BRAP4=21.69 forçado com sucesso
src.infrastructure.providers.mercado_data_provider | DEBUG | RTD: Detalhes completos registrados para ITSA4|ITSAX121 (Liquidez detectada)
src.infrastructure.providers.mercado_data_provider | DEBUG | RTD: preco_ativo ITSA4=13.54 forçado com sucesso
src.infrastructure.providers.mercado_data_provider | DEBUG | RTD: Detalhes completos registrados para ITSA4|ITSAT146 (Liquidez detectada)
src.infrastructure.providers.mercado_data_provider | DEBUG | RTD: preco_ativo ITSA4=13.54 forçado com sucesso
src.infrastructure.providers.mercado_data_provider | DEBUG | RTD: Detalhes completos registrados para GOAU4|GOAUU905 (Liquidez detectada)
src.infrastructure.providers.mercado_data_provider | DEBUG | RTD: preco_ativo GOAU4=10.74 forçado com sucesso
src.infrastructure.providers.mercado_data_provider | DEBUG | RTD: Detalhes completos registrados para DXCO3|DXCOT500 (Liquidez detectada)
src.infrastructure.providers.mercado_data_provider | DEBUG | RTD: preco_ativo DXCO3=4.97 forçado com sucesso
src.infrastructure.providers.mercado_data_provider | DEBUG | RTD: Detalhes completos registrados para MYPK3|MYPKU965 (Liquidez detectada)
src.infrastructure.providers.mercado_data_provider | DEBUG | RTD: preco_ativo MYPK3=9.43 forçado com sucesso
src.infrastructure.providers.mercado_data_provider | DEBUG | RTD: Detalhes completos registrados para PETR4|PETRT238W1 (Liquidez detectada)
src.infrastructure.providers.mercado_data_provider | DEBUG | RTD: preco_ativo PETR4=41.91 forçado com sucesso
src.infrastructure.providers.mercado_data_provider | DEBUG | RTD: Detalhes completos registrados para EMBJ3|EMBJT900W1 (Liquidez detectada)
src.infrastructure.providers.mercado_data_provider | DEBUG | RTD: preco_ativo EMBJ3=86.64 forçado com sucesso
src.infrastructure.providers.mercado_data_provider | DEBUG | RTD: Detalhes completos registrados para EMBJ3|EMBJU688 (Liquidez detectada)
src.infrastructure.providers.mercado_data_provider | DEBUG | RTD: preco_ativo EMBJ3=86.64 forçado com sucesso
src.infrastructure.providers.mercado_data_provider | DEBUG | RTD: Detalhes completos registrados para BBDC4|BBDCU199 (Liquidez detectada)
src.infrastructure.providers.mercado_data_provider | DEBUG | RTD: preco_ativo BBDC4=18.40 forçado com sucesso
src.infrastructure.providers.mercado_data_provider | DEBUG | RTD: Detalhes completos registrados para BPAC11|BPACT479W2 (Liquidez detectada)
src.infrastructure.providers.mercado_data_provider | DEBUG | RTD: preco_ativo BPAC11=55.03 forçado com sucesso
src.infrastructure.providers.mercado_data_provider | DEBUG | RTD: Detalhes completos registrados para ISAE4|ISAET284 (Liquidez detectada)
src.infrastructure.providers.mercado_data_provider | DEBUG | RTD: preco_ativo ISAE4=26.51 forçado com sucesso
src.infrastructure.providers.mercado_data_provider | DEBUG | RTD: Detalhes completos registrados para MGLU3|MGLUT531 (Liquidez detectada)
src.infrastructure.providers.mercado_data_provider | DEBUG | RTD: preco_ativo MGLU3=4.76 forçado com sucesso
src.infrastructure.providers.mercado_data_provider | DEBUG | RTD: Detalhes completos registrados para CPFE3|CPFET429 (Liquidez detectada)
src.infrastructure.providers.mercado_data_provider | DEBUG | RTD: preco_ativo CPFE3=45.23 forçado com sucesso
src.infrastructure.providers.mercado_data_provider | DEBUG | RTD: Detalhes completos registrados para BBAS3|BBAST256 (Liquidez detectada)
src.infrastructure.providers.mercado_data_provider | DEBUG | RTD: preco_ativo BBAS3=20.82 forçado com sucesso
src.infrastructure.providers.mercado_data_provider | DEBUG | RTD: Detalhes completos registrados para NATU3|NATUT860 (Liquidez detectada)
src.infrastructure.providers.mercado_data_provider | DEBUG | RTD: preco_ativo NATU3=8.35 forçado com sucesso
src.infrastructure.providers.mercado_data_provider | DEBUG | RTD: Detalhes completos registrados para EMBJ3|EMBJT658 (Liquidez detectada)
src.infrastructure.providers.mercado_data_provider | DEBUG | RTD: preco_ativo EMBJ3=86.64 forçado com sucesso
src.infrastructure.providers.mercado_data_provider | DEBUG | RTD: Detalhes completos registrados para HASH11|HASHT360 (Liquidez detectada)
src.infrastructure.providers.mercado_data_provider | DEBUG | RTD: preco_ativo HASH11=42.62 forçado com sucesso
src.infrastructure.providers.mercado_data_provider | DEBUG | RTD: Detalhes completos registrados para BBDC4|BBDCT155W2 (Liquidez detectada)
src.infrastructure.providers.mercado_data_provider | DEBUG | RTD: preco_ativo BBDC4=18.40 forçado com sucesso
src.infrastructure.providers.mercado_data_provider | DEBUG | RTD: Detalhes completos registrados para HAPV3|HAPVT580 (Liquidez detectada)
src.infrastructure.providers.mercado_data_provider | DEBUG | RTD: preco_ativo HAPV3=10.52 forçado com sucesso
src.infrastructure.providers.mercado_data_provider | DEBUG | RTD: Detalhes completos registrados para CURY3|CURYT319 (Liquidez detectada)
src.infrastructure.providers.mercado_data_provider | DEBUG | RTD: preco_ativo CURY3=28.80 forçado com sucesso
src.infrastructure.providers.mercado_data_provider | DEBUG | RTD: Detalhes completos registrados para EMBJ3|EMBJT738 (Liquidez detectada)
src.infrastructure.providers.mercado_data_provider | DEBUG | RTD: preco_ativo EMBJ3=86.64 forçado com sucesso
src.infrastructure.providers.mercado_data_provider | DEBUG | RTD: Detalhes completos registrados para BRAP4|BRAPU232 (Liquidez detectada)
src.infrastructure.providers.mercado_data_provider | DEBUG | RTD: preco_ativo BRAP4=21.69 forçado com sucesso
src.infrastructure.providers.mercado_data_provider | DEBUG | RTD: Detalhes completos registrados para CSAN3|CSANT380 (Liquidez detectada)
src.infrastructure.providers.mercado_data_provider | DEBUG | RTD: preco_ativo CSAN3=3.92 forçado com sucesso
src.infrastructure.providers.mercado_data_provider | DEBUG | RTD: Detalhes completos registrados para BEEF3|BEEFT357 (Liquidez detectada)
src.infrastructure.providers.mercado_data_provider | DEBUG | RTD: preco_ativo BEEF3=3.47 forçado com sucesso
src.infrastructure.providers.mercado_data_provider | DEBUG | RTD: Detalhes completos registrados para BRSR6|BRSRU147 (Liquidez detectada)
src.infrastructure.providers.mercado_data_provider | DEBUG | RTD: preco_ativo BRSR6=13.91 forçado com sucesso
src.infrastructure.providers.mercado_data_provider | DEBUG | RTD: Detalhes completos registrados para EMBJ3|EMBJT615 (Liquidez detectada)
src.infrastructure.providers.mercado_data_provider | DEBUG | RTD: preco_ativo EMBJ3=86.64 forçado com sucesso
src.infrastructure.providers.mercado_data_provider | DEBUG | RTD: Detalhes completos registrados para RADL3|RADLU196 (Liquidez detectada)
src.infrastructure.providers.mercado_data_provider | DEBUG | RTD: preco_ativo RADL3=17.74 forçado com sucesso
src.infrastructure.providers.mercado_data_provider | DEBUG | RTD: Detalhes completos registrados para PETR4|PETRT306W1 (Liquidez detectada)
src.infrastructure.providers.mercado_data_provider | DEBUG | RTD: preco_ativo PETR4=41.91 forçado com sucesso
src.infrastructure.providers.mercado_data_provider | DEBUG | RTD: Detalhes completos registrados para ALPA4|ALPAT964 (Liquidez detectada)
src.infrastructure.providers.mercado_data_provider | DEBUG | RTD: preco_ativo ALPA4=11.52 forçado com sucesso
src.infrastructure.providers.mercado_data_provider | DEBUG | RTD: Detalhes completos registrados para CSMG3|CSMGT553 (Liquidez detectada)
src.infrastructure.providers.mercado_data_provider | DEBUG | RTD: preco_ativo CSMG3=61.94 forçado com sucesso
src.infrastructure.providers.mercado_data_provider | DEBUG | RTD: Detalhes completos registrados para CXSE3|CXSEV181 (Liquidez detectada)
src.infrastructure.providers.mercado_data_provider | DEBUG | RTD: preco_ativo CXSE3=20.41 forçado com sucesso
src.infrastructure.providers.mercado_data_provider | DEBUG | RTD: Detalhes completos registrados para HAPV3|HAPVT830 (Liquidez detectada)
src.infrastructure.providers.mercado_data_provider | DEBUG | RTD: preco_ativo HAPV3=10.52 forçado com sucesso
src.infrastructure.providers.mercado_data_provider | DEBUG | RTD: Detalhes completos registrados para PRIO3|PRIOT660 (Liquidez detectada)
src.infrastructure.providers.mercado_data_provider | DEBUG | RTD: preco_ativo PRIO3=58.27 forçado com sucesso
src.infrastructure.providers.mercado_data_provider | DEBUG | RTD: Detalhes completos registrados para HAPV3|HAPVW112 (Liquidez detectada)
src.infrastructure.providers.mercado_data_provider | DEBUG | RTD: preco_ativo HAPV3=10.52 forçado com sucesso
src.infrastructure.providers.mercado_data_provider | DEBUG | RTD: Detalhes completos registrados para LREN3|LRENU131 (Liquidez detectada)
src.infrastructure.providers.mercado_data_provider | DEBUG | RTD: preco_ativo LREN3=13.38 forçado com sucesso
src.infrastructure.providers.mercado_data_provider | DEBUG | RTD: Detalhes completos registrados para POMO4|POMOU439 (Liquidez detectada)
src.infrastructure.providers.mercado_data_provider | DEBUG | RTD: preco_ativo POMO4=5.34 forçado com sucesso
src.infrastructure.providers.mercado_data_provider | DEBUG | RTD: Detalhes completos registrados para BBAS3|BBASV211 (Liquidez detectada)
src.infrastructure.providers.mercado_data_provider | DEBUG | RTD: preco_ativo BBAS3=20.82 forçado com sucesso
src.infrastructure.providers.mercado_data_provider | DEBUG | RTD: Detalhes completos registrados para WEGE3|WEGEU448 (Liquidez detectada)
src.infrastructure.providers.mercado_data_provider | DEBUG | RTD: preco_ativo WEGE3=45.63 forçado com sucesso
src.infrastructure.providers.mercado_data_provider | DEBUG | RTD: Detalhes completos registrados para ITUB4|ITUBT446W1 (Liquidez detectada)
src.infrastructure.providers.mercado_data_provider | DEBUG | RTD: preco_ativo ITUB4=42.03 forçado com sucesso
src.infrastructure.providers.mercado_data_provider | DEBUG | RTD: Detalhes completos registrados para BBDC4|BBDCU142 (Liquidez detectada)
src.infrastructure.providers.mercado_data_provider | DEBUG | RTD: preco_ativo BBDC4=18.40 forçado com sucesso
src.infrastructure.providers.mercado_data_provider | DEBUG | RTD: Detalhes completos registrados para JHSF3|JHSFU918 (Liquidez detectada)
src.infrastructure.providers.mercado_data_provider | DEBUG | RTD: preco_ativo JHSF3=10.67 forçado com sucesso
src.infrastructure.providers.mercado_data_provider | DEBUG | RTD: Detalhes completos registrados para BBDC4|BBDCU23 (Liquidez detectada)
src.infrastructure.providers.mercado_data_provider | DEBUG | RTD: preco_ativo BBDC4=18.40 forçado com sucesso
src.infrastructure.providers.mercado_data_provider | DEBUG | RTD: Detalhes completos registrados para RADL3|RADLU163 (Liquidez detectada)
src.infrastructure.providers.mercado_data_provider | DEBUG | RTD: preco_ativo RADL3=17.74 forçado com sucesso
src.infrastructure.providers.mercado_data_provider | DEBUG | RTD: Detalhes completos registrados para HAPV3|HAPVT325 (Liquidez detectada)
src.infrastructure.providers.mercado_data_provider | DEBUG | RTD: preco_ativo HAPV3=10.52 forçado com sucesso
src.infrastructure.providers.mercado_data_provider | DEBUG | RTD: Detalhes completos registrados para ITUB4|ITUBX433 (Liquidez detectada)
src.infrastructure.providers.mercado_data_provider | DEBUG | RTD: preco_ativo ITUB4=42.03 forçado com sucesso
src.infrastructure.providers.mercado_data_provider | DEBUG | RTD: Detalhes completos registrados para BRAV3|BRAVX177 (Liquidez detectada)
src.infrastructure.providers.mercado_data_provider | DEBUG | RTD: preco_ativo BRAV3=20.88 forçado com sucesso
src.infrastructure.providers.mercado_data_provider | DEBUG | RTD: Detalhes completos registrados para JHSF3|JHSFT102 (Liquidez detectada)
src.infrastructure.providers.mercado_data_provider | DEBUG | RTD: preco_ativo JHSF3=10.67 forçado com sucesso
src.infrastructure.providers.mercado_data_provider | DEBUG | RTD: Detalhes completos registrados para PETR4|PETRT527 (Liquidez detectada)
src.infrastructure.providers.mercado_data_provider | DEBUG | RTD: preco_ativo PETR4=41.91 forçado com sucesso
src.infrastructure.providers.mercado_data_provider | DEBUG | RTD: Detalhes completos registrados para BRAP4|BRAPT179 (Liquidez detectada)
src.infrastructure.providers.mercado_data_provider | DEBUG | RTD: preco_ativo BRAP4=21.69 forçado com sucesso
src.infrastructure.providers.mercado_data_provider | DEBUG | RTD: Detalhes completos registrados para LREN3|LRENT130 (Liquidez detectada)
src.infrastructure.providers.mercado_data_provider | DEBUG | RTD: preco_ativo LREN3=13.38 forçado com sucesso
src.infrastructure.providers.mercado_data_provider | DEBUG | RTD: Detalhes completos registrados para MGLU3|MGLUV464 (Liquidez detectada)
src.infrastructure.providers.mercado_data_provider | DEBUG | RTD: preco_ativo MGLU3=4.76 forçado com sucesso
src.infrastructure.providers.mercado_data_provider | DEBUG | RTD: Detalhes completos registrados para TAEE11|TAEET390 (Liquidez detectada)
src.infrastructure.providers.mercado_data_provider | DEBUG | RTD: preco_ativo TAEE11=39.12 forçado com sucesso
src.infrastructure.providers.mercado_data_provider | DEBUG | RTD: Detalhes completos registrados para GGBR4|GGBRU222 (Liquidez detectada)
src.infrastructure.providers.mercado_data_provider | DEBUG | RTD: preco_ativo GGBR4=24.80 forçado com sucesso
src.infrastructure.providers.mercado_data_provider | DEBUG | RTD: Detalhes completos registrados para ALPA4|ALPAU117 (Liquidez detectada)
src.infrastructure.providers.mercado_data_provider | DEBUG | RTD: preco_ativo ALPA4=11.52 forçado com sucesso
src.infrastructure.providers.mercado_data_provider | DEBUG | RTD: Detalhes completos registrados para ITUB4|ITUBV395W2 (Liquidez detectada)
src.infrastructure.providers.mercado_data_provider | DEBUG | RTD: preco_ativo ITUB4=42.03 forçado com sucesso
src.infrastructure.providers.mercado_data_provider | DEBUG | RTD: Detalhes completos registrados para BRAV3|BRAVT165 (Liquidez detectada)
src.infrastructure.providers.mercado_data_provider | DEBUG | RTD: preco_ativo BRAV3=20.88 forçado com sucesso
src.infrastructure.providers.mercado_data_provider | DEBUG | RTD: Detalhes completos registrados para RAIL3|RAILW983 (Liquidez detectada)
src.infrastructure.providers.mercado_data_provider | DEBUG | RTD: preco_ativo RAIL3=13.97 forçado com sucesso
src.infrastructure.providers.mercado_data_provider | DEBUG | RTD: Detalhes completos registrados para CSMG3|CSMGT623 (Liquidez detectada)
src.infrastructure.providers.mercado_data_provider | DEBUG | RTD: preco_ativo CSMG3=61.94 forçado com sucesso
src.infrastructure.providers.mercado_data_provider | DEBUG | RTD: Detalhes completos registrados para EGIE3|EGIEU317 (Liquidez detectada)
src.infrastructure.providers.mercado_data_provider | DEBUG | RTD: preco_ativo EGIE3=29.42 forçado com sucesso
src.infrastructure.providers.mercado_data_provider | DEBUG | RTD: Detalhes completos registrados para PRIO3|PRIOU322 (Liquidez detectada)
src.infrastructure.providers.mercado_data_provider | DEBUG | RTD: preco_ativo PRIO3=58.27 forçado com sucesso
src.infrastructure.providers.mercado_data_provider | DEBUG | RTD: Detalhes completos registrados para BBDC4|BBDCT221 (Liquidez detectada)
src.infrastructure.providers.mercado_data_provider | DEBUG | RTD: preco_ativo BBDC4=18.40 forçado com sucesso
src.infrastructure.providers.mercado_data_provider | DEBUG | RTD: Detalhes completos registrados para BBSE3|BBSEV470 (Liquidez detectada)
src.infrastructure.providers.mercado_data_provider | DEBUG | RTD: preco_ativo BBSE3=41.16 forçado com sucesso
src.infrastructure.providers.mercado_data_provider | DEBUG | RTD: Detalhes completos registrados para EMBJ3|EMBJT823 (Liquidez detectada)
src.infrastructure.providers.mercado_data_provider | DEBUG | RTD: preco_ativo EMBJ3=86.64 forçado com sucesso
src.infrastructure.providers.mercado_data_provider | DEBUG | RTD: Detalhes completos registrados para BPAC11|BPACU676 (Liquidez detectada)
src.infrastructure.providers.mercado_data_provider | DEBUG | RTD: preco_ativo BPAC11=55.03 forçado com sucesso
src.infrastructure.providers.mercado_data_provider | DEBUG | RTD: Detalhes completos registrados para ITUB4|ITUBX392 (Liquidez detectada)
src.infrastructure.providers.mercado_data_provider | DEBUG | RTD: preco_ativo ITUB4=42.03 forçado com sucesso
src.infrastructure.providers.mercado_data_provider | DEBUG | RTD: Detalhes completos registrados para BBSE3|BBSET396 (Liquidez detectada)
src.infrastructure.providers.mercado_data_provider | DEBUG | RTD: preco_ativo BBSE3=41.16 forçado com sucesso
src.infrastructure.providers.mercado_data_provider | DEBUG | RTD: Detalhes completos registrados para BBAS3|BBASX25 (Liquidez detectada)
src.infrastructure.providers.mercado_data_provider | DEBUG | RTD: preco_ativo BBAS3=20.82 forçado com sucesso
src.infrastructure.providers.mercado_data_provider | DEBUG | RTD: Detalhes completos registrados para IRBR3|IRBRT473W1 (Liquidez detectada)
src.infrastructure.providers.mercado_data_provider | DEBUG | RTD: preco_ativo IRBR3=53.33 forçado com sucesso
src.infrastructure.providers.mercado_data_provider | DEBUG | RTD: Detalhes completos registrados para CXSE3|CXSEU221 (Liquidez detectada)
src.infrastructure.providers.mercado_data_provider | DEBUG | RTD: preco_ativo CXSE3=20.41 forçado com sucesso
src.infrastructure.providers.mercado_data_provider | DEBUG | RTD: Detalhes completos registrados para ABEV3|ABEVT167 (Liquidez detectada)
src.infrastructure.providers.mercado_data_provider | DEBUG | RTD: preco_ativo ABEV3=16.03 forçado com sucesso
src.infrastructure.providers.mercado_data_provider | DEBUG | RTD: Detalhes completos registrados para QUAL3|QUALT139 (Liquidez detectada)
src.infrastructure.providers.mercado_data_provider | DEBUG | RTD: preco_ativo QUAL3=1.45 forçado com sucesso
src.infrastructure.providers.mercado_data_provider | DEBUG | RTD: Detalhes completos registrados para BBAS3|BBASW200 (Liquidez detectada)
src.infrastructure.providers.mercado_data_provider | DEBUG | RTD: preco_ativo BBAS3=20.82 forçado com sucesso
src.infrastructure.providers.mercado_data_provider | DEBUG | RTD: Detalhes completos registrados para RADL3|RADLU131 (Liquidez detectada)
src.infrastructure.providers.mercado_data_provider | DEBUG | RTD: preco_ativo RADL3=17.74 forçado com sucesso
src.infrastructure.providers.mercado_data_provider | DEBUG | RTD: Detalhes completos registrados para MGLU3|MGLUU315 (Liquidez detectada)
src.infrastructure.providers.mercado_data_provider | DEBUG | RTD: preco_ativo MGLU3=4.76 forçado com sucesso
src.infrastructure.providers.mercado_data_provider | DEBUG | RTD: Detalhes completos registrados para BBAS3|BBAST161W2 (Liquidez detectada)
src.infrastructure.providers.mercado_data_provider | DEBUG | RTD: preco_ativo BBAS3=20.82 forçado com sucesso
src.infrastructure.providers.mercado_data_provider | DEBUG | RTD: Detalhes completos registrados para ALPA4|ALPAU804 (Liquidez detectada)
src.infrastructure.providers.mercado_data_provider | DEBUG | RTD: preco_ativo ALPA4=11.52 forçado com sucesso
src.infrastructure.providers.mercado_data_provider | DEBUG | RTD: Detalhes completos registrados para BMGB4|BMGBT481 (Liquidez detectada)
src.infrastructure.providers.mercado_data_provider | DEBUG | RTD: preco_ativo BMGB4=5.19 forçado com sucesso
src.infrastructure.providers.mercado_data_provider | DEBUG | RTD: Detalhes completos registrados para CSNA3|CSNAW423 (Liquidez detectada)
src.infrastructure.providers.mercado_data_provider | DEBUG | RTD: preco_ativo CSNA3=5.28 forçado com sucesso
src.infrastructure.providers.mercado_data_provider | DEBUG | RTD: Detalhes completos registrados para CPLE3|CPLEV110 (Liquidez detectada)
src.infrastructure.providers.mercado_data_provider | DEBUG | RTD: preco_ativo CPLE3=14.67 forçado com sucesso
src.infrastructure.providers.mercado_data_provider | DEBUG | RTD: Detalhes completos registrados para PETR4|PETRT229 (Liquidez detectada)
src.infrastructure.providers.mercado_data_provider | DEBUG | RTD: preco_ativo PETR4=41.91 forçado com sucesso
src.infrastructure.providers.mercado_data_provider | DEBUG | RTD: Detalhes completos registrados para CURY3|CURYT309 (Liquidez detectada)
src.infrastructure.providers.mercado_data_provider | DEBUG | RTD: preco_ativo CURY3=28.80 forçado com sucesso
src.infrastructure.providers.mercado_data_provider | DEBUG | RTD: Detalhes completos registrados para BBAS3|BBASM189 (Liquidez detectada)
src.infrastructure.providers.mercado_data_provider | DEBUG | RTD: preco_ativo BBAS3=20.82 forçado com sucesso
src.infrastructure.providers.mercado_data_provider | DEBUG | RTD: Detalhes completos registrados para PETR4|PETRT308W1 (Liquidez detectada)
src.infrastructure.providers.mercado_data_provider | DEBUG | RTD: preco_ativo PETR4=41.91 forçado com sucesso
src.infrastructure.providers.mercado_data_provider | DEBUG | RTD: Detalhes completos registrados para POSI3|POSIT305 (Liquidez detectada)
src.infrastructure.providers.mercado_data_provider | DEBUG | RTD: preco_ativo POSI3=3.56 forçado com sucesso
src.infrastructure.providers.mercado_data_provider | DEBUG | RTD: Detalhes completos registrados para B3SA3|B3SAX160 (Liquidez detectada)
src.infrastructure.providers.mercado_data_provider | DEBUG | RTD: preco_ativo B3SA3=15.47 forçado com sucesso
src.infrastructure.providers.mercado_data_provider | DEBUG | RTD: Detalhes completos registrados para PETR4|PETRU36 (Liquidez detectada)
src.infrastructure.providers.mercado_data_provider | DEBUG | RTD: preco_ativo PETR4=41.91 forçado com sucesso
src.infrastructure.providers.mercado_data_provider | DEBUG | RTD: Detalhes completos registrados para BBAS3|BBAST977 (Liquidez detectada)
src.infrastructure.providers.mercado_data_provider | DEBUG | RTD: preco_ativo BBAS3=20.82 forçado com sucesso
src.infrastructure.providers.mercado_data_provider | DEBUG | RTD: Detalhes completos registrados para MRVE3|MRVET370W2 (Liquidez detectada)
src.infrastructure.providers.mercado_data_provider | DEBUG | RTD: preco_ativo MRVE3=4.56 forçado com sucesso
src.infrastructure.providers.mercado_data_provider | DEBUG | RTD: Detalhes completos registrados para ALUP11|ALUPU313 (Liquidez detectada)
src.infrastructure.providers.mercado_data_provider | DEBUG | RTD: preco_ativo ALUP11=32.48 forçado com sucesso
src.infrastructure.providers.mercado_data_provider | DEBUG | RTD: Detalhes completos registrados para IRBR3|IRBRT541 (Liquidez detectada)
src.infrastructure.providers.mercado_data_provider | DEBUG | RTD: preco_ativo IRBR3=53.33 forçado com sucesso
src.infrastructure.providers.mercado_data_provider | DEBUG | RTD: Detalhes completos registrados para PETR4|PETRV441 (Liquidez detectada)
src.infrastructure.providers.mercado_data_provider | DEBUG | RTD: preco_ativo PETR4=41.91 forçado com sucesso
src.infrastructure.providers.mercado_data_provider | DEBUG | RTD: Detalhes completos registrados para BBAS3|BBAST3 (Liquidez detectada)
src.infrastructure.providers.mercado_data_provider | DEBUG | RTD: preco_ativo BBAS3=20.82 forçado com sucesso
src.infrastructure.providers.mercado_data_provider | DEBUG | RTD: Detalhes completos registrados para EQTL3|EQTLV394 (Liquidez detectada)
src.infrastructure.providers.mercado_data_provider | DEBUG | RTD: preco_ativo EQTL3=37.99 forçado com sucesso
src.infrastructure.providers.mercado_data_provider | DEBUG | RTD: Detalhes completos registrados para ABEV3|ABEVU110 (Liquidez detectada)
src.infrastructure.providers.mercado_data_provider | DEBUG | RTD: preco_ativo ABEV3=16.03 forçado com sucesso
src.infrastructure.providers.mercado_data_provider | DEBUG | RTD: Detalhes completos registrados para MOVI3|MOVIT710 (Liquidez detectada)
src.infrastructure.providers.mercado_data_provider | DEBUG | RTD: preco_ativo MOVI3=7.85 forçado com sucesso
src.infrastructure.providers.mercado_data_provider | DEBUG | RTD: Detalhes completos registrados para MDIA3|MDIAU125 (Liquidez detectada)
src.infrastructure.providers.mercado_data_provider | DEBUG | RTD: preco_ativo MDIA3=17.04 forçado com sucesso
src.infrastructure.providers.mercado_data_provider | DEBUG | RTD: Detalhes completos registrados para ITUB4|ITUBT454W2 (Liquidez detectada)
src.infrastructure.providers.mercado_data_provider | DEBUG | RTD: preco_ativo ITUB4=42.03 forçado com sucesso
src.infrastructure.providers.mercado_data_provider | DEBUG | RTD: Detalhes completos registrados para NATU3|NATUT950 (Liquidez detectada)
src.infrastructure.providers.mercado_data_provider | DEBUG | RTD: preco_ativo NATU3=8.35 forçado com sucesso
src.infrastructure.providers.mercado_data_provider | DEBUG | RTD: Detalhes completos registrados para NATU3|NATUW860 (Liquidez detectada)
src.infrastructure.providers.mercado_data_provider | DEBUG | RTD: preco_ativo NATU3=8.35 forçado com sucesso
src.infrastructure.providers.mercado_data_provider | DEBUG | RTD: Detalhes completos registrados para ALOS3|ALOST281 (Liquidez detectada)
src.infrastructure.providers.mercado_data_provider | DEBUG | RTD: preco_ativo ALOS3=26.52 forçado com sucesso
src.infrastructure.providers.mercado_data_provider | DEBUG | RTD: Detalhes completos registrados para ENGI11|ENGIU488 (Liquidez detectada)
src.infrastructure.providers.mercado_data_provider | DEBUG | RTD: preco_ativo ENGI11=48.98 forçado com sucesso
src.infrastructure.providers.mercado_data_provider | DEBUG | RTD: Detalhes completos registrados para BRAP4|BRAPW201 (Liquidez detectada)
src.infrastructure.providers.mercado_data_provider | DEBUG | RTD: preco_ativo BRAP4=21.69 forçado com sucesso
src.infrastructure.providers.mercado_data_provider | DEBUG | RTD: Detalhes completos registrados para IGTI11|IGTIU187 (Liquidez detectada)
src.infrastructure.providers.mercado_data_provider | DEBUG | RTD: preco_ativo IGTI11=24.53 forçado com sucesso
src.infrastructure.providers.mercado_data_provider | DEBUG | RTD: Detalhes completos registrados para YDUQ3|YDUQT686 (Liquidez detectada)
src.infrastructure.providers.mercado_data_provider | DEBUG | RTD: preco_ativo YDUQ3=8.10 forçado com sucesso
src.infrastructure.providers.mercado_data_provider | DEBUG | RTD: Detalhes completos registrados para ENGI11|ENGIT471 (Liquidez detectada)
src.infrastructure.providers.mercado_data_provider | DEBUG | RTD: preco_ativo ENGI11=48.98 forçado com sucesso
src.infrastructure.providers.mercado_data_provider | DEBUG | RTD: Detalhes completos registrados para KLBN11|KLBNT171 (Liquidez detectada)
src.infrastructure.providers.mercado_data_provider | DEBUG | RTD: preco_ativo KLBN11=18.03 forçado com sucesso
src.infrastructure.providers.mercado_data_provider | DEBUG | RTD: Detalhes completos registrados para EMBJ3|EMBJU625 (Liquidez detectada)
src.infrastructure.providers.mercado_data_provider | DEBUG | RTD: preco_ativo EMBJ3=86.64 forçado com sucesso
src.infrastructure.providers.mercado_data_provider | DEBUG | RTD: Detalhes completos registrados para RADL3|RADLT195 (Liquidez detectada)
src.infrastructure.providers.mercado_data_provider | DEBUG | RTD: preco_ativo RADL3=17.74 forçado com sucesso
src.infrastructure.providers.mercado_data_provider | DEBUG | RTD: Detalhes completos registrados para PRIO3|PRIOT605W2 (Liquidez detectada)
src.infrastructure.providers.mercado_data_provider | DEBUG | RTD: preco_ativo PRIO3=58.27 forçado com sucesso
src.infrastructure.providers.mercado_data_provider | DEBUG | RTD: Detalhes completos registrados para PSSA3|PSSAU456 (Liquidez detectada)
src.infrastructure.providers.mercado_data_provider | DEBUG | RTD: preco_ativo PSSA3=53.59 forçado com sucesso
src.infrastructure.providers.mercado_data_provider | DEBUG | RTD: Detalhes completos registrados para ITSA4|ITSAT132W1 (Liquidez detectada)
src.infrastructure.providers.mercado_data_provider | DEBUG | RTD: preco_ativo ITSA4=13.54 forçado com sucesso
src.infrastructure.providers.mercado_data_provider | DEBUG | RTD: Detalhes completos registrados para VIVA3|VIVAU221 (Liquidez detectada)
src.infrastructure.providers.mercado_data_provider | DEBUG | RTD: preco_ativo VIVA3=22.31 forçado com sucesso
src.infrastructure.providers.mercado_data_provider | DEBUG | RTD: Detalhes completos registrados para BBDC3|BBDCU148 (Liquidez detectada)
src.infrastructure.providers.mercado_data_provider | DEBUG | RTD: preco_ativo BBDC3=16.03 forçado com sucesso
src.infrastructure.providers.mercado_data_provider | DEBUG | RTD: Detalhes completos registrados para BBAS3|BBAST191W2 (Liquidez detectada)
src.infrastructure.providers.mercado_data_provider | DEBUG | RTD: preco_ativo BBAS3=20.82 forçado com sucesso
src.infrastructure.providers.mercado_data_provider | DEBUG | RTD: Detalhes completos registrados para PETR4|PETRW442 (Liquidez detectada)
src.infrastructure.providers.mercado_data_provider | DEBUG | RTD: preco_ativo PETR4=41.91 forçado com sucesso
src.infrastructure.providers.mercado_data_provider | DEBUG | RTD: Detalhes completos registrados para CMIG4|CMIGT115 (Liquidez detectada)
src.infrastructure.providers.mercado_data_provider | DEBUG | RTD: preco_ativo CMIG4=11.10 forçado com sucesso
src.infrastructure.providers.mercado_data_provider | DEBUG | RTD: Detalhes completos registrados para PETR4|PETRT403W2 (Liquidez detectada)
src.infrastructure.providers.mercado_data_provider | DEBUG | RTD: preco_ativo PETR4=41.91 forçado com sucesso
src.infrastructure.providers.mercado_data_provider | DEBUG | RTD: Detalhes completos registrados para BBSE3|BBSEU421 (Liquidez detectada)
src.infrastructure.providers.mercado_data_provider | DEBUG | RTD: preco_ativo BBSE3=41.16 forçado com sucesso
src.infrastructure.providers.mercado_data_provider | DEBUG | RTD: Detalhes completos registrados para PETR4|PETRW422 (Liquidez detectada)
src.infrastructure.providers.mercado_data_provider | DEBUG | RTD: preco_ativo PETR4=41.91 forçado com sucesso
src.infrastructure.providers.mercado_data_provider | DEBUG | RTD: Detalhes completos registrados para VALE3|VALET711W2 (Liquidez detectada)
src.infrastructure.providers.mercado_data_provider | DEBUG | RTD: preco_ativo VALE3=75.14 forçado com sucesso
src.infrastructure.providers.mercado_data_provider | DEBUG | RTD: Detalhes completos registrados para B3SA3|B3SAM895 (Liquidez detectada)
src.infrastructure.providers.mercado_data_provider | DEBUG | RTD: preco_ativo B3SA3=15.47 forçado com sucesso
src.infrastructure.providers.mercado_data_provider | DEBUG | RTD: Detalhes completos registrados para LWSA3|LWSAT385 (Liquidez detectada)
src.infrastructure.providers.mercado_data_provider | DEBUG | RTD: preco_ativo LWSA3=3.71 forçado com sucesso
src.infrastructure.providers.mercado_data_provider | DEBUG | RTD: Detalhes completos registrados para BBSE3|BBSEU436 (Liquidez detectada)
src.infrastructure.providers.mercado_data_provider | DEBUG | RTD: preco_ativo BBSE3=41.16 forçado com sucesso
src.infrastructure.providers.mercado_data_provider | DEBUG | RTD: Detalhes completos registrados para CYRE3|CYRET189W1 (Liquidez detectada)
src.infrastructure.providers.mercado_data_provider | DEBUG | RTD: preco_ativo CYRE3=20.66 forçado com sucesso
src.infrastructure.providers.mercado_data_provider | DEBUG | RTD: Detalhes completos registrados para MBRF3|MBRFT103 (Liquidez detectada)
src.infrastructure.providers.mercado_data_provider | DEBUG | RTD: preco_ativo MBRF3=16.59 forçado com sucesso
src.infrastructure.providers.mercado_data_provider | DEBUG | RTD: Detalhes completos registrados para MOTV3|MOTVU109 (Liquidez detectada)
src.infrastructure.providers.mercado_data_provider | DEBUG | RTD: preco_ativo MOTV3=14.18 forçado com sucesso
src.infrastructure.providers.mercado_data_provider | DEBUG | RTD: Detalhes completos registrados para PRIO3|PRIOU645 (Liquidez detectada)
src.infrastructure.providers.mercado_data_provider | DEBUG | RTD: preco_ativo PRIO3=58.27 forçado com sucesso
src.infrastructure.providers.mercado_data_provider | DEBUG | RTD: Detalhes completos registrados para BBDC4|BBDCV9 (Liquidez detectada)
src.infrastructure.providers.mercado_data_provider | DEBUG | RTD: preco_ativo BBDC4=18.40 forçado com sucesso
src.infrastructure.providers.mercado_data_provider | DEBUG | RTD: Detalhes completos registrados para EMBJ3|EMBJT813W1 (Liquidez detectada)
src.infrastructure.providers.mercado_data_provider | DEBUG | RTD: preco_ativo EMBJ3=86.64 forçado com sucesso
src.infrastructure.providers.mercado_data_provider | DEBUG | RTD: Detalhes completos registrados para MGLU3|MGLUT211 (Liquidez detectada)
src.infrastructure.providers.mercado_data_provider | DEBUG | RTD: preco_ativo MGLU3=4.76 forçado com sucesso
src.infrastructure.providers.mercado_data_provider | DEBUG | RTD: Detalhes completos registrados para ITUB4|ITUBT382W1 (Liquidez detectada)
src.infrastructure.providers.mercado_data_provider | DEBUG | RTD: preco_ativo ITUB4=42.03 forçado com sucesso
src.infrastructure.providers.mercado_data_provider | DEBUG | RTD: Detalhes completos registrados para LJQQ3|LJQQT900 (Liquidez detectada)
src.infrastructure.providers.mercado_data_provider | DEBUG | RTD: preco_ativo LJQQ3=1.20 forçado com sucesso
src.infrastructure.providers.mercado_data_provider | DEBUG | RTD: Detalhes completos registrados para BBAS3|BBAST140 (Liquidez detectada)
src.infrastructure.providers.mercado_data_provider | DEBUG | RTD: preco_ativo BBAS3=20.82 forçado com sucesso
src.infrastructure.providers.mercado_data_provider | DEBUG | RTD: Detalhes completos registrados para BBDC4|BBDCT171W1 (Liquidez detectada)
src.infrastructure.providers.mercado_data_provider | DEBUG | RTD: preco_ativo BBDC4=18.40 forçado com sucesso
src.infrastructure.providers.mercado_data_provider | DEBUG | RTD: Detalhes completos registrados para BBSE3|BBSET301 (Liquidez detectada)
src.infrastructure.providers.mercado_data_provider | DEBUG | RTD: preco_ativo BBSE3=41.16 forçado com sucesso
src.infrastructure.providers.mercado_data_provider | DEBUG | RTD: Detalhes completos registrados para BBAS3|BBASV200 (Liquidez detectada)
src.infrastructure.providers.mercado_data_provider | DEBUG | RTD: preco_ativo BBAS3=20.82 forçado com sucesso
src.infrastructure.providers.mercado_data_provider | DEBUG | RTD: Detalhes completos registrados para ALOS3|ALOSV295 (Liquidez detectada)
src.infrastructure.providers.mercado_data_provider | DEBUG | RTD: preco_ativo ALOS3=26.52 forçado com sucesso
src.infrastructure.providers.mercado_data_provider | DEBUG | RTD: Detalhes completos registrados para PETR4|PETRT459W1 (Liquidez detectada)
src.infrastructure.providers.mercado_data_provider | DEBUG | RTD: preco_ativo PETR4=41.91 forçado com sucesso
src.infrastructure.providers.mercado_data_provider | DEBUG | RTD: Detalhes completos registrados para CYRE3|CYRET183 (Liquidez detectada)
src.infrastructure.providers.mercado_data_provider | DEBUG | RTD: preco_ativo CYRE3=20.66 forçado com sucesso
src.infrastructure.providers.mercado_data_provider | DEBUG | RTD: Detalhes completos registrados para PETR4|PETRU312 (Liquidez detectada)
src.infrastructure.providers.mercado_data_provider | DEBUG | RTD: preco_ativo PETR4=41.91 forçado com sucesso
src.infrastructure.providers.mercado_data_provider | DEBUG | RTD: Detalhes completos registrados para AMAR3|AMARU300 (Liquidez detectada)
src.infrastructure.providers.mercado_data_provider | DEBUG | RTD: preco_ativo AMAR3=0.59 forçado com sucesso
src.infrastructure.providers.mercado_data_provider | DEBUG | RTD: Detalhes completos registrados para ALOS3|ALOST294 (Liquidez detectada)
src.infrastructure.providers.mercado_data_provider | DEBUG | RTD: preco_ativo ALOS3=26.52 forçado com sucesso
src.infrastructure.providers.mercado_data_provider | DEBUG | RTD: Detalhes completos registrados para BBDC4|BBDCT156W1 (Liquidez detectada)
src.infrastructure.providers.mercado_data_provider | DEBUG | RTD: preco_ativo BBDC4=18.40 forçado com sucesso
src.infrastructure.providers.mercado_data_provider | DEBUG | RTD: Detalhes completos registrados para KLBN11|KLBNM148 (Liquidez detectada)
src.infrastructure.providers.mercado_data_provider | DEBUG | RTD: preco_ativo KLBN11=18.03 forçado com sucesso
src.infrastructure.providers.mercado_data_provider | DEBUG | RTD: Detalhes completos registrados para RADL3|RADLT192W2 (Liquidez detectada)
src.infrastructure.providers.mercado_data_provider | DEBUG | RTD: preco_ativo RADL3=17.74 forçado com sucesso
src.infrastructure.providers.mercado_data_provider | DEBUG | RTD: Detalhes completos registrados para LEVE3|LEVET268 (Liquidez detectada)
src.infrastructure.providers.mercado_data_provider | DEBUG | RTD: preco_ativo LEVE3=31.26 forçado com sucesso
src.infrastructure.providers.mercado_data_provider | DEBUG | RTD: Detalhes completos registrados para VLID3|VLIDU132 (Liquidez detectada)
src.infrastructure.providers.mercado_data_provider | DEBUG | RTD: preco_ativo VLID3=17.96 forçado com sucesso
src.infrastructure.providers.mercado_data_provider | DEBUG | RTD: Detalhes completos registrados para BBSE3|BBSET386W2 (Liquidez detectada)
src.infrastructure.providers.mercado_data_provider | DEBUG | RTD: preco_ativo BBSE3=41.16 forçado com sucesso
src.infrastructure.providers.mercado_data_provider | DEBUG | RTD: Detalhes completos registrados para QUAL3|QUALX20 (Liquidez detectada)
src.infrastructure.providers.mercado_data_provider | DEBUG | RTD: preco_ativo QUAL3=1.45 forçado com sucesso
src.infrastructure.providers.mercado_data_provider | DEBUG | RTD: Detalhes completos registrados para INTB3|INTBT138 (Liquidez detectada)
src.infrastructure.providers.mercado_data_provider | DEBUG | RTD: preco_ativo INTB3=13.48 forçado com sucesso
src.infrastructure.providers.mercado_data_provider | DEBUG | RTD: Detalhes completos registrados para ITUB4|ITUBU348 (Liquidez detectada)
src.infrastructure.providers.mercado_data_provider | DEBUG | RTD: preco_ativo ITUB4=42.03 forçado com sucesso
src.infrastructure.providers.mercado_data_provider | DEBUG | RTD: Detalhes completos registrados para MGLU3|MGLUT525W2 (Liquidez detectada)
src.infrastructure.providers.mercado_data_provider | DEBUG | RTD: preco_ativo MGLU3=4.76 forçado com sucesso
src.infrastructure.providers.mercado_data_provider | DEBUG | RTD: Detalhes completos registrados para CSMG3|CSMGX532 (Liquidez detectada)
src.infrastructure.providers.mercado_data_provider | DEBUG | RTD: preco_ativo CSMG3=61.94 forçado com sucesso
src.infrastructure.providers.mercado_data_provider | DEBUG | RTD: Detalhes completos registrados para HBOR3|HBORU202 (Liquidez detectada)
src.infrastructure.providers.mercado_data_provider | DEBUG | RTD: preco_ativo HBOR3=1.84 forçado com sucesso
src.infrastructure.providers.mercado_data_provider | DEBUG | RTD: Detalhes completos registrados para EQTL3|EQTLT379W2 (Liquidez detectada)
src.infrastructure.providers.mercado_data_provider | DEBUG | RTD: preco_ativo EQTL3=37.99 forçado com sucesso
src.infrastructure.providers.mercado_data_provider | DEBUG | RTD: Detalhes completos registrados para CEAB3|CEABT872 (Liquidez detectada)
src.infrastructure.providers.mercado_data_provider | DEBUG | RTD: preco_ativo CEAB3=9.17 forçado com sucesso
src.infrastructure.providers.mercado_data_provider | DEBUG | RTD: Detalhes completos registrados para CPLE3|CPLEU970 (Liquidez detectada)
src.infrastructure.providers.mercado_data_provider | DEBUG | RTD: preco_ativo CPLE3=14.67 forçado com sucesso
src.infrastructure.providers.mercado_data_provider | DEBUG | RTD: Detalhes completos registrados para HAPV3|HAPVU110 (Liquidez detectada)
src.infrastructure.providers.mercado_data_provider | DEBUG | RTD: preco_ativo HAPV3=10.52 forçado com sucesso
src.infrastructure.providers.mercado_data_provider | DEBUG | RTD: Detalhes completos registrados para ABEV3|ABEVT143W2 (Liquidez detectada)
src.infrastructure.providers.mercado_data_provider | DEBUG | RTD: preco_ativo ABEV3=16.03 forçado com sucesso
src.infrastructure.providers.mercado_data_provider | DEBUG | RTD: Detalhes completos registrados para CEAB3|CEABW90 (Liquidez detectada)
src.infrastructure.providers.mercado_data_provider | DEBUG | RTD: preco_ativo CEAB3=9.17 forçado com sucesso
src.infrastructure.providers.mercado_data_provider | DEBUG | RTD: Detalhes completos registrados para LWSA3|LWSAT360 (Liquidez detectada)
src.infrastructure.providers.mercado_data_provider | DEBUG | RTD: preco_ativo LWSA3=3.71 forçado com sucesso
src.infrastructure.providers.mercado_data_provider | DEBUG | RTD: Detalhes completos registrados para ECOR3|ECORU50 (Liquidez detectada)
src.infrastructure.providers.mercado_data_provider | DEBUG | RTD: preco_ativo ECOR3=6.89 forçado com sucesso
src.infrastructure.providers.mercado_data_provider | DEBUG | RTD: Detalhes completos registrados para BPAC11|BPACW577 (Liquidez detectada)
src.infrastructure.providers.mercado_data_provider | DEBUG | RTD: preco_ativo BPAC11=55.03 forçado com sucesso
src.infrastructure.providers.mercado_data_provider | DEBUG | RTD: Detalhes completos registrados para BRAV3|BRAVV17 (Liquidez detectada)
src.infrastructure.providers.mercado_data_provider | DEBUG | RTD: preco_ativo BRAV3=20.88 forçado com sucesso
src.infrastructure.providers.mercado_data_provider | DEBUG | RTD: Detalhes completos registrados para EMBJ3|EMBJU623 (Liquidez detectada)
src.infrastructure.providers.mercado_data_provider | DEBUG | RTD: preco_ativo EMBJ3=86.64 forçado com sucesso
src.infrastructure.providers.mercado_data_provider | DEBUG | RTD: Detalhes completos registrados para BBAS3|BBASV225 (Liquidez detectada)
src.infrastructure.providers.mercado_data_provider | DEBUG | RTD: preco_ativo BBAS3=20.82 forçado com sucesso
src.infrastructure.providers.mercado_data_provider | DEBUG | RTD: Detalhes completos registrados para HYPE3|HYPEU218 (Liquidez detectada)
src.infrastructure.providers.mercado_data_provider | DEBUG | RTD: preco_ativo HYPE3=21.05 forçado com sucesso
src.infrastructure.providers.mercado_data_provider | DEBUG | RTD: Detalhes completos registrados para PETR4|PETRU454 (Liquidez detectada)
src.infrastructure.providers.mercado_data_provider | DEBUG | RTD: preco_ativo PETR4=41.91 forçado com sucesso
src.infrastructure.providers.mercado_data_provider | DEBUG | RTD: Detalhes completos registrados para BPAC11|BPACT520 (Liquidez detectada)
src.infrastructure.providers.mercado_data_provider | DEBUG | RTD: preco_ativo BPAC11=55.03 forçado com sucesso
src.infrastructure.providers.mercado_data_provider | DEBUG | RTD: Detalhes completos registrados para MOVI3|MOVIU643 (Liquidez detectada)
src.infrastructure.providers.mercado_data_provider | DEBUG | RTD: preco_ativo MOVI3=7.85 forçado com sucesso
src.infrastructure.providers.mercado_data_provider | DEBUG | RTD: Detalhes completos registrados para BPAC11|BPACU666 (Liquidez detectada)
src.infrastructure.providers.mercado_data_provider | DEBUG | RTD: preco_ativo BPAC11=55.03 forçado com sucesso
src.infrastructure.providers.mercado_data_provider | DEBUG | RTD: Detalhes completos registrados para CSAN3|CSANU240 (Liquidez detectada)
src.infrastructure.providers.mercado_data_provider | DEBUG | RTD: preco_ativo CSAN3=3.92 forçado com sucesso
src.infrastructure.providers.mercado_data_provider | DEBUG | RTD: Detalhes completos registrados para EMBJ3|EMBJU873 (Liquidez detectada)
src.infrastructure.providers.mercado_data_provider | DEBUG | RTD: preco_ativo EMBJ3=86.64 forçado com sucesso
src.infrastructure.providers.mercado_data_provider | DEBUG | RTD: Detalhes completos registrados para BMGB4|BMGBU534 (Liquidez detectada)
src.infrastructure.providers.mercado_data_provider | DEBUG | RTD: preco_ativo BMGB4=5.19 forçado com sucesso
src.infrastructure.providers.mercado_data_provider | DEBUG | RTD: Detalhes completos registrados para PRIO3|PRIOT610 (Liquidez detectada)
src.infrastructure.providers.mercado_data_provider | DEBUG | RTD: preco_ativo PRIO3=58.27 forçado com sucesso
src.infrastructure.providers.mercado_data_provider | DEBUG | RTD: Detalhes completos registrados para ASAI3|ASAIT690 (Liquidez detectada)
src.infrastructure.providers.mercado_data_provider | DEBUG | RTD: preco_ativo ASAI3=8.21 forçado com sucesso
src.infrastructure.providers.mercado_data_provider | DEBUG | RTD: Detalhes completos registrados para IRBR3|IRBRU551 (Liquidez detectada)
src.infrastructure.providers.mercado_data_provider | DEBUG | RTD: preco_ativo IRBR3=53.33 forçado com sucesso
src.infrastructure.providers.mercado_data_provider | DEBUG | RTD: Detalhes completos registrados para ITUB4|ITUBT397W1 (Liquidez detectada)
src.infrastructure.providers.mercado_data_provider | DEBUG | RTD: preco_ativo ITUB4=42.03 forçado com sucesso
src.infrastructure.providers.mercado_data_provider | DEBUG | RTD: Detalhes completos registrados para RADL3|RADLT152 (Liquidez detectada)
src.infrastructure.providers.mercado_data_provider | DEBUG | RTD: preco_ativo RADL3=17.74 forçado com sucesso
src.infrastructure.providers.mercado_data_provider | DEBUG | RTD: Detalhes completos registrados para PETR4|PETRT283 (Liquidez detectada)
src.infrastructure.providers.mercado_data_provider | DEBUG | RTD: preco_ativo PETR4=41.91 forçado com sucesso
src.infrastructure.providers.mercado_data_provider | DEBUG | RTD: Detalhes completos registrados para ABCB4|ABCBU229 (Liquidez detectada)
src.infrastructure.providers.mercado_data_provider | DEBUG | RTD: preco_ativo ABCB4=23.68 forçado com sucesso
src.infrastructure.providers.mercado_data_provider | DEBUG | RTD: Detalhes completos registrados para TOTS3|TOTST272 (Liquidez detectada)
src.infrastructure.providers.mercado_data_provider | DEBUG | RTD: preco_ativo TOTS3=29.55 forçado com sucesso
src.infrastructure.providers.mercado_data_provider | DEBUG | RTD: Detalhes completos registrados para CSNA3|CSNAT410W2 (Liquidez detectada)
src.infrastructure.providers.mercado_data_provider | DEBUG | RTD: preco_ativo CSNA3=5.28 forçado com sucesso
src.infrastructure.providers.mercado_data_provider | DEBUG | RTD: Detalhes completos registrados para PSSA3|PSSAU461 (Liquidez detectada)
src.infrastructure.providers.mercado_data_provider | DEBUG | RTD: preco_ativo PSSA3=53.59 forçado com sucesso
src.infrastructure.providers.mercado_data_provider | DEBUG | RTD: Detalhes completos registrados para DIRR3|DIRRT133 (Liquidez detectada)
src.infrastructure.providers.mercado_data_provider | DEBUG | RTD: preco_ativo DIRR3=11.10 forçado com sucesso
src.infrastructure.providers.mercado_data_provider | DEBUG | RTD: Detalhes completos registrados para PRIO3|PRIOV535 (Liquidez detectada)
src.infrastructure.providers.mercado_data_provider | DEBUG | RTD: preco_ativo PRIO3=58.27 forçado com sucesso
src.infrastructure.providers.mercado_data_provider | DEBUG | RTD: Detalhes completos registrados para JHSF3|JHSFU114 (Liquidez detectada)
src.infrastructure.providers.mercado_data_provider | DEBUG | RTD: preco_ativo JHSF3=10.67 forçado com sucesso
src.infrastructure.providers.mercado_data_provider | DEBUG | RTD: Detalhes completos registrados para PETR4|PETRU617 (Liquidez detectada)
src.infrastructure.providers.mercado_data_provider | DEBUG | RTD: preco_ativo PETR4=41.91 forçado com sucesso
src.infrastructure.providers.mercado_data_provider | DEBUG | RTD: Detalhes completos registrados para CXSE3|CXSET224 (Liquidez detectada)
src.infrastructure.providers.mercado_data_provider | DEBUG | RTD: preco_ativo CXSE3=20.41 forçado com sucesso
src.infrastructure.providers.mercado_data_provider | DEBUG | RTD: Detalhes completos registrados para BBDC3|BBDCT182 (Liquidez detectada)
src.infrastructure.providers.mercado_data_provider | DEBUG | RTD: preco_ativo BBDC3=16.03 forçado com sucesso
src.infrastructure.providers.mercado_data_provider | DEBUG | RTD: Detalhes completos registrados para EQTL3|EQTLT392W1 (Liquidez detectada)
src.infrastructure.providers.mercado_data_provider | DEBUG | RTD: preco_ativo EQTL3=37.99 forçado com sucesso
src.infrastructure.providers.mercado_data_provider | DEBUG | RTD: Detalhes completos registrados para CMIG4|CMIGV876 (Liquidez detectada)
src.infrastructure.providers.mercado_data_provider | DEBUG | RTD: preco_ativo CMIG4=11.10 forçado com sucesso
src.infrastructure.providers.mercado_data_provider | DEBUG | RTD: Detalhes completos registrados para BPAC11|BPACT471 (Liquidez detectada)
src.infrastructure.providers.mercado_data_provider | DEBUG | RTD: preco_ativo BPAC11=55.03 forçado com sucesso
src.infrastructure.providers.mercado_data_provider | DEBUG | RTD: Detalhes completos registrados para CYRE3|CYREU170 (Liquidez detectada)
src.infrastructure.providers.mercado_data_provider | DEBUG | RTD: preco_ativo CYRE3=20.66 forçado com sucesso
src.infrastructure.providers.mercado_data_provider | DEBUG | RTD: Detalhes completos registrados para CYRE3|CYRET206 (Liquidez detectada)
src.infrastructure.providers.mercado_data_provider | DEBUG | RTD: preco_ativo CYRE3=20.66 forçado com sucesso
src.infrastructure.providers.mercado_data_provider | DEBUG | RTD: Detalhes completos registrados para EMBJ3|EMBJV748 (Liquidez detectada)
src.infrastructure.providers.mercado_data_provider | DEBUG | RTD: preco_ativo EMBJ3=86.64 forçado com sucesso
src.infrastructure.providers.mercado_data_provider | DEBUG | RTD: Detalhes completos registrados para CVCB3|CVCBT150 (Liquidez detectada)
src.infrastructure.providers.mercado_data_provider | DEBUG | RTD: preco_ativo CVCB3=1.28 forçado com sucesso
src.infrastructure.providers.mercado_data_provider | DEBUG | RTD: Detalhes completos registrados para BEEF3|BEEFT356W2 (Liquidez detectada)
src.infrastructure.providers.mercado_data_provider | DEBUG | RTD: preco_ativo BEEF3=3.47 forçado com sucesso
src.infrastructure.providers.mercado_data_provider | DEBUG | RTD: Detalhes completos registrados para MULT3|MULTT274 (Liquidez detectada)
src.infrastructure.providers.mercado_data_provider | DEBUG | RTD: preco_ativo MULT3=27.63 forçado com sucesso
src.infrastructure.providers.mercado_data_provider | DEBUG | RTD: Detalhes completos registrados para CSMG3|CSMGT557W2 (Liquidez detectada)
src.infrastructure.providers.mercado_data_provider | DEBUG | RTD: preco_ativo CSMG3=61.94 forçado com sucesso
src.infrastructure.providers.mercado_data_provider | DEBUG | RTD: Detalhes completos registrados para PRIO3|PRIOU690 (Liquidez detectada)
src.infrastructure.providers.mercado_data_provider | DEBUG | RTD: preco_ativo PRIO3=58.27 forçado com sucesso
src.infrastructure.providers.mercado_data_provider | DEBUG | RTD: Detalhes completos registrados para RADL3|RADLT155W2 (Liquidez detectada)
src.infrastructure.providers.mercado_data_provider | DEBUG | RTD: preco_ativo RADL3=17.74 forçado com sucesso
src.infrastructure.providers.mercado_data_provider | DEBUG | RTD: Detalhes completos registrados para BBAS3|BBASU953 (Liquidez detectada)
src.infrastructure.providers.mercado_data_provider | DEBUG | RTD: preco_ativo BBAS3=20.82 forçado com sucesso
src.infrastructure.providers.mercado_data_provider | DEBUG | RTD: Detalhes completos registrados para EMBJ3|EMBJT593 (Liquidez detectada)
src.infrastructure.providers.mercado_data_provider | DEBUG | RTD: preco_ativo EMBJ3=86.64 forçado com sucesso
src.infrastructure.providers.mercado_data_provider | DEBUG | RTD: Detalhes completos registrados para CSAN3|CSANT380W2 (Liquidez detectada)
src.infrastructure.providers.mercado_data_provider | DEBUG | RTD: preco_ativo CSAN3=3.92 forçado com sucesso
src.infrastructure.providers.mercado_data_provider | DEBUG | RTD: Detalhes completos registrados para MGLU3|MGLUT571 (Liquidez detectada)
src.infrastructure.providers.mercado_data_provider | DEBUG | RTD: preco_ativo MGLU3=4.76 forçado com sucesso
src.infrastructure.providers.mercado_data_provider | DEBUG | RTD: Detalhes completos registrados para EZTC3|EZTCU931 (Liquidez detectada)
src.infrastructure.providers.mercado_data_provider | DEBUG | RTD: preco_ativo EZTC3=11.16 forçado com sucesso
src.infrastructure.providers.mercado_data_provider | DEBUG | RTD: Detalhes completos registrados para EMBJ3|EMBJT308 (Liquidez detectada)
src.infrastructure.providers.mercado_data_provider | DEBUG | RTD: preco_ativo EMBJ3=86.64 forçado com sucesso
src.infrastructure.providers.mercado_data_provider | DEBUG | RTD: Detalhes completos registrados para MGLU3|MGLUU400 (Liquidez detectada)
src.infrastructure.providers.mercado_data_provider | DEBUG | RTD: preco_ativo MGLU3=4.76 forçado com sucesso
src.infrastructure.providers.mercado_data_provider | DEBUG | RTD: Detalhes completos registrados para CXSE3|CXSET216 (Liquidez detectada)
src.infrastructure.providers.mercado_data_provider | DEBUG | RTD: preco_ativo CXSE3=20.41 forçado com sucesso
src.infrastructure.providers.mercado_data_provider | DEBUG | RTD: Detalhes completos registrados para BPAC11|BPACT401 (Liquidez detectada)
src.infrastructure.providers.mercado_data_provider | DEBUG | RTD: preco_ativo BPAC11=55.03 forçado com sucesso
src.infrastructure.providers.mercado_data_provider | DEBUG | RTD: Detalhes completos registrados para EQTL3|EQTLU347 (Liquidez detectada)
src.infrastructure.providers.mercado_data_provider | DEBUG | RTD: preco_ativo EQTL3=37.99 forçado com sucesso
src.infrastructure.providers.mercado_data_provider | DEBUG | RTD: Detalhes completos registrados para BRAV3|BRAVT273 (Liquidez detectada)
src.infrastructure.providers.mercado_data_provider | DEBUG | RTD: preco_ativo BRAV3=20.88 forçado com sucesso
src.infrastructure.providers.mercado_data_provider | DEBUG | RTD: Detalhes completos registrados para EQTL3|EQTLU269 (Liquidez detectada)
src.infrastructure.providers.mercado_data_provider | DEBUG | RTD: preco_ativo EQTL3=37.99 forçado com sucesso
src.infrastructure.providers.mercado_data_provider | DEBUG | RTD: Detalhes completos registrados para BBSE3|BBSEX334 (Liquidez detectada)
src.infrastructure.providers.mercado_data_provider | DEBUG | RTD: preco_ativo BBSE3=41.16 forçado com sucesso
src.infrastructure.providers.mercado_data_provider | DEBUG | RTD: Detalhes completos registrados para BEEF3|BEEFT366W1 (Liquidez detectada)
src.infrastructure.providers.mercado_data_provider | DEBUG | RTD: preco_ativo BEEF3=3.47 forçado com sucesso
src.infrastructure.providers.mercado_data_provider | DEBUG | RTD: Detalhes completos registrados para IRBR3|IRBRU443 (Liquidez detectada)
src.infrastructure.providers.mercado_data_provider | DEBUG | RTD: preco_ativo IRBR3=53.33 forçado com sucesso
src.infrastructure.providers.mercado_data_provider | DEBUG | RTD: Detalhes completos registrados para BBAS3|BBASU184 (Liquidez detectada)
src.infrastructure.providers.mercado_data_provider | DEBUG | RTD: preco_ativo BBAS3=20.82 forçado com sucesso
src.infrastructure.providers.mercado_data_provider | DEBUG | RTD: Detalhes completos registrados para MGLU3|MGLUT541 (Liquidez detectada)
src.infrastructure.providers.mercado_data_provider | DEBUG | RTD: preco_ativo MGLU3=4.76 forçado com sucesso
src.infrastructure.providers.mercado_data_provider | DEBUG | RTD: Detalhes completos registrados para ECOR3|ECORT614 (Liquidez detectada)
src.infrastructure.providers.mercado_data_provider | DEBUG | RTD: preco_ativo ECOR3=6.89 forçado com sucesso
src.infrastructure.providers.mercado_data_provider | DEBUG | RTD: Detalhes completos registrados para GGBR4|GGBRV218 (Liquidez detectada)
src.infrastructure.providers.mercado_data_provider | DEBUG | RTD: preco_ativo GGBR4=24.80 forçado com sucesso
src.infrastructure.providers.mercado_data_provider | DEBUG | RTD: Detalhes completos registrados para LREN3|LRENU897 (Liquidez detectada)
src.infrastructure.providers.mercado_data_provider | DEBUG | RTD: preco_ativo LREN3=13.38 forçado com sucesso
src.infrastructure.providers.mercado_data_provider | INFO | Background scan: 1793 novos instrumentos registrados
src.infrastructure.providers.mercado_data_provider | DEBUG | Varredura: _chaves_com_book=3928 _chaves_detalhes=3928
src.infrastructure.providers.mercado_data_provider | DEBUG | Varredura: sem_preco=0 sem_dados_rtd=8 chaves_com_book=3928
src.infrastructure.providers.mercado_data_provider | INFO | Varredura(F): monitor=34469 book=3920 | reg=0.000 ref=0.013 var=0.125 total=0.138 | inst_map=0.000 | onda2=1095(0.038) onda1=0(0.000) cab_skip=2833 status=0.062
