src.infrastructure.providers.rtd_profit | DEBUG | RTD ServerStart falhou — tentando ConnectData mesmo assim.
src.infrastructure.providers.rtd_profit | INFO | RTD do Profit Pro disponivel.
src.infrastructure.providers.mercado_data_provider | INFO | MercadoDataProvider: Parametros de performance atualizados.
urllib3.connectionpool | DEBUG | Starting new HTTPS connection (1): brasilapi.com.br:443
urllib3.connectionpool | DEBUG | https://brasilapi.com.br:443 "GET /api/feriados/v1/2024 HTTP/1.1" 200 None
urllib3.connectionpool | DEBUG | Starting new HTTPS connection (1): brasilapi.com.br:443
urllib3.connectionpool | DEBUG | https://brasilapi.com.br:443 "GET /api/feriados/v1/2025 HTTP/1.1" 200 None
urllib3.connectionpool | DEBUG | Starting new HTTPS connection (1): brasilapi.com.br:443
urllib3.connectionpool | DEBUG | https://brasilapi.com.br:443 "GET /api/feriados/v1/2026 HTTP/1.1" 200 None
urllib3.connectionpool | DEBUG | Starting new HTTPS connection (1): brasilapi.com.br:443
urllib3.connectionpool | DEBUG | https://brasilapi.com.br:443 "GET /api/feriados/v1/2027 HTTP/1.1" 200 None
urllib3.connectionpool | DEBUG | Starting new HTTPS connection (1): statusinvest.com.br:443
urllib3.connectionpool | DEBUG | https://statusinvest.com.br:443 "GET /acoes/a1md34 HTTP/1.1" 404 None
src.infrastructure.providers.dividendos_statusinvest | WARNING | StatusInvest: HTTP 404 para A1MD34
urllib3.connectionpool | DEBUG | Starting new HTTPS connection (1): statusinvest.com.br:443
urllib3.connectionpool | DEBUG | https://statusinvest.com.br:443 "GET /acoes/aapl34 HTTP/1.1" 404 None
src.infrastructure.providers.dividendos_statusinvest | WARNING | StatusInvest: HTTP 404 para AAPL34
urllib3.connectionpool | DEBUG | Starting new HTTPS connection (1): statusinvest.com.br:443
urllib3.connectionpool | DEBUG | https://statusinvest.com.br:443 "GET /acoes/abcb4 HTTP/1.1" 200 None
urllib3.connectionpool | DEBUG | Starting new HTTPS connection (1): statusinvest.com.br:443
urllib3.connectionpool | DEBUG | https://statusinvest.com.br:443 "GET /acoes/abev3 HTTP/1.1" 200 None
urllib3.connectionpool | DEBUG | Starting new HTTPS connection (1): statusinvest.com.br:443
urllib3.connectionpool | DEBUG | https://statusinvest.com.br:443 "GET /acoes/aeri3 HTTP/1.1" 200 None
urllib3.connectionpool | DEBUG | Starting new HTTPS connection (1): statusinvest.com.br:443
urllib3.connectionpool | DEBUG | https://statusinvest.com.br:443 "GET /acoes/agro3 HTTP/1.1" 200 None
urllib3.connectionpool | DEBUG | Starting new HTTPS connection (1): statusinvest.com.br:443
urllib3.connectionpool | DEBUG | https://statusinvest.com.br:443 "GET /acoes/alos3 HTTP/1.1" 200 None
urllib3.connectionpool | DEBUG | Starting new HTTPS connection (1): statusinvest.com.br:443
urllib3.connectionpool | DEBUG | https://statusinvest.com.br:443 "GET /acoes/alpa4 HTTP/1.1" 200 None
urllib3.connectionpool | DEBUG | Starting new HTTPS connection (1): statusinvest.com.br:443
urllib3.connectionpool | DEBUG | https://statusinvest.com.br:443 "GET /acoes/alup11 HTTP/1.1" 200 None
urllib3.connectionpool | DEBUG | Starting new HTTPS connection (1): statusinvest.com.br:443
urllib3.connectionpool | DEBUG | https://statusinvest.com.br:443 "GET /acoes/amar3 HTTP/1.1" 200 None
urllib3.connectionpool | DEBUG | Starting new HTTPS connection (1): statusinvest.com.br:443
urllib3.connectionpool | DEBUG | https://statusinvest.com.br:443 "GET /acoes/ambp3 HTTP/1.1" 200 None
urllib3.connectionpool | DEBUG | Starting new HTTPS connection (1): statusinvest.com.br:443
src.infrastructure.providers.mercado_data_provider | INFO | RTD: Refresh forcado para 4476 instrumentos de 6 ativos ex-dividendo.
src.ui.desktop.monitor_worker | INFO | MonitorWorker: thread iniciada (COM inicializado).
urllib3.connectionpool | DEBUG | https://statusinvest.com.br:443 "GET /acoes/amzo34 HTTP/1.1" 404 None
src.infrastructure.providers.dividendos_statusinvest | WARNING | StatusInvest: HTTP 404 para AMZO34
urllib3.connectionpool | DEBUG | Starting new HTTPS connection (1): statusinvest.com.br:443
urllib3.connectionpool | DEBUG | https://statusinvest.com.br:443 "GET /acoes/anim3 HTTP/1.1" 200 None
urllib3.connectionpool | DEBUG | Starting new HTTPS connection (1): statusinvest.com.br:443
src.infrastructure.providers.mercado_data_provider | INFO | RTD: 232 ativos registrados prioritariamente em 0.79s.
urllib3.connectionpool | DEBUG | https://statusinvest.com.br:443 "GET /acoes/arml3 HTTP/1.1" 200 None
urllib3.connectionpool | DEBUG | Starting new HTTPS connection (1): statusinvest.com.br:443
urllib3.connectionpool | DEBUG | https://statusinvest.com.br:443 "GET /acoes/asai3 HTTP/1.1" 200 None
urllib3.connectionpool | DEBUG | Starting new HTTPS connection (1): statusinvest.com.br:443
urllib3.connectionpool | DEBUG | https://statusinvest.com.br:443 "GET /acoes/asml34 HTTP/1.1" 404 None
src.infrastructure.providers.dividendos_statusinvest | WARNING | StatusInvest: HTTP 404 para ASML34
urllib3.connectionpool | DEBUG | Starting new HTTPS connection (1): statusinvest.com.br:443
urllib3.connectionpool | DEBUG | https://statusinvest.com.br:443 "GET /acoes/auau3 HTTP/1.1" 200 None
urllib3.connectionpool | DEBUG | Starting new HTTPS connection (1): statusinvest.com.br:443
urllib3.connectionpool | DEBUG | https://statusinvest.com.br:443 "GET /acoes/auau99 HTTP/1.1" 404 None
src.infrastructure.providers.dividendos_statusinvest | WARNING | StatusInvest: HTTP 404 para AUAU99
urllib3.connectionpool | DEBUG | Starting new HTTPS connection (1): statusinvest.com.br:443
urllib3.connectionpool | DEBUG | https://statusinvest.com.br:443 "GET /acoes/aura33 HTTP/1.1" 200 None
urllib3.connectionpool | DEBUG | Starting new HTTPS connection (1): statusinvest.com.br:443
urllib3.connectionpool | DEBUG | https://statusinvest.com.br:443 "GET /acoes/aure3 HTTP/1.1" 200 None
urllib3.connectionpool | DEBUG | Starting new HTTPS connection (1): statusinvest.com.br:443
urllib3.connectionpool | DEBUG | https://statusinvest.com.br:443 "GET /acoes/axia3 HTTP/1.1" 200 None
urllib3.connectionpool | DEBUG | Starting new HTTPS connection (1): statusinvest.com.br:443
src.infrastructure.providers.mercado_data_provider | INFO | RTD: Lote Onda 1 2000/51055 (Registros: 1904) em 5.55s.
src.infrastructure.providers.mercado_data_provider | INFO | Varredura (Fast): 6380 monitored, 78 with book in 0.03s
urllib3.connectionpool | DEBUG | https://statusinvest.com.br:443 "GET /acoes/axia6 HTTP/1.1" 200 None
urllib3.connectionpool | DEBUG | Starting new HTTPS connection (1): statusinvest.com.br:443
urllib3.connectionpool | DEBUG | https://statusinvest.com.br:443 "GET /acoes/axia98 HTTP/1.1" 404 None
src.infrastructure.providers.dividendos_statusinvest | WARNING | StatusInvest: HTTP 404 para AXIA98
urllib3.connectionpool | DEBUG | Starting new HTTPS connection (1): statusinvest.com.br:443
urllib3.connectionpool | DEBUG | https://statusinvest.com.br:443 "GET /acoes/axia99 HTTP/1.1" 404 None
src.infrastructure.providers.dividendos_statusinvest | WARNING | StatusInvest: HTTP 404 para AXIA99
urllib3.connectionpool | DEBUG | Starting new HTTPS connection (1): statusinvest.com.br:443
urllib3.connectionpool | DEBUG | https://statusinvest.com.br:443 "GET /acoes/azza3 HTTP/1.1" 200 None
urllib3.connectionpool | DEBUG | Starting new HTTPS connection (1): statusinvest.com.br:443
urllib3.connectionpool | DEBUG | https://statusinvest.com.br:443 "GET /acoes/b3sa3 HTTP/1.1" 200 None
urllib3.connectionpool | DEBUG | Starting new HTTPS connection (1): statusinvest.com.br:443
urllib3.connectionpool | DEBUG | https://statusinvest.com.br:443 "GET /acoes/baba34 HTTP/1.1" 404 None
src.infrastructure.providers.dividendos_statusinvest | WARNING | StatusInvest: HTTP 404 para BABA34
urllib3.connectionpool | DEBUG | Starting new HTTPS connection (1): statusinvest.com.br:443
urllib3.connectionpool | DEBUG | https://statusinvest.com.br:443 "GET /acoes/bbas3 HTTP/1.1" 200 None
urllib3.connectionpool | DEBUG | Starting new HTTPS connection (1): statusinvest.com.br:443
urllib3.connectionpool | DEBUG | https://statusinvest.com.br:443 "GET /acoes/bbdc3 HTTP/1.1" 200 None
urllib3.connectionpool | DEBUG | Starting new HTTPS connection (1): statusinvest.com.br:443
urllib3.connectionpool | DEBUG | https://statusinvest.com.br:443 "GET /acoes/bbdc4 HTTP/1.1" 200 None
urllib3.connectionpool | DEBUG | Starting new HTTPS connection (1): statusinvest.com.br:443
urllib3.connectionpool | DEBUG | https://statusinvest.com.br:443 "GET /acoes/bbse3 HTTP/1.1" 200 None
urllib3.connectionpool | DEBUG | Starting new HTTPS connection (1): statusinvest.com.br:443
urllib3.connectionpool | DEBUG | https://statusinvest.com.br:443 "GET /acoes/beef3 HTTP/1.1" 200 None
urllib3.connectionpool | DEBUG | Starting new HTTPS connection (1): statusinvest.com.br:443
urllib3.connectionpool | DEBUG | https://statusinvest.com.br:443 "GET /acoes/berk34 HTTP/1.1" 404 None
src.infrastructure.providers.dividendos_statusinvest | WARNING | StatusInvest: HTTP 404 para BERK34
urllib3.connectionpool | DEBUG | Starting new HTTPS connection (1): statusinvest.com.br:443
urllib3.connectionpool | DEBUG | https://statusinvest.com.br:443 "GET /acoes/bhia3 HTTP/1.1" 200 None
urllib3.connectionpool | DEBUG | Starting new HTTPS connection (1): statusinvest.com.br:443
urllib3.connectionpool | DEBUG | https://statusinvest.com.br:443 "GET /acoes/blau3 HTTP/1.1" 200 None
urllib3.connectionpool | DEBUG | Starting new HTTPS connection (1): statusinvest.com.br:443
urllib3.connectionpool | DEBUG | https://statusinvest.com.br:443 "GET /acoes/bmgb4 HTTP/1.1" 200 None
urllib3.connectionpool | DEBUG | Starting new HTTPS connection (1): statusinvest.com.br:443
urllib3.connectionpool | DEBUG | https://statusinvest.com.br:443 "GET /acoes/bmob3 HTTP/1.1" 200 None
urllib3.connectionpool | DEBUG | Starting new HTTPS connection (1): statusinvest.com.br:443
src.infrastructure.providers.mercado_data_provider | INFO | RTD: Lote Onda 1 4000/51055 (Registros: 1879) em 6.72s.
src.infrastructure.providers.mercado_data_provider | INFO | Varredura (Fast): 8259 monitored, 78 with book in 0.00s
urllib3.connectionpool | DEBUG | https://statusinvest.com.br:443 "GET /acoes/bova11 HTTP/1.1" 404 None
src.infrastructure.providers.dividendos_statusinvest | WARNING | StatusInvest: HTTP 404 para BOVA11
urllib3.connectionpool | DEBUG | Starting new HTTPS connection (1): statusinvest.com.br:443
urllib3.connectionpool | DEBUG | https://statusinvest.com.br:443 "GET /acoes/bovb11 HTTP/1.1" 404 None
src.infrastructure.providers.dividendos_statusinvest | WARNING | StatusInvest: HTTP 404 para BOVB11
urllib3.connectionpool | DEBUG | Starting new HTTPS connection (1): statusinvest.com.br:443
urllib3.connectionpool | DEBUG | https://statusinvest.com.br:443 "GET /acoes/bovv11 HTTP/1.1" 404 None
src.infrastructure.providers.dividendos_statusinvest | WARNING | StatusInvest: HTTP 404 para BOVV11
urllib3.connectionpool | DEBUG | Starting new HTTPS connection (1): statusinvest.com.br:443
urllib3.connectionpool | DEBUG | https://statusinvest.com.br:443 "GET /acoes/bovx11 HTTP/1.1" 404 None
src.infrastructure.providers.dividendos_statusinvest | WARNING | StatusInvest: HTTP 404 para BOVX11
urllib3.connectionpool | DEBUG | Starting new HTTPS connection (1): statusinvest.com.br:443
urllib3.connectionpool | DEBUG | https://statusinvest.com.br:443 "GET /acoes/bpac11 HTTP/1.1" 200 None
urllib3.connectionpool | DEBUG | Starting new HTTPS connection (1): statusinvest.com.br:443
urllib3.connectionpool | DEBUG | https://statusinvest.com.br:443 "GET /acoes/brap4 HTTP/1.1" 200 None
urllib3.connectionpool | DEBUG | Starting new HTTPS connection (1): statusinvest.com.br:443
urllib3.connectionpool | DEBUG | https://statusinvest.com.br:443 "GET /acoes/brav3 HTTP/1.1" 200 None
urllib3.connectionpool | DEBUG | Starting new HTTPS connection (1): statusinvest.com.br:443
urllib3.connectionpool | DEBUG | https://statusinvest.com.br:443 "GET /acoes/brax11 HTTP/1.1" 404 None
src.infrastructure.providers.dividendos_statusinvest | WARNING | StatusInvest: HTTP 404 para BRAX11
urllib3.connectionpool | DEBUG | Starting new HTTPS connection (1): statusinvest.com.br:443
urllib3.connectionpool | DEBUG | https://statusinvest.com.br:443 "GET /acoes/brkm5 HTTP/1.1" 200 None
urllib3.connectionpool | DEBUG | Starting new HTTPS connection (1): statusinvest.com.br:443
urllib3.connectionpool | DEBUG | https://statusinvest.com.br:443 "GET /acoes/brsr6 HTTP/1.1" 200 None
urllib3.connectionpool | DEBUG | Starting new HTTPS connection (1): statusinvest.com.br:443
urllib3.connectionpool | DEBUG | https://statusinvest.com.br:443 "GET /acoes/caml3 HTTP/1.1" 200 None
urllib3.connectionpool | DEBUG | Starting new HTTPS connection (1): statusinvest.com.br:443
src.infrastructure.providers.mercado_data_provider | INFO | RTD: Lote Onda 1 6000/51055 (Registros: 1107) em 4.51s.
src.infrastructure.providers.mercado_data_provider | INFO | Varredura (Fast): 9366 monitored, 78 with book in 0.00s
urllib3.connectionpool | DEBUG | https://statusinvest.com.br:443 "GET /acoes/cash3 HTTP/1.1" 200 None
urllib3.connectionpool | DEBUG | Starting new HTTPS connection (1): statusinvest.com.br:443
urllib3.connectionpool | DEBUG | https://statusinvest.com.br:443 "GET /acoes/cbav3 HTTP/1.1" 200 None
urllib3.connectionpool | DEBUG | Starting new HTTPS connection (1): statusinvest.com.br:443
urllib3.connectionpool | DEBUG | https://statusinvest.com.br:443 "GET /acoes/ceab3 HTTP/1.1" 200 None
urllib3.connectionpool | DEBUG | Starting new HTTPS connection (1): statusinvest.com.br:443
urllib3.connectionpool | DEBUG | https://statusinvest.com.br:443 "GET /acoes/chvx34 HTTP/1.1" 404 None
src.infrastructure.providers.dividendos_statusinvest | WARNING | StatusInvest: HTTP 404 para CHVX34
urllib3.connectionpool | DEBUG | Starting new HTTPS connection (1): statusinvest.com.br:443
urllib3.connectionpool | DEBUG | https://statusinvest.com.br:443 "GET /acoes/cmig3 HTTP/1.1" 200 None
urllib3.connectionpool | DEBUG | Starting new HTTPS connection (1): statusinvest.com.br:443
urllib3.connectionpool | DEBUG | https://statusinvest.com.br:443 "GET /acoes/cmig4 HTTP/1.1" 200 None
urllib3.connectionpool | DEBUG | Starting new HTTPS connection (1): statusinvest.com.br:443
urllib3.connectionpool | DEBUG | https://statusinvest.com.br:443 "GET /acoes/cmin3 HTTP/1.1" 200 None
urllib3.connectionpool | DEBUG | Starting new HTTPS connection (1): statusinvest.com.br:443
src.infrastructure.providers.mercado_data_provider | INFO | RTD: Lote Onda 1 8000/51055 (Registros: 366) em 1.70s.
src.infrastructure.providers.mercado_data_provider | INFO | Varredura (Fast): 9732 monitored, 78 with book in 0.00s
urllib3.connectionpool | DEBUG | https://statusinvest.com.br:443 "GET /acoes/coca34 HTTP/1.1" 404 None
src.infrastructure.providers.dividendos_statusinvest | WARNING | StatusInvest: HTTP 404 para COCA34
urllib3.connectionpool | DEBUG | Starting new HTTPS connection (1): statusinvest.com.br:443
urllib3.connectionpool | DEBUG | https://statusinvest.com.br:443 "GET /acoes/cogn3 HTTP/1.1" 200 None
urllib3.connectionpool | DEBUG | Starting new HTTPS connection (1): statusinvest.com.br:443
urllib3.connectionpool | DEBUG | https://statusinvest.com.br:443 "GET /acoes/cpfe3 HTTP/1.1" 200 None
urllib3.connectionpool | DEBUG | Starting new HTTPS connection (1): statusinvest.com.br:443
urllib3.connectionpool | DEBUG | https://statusinvest.com.br:443 "GET /acoes/cple3 HTTP/1.1" 200 None
urllib3.connectionpool | DEBUG | Starting new HTTPS connection (1): statusinvest.com.br:443
urllib3.connectionpool | DEBUG | https://statusinvest.com.br:443 "GET /acoes/cple99 HTTP/1.1" 404 None
src.infrastructure.providers.dividendos_statusinvest | WARNING | StatusInvest: HTTP 404 para CPLE99
urllib3.connectionpool | DEBUG | Starting new HTTPS connection (1): statusinvest.com.br:443
urllib3.connectionpool | DEBUG | https://statusinvest.com.br:443 "GET /acoes/csan3 HTTP/1.1" 200 None
urllib3.connectionpool | DEBUG | Starting new HTTPS connection (1): statusinvest.com.br:443
urllib3.connectionpool | DEBUG | https://statusinvest.com.br:443 "GET /acoes/csmg3 HTTP/1.1" 200 None
urllib3.connectionpool | DEBUG | Starting new HTTPS connection (1): statusinvest.com.br:443
urllib3.connectionpool | DEBUG | https://statusinvest.com.br:443 "GET /acoes/csna3 HTTP/1.1" 200 None
urllib3.connectionpool | DEBUG | Starting new HTTPS connection (1): statusinvest.com.br:443
urllib3.connectionpool | DEBUG | https://statusinvest.com.br:443 "GET /acoes/cury3 HTTP/1.1" 200 None
urllib3.connectionpool | DEBUG | Starting new HTTPS connection (1): statusinvest.com.br:443
urllib3.connectionpool | DEBUG | https://statusinvest.com.br:443 "GET /acoes/cvcb3 HTTP/1.1" 200 None
urllib3.connectionpool | DEBUG | Starting new HTTPS connection (1): statusinvest.com.br:443
urllib3.connectionpool | DEBUG | https://statusinvest.com.br:443 "GET /acoes/cxse3 HTTP/1.1" 200 None
urllib3.connectionpool | DEBUG | Starting new HTTPS connection (1): statusinvest.com.br:443
urllib3.connectionpool | DEBUG | https://statusinvest.com.br:443 "GET /acoes/cyre3 HTTP/1.1" 200 None
urllib3.connectionpool | DEBUG | Starting new HTTPS connection (1): statusinvest.com.br:443
urllib3.connectionpool | DEBUG | https://statusinvest.com.br:443 "GET /acoes/cyre99 HTTP/1.1" 404 None
src.infrastructure.providers.dividendos_statusinvest | WARNING | StatusInvest: HTTP 404 para CYRE99
urllib3.connectionpool | DEBUG | Starting new HTTPS connection (1): statusinvest.com.br:443
urllib3.connectionpool | DEBUG | https://statusinvest.com.br:443 "GET /acoes/dasa3 HTTP/1.1" 200 None
urllib3.connectionpool | DEBUG | Starting new HTTPS connection (1): statusinvest.com.br:443
urllib3.connectionpool | DEBUG | https://statusinvest.com.br:443 "GET /acoes/dirr3 HTTP/1.1" 200 None
urllib3.connectionpool | DEBUG | Starting new HTTPS connection (1): statusinvest.com.br:443
urllib3.connectionpool | DEBUG | https://statusinvest.com.br:443 "GET /acoes/dxco3 HTTP/1.1" 200 None
urllib3.connectionpool | DEBUG | Starting new HTTPS connection (1): statusinvest.com.br:443
urllib3.connectionpool | DEBUG | https://statusinvest.com.br:443 "GET /acoes/e1mr34 HTTP/1.1" 404 None
src.infrastructure.providers.dividendos_statusinvest | WARNING | StatusInvest: HTTP 404 para E1MR34
urllib3.connectionpool | DEBUG | Starting new HTTPS connection (1): statusinvest.com.br:443
urllib3.connectionpool | DEBUG | https://statusinvest.com.br:443 "GET /acoes/ecor3 HTTP/1.1" 200 None
src.infrastructure.providers.mercado_data_provider | INFO | RTD: Lote Onda 1 10000/51055 (Registros: 1888) em 7.73s.
urllib3.connectionpool | DEBUG | Starting new HTTPS connection (1): statusinvest.com.br:443
src.infrastructure.providers.mercado_data_provider | DEBUG | RTD: Detalhes completos registrados para BEEFT497 (Liquidez detectada)
src.infrastructure.providers.mercado_data_provider | DEBUG | RTD: Detalhes completos registrados para ASAIR890 (Liquidez detectada)
src.infrastructure.providers.mercado_data_provider | DEBUG | RTD: Detalhes completos registrados para AZZAT550 (Liquidez detectada)
src.infrastructure.providers.mercado_data_provider | DEBUG | RTD: Detalhes completos registrados para BBSEU349 (Liquidez detectada)
src.infrastructure.providers.mercado_data_provider | DEBUG | RTD: Detalhes completos registrados para BBSES299 (Liquidez detectada)
src.infrastructure.providers.mercado_data_provider | DEBUG | RTD: Detalhes completos registrados para BBSES331 (Liquidez detectada)
src.infrastructure.providers.mercado_data_provider | DEBUG | RTD: Detalhes completos registrados para ABEVT195 (Liquidez detectada)
src.infrastructure.providers.mercado_data_provider | DEBUG | RTD: Detalhes completos registrados para BBSET291 (Liquidez detectada)
src.infrastructure.providers.mercado_data_provider | DEBUG | RTD: Detalhes completos registrados para BBSER341 (Liquidez detectada)
src.infrastructure.providers.mercado_data_provider | DEBUG | RTD: Detalhes completos registrados para AMBPT103 (Liquidez detectada)
src.infrastructure.providers.mercado_data_provider | DEBUG | RTD: Detalhes completos registrados para ASAIS890 (Liquidez detectada)
src.infrastructure.providers.mercado_data_provider | DEBUG | RTD: Detalhes completos registrados para AXIAR590 (Liquidez detectada)
src.infrastructure.providers.mercado_data_provider | DEBUG | RTD: Detalhes completos registrados para BBSER373 (Liquidez detectada)
src.infrastructure.providers.mercado_data_provider | DEBUG | RTD: Detalhes completos registrados para ANIMR540 (Liquidez detectada)
src.infrastructure.providers.mercado_data_provider | DEBUG | RTD: Detalhes completos registrados para ANIMS20 (Liquidez detectada)
src.infrastructure.providers.mercado_data_provider | DEBUG | RTD: Detalhes completos registrados para AZZAW215 (Liquidez detectada)
src.infrastructure.providers.mercado_data_provider | DEBUG | RTD: Detalhes completos registrados para BEEFR491W2 (Liquidez detectada)
src.infrastructure.providers.mercado_data_provider | DEBUG | RTD: Detalhes completos registrados para B3SAT247 (Liquidez detectada)
src.infrastructure.providers.mercado_data_provider | DEBUG | RTD: Detalhes completos registrados para BBSES306 (Liquidez detectada)
src.infrastructure.providers.mercado_data_provider | DEBUG | RTD: Detalhes completos registrados para BBSER334W2 (Liquidez detectada)
src.infrastructure.providers.mercado_data_provider | DEBUG | RTD: Detalhes completos registrados para BEEFS564 (Liquidez detectada)
src.infrastructure.providers.mercado_data_provider | DEBUG | RTD: Detalhes completos registrados para B3SAR167 (Liquidez detectada)
src.infrastructure.providers.mercado_data_provider | DEBUG | RTD: Detalhes completos registrados para B3SAS226 (Liquidez detectada)
src.infrastructure.providers.mercado_data_provider | DEBUG | RTD: Detalhes completos registrados para ANIMT417 (Liquidez detectada)
src.infrastructure.providers.mercado_data_provider | DEBUG | RTD: Detalhes completos registrados para BLAUS12 (Liquidez detectada)
src.infrastructure.providers.mercado_data_provider | DEBUG | RTD: Detalhes completos registrados para ALPAR844 (Liquidez detectada)
urllib3.connectionpool | DEBUG | https://statusinvest.com.br:443 "GET /acoes/egie3 HTTP/1.1" 200 None
src.infrastructure.providers.mercado_data_provider | DEBUG | RTD: Detalhes completos registrados para BBSEV336 (Liquidez detectada)
src.infrastructure.providers.mercado_data_provider | DEBUG | RTD: Detalhes completos registrados para B3SAT229 (Liquidez detectada)
src.infrastructure.providers.mercado_data_provider | DEBUG | RTD: Detalhes completos registrados para AXIAS45 (Liquidez detectada)
src.infrastructure.providers.mercado_data_provider | DEBUG | RTD: Detalhes completos registrados para BOVAT930 (Liquidez detectada)
urllib3.connectionpool | DEBUG | Starting new HTTPS connection (1): statusinvest.com.br:443
src.infrastructure.providers.mercado_data_provider | DEBUG | RTD: Detalhes completos registrados para BOVAR835 (Liquidez detectada)
src.infrastructure.providers.mercado_data_provider | DEBUG | RTD: Detalhes completos registrados para AXIAS600 (Liquidez detectada)
src.infrastructure.providers.mercado_data_provider | DEBUG | RTD: Detalhes completos registrados para ALUPU288 (Liquidez detectada)
src.infrastructure.providers.mercado_data_provider | DEBUG | RTD: Detalhes completos registrados para ANIMS327 (Liquidez detectada)
src.infrastructure.providers.mercado_data_provider | DEBUG | RTD: Detalhes completos registrados para BOVAR705 (Liquidez detectada)
src.infrastructure.providers.mercado_data_provider | DEBUG | RTD: Detalhes completos registrados para BHIAS360 (Liquidez detectada)
src.infrastructure.providers.mercado_data_provider | DEBUG | RTD: Detalhes completos registrados para AZZAT371 (Liquidez detectada)
src.infrastructure.providers.mercado_data_provider | DEBUG | RTD: Detalhes completos registrados para B3SAS228 (Liquidez detectada)
src.infrastructure.providers.mercado_data_provider | DEBUG | RTD: Detalhes completos registrados para B3SAT324 (Liquidez detectada)
src.infrastructure.providers.mercado_data_provider | DEBUG | RTD: Detalhes completos registrados para BOVAS915 (Liquidez detectada)
src.infrastructure.providers.mercado_data_provider | DEBUG | RTD: Detalhes completos registrados para BHIAR11 (Liquidez detectada)
src.infrastructure.providers.mercado_data_provider | DEBUG | RTD: Detalhes completos registrados para B3SAR168W2 (Liquidez detectada)
src.infrastructure.providers.mercado_data_provider | DEBUG | RTD: Detalhes completos registrados para AXIAT60 (Liquidez detectada)
src.infrastructure.providers.mercado_data_provider | DEBUG | RTD: Detalhes completos registrados para BBSET474 (Liquidez detectada)
src.infrastructure.providers.mercado_data_provider | DEBUG | RTD: Detalhes completos registrados para B3SAU272 (Liquidez detectada)
src.infrastructure.providers.mercado_data_provider | DEBUG | RTD: Detalhes completos registrados para AZZAS280 (Liquidez detectada)
src.infrastructure.providers.mercado_data_provider | DEBUG | RTD: Detalhes completos registrados para ANIMR510 (Liquidez detectada)
src.infrastructure.providers.mercado_data_provider | DEBUG | RTD: Detalhes completos registrados para ANIMR385 (Liquidez detectada)
src.infrastructure.providers.mercado_data_provider | DEBUG | RTD: Detalhes completos registrados para B3SAR173W2 (Liquidez detectada)
src.infrastructure.providers.mercado_data_provider | DEBUG | RTD: Detalhes completos registrados para BABAR251 (Liquidez detectada)
src.infrastructure.providers.mercado_data_provider | DEBUG | RTD: Detalhes completos registrados para BBSET326 (Liquidez detectada)
src.infrastructure.providers.mercado_data_provider | DEBUG | RTD: Detalhes completos registrados para AXIAR624 (Liquidez detectada)
src.infrastructure.providers.mercado_data_provider | DEBUG | RTD: Detalhes completos registrados para BBSEU344 (Liquidez detectada)
src.infrastructure.providers.mercado_data_provider | DEBUG | RTD: Detalhes completos registrados para ASAIU170 (Liquidez detectada)
src.infrastructure.providers.mercado_data_provider | DEBUG | RTD: Detalhes completos registrados para BBSER331 (Liquidez detectada)
src.infrastructure.providers.mercado_data_provider | DEBUG | RTD: Detalhes completos registrados para ANIMR355 (Liquidez detectada)
src.infrastructure.providers.mercado_data_provider | DEBUG | RTD: Detalhes completos registrados para AXIAR73 (Liquidez detectada)
src.infrastructure.providers.mercado_data_provider | DEBUG | RTD: Detalhes completos registrados para B3SAR247 (Liquidez detectada)
src.infrastructure.providers.mercado_data_provider | DEBUG | RTD: Detalhes completos registrados para BBSER366 (Liquidez detectada)
src.infrastructure.providers.mercado_data_provider | DEBUG | RTD: Detalhes completos registrados para BBSES354 (Liquidez detectada)
src.infrastructure.providers.mercado_data_provider | DEBUG | RTD: Detalhes completos registrados para AXIAR63 (Liquidez detectada)
src.infrastructure.providers.mercado_data_provider | DEBUG | RTD: Detalhes completos registrados para BMGBR445 (Liquidez detectada)
src.infrastructure.providers.mercado_data_provider | DEBUG | RTD: Detalhes completos registrados para BBSET344 (Liquidez detectada)
src.infrastructure.providers.mercado_data_provider | DEBUG | RTD: Detalhes completos registrados para BOVAR795 (Liquidez detectada)
src.infrastructure.providers.mercado_data_provider | DEBUG | RTD: Detalhes completos registrados para BABAR256 (Liquidez detectada)
src.infrastructure.providers.mercado_data_provider | DEBUG | RTD: Detalhes completos registrados para BEEFS524 (Liquidez detectada)
src.infrastructure.providers.mercado_data_provider | DEBUG | RTD: Detalhes completos registrados para B3SAR305 (Liquidez detectada)
src.infrastructure.providers.mercado_data_provider | DEBUG | RTD: Detalhes completos registrados para BBSER353 (Liquidez detectada)
src.infrastructure.providers.mercado_data_provider | DEBUG | RTD: Detalhes completos registrados para BBSER326 (Liquidez detectada)
src.infrastructure.providers.mercado_data_provider | DEBUG | RTD: Detalhes completos registrados para BBSER338 (Liquidez detectada)
src.infrastructure.providers.mercado_data_provider | DEBUG | RTD: Detalhes completos registrados para BABAR676 (Liquidez detectada)
src.infrastructure.providers.mercado_data_provider | DEBUG | RTD: Detalhes completos registrados para AXIAU670 (Liquidez detectada)
urllib3.connectionpool | DEBUG | https://statusinvest.com.br:443 "GET /acoes/embj3 HTTP/1.1" 200 None
src.infrastructure.providers.mercado_data_provider | DEBUG | RTD: Detalhes completos registrados para BEEFT660 (Liquidez detectada)
src.infrastructure.providers.mercado_data_provider | DEBUG | RTD: Detalhes completos registrados para AUAUR450 (Liquidez detectada)
src.infrastructure.providers.mercado_data_provider | DEBUG | RTD: Detalhes completos registrados para ASAIW100 (Liquidez detectada)
src.infrastructure.providers.mercado_data_provider | DEBUG | RTD: Detalhes completos registrados para BBSET336W1 (Liquidez detectada)
src.infrastructure.providers.mercado_data_provider | DEBUG | RTD: Detalhes completos registrados para AXIAR68 (Liquidez detectada)
urllib3.connectionpool | DEBUG | Starting new HTTPS connection (1): statusinvest.com.br:443
src.infrastructure.providers.mercado_data_provider | DEBUG | RTD: Detalhes completos registrados para AURER125 (Liquidez detectada)
src.infrastructure.providers.mercado_data_provider | DEBUG | RTD: Detalhes completos registrados para BOVAS920 (Liquidez detectada)
src.infrastructure.providers.mercado_data_provider | DEBUG | RTD: Detalhes completos registrados para ASAIR830 (Liquidez detectada)
src.infrastructure.providers.mercado_data_provider | DEBUG | RTD: Detalhes completos registrados para BBSES351 (Liquidez detectada)
src.infrastructure.providers.mercado_data_provider | DEBUG | RTD: Detalhes completos registrados para BEEFS664 (Liquidez detectada)
src.infrastructure.providers.mercado_data_provider | DEBUG | RTD: Detalhes completos registrados para BBSES344 (Liquidez detectada)
src.infrastructure.providers.mercado_data_provider | DEBUG | RTD: Detalhes completos registrados para BBSES321 (Liquidez detectada)
src.infrastructure.providers.mercado_data_provider | DEBUG | RTD: Detalhes completos registrados para AMZOS69 (Liquidez detectada)
src.infrastructure.providers.mercado_data_provider | DEBUG | RTD: Detalhes completos registrados para AZZAU240 (Liquidez detectada)
src.infrastructure.providers.mercado_data_provider | DEBUG | RTD: Detalhes completos registrados para AXIAS61 (Liquidez detectada)
src.infrastructure.providers.mercado_data_provider | DEBUG | RTD: Detalhes completos registrados para ANIMS287 (Liquidez detectada)
src.infrastructure.providers.mercado_data_provider | DEBUG | RTD: Detalhes completos registrados para AZZAT306 (Liquidez detectada)
src.infrastructure.providers.mercado_data_provider | DEBUG | RTD: Detalhes completos registrados para AXIAU600 (Liquidez detectada)
src.infrastructure.providers.mercado_data_provider | DEBUG | RTD: Detalhes completos registrados para BHIAR800 (Liquidez detectada)
src.infrastructure.providers.mercado_data_provider | DEBUG | RTD: Detalhes completos registrados para AZZAR157 (Liquidez detectada)
src.infrastructure.providers.mercado_data_provider | DEBUG | RTD: Detalhes completos registrados para AXIAR575 (Liquidez detectada)
src.infrastructure.providers.mercado_data_provider | DEBUG | RTD: Detalhes completos registrados para BEEFS306 (Liquidez detectada)
src.infrastructure.providers.mercado_data_provider | DEBUG | RTD: Detalhes completos registrados para BBSER318 (Liquidez detectada)
src.infrastructure.providers.mercado_data_provider | DEBUG | RTD: Detalhes completos registrados para AUAUR560 (Liquidez detectada)
src.infrastructure.providers.mercado_data_provider | DEBUG | RTD: Detalhes completos registrados para BHIAT80 (Liquidez detectada)
src.infrastructure.providers.mercado_data_provider | DEBUG | RTD: Detalhes completos registrados para AXIAS524 (Liquidez detectada)
src.infrastructure.providers.mercado_data_provider | DEBUG | RTD: Detalhes completos registrados para BBSES334 (Liquidez detectada)
src.infrastructure.providers.mercado_data_provider | DEBUG | RTD: Detalhes completos registrados para AXIAR65 (Liquidez detectada)
src.infrastructure.providers.mercado_data_provider | DEBUG | RTD: Detalhes completos registrados para AXIAR57 (Liquidez detectada)
src.infrastructure.providers.mercado_data_provider | DEBUG | RTD: Detalhes completos registrados para BBSER358 (Liquidez detectada)
src.infrastructure.providers.mercado_data_provider | DEBUG | RTD: Detalhes completos registrados para BBSES324 (Liquidez detectada)
src.infrastructure.providers.mercado_data_provider | DEBUG | RTD: Detalhes completos registrados para ANIMR475 (Liquidez detectada)
src.infrastructure.providers.mercado_data_provider | DEBUG | RTD: Detalhes completos registrados para ANIMR425 (Liquidez detectada)
src.infrastructure.providers.mercado_data_provider | DEBUG | RTD: Detalhes completos registrados para AZZAS215 (Liquidez detectada)
src.infrastructure.providers.mercado_data_provider | DEBUG | RTD: Detalhes completos registrados para BOVAR935 (Liquidez detectada)
src.infrastructure.providers.mercado_data_provider | DEBUG | RTD: Detalhes completos registrados para AXIAS760 (Liquidez detectada)
src.infrastructure.providers.mercado_data_provider | DEBUG | RTD: Detalhes completos registrados para B3SAR257 (Liquidez detectada)
src.infrastructure.providers.mercado_data_provider | DEBUG | RTD: Detalhes completos registrados para BOVAR720 (Liquidez detectada)
src.infrastructure.providers.mercado_data_provider | DEBUG | RTD: Detalhes completos registrados para BBSER392 (Liquidez detectada)
src.infrastructure.providers.mercado_data_provider | DEBUG | RTD: Detalhes completos registrados para AXIAV52 (Liquidez detectada)
urllib3.connectionpool | DEBUG | https://statusinvest.com.br:443 "GET /acoes/enev3 HTTP/1.1" 200 None
src.infrastructure.providers.mercado_data_provider | DEBUG | RTD: Detalhes completos registrados para B3SAU192 (Liquidez detectada)
src.infrastructure.providers.mercado_data_provider | DEBUG | RTD: Detalhes completos registrados para BBSET346 (Liquidez detectada)
src.infrastructure.providers.mercado_data_provider | DEBUG | RTD: Detalhes completos registrados para ANIMR20 (Liquidez detectada)
urllib3.connectionpool | DEBUG | Starting new HTTPS connection (1): statusinvest.com.br:443
src.infrastructure.providers.mercado_data_provider | DEBUG | RTD: Detalhes completos registrados para AXIAT61 (Liquidez detectada)
src.infrastructure.providers.mercado_data_provider | DEBUG | RTD: Detalhes completos registrados para AXIAR585W2 (Liquidez detectada)
src.infrastructure.providers.mercado_data_provider | DEBUG | RTD: Detalhes completos registrados para AXIAT26 (Liquidez detectada)
src.infrastructure.providers.mercado_data_provider | DEBUG | RTD: Detalhes completos registrados para BOVAR840 (Liquidez detectada)
src.infrastructure.providers.mercado_data_provider | DEBUG | RTD: Detalhes completos registrados para BBSER348 (Liquidez detectada)
src.infrastructure.providers.mercado_data_provider | DEBUG | RTD: Detalhes completos registrados para ASAIS910 (Liquidez detectada)
src.infrastructure.providers.mercado_data_provider | DEBUG | RTD: Detalhes completos registrados para BEEFR411 (Liquidez detectada)
src.infrastructure.providers.mercado_data_provider | DEBUG | RTD: Detalhes completos registrados para AXIAR570W2 (Liquidez detectada)
src.infrastructure.providers.mercado_data_provider | DEBUG | RTD: Detalhes completos registrados para BBSES336 (Liquidez detectada)
src.infrastructure.providers.mercado_data_provider | DEBUG | RTD: Detalhes completos registrados para AXIAR580 (Liquidez detectada)
src.infrastructure.providers.mercado_data_provider | DEBUG | RTD: Detalhes completos registrados para BBSET331 (Liquidez detectada)
src.infrastructure.providers.mercado_data_provider | DEBUG | RTD: Detalhes completos registrados para BBSER425 (Liquidez detectada)
src.infrastructure.providers.mercado_data_provider | DEBUG | RTD: Detalhes completos registrados para AUAUS395 (Liquidez detectada)
src.infrastructure.providers.mercado_data_provider | DEBUG | RTD: Detalhes completos registrados para AXIAS725 (Liquidez detectada)
src.infrastructure.providers.mercado_data_provider | DEBUG | RTD: Detalhes completos registrados para BBSEU566 (Liquidez detectada)
src.infrastructure.providers.mercado_data_provider | DEBUG | RTD: Detalhes completos registrados para BBSEU319 (Liquidez detectada)
src.infrastructure.providers.mercado_data_provider | DEBUG | RTD: Detalhes completos registrados para AUAUR460 (Liquidez detectada)
src.infrastructure.providers.mercado_data_provider | DEBUG | RTD: Detalhes completos registrados para B3SAR242 (Liquidez detectada)
src.infrastructure.providers.mercado_data_provider | DEBUG | RTD: Detalhes completos registrados para ANIMS410 (Liquidez detectada)
src.infrastructure.providers.mercado_data_provider | DEBUG | RTD: Detalhes completos registrados para BEEFS594 (Liquidez detectada)
src.infrastructure.providers.mercado_data_provider | DEBUG | RTD: Detalhes completos registrados para B3SAU257 (Liquidez detectada)
src.infrastructure.providers.mercado_data_provider | DEBUG | RTD: Detalhes completos registrados para BBSER356 (Liquidez detectada)
src.infrastructure.providers.mercado_data_provider | DEBUG | RTD: Detalhes completos registrados para AXIAS685 (Liquidez detectada)
src.infrastructure.providers.mercado_data_provider | DEBUG | RTD: Detalhes completos registrados para B3SAU184 (Liquidez detectada)
src.infrastructure.providers.mercado_data_provider | DEBUG | RTD: Detalhes completos registrados para AXIAR62 (Liquidez detectada)
src.infrastructure.providers.mercado_data_provider | DEBUG | RTD: Detalhes completos registrados para BBSER371 (Liquidez detectada)
src.infrastructure.providers.mercado_data_provider | DEBUG | RTD: Detalhes completos registrados para AXIAR775 (Liquidez detectada)
src.infrastructure.providers.mercado_data_provider | DEBUG | RTD: Detalhes completos registrados para BBSER323 (Liquidez detectada)
src.infrastructure.providers.mercado_data_provider | DEBUG | RTD: Detalhes completos registrados para B3SAU169 (Liquidez detectada)
src.infrastructure.providers.mercado_data_provider | DEBUG | RTD: Detalhes completos registrados para ANIMS357 (Liquidez detectada)
src.infrastructure.providers.mercado_data_provider | DEBUG | RTD: Detalhes completos registrados para AXIAR570W4 (Liquidez detectada)
src.infrastructure.providers.mercado_data_provider | DEBUG | RTD: Detalhes completos registrados para BMGBS521 (Liquidez detectada)
src.infrastructure.providers.mercado_data_provider | DEBUG | RTD: Detalhes completos registrados para ALUPR321 (Liquidez detectada)
src.infrastructure.providers.mercado_data_provider | DEBUG | RTD: Detalhes completos registrados para B3SAT279 (Liquidez detectada)
src.infrastructure.providers.mercado_data_provider | DEBUG | RTD: Detalhes completos registrados para BBSER351 (Liquidez detectada)
src.infrastructure.providers.mercado_data_provider | DEBUG | RTD: Detalhes completos registrados para AXIAS460 (Liquidez detectada)
src.infrastructure.providers.mercado_data_provider | DEBUG | RTD: Detalhes completos registrados para ASAIR960 (Liquidez detectada)
src.infrastructure.providers.mercado_data_provider | DEBUG | RTD: Detalhes completos registrados para AXIAT71 (Liquidez detectada)
urllib3.connectionpool | DEBUG | https://statusinvest.com.br:443 "GET /acoes/engi11 HTTP/1.1" 200 None
src.infrastructure.providers.mercado_data_provider | DEBUG | RTD: Detalhes completos registrados para AUAUV771 (Liquidez detectada)
src.infrastructure.providers.mercado_data_provider | DEBUG | RTD: Detalhes completos registrados para BBSEW515 (Liquidez detectada)
src.infrastructure.providers.mercado_data_provider | DEBUG | RTD: Detalhes completos registrados para AUAUT98 (Liquidez detectada)
urllib3.connectionpool | DEBUG | Starting new HTTPS connection (1): statusinvest.com.br:443
src.infrastructure.providers.mercado_data_provider | DEBUG | RTD: Detalhes completos registrados para ASAIS870 (Liquidez detectada)
src.infrastructure.providers.mercado_data_provider | DEBUG | RTD: Detalhes completos registrados para BMGBR500 (Liquidez detectada)
src.infrastructure.providers.mercado_data_provider | DEBUG | RTD: Detalhes completos registrados para BOVAR910 (Liquidez detectada)
src.infrastructure.providers.mercado_data_provider | DEBUG | RTD: Detalhes completos registrados para AXIAS645 (Liquidez detectada)
src.infrastructure.providers.mercado_data_provider | DEBUG | RTD: Detalhes completos registrados para AXIAS670 (Liquidez detectada)
src.infrastructure.providers.mercado_data_provider | DEBUG | RTD: Detalhes completos registrados para BOVAS900 (Liquidez detectada)
src.infrastructure.providers.mercado_data_provider | DEBUG | RTD: Detalhes completos registrados para AUAUW590 (Liquidez detectada)
src.infrastructure.providers.mercado_data_provider | DEBUG | RTD: Detalhes completos registrados para BBSER337W4 (Liquidez detectada)
src.infrastructure.providers.mercado_data_provider | DEBUG | RTD: Detalhes completos registrados para B3SAS183 (Liquidez detectada)
src.infrastructure.providers.mercado_data_provider | DEBUG | RTD: Detalhes completos registrados para BOVAR900 (Liquidez detectada)
src.infrastructure.providers.mercado_data_provider | DEBUG | RTD: Detalhes completos registrados para ASAIR850 (Liquidez detectada)
src.infrastructure.providers.mercado_data_provider | DEBUG | RTD: Detalhes completos registrados para B3SAR212 (Liquidez detectada)
src.infrastructure.providers.mercado_data_provider | DEBUG | RTD: Detalhes completos registrados para AXIAR725 (Liquidez detectada)
src.infrastructure.providers.mercado_data_provider | DEBUG | RTD: Detalhes completos registrados para B3SAS223 (Liquidez detectada)
src.infrastructure.providers.mercado_data_provider | DEBUG | RTD: Detalhes completos registrados para AXIAT45 (Liquidez detectada)
src.infrastructure.providers.mercado_data_provider | DEBUG | RTD: Detalhes completos registrados para BOVAR820 (Liquidez detectada)
src.infrastructure.providers.mercado_data_provider | DEBUG | RTD: Detalhes completos registrados para B3SAU174 (Liquidez detectada)
src.infrastructure.providers.mercado_data_provider | DEBUG | RTD: Detalhes completos registrados para ALOSR289 (Liquidez detectada)
src.infrastructure.providers.mercado_data_provider | DEBUG | RTD: Detalhes completos registrados para AURES124 (Liquidez detectada)
src.infrastructure.providers.mercado_data_provider | DEBUG | RTD: Detalhes completos registrados para BHIAR370 (Liquidez detectada)
src.infrastructure.providers.mercado_data_provider | DEBUG | RTD: Detalhes completos registrados para AXIAT575 (Liquidez detectada)
src.infrastructure.providers.mercado_data_provider | DEBUG | RTD: Detalhes completos registrados para AXIAR76 (Liquidez detectada)
src.infrastructure.providers.mercado_data_provider | DEBUG | RTD: Detalhes completos registrados para AZZAS285 (Liquidez detectada)
src.infrastructure.providers.mercado_data_provider | DEBUG | RTD: Detalhes completos registrados para AXIAS765 (Liquidez detectada)
src.infrastructure.providers.mercado_data_provider | DEBUG | RTD: Detalhes completos registrados para BBSES301 (Liquidez detectada)
src.infrastructure.providers.mercado_data_provider | DEBUG | RTD: Detalhes completos registrados para B3SAT244 (Liquidez detectada)
src.infrastructure.providers.mercado_data_provider | DEBUG | RTD: Detalhes completos registrados para BBSER368 (Liquidez detectada)
src.infrastructure.providers.mercado_data_provider | DEBUG | RTD: Detalhes completos registrados para B3SAR182W4 (Liquidez detectada)
src.infrastructure.providers.mercado_data_provider | DEBUG | RTD: Detalhes completos registrados para BBSES349 (Liquidez detectada)
src.infrastructure.providers.mercado_data_provider | DEBUG | RTD: Detalhes completos registrados para AUAUS385 (Liquidez detectada)
src.infrastructure.providers.mercado_data_provider | DEBUG | RTD: Detalhes completos registrados para ANIMR305 (Liquidez detectada)
src.infrastructure.providers.mercado_data_provider | DEBUG | RTD: Detalhes completos registrados para BHIAR940 (Liquidez detectada)
src.infrastructure.providers.mercado_data_provider | DEBUG | RTD: Detalhes completos registrados para BOVAR850 (Liquidez detectada)
src.infrastructure.providers.mercado_data_provider | DEBUG | RTD: Detalhes completos registrados para BBSES339 (Liquidez detectada)
src.infrastructure.providers.mercado_data_provider | DEBUG | RTD: Detalhes completos registrados para B3SAT262 (Liquidez detectada)
src.infrastructure.providers.mercado_data_provider | DEBUG | RTD: Detalhes completos registrados para AXIAS590 (Liquidez detectada)
src.infrastructure.providers.mercado_data_provider | DEBUG | RTD: Detalhes completos registrados para B3SAU267 (Liquidez detectada)
src.infrastructure.providers.mercado_data_provider | DEBUG | RTD: Detalhes completos registrados para BEEFR496 (Liquidez detectada)
src.infrastructure.providers.mercado_data_provider | DEBUG | RTD: Detalhes completos registrados para B3SAR167W4 (Liquidez detectada)
src.infrastructure.providers.mercado_data_provider | DEBUG | RTD: Detalhes completos registrados para AXIAS630 (Liquidez detectada)
src.infrastructure.providers.mercado_data_provider | DEBUG | RTD: Detalhes completos registrados para ANIMR395 (Liquidez detectada)
src.infrastructure.providers.mercado_data_provider | DEBUG | RTD: Detalhes completos registrados para ASAIR630 (Liquidez detectada)
src.infrastructure.providers.mercado_data_provider | DEBUG | RTD: Detalhes completos registrados para BEEFR476 (Liquidez detectada)
src.infrastructure.providers.mercado_data_provider | DEBUG | RTD: Detalhes completos registrados para AXIAS57 (Liquidez detectada)
src.infrastructure.providers.mercado_data_provider | DEBUG | RTD: Detalhes completos registrados para BEEFS406 (Liquidez detectada)
urllib3.connectionpool | DEBUG | https://statusinvest.com.br:443 "GET /acoes/enju3 HTTP/1.1" 200 None
src.infrastructure.providers.mercado_data_provider | DEBUG | RTD: Detalhes completos registrados para BBSER361 (Liquidez detectada)
src.infrastructure.providers.mercado_data_provider | DEBUG | RTD: Detalhes completos registrados para AZZAS230 (Liquidez detectada)
src.infrastructure.providers.mercado_data_provider | DEBUG | RTD: Detalhes completos registrados para BHIAR260 (Liquidez detectada)
urllib3.connectionpool | DEBUG | Starting new HTTPS connection (1): statusinvest.com.br:443
src.infrastructure.providers.mercado_data_provider | DEBUG | RTD: Detalhes completos registrados para BEEFU405 (Liquidez detectada)
src.infrastructure.providers.mercado_data_provider | DEBUG | RTD: Detalhes completos registrados para BOVAT900 (Liquidez detectada)
src.infrastructure.providers.mercado_data_provider | DEBUG | RTD: Detalhes completos registrados para AZZAR285 (Liquidez detectada)
src.infrastructure.providers.mercado_data_provider | DEBUG | RTD: Detalhes completos registrados para ANIMR415 (Liquidez detectada)
src.infrastructure.providers.mercado_data_provider | DEBUG | RTD: Detalhes completos registrados para AXIAT600 (Liquidez detectada)
src.infrastructure.providers.mercado_data_provider | DEBUG | RTD: Detalhes completos registrados para ANIMR325 (Liquidez detectada)
src.infrastructure.providers.mercado_data_provider | DEBUG | RTD: Detalhes completos registrados para AXIAR69 (Liquidez detectada)
src.infrastructure.providers.mercado_data_provider | DEBUG | RTD: Detalhes completos registrados para BBSEU339 (Liquidez detectada)
src.infrastructure.providers.mercado_data_provider | DEBUG | RTD: Detalhes completos registrados para B3SAR230 (Liquidez detectada)
src.infrastructure.providers.mercado_data_provider | DEBUG | RTD: Detalhes completos registrados para BMGBS501 (Liquidez detectada)
src.infrastructure.providers.mercado_data_provider | DEBUG | RTD: Detalhes completos registrados para BOVAR920 (Liquidez detectada)
src.infrastructure.providers.mercado_data_provider | DEBUG | RTD: Detalhes completos registrados para AXIAS462 (Liquidez detectada)
src.infrastructure.providers.mercado_data_provider | DEBUG | RTD: Detalhes completos registrados para ANIMS522 (Liquidez detectada)
src.infrastructure.providers.mercado_data_provider | DEBUG | RTD: Detalhes completos registrados para AXIAS600W4 (Liquidez detectada)
src.infrastructure.providers.mercado_data_provider | DEBUG | RTD: Detalhes completos registrados para AXIAR78 (Liquidez detectada)
src.infrastructure.providers.mercado_data_provider | DEBUG | RTD: Detalhes completos registrados para ALUPR361 (Liquidez detectada)
src.infrastructure.providers.mercado_data_provider | DEBUG | RTD: Detalhes completos registrados para AXIAS66 (Liquidez detectada)
src.infrastructure.providers.mercado_data_provider | DEBUG | RTD: Detalhes completos registrados para ASAIS830 (Liquidez detectada)
src.infrastructure.providers.mercado_data_provider | DEBUG | RTD: Detalhes completos registrados para BEEFS501 (Liquidez detectada)
src.infrastructure.providers.mercado_data_provider | DEBUG | RTD: Detalhes completos registrados para B3SAU259 (Liquidez detectada)
src.infrastructure.providers.mercado_data_provider | DEBUG | RTD: Detalhes completos registrados para AXIAU55 (Liquidez detectada)
src.infrastructure.providers.mercado_data_provider | DEBUG | RTD: Detalhes completos registrados para AXIAS720 (Liquidez detectada)
src.infrastructure.providers.mercado_data_provider | DEBUG | RTD: Detalhes completos registrados para ALUPT379 (Liquidez detectada)
src.infrastructure.providers.mercado_data_provider | DEBUG | RTD: Detalhes completos registrados para AZZAU235 (Liquidez detectada)
src.infrastructure.providers.mercado_data_provider | DEBUG | RTD: Detalhes completos registrados para BBSEU331 (Liquidez detectada)
src.infrastructure.providers.mercado_data_provider | DEBUG | RTD: Detalhes completos registrados para BBSET381 (Liquidez detectada)
src.infrastructure.providers.mercado_data_provider | DEBUG | RTD: Detalhes completos registrados para AXIAT595 (Liquidez detectada)
src.infrastructure.providers.mercado_data_provider | DEBUG | RTD: Detalhes completos registrados para ANIMS400 (Liquidez detectada)
src.infrastructure.providers.mercado_data_provider | DEBUG | RTD: Detalhes completos registrados para BBSEU341 (Liquidez detectada)
src.infrastructure.providers.mercado_data_provider | DEBUG | RTD: Detalhes completos registrados para BBSER356W2 (Liquidez detectada)
src.infrastructure.providers.mercado_data_provider | DEBUG | RTD: Detalhes completos registrados para AMZOS710 (Liquidez detectada)
src.infrastructure.providers.mercado_data_provider | DEBUG | RTD: Detalhes completos registrados para BOVAR865 (Liquidez detectada)
src.infrastructure.providers.mercado_data_provider | DEBUG | RTD: Detalhes completos registrados para ALOSR357 (Liquidez detectada)
src.infrastructure.providers.mercado_data_provider | DEBUG | RTD: Detalhes completos registrados para BOVAW70 (Liquidez detectada)
src.infrastructure.providers.mercado_data_provider | DEBUG | RTD: Detalhes completos registrados para ALPAS135 (Liquidez detectada)
src.infrastructure.providers.mercado_data_provider | DEBUG | RTD: Detalhes completos registrados para BOVAR890 (Liquidez detectada)
src.infrastructure.providers.mercado_data_provider | DEBUG | RTD: Detalhes completos registrados para B3SAT178 (Liquidez detectada)
src.infrastructure.providers.mercado_data_provider | DEBUG | RTD: Detalhes completos registrados para ASAIT172 (Liquidez detectada)
src.infrastructure.providers.mercado_data_provider | DEBUG | RTD: Detalhes completos registrados para ANIMR455 (Liquidez detectada)
src.infrastructure.providers.mercado_data_provider | DEBUG | RTD: Detalhes completos registrados para AZZAR255 (Liquidez detectada)
src.infrastructure.providers.mercado_data_provider | DEBUG | RTD: Detalhes completos registrados para ANIMV20 (Liquidez detectada)
src.infrastructure.providers.mercado_data_provider | DEBUG | RTD: Detalhes completos registrados para AUAUS390 (Liquidez detectada)
src.infrastructure.providers.mercado_data_provider | DEBUG | RTD: Detalhes completos registrados para AXIAR64 (Liquidez detectada)
src.infrastructure.providers.mercado_data_provider | DEBUG | RTD: Detalhes completos registrados para AZZAR240W2 (Liquidez detectada)
src.infrastructure.providers.mercado_data_provider | DEBUG | RTD: Detalhes completos registrados para B3SAR312 (Liquidez detectada)
src.infrastructure.providers.mercado_data_provider | DEBUG | RTD: Detalhes completos registrados para AURER127 (Liquidez detectada)
urllib3.connectionpool | DEBUG | https://statusinvest.com.br:443 "GET /acoes/eqtl3 HTTP/1.1" 200 None
src.infrastructure.providers.mercado_data_provider | DEBUG | RTD: Detalhes completos registrados para ASAIR910 (Liquidez detectada)
src.infrastructure.providers.mercado_data_provider | DEBUG | RTD: Detalhes completos registrados para BBSES296 (Liquidez detectada)
src.infrastructure.providers.mercado_data_provider | DEBUG | RTD: Detalhes completos registrados para ALOSR302 (Liquidez detectada)
src.infrastructure.providers.mercado_data_provider | DEBUG | RTD: Detalhes completos registrados para B3SAU247 (Liquidez detectada)
src.infrastructure.providers.mercado_data_provider | DEBUG | RTD: Detalhes completos registrados para ASAIS790 (Liquidez detectada)
urllib3.connectionpool | DEBUG | Starting new HTTPS connection (1): statusinvest.com.br:443
src.infrastructure.providers.mercado_data_provider | DEBUG | RTD: Detalhes completos registrados para ANIMS427 (Liquidez detectada)
src.infrastructure.providers.mercado_data_provider | DEBUG | RTD: Detalhes completos registrados para ALUPU293 (Liquidez detectada)
src.infrastructure.providers.mercado_data_provider | DEBUG | RTD: Detalhes completos registrados para BBSEU336 (Liquidez detectada)
src.infrastructure.providers.mercado_data_provider | DEBUG | RTD: Detalhes completos registrados para ALOSS347 (Liquidez detectada)
src.infrastructure.providers.mercado_data_provider | DEBUG | RTD: Detalhes completos registrados para ASAIW610 (Liquidez detectada)
src.infrastructure.providers.mercado_data_provider | DEBUG | RTD: Detalhes completos registrados para BHIAW310 (Liquidez detectada)
src.infrastructure.providers.mercado_data_provider | DEBUG | RTD: Detalhes completos registrados para B3SAR267 (Liquidez detectada)
src.infrastructure.providers.mercado_data_provider | DEBUG | RTD: Detalhes completos registrados para ALOSU289 (Liquidez detectada)
src.infrastructure.providers.mercado_data_provider | DEBUG | RTD: Detalhes completos registrados para BBSEU324 (Liquidez detectada)
src.infrastructure.providers.mercado_data_provider | DEBUG | RTD: Detalhes completos registrados para BBSET371 (Liquidez detectada)
src.infrastructure.providers.mercado_data_provider | DEBUG | RTD: Detalhes completos registrados para ALOSR294W2 (Liquidez detectada)
src.infrastructure.providers.mercado_data_provider | DEBUG | RTD: Detalhes completos registrados para BBSES38 (Liquidez detectada)
src.infrastructure.providers.mercado_data_provider | DEBUG | RTD: Detalhes completos registrados para AXIAR75 (Liquidez detectada)
src.infrastructure.providers.mercado_data_provider | DEBUG | RTD: Detalhes completos registrados para BBSER321 (Liquidez detectada)
src.infrastructure.providers.mercado_data_provider | DEBUG | RTD: Detalhes completos registrados para AXIAR66 (Liquidez detectada)
src.infrastructure.providers.mercado_data_provider | DEBUG | RTD: Detalhes completos registrados para B3SAT257 (Liquidez detectada)
src.infrastructure.providers.mercado_data_provider | DEBUG | RTD: Detalhes completos registrados para BBSEW260 (Liquidez detectada)
src.infrastructure.providers.mercado_data_provider | DEBUG | RTD: Detalhes completos registrados para BMGBR495 (Liquidez detectada)
src.infrastructure.providers.mercado_data_provider | DEBUG | RTD: Detalhes completos registrados para ANIMU20 (Liquidez detectada)
src.infrastructure.providers.mercado_data_provider | DEBUG | RTD: Detalhes completos registrados para B3SAU182 (Liquidez detectada)
src.infrastructure.providers.mercado_data_provider | DEBUG | RTD: Detalhes completos registrados para AURET130 (Liquidez detectada)
src.infrastructure.providers.mercado_data_provider | DEBUG | RTD: Detalhes completos registrados para AURES141 (Liquidez detectada)
src.infrastructure.providers.mercado_data_provider | DEBUG | RTD: Detalhes completos registrados para AXIAS635 (Liquidez detectada)
src.infrastructure.providers.mercado_data_provider | DEBUG | RTD: Detalhes completos registrados para AXIAT680 (Liquidez detectada)
src.infrastructure.providers.mercado_data_provider | DEBUG | RTD: Detalhes completos registrados para BBSER344W2 (Liquidez detectada)
src.infrastructure.providers.mercado_data_provider | DEBUG | RTD: Detalhes completos registrados para ANIMW450 (Liquidez detectada)
src.infrastructure.providers.mercado_data_provider | DEBUG | RTD: Detalhes completos registrados para AXIAR262 (Liquidez detectada)
src.infrastructure.providers.mercado_data_provider | DEBUG | RTD: Detalhes completos registrados para BBSES341 (Liquidez detectada)
src.infrastructure.providers.mercado_data_provider | DEBUG | RTD: Detalhes completos registrados para ALOST33 (Liquidez detectada)
src.infrastructure.providers.mercado_data_provider | DEBUG | RTD: Detalhes completos registrados para ANIMS317 (Liquidez detectada)
src.infrastructure.providers.mercado_data_provider | DEBUG | RTD: Detalhes completos registrados para BBSEW491 (Liquidez detectada)
src.infrastructure.providers.mercado_data_provider | DEBUG | RTD: Detalhes completos registrados para BOVAR905 (Liquidez detectada)
src.infrastructure.providers.mercado_data_provider | DEBUG | RTD: Detalhes completos registrados para ASAIR840 (Liquidez detectada)
src.infrastructure.providers.mercado_data_provider | DEBUG | RTD: Detalhes completos registrados para AURER132 (Liquidez detectada)
src.infrastructure.providers.mercado_data_provider | DEBUG | RTD: Detalhes completos registrados para AXIAR70 (Liquidez detectada)
src.infrastructure.providers.mercado_data_provider | DEBUG | RTD: Detalhes completos registrados para AZZAS277 (Liquidez detectada)
src.infrastructure.providers.mercado_data_provider | DEBUG | RTD: Detalhes completos registrados para BBSER333 (Liquidez detectada)
urllib3.connectionpool | DEBUG | https://statusinvest.com.br:443 "GET /acoes/espa3 HTTP/1.1" 200 None
src.infrastructure.providers.mercado_data_provider | DEBUG | RTD: Detalhes completos registrados para B3SAU254 (Liquidez detectada)
src.infrastructure.providers.mercado_data_provider | DEBUG | RTD: Detalhes completos registrados para BOVAR915 (Liquidez detectada)
src.infrastructure.providers.mercado_data_provider | DEBUG | RTD: Detalhes completos registrados para BOVAR870 (Liquidez detectada)
src.infrastructure.providers.mercado_data_provider | DEBUG | RTD: Detalhes completos registrados para AZZAW298 (Liquidez detectada)
src.infrastructure.providers.mercado_data_provider | DEBUG | RTD: Detalhes completos registrados para ANIMR315 (Liquidez detectada)
src.infrastructure.providers.mercado_data_provider | DEBUG | RTD: Detalhes completos registrados para BOVAR880 (Liquidez detectada)
src.infrastructure.providers.mercado_data_provider | DEBUG | RTD: Detalhes completos registrados para ALOSR367 (Liquidez detectada)
src.infrastructure.providers.mercado_data_provider | DEBUG | RTD: Detalhes completos registrados para BBSEV349 (Liquidez detectada)
src.infrastructure.providers.mercado_data_provider | DEBUG | RTD: Detalhes completos registrados para ANIMR237 (Liquidez detectada)
src.infrastructure.providers.mercado_data_provider | DEBUG | RTD: Detalhes completos registrados para AXIAR815 (Liquidez detectada)
src.infrastructure.providers.mercado_data_provider | DEBUG | RTD: Detalhes completos registrados para BBSER349W2 (Liquidez detectada)
src.infrastructure.providers.mercado_data_provider | DEBUG | RTD: Detalhes completos registrados para BBSES381 (Liquidez detectada)
src.infrastructure.providers.mercado_data_provider | DEBUG | RTD: Detalhes completos registrados para AXIAR490 (Liquidez detectada)
src.infrastructure.providers.mercado_data_provider | DEBUG | RTD: Detalhes completos registrados para BBSER345W4 (Liquidez detectada)
src.infrastructure.providers.mercado_data_provider | DEBUG | RTD: Detalhes completos registrados para BBSET320 (Liquidez detectada)
src.infrastructure.providers.mercado_data_provider | DEBUG | RTD: Detalhes completos registrados para BBSET286 (Liquidez detectada)
src.infrastructure.providers.mercado_data_provider | DEBUG | RTD: Detalhes completos registrados para AZZAS222W1 (Liquidez detectada)
src.infrastructure.providers.mercado_data_provider | DEBUG | RTD: Detalhes completos registrados para AZZAS180 (Liquidez detectada)
src.infrastructure.providers.mercado_data_provider | DEBUG | RTD: Detalhes completos registrados para AZZAR225 (Liquidez detectada)
src.infrastructure.providers.mercado_data_provider | DEBUG | RTD: Detalhes completos registrados para AZZAR240 (Liquidez detectada)
src.infrastructure.providers.mercado_data_provider | DEBUG | RTD: Detalhes completos registrados para BBSET416 (Liquidez detectada)
src.infrastructure.providers.mercado_data_provider | DEBUG | RTD: Detalhes completos registrados para AXIAR71 (Liquidez detectada)
urllib3.connectionpool | DEBUG | Starting new HTTPS connection (1): statusinvest.com.br:443
src.infrastructure.providers.mercado_data_provider | DEBUG | RTD: Detalhes completos registrados para ALPAS654 (Liquidez detectada)
src.infrastructure.providers.mercado_data_provider | DEBUG | RTD: Detalhes completos registrados para ALOSS304 (Liquidez detectada)
src.infrastructure.providers.mercado_data_provider | DEBUG | RTD: Detalhes completos registrados para AZZAR227 (Liquidez detectada)
src.infrastructure.providers.mercado_data_provider | DEBUG | RTD: Detalhes completos registrados para ANIMR485 (Liquidez detectada)
src.infrastructure.providers.mercado_data_provider | DEBUG | RTD: Detalhes completos registrados para BEEFT405 (Liquidez detectada)
src.infrastructure.providers.mercado_data_provider | DEBUG | RTD: Detalhes completos registrados para B3SAS262 (Liquidez detectada)
src.infrastructure.providers.mercado_data_provider | DEBUG | RTD: Detalhes completos registrados para ASAIT830 (Liquidez detectada)
src.infrastructure.providers.mercado_data_provider | DEBUG | RTD: Detalhes completos registrados para AXIAR61 (Liquidez detectada)
src.infrastructure.providers.mercado_data_provider | DEBUG | RTD: Detalhes completos registrados para B3SAU262 (Liquidez detectada)
src.infrastructure.providers.mercado_data_provider | DEBUG | RTD: Detalhes completos registrados para BHIAR780 (Liquidez detectada)
src.infrastructure.providers.mercado_data_provider | DEBUG | RTD: Detalhes completos registrados para BBSEU354 (Liquidez detectada)
src.infrastructure.providers.mercado_data_provider | DEBUG | RTD: Detalhes completos registrados para AURER137 (Liquidez detectada)
src.infrastructure.providers.mercado_data_provider | DEBUG | RTD: Detalhes completos registrados para ANIMR465 (Liquidez detectada)
src.infrastructure.providers.mercado_data_provider | DEBUG | RTD: Detalhes completos registrados para AXIAU68 (Liquidez detectada)
src.infrastructure.providers.mercado_data_provider | DEBUG | RTD: Detalhes completos registrados para B3SAW311 (Liquidez detectada)
src.infrastructure.providers.mercado_data_provider | DEBUG | RTD: Detalhes completos registrados para B3SAT169 (Liquidez detectada)
src.infrastructure.providers.mercado_data_provider | DEBUG | RTD: Detalhes completos registrados para BBSEV341 (Liquidez detectada)
src.infrastructure.providers.mercado_data_provider | DEBUG | RTD: Detalhes completos registrados para AXIAS58 (Liquidez detectada)
src.infrastructure.providers.mercado_data_provider | DEBUG | RTD: Detalhes completos registrados para BOVAR895 (Liquidez detectada)
src.infrastructure.providers.mercado_data_provider | DEBUG | RTD: Detalhes completos registrados para AXIAR604 (Liquidez detectada)
src.infrastructure.providers.mercado_data_provider | DEBUG | RTD: Detalhes completos registrados para AXIAS59 (Liquidez detectada)
src.infrastructure.providers.mercado_data_provider | DEBUG | RTD: Detalhes completos registrados para AZZAT217 (Liquidez detectada)
src.infrastructure.providers.mercado_data_provider | DEBUG | RTD: Detalhes completos registrados para BEEFW511 (Liquidez detectada)
src.infrastructure.providers.mercado_data_provider | DEBUG | RTD: Detalhes completos registrados para ANIMS380 (Liquidez detectada)
src.infrastructure.providers.mercado_data_provider | DEBUG | RTD: Detalhes completos registrados para ANIMR495 (Liquidez detectada)
src.infrastructure.providers.mercado_data_provider | DEBUG | RTD: Detalhes completos registrados para AXIAS585W4 (Liquidez detectada)
src.infrastructure.providers.mercado_data_provider | DEBUG | RTD: Detalhes completos registrados para BBSET361 (Liquidez detectada)
src.infrastructure.providers.mercado_data_provider | DEBUG | RTD: Detalhes completos registrados para AXIAT670 (Liquidez detectada)
src.infrastructure.providers.mercado_data_provider | DEBUG | RTD: Detalhes completos registrados para ANIMW20 (Liquidez detectada)
src.infrastructure.providers.mercado_data_provider | DEBUG | RTD: Detalhes completos registrados para BBSER341W2 (Liquidez detectada)
src.infrastructure.providers.mercado_data_provider | DEBUG | RTD: Detalhes completos registrados para B3SAU252 (Liquidez detectada)
src.infrastructure.providers.mercado_data_provider | DEBUG | RTD: Detalhes completos registrados para AXIAU52 (Liquidez detectada)
src.infrastructure.providers.mercado_data_provider | DEBUG | RTD: Detalhes completos registrados para AXIAT565 (Liquidez detectada)
src.infrastructure.providers.mercado_data_provider | DEBUG | RTD: Detalhes completos registrados para ANIMR365 (Liquidez detectada)
src.infrastructure.providers.mercado_data_provider | DEBUG | RTD: Detalhes completos registrados para BBSES314 (Liquidez detectada)
src.infrastructure.providers.mercado_data_provider | DEBUG | RTD: Detalhes completos registrados para ANIMR445 (Liquidez detectada)
src.infrastructure.providers.mercado_data_provider | DEBUG | RTD: Detalhes completos registrados para BBSER346 (Liquidez detectada)
src.infrastructure.providers.mercado_data_provider | DEBUG | RTD: Detalhes completos registrados para ASAIS850 (Liquidez detectada)
src.infrastructure.providers.mercado_data_provider | DEBUG | RTD: Detalhes completos registrados para B3SAR182 (Liquidez detectada)
src.infrastructure.providers.mercado_data_provider | DEBUG | RTD: Detalhes completos registrados para BBSET35 (Liquidez detectada)
src.infrastructure.providers.mercado_data_provider | DEBUG | RTD: Detalhes completos registrados para ANIMS297 (Liquidez detectada)
src.infrastructure.providers.mercado_data_provider | DEBUG | RTD: Detalhes completos registrados para BBSEU299 (Liquidez detectada)
src.infrastructure.providers.mercado_data_provider | DEBUG | RTD: Detalhes completos registrados para AURAR126 (Liquidez detectada)
src.infrastructure.providers.mercado_data_provider | DEBUG | RTD: Detalhes completos registrados para B3SAS218 (Liquidez detectada)
src.infrastructure.providers.mercado_data_provider | DEBUG | RTD: Detalhes completos registrados para B3SAU249 (Liquidez detectada)
urllib3.connectionpool | DEBUG | https://statusinvest.com.br:443 "GET /acoes/even3 HTTP/1.1" 200 None
src.infrastructure.providers.mercado_data_provider | DEBUG | RTD: Detalhes completos registrados para ALOSR305 (Liquidez detectada)
src.infrastructure.providers.mercado_data_provider | DEBUG | RTD: Detalhes completos registrados para ANIMS390 (Liquidez detectada)
src.infrastructure.providers.mercado_data_provider | DEBUG | RTD: Detalhes completos registrados para B3SAS175 (Liquidez detectada)
src.infrastructure.providers.mercado_data_provider | DEBUG | RTD: Detalhes completos registrados para B3SAW174 (Liquidez detectada)
urllib3.connectionpool | DEBUG | Starting new HTTPS connection (1): statusinvest.com.br:443
src.infrastructure.providers.mercado_data_provider | DEBUG | RTD: Detalhes completos registrados para AUAUR300 (Liquidez detectada)
src.infrastructure.providers.mercado_data_provider | DEBUG | RTD: Detalhes completos registrados para B3SAR192 (Liquidez detectada)
src.infrastructure.providers.mercado_data_provider | DEBUG | RTD: Detalhes completos registrados para BOVAR755 (Liquidez detectada)
src.infrastructure.providers.mercado_data_provider | DEBUG | RTD: Detalhes completos registrados para B3SAS169 (Liquidez detectada)
src.infrastructure.providers.mercado_data_provider | DEBUG | RTD: Detalhes completos registrados para AZZAT215 (Liquidez detectada)
src.infrastructure.providers.mercado_data_provider | DEBUG | RTD: Detalhes completos registrados para AXIAT590 (Liquidez detectada)
src.infrastructure.providers.mercado_data_provider | DEBUG | RTD: Detalhes completos registrados para AZZAT220 (Liquidez detectada)
src.infrastructure.providers.mercado_data_provider | DEBUG | RTD: Detalhes completos registrados para BBSER351W2 (Liquidez detectada)
src.infrastructure.providers.mercado_data_provider | DEBUG | RTD: Detalhes completos registrados para AXIAS585 (Liquidez detectada)
src.infrastructure.providers.mercado_data_provider | DEBUG | RTD: Detalhes completos registrados para B3SAR260 (Liquidez detectada)
src.infrastructure.providers.mercado_data_provider | DEBUG | RTD: Detalhes completos registrados para BBSET380 (Liquidez detectada)
src.infrastructure.providers.mercado_data_provider | DEBUG | RTD: Detalhes completos registrados para ALUPS319 (Liquidez detectada)
src.infrastructure.providers.mercado_data_provider | DEBUG | RTD: Detalhes completos registrados para ANIMS337 (Liquidez detectada)
src.infrastructure.providers.mercado_data_provider | DEBUG | RTD: Detalhes completos registrados para BEEFR596 (Liquidez detectada)
src.infrastructure.providers.mercado_data_provider | DEBUG | RTD: Detalhes completos registrados para BBSEU321 (Liquidez detectada)
src.infrastructure.providers.mercado_data_provider | DEBUG | RTD: Detalhes completos registrados para BOVAT915 (Liquidez detectada)
src.infrastructure.providers.mercado_data_provider | DEBUG | RTD: Detalhes completos registrados para BBSET391 (Liquidez detectada)
src.infrastructure.providers.mercado_data_provider | DEBUG | RTD: Detalhes completos registrados para BBSER328 (Liquidez detectada)
src.infrastructure.providers.mercado_data_provider | DEBUG | RTD: Detalhes completos registrados para B3SAR183W2 (Liquidez detectada)
src.infrastructure.providers.mercado_data_provider | DEBUG | RTD: Detalhes completos registrados para AXIAS70 (Liquidez detectada)
src.infrastructure.providers.mercado_data_provider | DEBUG | RTD: Detalhes completos registrados para AURET135 (Liquidez detectada)
src.infrastructure.providers.mercado_data_provider | DEBUG | RTD: Detalhes completos registrados para BBSEU352 (Liquidez detectada)
src.infrastructure.providers.mercado_data_provider | DEBUG | RTD: Detalhes completos registrados para ANIMS467 (Liquidez detectada)
src.infrastructure.providers.mercado_data_provider | DEBUG | RTD: Detalhes completos registrados para BBSER390 (Liquidez detectada)
src.infrastructure.providers.mercado_data_provider | DEBUG | RTD: Detalhes completos registrados para B3SAR227 (Liquidez detectada)
src.infrastructure.providers.mercado_data_provider | DEBUG | RTD: Detalhes completos registrados para AXIAS655 (Liquidez detectada)
src.infrastructure.providers.mercado_data_provider | DEBUG | RTD: Detalhes completos registrados para AZZAR245 (Liquidez detectada)
src.infrastructure.providers.mercado_data_provider | DEBUG | RTD: Detalhes completos registrados para AZZAS227 (Liquidez detectada)
src.infrastructure.providers.mercado_data_provider | DEBUG | RTD: Detalhes completos registrados para AXIAR72 (Liquidez detectada)
src.infrastructure.providers.mercado_data_provider | DEBUG | RTD: Detalhes completos registrados para BBSEW324 (Liquidez detectada)
src.infrastructure.providers.mercado_data_provider | DEBUG | RTD: Detalhes completos registrados para BBSET321 (Liquidez detectada)
src.infrastructure.providers.mercado_data_provider | DEBUG | RTD: Detalhes completos registrados para BBSET336 (Liquidez detectada)
src.infrastructure.providers.mercado_data_provider | DEBUG | RTD: Detalhes completos registrados para AXIAW55 (Liquidez detectada)
src.infrastructure.providers.mercado_data_provider | DEBUG | RTD: Detalhes completos registrados para BOVAW900 (Liquidez detectada)
src.infrastructure.providers.mercado_data_provider | DEBUG | RTD: Detalhes completos registrados para AUAUR290 (Liquidez detectada)
src.infrastructure.providers.mercado_data_provider | DEBUG | RTD: Detalhes completos registrados para BEEFS494 (Liquidez detectada)
src.infrastructure.providers.mercado_data_provider | DEBUG | RTD: Detalhes completos registrados para ALUPU283 (Liquidez detectada)
src.infrastructure.providers.mercado_data_provider | DEBUG | RTD: Detalhes completos registrados para BOVAR860 (Liquidez detectada)
src.infrastructure.providers.mercado_data_provider | DEBUG | RTD: Detalhes completos registrados para BBSES326 (Liquidez detectada)
src.infrastructure.providers.mercado_data_provider | DEBUG | RTD: Detalhes completos registrados para AXIAT534 (Liquidez detectada)
src.infrastructure.providers.mercado_data_provider | DEBUG | RTD: Detalhes completos registrados para BBSEV346 (Liquidez detectada)
src.infrastructure.providers.mercado_data_provider | DEBUG | RTD: Detalhes completos registrados para BOVAR875 (Liquidez detectada)
src.infrastructure.providers.mercado_data_provider | DEBUG | RTD: Detalhes completos registrados para B3SAR232 (Liquidez detectada)
src.infrastructure.providers.mercado_data_provider | DEBUG | RTD: Detalhes completos registrados para BBSES346 (Liquidez detectada)
src.infrastructure.providers.mercado_data_provider | DEBUG | RTD: Detalhes completos registrados para AZZAR292 (Liquidez detectada)
src.infrastructure.providers.mercado_data_provider | DEBUG | RTD: Detalhes completos registrados para BBSER339W2 (Liquidez detectada)
src.infrastructure.providers.mercado_data_provider | DEBUG | RTD: Detalhes completos registrados para AXIAS705 (Liquidez detectada)
src.infrastructure.providers.mercado_data_provider | DEBUG | RTD: Detalhes completos registrados para BBSER381 (Liquidez detectada)
src.infrastructure.providers.mercado_data_provider | DEBUG | RTD: Detalhes completos registrados para BMGBU502 (Liquidez detectada)
src.infrastructure.providers.mercado_data_provider | DEBUG | RTD: Detalhes completos registrados para B3SAR162W4 (Liquidez detectada)
src.infrastructure.providers.mercado_data_provider | DEBUG | RTD: Detalhes completos registrados para AXIAR675 (Liquidez detectada)
src.infrastructure.providers.mercado_data_provider | DEBUG | RTD: Detalhes completos registrados para AZZAR282 (Liquidez detectada)
src.infrastructure.providers.mercado_data_provider | DEBUG | RTD: Detalhes completos registrados para BHIAT110 (Liquidez detectada)
src.infrastructure.providers.mercado_data_provider | DEBUG | RTD: Detalhes completos registrados para BBSEW346 (Liquidez detectada)
src.infrastructure.providers.mercado_data_provider | DEBUG | RTD: Detalhes completos registrados para ANIMS307 (Liquidez detectada)
src.infrastructure.providers.mercado_data_provider | DEBUG | RTD: Detalhes completos registrados para BMGBS461 (Liquidez detectada)
src.infrastructure.providers.mercado_data_provider | DEBUG | RTD: Detalhes completos registrados para ANIMS540 (Liquidez detectada)
src.infrastructure.providers.mercado_data_provider | DEBUG | RTD: Detalhes completos registrados para ANIMS277 (Liquidez detectada)
src.infrastructure.providers.mercado_data_provider | DEBUG | RTD: Detalhes completos registrados para BHIAS17 (Liquidez detectada)
src.infrastructure.providers.mercado_data_provider | DEBUG | RTD: Detalhes completos registrados para ANIMR530 (Liquidez detectada)
src.infrastructure.providers.mercado_data_provider | DEBUG | RTD: Detalhes completos registrados para B3SAR172 (Liquidez detectada)
src.infrastructure.providers.mercado_data_provider | DEBUG | RTD: Detalhes completos registrados para AXIAS735 (Liquidez detectada)
src.infrastructure.providers.mercado_data_provider | DEBUG | RTD: Detalhes completos registrados para AZZAS225 (Liquidez detectada)
src.infrastructure.providers.mercado_data_provider | DEBUG | RTD: Detalhes completos registrados para BBSER376 (Liquidez detectada)
src.infrastructure.providers.mercado_data_provider | DEBUG | RTD: Detalhes completos registrados para ALOSS295 (Liquidez detectada)
src.infrastructure.providers.mercado_data_provider | DEBUG | RTD: Detalhes completos registrados para BOVAR810 (Liquidez detectada)
src.infrastructure.providers.mercado_data_provider | DEBUG | RTD: Detalhes completos registrados para BBSES391 (Liquidez detectada)
urllib3.connectionpool | DEBUG | https://statusinvest.com.br:443 "GET /acoes/exxo34 HTTP/1.1" 404 None
src.infrastructure.providers.mercado_data_provider | DEBUG | RTD: Detalhes completos registrados para AZZAV282 (Liquidez detectada)
src.infrastructure.providers.dividendos_statusinvest | WARNING | StatusInvest: HTTP 404 para EXXO34
urllib3.connectionpool | DEBUG | Starting new HTTPS connection (1): statusinvest.com.br:443
src.infrastructure.providers.mercado_data_provider | DEBUG | RTD: Detalhes completos registrados para B3SAU264 (Liquidez detectada)
src.infrastructure.providers.mercado_data_provider | DEBUG | RTD: Detalhes completos registrados para AXIAR680 (Liquidez detectada)
src.infrastructure.providers.mercado_data_provider | DEBUG | RTD: Detalhes completos registrados para AZZAS220 (Liquidez detectada)
src.infrastructure.providers.mercado_data_provider | DEBUG | RTD: Detalhes completos registrados para B3SAU269 (Liquidez detectada)
src.infrastructure.providers.mercado_data_provider | DEBUG | RTD: Detalhes completos registrados para AXIAR654 (Liquidez detectada)
src.infrastructure.providers.mercado_data_provider | DEBUG | RTD: Detalhes completos registrados para BBSER378 (Liquidez detectada)
src.infrastructure.providers.mercado_data_provider | DEBUG | RTD: Detalhes completos registrados para ANIMR405 (Liquidez detectada)
src.infrastructure.providers.mercado_data_provider | DEBUG | RTD: Detalhes completos registrados para BBSER343 (Liquidez detectada)
src.infrastructure.providers.mercado_data_provider | DEBUG | RTD: Detalhes completos registrados para BEEFW611 (Liquidez detectada)
src.infrastructure.providers.mercado_data_provider | DEBUG | RTD: Detalhes completos registrados para BBSER324W2 (Liquidez detectada)
src.infrastructure.providers.mercado_data_provider | DEBUG | RTD: Detalhes completos registrados para AZZAW220 (Liquidez detectada)
src.infrastructure.providers.mercado_data_provider | DEBUG | RTD: Detalhes completos registrados para BOVAR790 (Liquidez detectada)
src.infrastructure.providers.mercado_data_provider | DEBUG | RTD: Detalhes completos registrados para AXIAR280 (Liquidez detectada)
src.infrastructure.providers.mercado_data_provider | DEBUG | RTD: Detalhes completos registrados para BBSET426 (Liquidez detectada)
src.infrastructure.providers.mercado_data_provider | DEBUG | RTD: Detalhes completos registrados para AZZAS240 (Liquidez detectada)
src.infrastructure.providers.mercado_data_provider | DEBUG | RTD: Detalhes completos registrados para AXIAR59 (Liquidez detectada)
src.infrastructure.providers.mercado_data_provider | DEBUG | RTD: Detalhes completos registrados para AXIAR67 (Liquidez detectada)
src.infrastructure.providers.mercado_data_provider | DEBUG | RTD: Detalhes completos registrados para BBSER290 (Liquidez detectada)
src.infrastructure.providers.mercado_data_provider | DEBUG | RTD: Detalhes completos registrados para B3SAR225 (Liquidez detectada)
src.infrastructure.providers.mercado_data_provider | DEBUG | RTD: Detalhes completos registrados para AXIAR357 (Liquidez detectada)
src.infrastructure.providers.mercado_data_provider | DEBUG | RTD: Detalhes completos registrados para B3SAU292 (Liquidez detectada)
src.infrastructure.providers.mercado_data_provider | DEBUG | RTD: Detalhes completos registrados para AXIAR605 (Liquidez detectada)
src.infrastructure.providers.mercado_data_provider | DEBUG | RTD: Detalhes completos registrados para B3SAT219 (Liquidez detectada)
src.infrastructure.providers.mercado_data_provider | DEBUG | RTD: Detalhes completos registrados para AXIAS534 (Liquidez detectada)
src.infrastructure.providers.mercado_data_provider | DEBUG | RTD: Detalhes completos registrados para B3SAR262 (Liquidez detectada)
src.infrastructure.providers.mercado_data_provider | DEBUG | RTD: Detalhes completos registrados para ALOSS29 (Liquidez detectada)
src.infrastructure.providers.mercado_data_provider | DEBUG | RTD: Detalhes completos registrados para B3SAR162 (Liquidez detectada)
src.infrastructure.providers.mercado_data_provider | DEBUG | RTD: Detalhes completos registrados para AXIAR645 (Liquidez detectada)
src.infrastructure.providers.mercado_data_provider | DEBUG | RTD: Detalhes completos registrados para B3SAR322 (Liquidez detectada)
src.infrastructure.providers.mercado_data_provider | DEBUG | RTD: Detalhes completos registrados para BLAUR12 (Liquidez detectada)
src.infrastructure.providers.mercado_data_provider | DEBUG | RTD: Detalhes completos registrados para AURET125 (Liquidez detectada)
src.infrastructure.providers.mercado_data_provider | DEBUG | RTD: Detalhes completos registrados para AXIAR720 (Liquidez detectada)
src.infrastructure.providers.mercado_data_provider | DEBUG | RTD: Detalhes completos registrados para BBSER165 (Liquidez detectada)
src.infrastructure.providers.mercado_data_provider | DEBUG | RTD: Detalhes completos registrados para BBSEU291 (Liquidez detectada)
src.infrastructure.providers.mercado_data_provider | DEBUG | RTD: Detalhes completos registrados para B3SAT184 (Liquidez detectada)
src.infrastructure.providers.mercado_data_provider | DEBUG | RTD: Detalhes completos registrados para BMGBR550 (Liquidez detectada)
urllib3.connectionpool | DEBUG | https://statusinvest.com.br:443 "GET /acoes/eztc3 HTTP/1.1" 200 None
src.infrastructure.providers.mercado_data_provider | DEBUG | RTD: Detalhes completos registrados para BHIAS26 (Liquidez detectada)
src.infrastructure.providers.mercado_data_provider | DEBUG | RTD: Detalhes completos registrados para BBSER372 (Liquidez detectada)
src.infrastructure.providers.mercado_data_provider | DEBUG | RTD: Detalhes completos registrados para AURES139 (Liquidez detectada)
src.infrastructure.providers.mercado_data_provider | DEBUG | RTD: Detalhes completos registrados para B3SAR252 (Liquidez detectada)
urllib3.connectionpool | DEBUG | Starting new HTTPS connection (1): statusinvest.com.br:443
src.infrastructure.providers.mercado_data_provider | DEBUG | RTD: Detalhes completos registrados para AUAUU385 (Liquidez detectada)
src.infrastructure.providers.mercado_data_provider | DEBUG | RTD: Detalhes completos registrados para AMZOR540 (Liquidez detectada)
src.infrastructure.providers.mercado_data_provider | DEBUG | RTD: Detalhes completos registrados para BBSER342W4 (Liquidez detectada)
src.infrastructure.providers.mercado_data_provider | DEBUG | RTD: Detalhes completos registrados para BBSEU329 (Liquidez detectada)
src.infrastructure.providers.mercado_data_provider | DEBUG | RTD: Detalhes completos registrados para ASAIT880 (Liquidez detectada)
src.infrastructure.providers.mercado_data_provider | DEBUG | RTD: Detalhes completos registrados para AXIAR585 (Liquidez detectada)
src.infrastructure.providers.mercado_data_provider | DEBUG | RTD: Detalhes completos registrados para ASAIU60 (Liquidez detectada)
src.infrastructure.providers.mercado_data_provider | DEBUG | RTD: Detalhes completos registrados para BOVAR815 (Liquidez detectada)
src.infrastructure.providers.mercado_data_provider | DEBUG | RTD: Detalhes completos registrados para AMARW20 (Liquidez detectada)
src.infrastructure.providers.mercado_data_provider | DEBUG | RTD: Detalhes completos registrados para BBSEV355 (Liquidez detectada)
src.infrastructure.providers.mercado_data_provider | DEBUG | RTD: Detalhes completos registrados para B3SAT202 (Liquidez detectada)
src.infrastructure.providers.mercado_data_provider | DEBUG | RTD: Detalhes completos registrados para AZZAS155 (Liquidez detectada)
src.infrastructure.providers.mercado_data_provider | DEBUG | RTD: Detalhes completos registrados para B3SAW182 (Liquidez detectada)
src.infrastructure.providers.mercado_data_provider | DEBUG | RTD: Detalhes completos registrados para BOVAR855 (Liquidez detectada)
src.infrastructure.providers.mercado_data_provider | DEBUG | RTD: Detalhes completos registrados para ANIMT20 (Liquidez detectada)
src.infrastructure.providers.mercado_data_provider | DEBUG | RTD: Detalhes completos registrados para AUAUR400 (Liquidez detectada)
src.infrastructure.providers.mercado_data_provider | DEBUG | RTD: Detalhes completos registrados para ANIMS292 (Liquidez detectada)
src.infrastructure.providers.mercado_data_provider | DEBUG | RTD: Detalhes completos registrados para B3SAW134 (Liquidez detectada)
src.infrastructure.providers.mercado_data_provider | DEBUG | RTD: Detalhes completos registrados para AXIAT52 (Liquidez detectada)
src.infrastructure.providers.mercado_data_provider | DEBUG | RTD: Detalhes completos registrados para BBSER382 (Liquidez detectada)
src.infrastructure.providers.mercado_data_provider | DEBUG | RTD: Detalhes completos registrados para AXIAT55 (Liquidez detectada)
src.infrastructure.providers.mercado_data_provider | DEBUG | RTD: Detalhes completos registrados para ANIMT327 (Liquidez detectada)
src.infrastructure.providers.mercado_data_provider | DEBUG | RTD: Detalhes completos registrados para B3SAT192 (Liquidez detectada)
src.infrastructure.providers.mercado_data_provider | DEBUG | RTD: Detalhes completos registrados para AXIAR745 (Liquidez detectada)
src.infrastructure.providers.mercado_data_provider | DEBUG | RTD: Detalhes completos registrados para ALPAW60 (Liquidez detectada)
src.infrastructure.providers.mercado_data_provider | DEBUG | RTD: Detalhes completos registrados para BOVAR760 (Liquidez detectada)
src.infrastructure.providers.mercado_data_provider | DEBUG | RTD: Detalhes completos registrados para AXIAR60 (Liquidez detectada)
src.infrastructure.providers.mercado_data_provider | DEBUG | RTD: Detalhes completos registrados para ASAIR122 (Liquidez detectada)
src.infrastructure.providers.mercado_data_provider | DEBUG | RTD: Detalhes completos registrados para BBSET351 (Liquidez detectada)
src.infrastructure.providers.mercado_data_provider | INFO | Varredura (Global): 11620 monitored, 78 with book in 6.08s
urllib3.connectionpool | DEBUG | https://statusinvest.com.br:443 "GET /acoes/fesa4 HTTP/1.1" 200 None
urllib3.connectionpool | DEBUG | Starting new HTTPS connection (1): statusinvest.com.br:443
urllib3.connectionpool | DEBUG | https://statusinvest.com.br:443 "GET /acoes/flry3 HTTP/1.1" 200 None
urllib3.connectionpool | DEBUG | Starting new HTTPS connection (1): statusinvest.com.br:443
urllib3.connectionpool | DEBUG | https://statusinvest.com.br:443 "GET /acoes/gfsa3 HTTP/1.1" 200 None
urllib3.connectionpool | DEBUG | Starting new HTTPS connection (1): statusinvest.com.br:443
urllib3.connectionpool | DEBUG | https://statusinvest.com.br:443 "GET /acoes/ggbr4 HTTP/1.1" 200 None
urllib3.connectionpool | DEBUG | Starting new HTTPS connection (1): statusinvest.com.br:443
urllib3.connectionpool | DEBUG | https://statusinvest.com.br:443 "GET /acoes/ggps3 HTTP/1.1" 200 None
urllib3.connectionpool | DEBUG | Starting new HTTPS connection (1): statusinvest.com.br:443
urllib3.connectionpool | DEBUG | https://statusinvest.com.br:443 "GET /acoes/gmat3 HTTP/1.1" 200 None
urllib3.connectionpool | DEBUG | Starting new HTTPS connection (1): statusinvest.com.br:443
urllib3.connectionpool | DEBUG | https://statusinvest.com.br:443 "GET /acoes/gmco34 HTTP/1.1" 404 None
src.infrastructure.providers.dividendos_statusinvest | WARNING | StatusInvest: HTTP 404 para GMCO34
urllib3.connectionpool | DEBUG | Starting new HTTPS connection (1): statusinvest.com.br:443
urllib3.connectionpool | DEBUG | https://statusinvest.com.br:443 "GET /acoes/goau4 HTTP/1.1" 200 None
urllib3.connectionpool | DEBUG | Starting new HTTPS connection (1): statusinvest.com.br:443
urllib3.connectionpool | DEBUG | https://statusinvest.com.br:443 "GET /acoes/gogl34 HTTP/1.1" 404 None
src.infrastructure.providers.dividendos_statusinvest | WARNING | StatusInvest: HTTP 404 para GOGL34
urllib3.connectionpool | DEBUG | Starting new HTTPS connection (1): statusinvest.com.br:443
urllib3.connectionpool | DEBUG | https://statusinvest.com.br:443 "GET /acoes/gold11 HTTP/1.1" 404 None
src.infrastructure.providers.dividendos_statusinvest | WARNING | StatusInvest: HTTP 404 para GOLD11
urllib3.connectionpool | DEBUG | Starting new HTTPS connection (1): statusinvest.com.br:443
urllib3.connectionpool | DEBUG | https://statusinvest.com.br:443 "GET /acoes/grnd3 HTTP/1.1" 200 None
urllib3.connectionpool | DEBUG | Starting new HTTPS connection (1): statusinvest.com.br:443
urllib3.connectionpool | DEBUG | https://statusinvest.com.br:443 "GET /acoes/gsgi34 HTTP/1.1" 404 None
src.infrastructure.providers.dividendos_statusinvest | WARNING | StatusInvest: HTTP 404 para GSGI34
urllib3.connectionpool | DEBUG | Starting new HTTPS connection (1): statusinvest.com.br:443
urllib3.connectionpool | DEBUG | https://statusinvest.com.br:443 "GET /acoes/hapv3 HTTP/1.1" 200 None
urllib3.connectionpool | DEBUG | Starting new HTTPS connection (1): statusinvest.com.br:443
src.infrastructure.providers.mercado_data_provider | INFO | RTD: Lote Onda 1 12000/51055 (Registros: 1620) em 6.23s.
src.infrastructure.providers.mercado_data_provider | DEBUG | RTD: Detalhes completos registrados para ANIMR335 (Liquidez detectada)
src.infrastructure.providers.mercado_data_provider | DEBUG | RTD: Detalhes completos registrados para ALOSR339 (Liquidez detectada)
src.infrastructure.providers.mercado_data_provider | DEBUG | RTD: Detalhes completos registrados para BBSES342 (Liquidez detectada)
src.infrastructure.providers.mercado_data_provider | DEBUG | RTD: Detalhes completos registrados para BBSET358 (Liquidez detectada)
src.infrastructure.providers.mercado_data_provider | DEBUG | RTD: Detalhes completos registrados para BOVAS890 (Liquidez detectada)
src.infrastructure.providers.mercado_data_provider | DEBUG | RTD: Detalhes completos registrados para ASAIR870 (Liquidez detectada)
src.infrastructure.providers.mercado_data_provider | DEBUG | RTD: Detalhes completos registrados para AZZAR222 (Liquidez detectada)
src.infrastructure.providers.mercado_data_provider | DEBUG | RTD: Detalhes completos registrados para BBSEV302 (Liquidez detectada)
src.infrastructure.providers.mercado_data_provider | DEBUG | RTD: Detalhes completos registrados para BHIAS25 (Liquidez detectada)
urllib3.connectionpool | DEBUG | https://statusinvest.com.br:443 "GET /acoes/hash11 HTTP/1.1" 404 None
src.infrastructure.providers.dividendos_statusinvest | WARNING | StatusInvest: HTTP 404 para HASH11
src.infrastructure.providers.mercado_data_provider | DEBUG | RTD: Detalhes completos registrados para ASAIR970 (Liquidez detectada)
urllib3.connectionpool | DEBUG | Starting new HTTPS connection (1): statusinvest.com.br:443
src.infrastructure.providers.mercado_data_provider | DEBUG | RTD: Detalhes completos registrados para BEEFS496 (Liquidez detectada)
src.infrastructure.providers.mercado_data_provider | DEBUG | RTD: Detalhes completos registrados para BBSER325W4 (Liquidez detectada)
src.infrastructure.providers.mercado_data_provider | DEBUG | RTD: Detalhes completos registrados para BBSER395 (Liquidez detectada)
src.infrastructure.providers.mercado_data_provider | DEBUG | RTD: Detalhes completos registrados para B3SAR180 (Liquidez detectada)
src.infrastructure.providers.mercado_data_provider | DEBUG | RTD: Detalhes completos registrados para B3SAT254 (Liquidez detectada)
src.infrastructure.providers.mercado_data_provider | DEBUG | RTD: Detalhes completos registrados para BBSES476 (Liquidez detectada)
src.infrastructure.providers.mercado_data_provider | DEBUG | RTD: Detalhes completos registrados para ANIMS367 (Liquidez detectada)
src.infrastructure.providers.mercado_data_provider | DEBUG | RTD: Detalhes completos registrados para BBSER350W4 (Liquidez detectada)
src.infrastructure.providers.mercado_data_provider | DEBUG | RTD: Detalhes completos registrados para ALOSR327 (Liquidez detectada)
src.infrastructure.providers.mercado_data_provider | DEBUG | RTD: Detalhes completos registrados para AXIAT455 (Liquidez detectada)
src.infrastructure.providers.mercado_data_provider | DEBUG | RTD: Detalhes completos registrados para AZZAU306 (Liquidez detectada)
src.infrastructure.providers.mercado_data_provider | DEBUG | RTD: Detalhes completos registrados para ALUPS356 (Liquidez detectada)
src.infrastructure.providers.mercado_data_provider | DEBUG | RTD: Detalhes completos registrados para B3SAS167W1 (Liquidez detectada)
src.infrastructure.providers.mercado_data_provider | DEBUG | RTD: Detalhes completos registrados para AXIAR584 (Liquidez detectada)
src.infrastructure.providers.mercado_data_provider | DEBUG | RTD: Detalhes completos registrados para AXIAR534 (Liquidez detectada)
src.infrastructure.providers.mercado_data_provider | DEBUG | RTD: Detalhes completos registrados para BEEFS404 (Liquidez detectada)
src.infrastructure.providers.mercado_data_provider | DEBUG | RTD: Detalhes completos registrados para AUAUR440 (Liquidez detectada)
src.infrastructure.providers.mercado_data_provider | DEBUG | RTD: Detalhes completos registrados para B3SAR245 (Liquidez detectada)
src.infrastructure.providers.mercado_data_provider | DEBUG | RTD: Detalhes completos registrados para ALPAS594 (Liquidez detectada)
src.infrastructure.providers.mercado_data_provider | DEBUG | RTD: Detalhes completos registrados para ASAIU145 (Liquidez detectada)
src.infrastructure.providers.mercado_data_provider | DEBUG | RTD: Detalhes completos registrados para AZZAW293 (Liquidez detectada)
src.infrastructure.providers.mercado_data_provider | DEBUG | RTD: Detalhes completos registrados para BEEFR506 (Liquidez detectada)
src.infrastructure.providers.mercado_data_provider | DEBUG | RTD: Detalhes completos registrados para AXIAS69 (Liquidez detectada)
src.infrastructure.providers.mercado_data_provider | DEBUG | RTD: Detalhes completos registrados para BHIAR360 (Liquidez detectada)
src.infrastructure.providers.mercado_data_provider | DEBUG | RTD: Detalhes completos registrados para BOVAR930 (Liquidez detectada)
src.infrastructure.providers.mercado_data_provider | DEBUG | RTD: Detalhes completos registrados para BBSEV321 (Liquidez detectada)
src.infrastructure.providers.mercado_data_provider | DEBUG | RTD: Detalhes completos registrados para AZZAU212 (Liquidez detectada)
src.infrastructure.providers.mercado_data_provider | DEBUG | RTD: Detalhes completos registrados para B3SAR172W4 (Liquidez detectada)
src.infrastructure.providers.mercado_data_provider | DEBUG | RTD: Detalhes completos registrados para BEEFR401 (Liquidez detectada)
src.infrastructure.providers.mercado_data_provider | DEBUG | RTD: Detalhes completos registrados para B3SAW172 (Liquidez detectada)
src.infrastructure.providers.mercado_data_provider | DEBUG | RTD: Detalhes completos registrados para AXIAS64 (Liquidez detectada)
src.infrastructure.providers.mercado_data_provider | DEBUG | RTD: Detalhes completos registrados para BBSEV38 (Liquidez detectada)
src.infrastructure.providers.mercado_data_provider | DEBUG | RTD: Detalhes completos registrados para B3SAU244 (Liquidez detectada)
src.infrastructure.providers.mercado_data_provider | DEBUG | RTD: Detalhes completos registrados para AUAUS300 (Liquidez detectada)
src.infrastructure.providers.mercado_data_provider | DEBUG | RTD: Detalhes completos registrados para BEEFR406 (Liquidez detectada)
src.infrastructure.providers.mercado_data_provider | DEBUG | RTD: Detalhes completos registrados para BBSES291 (Liquidez detectada)
src.infrastructure.providers.mercado_data_provider | DEBUG | RTD: Detalhes completos registrados para ALUPR356 (Liquidez detectada)
src.infrastructure.providers.mercado_data_provider | DEBUG | RTD: Detalhes completos registrados para AZZAS212 (Liquidez detectada)
src.infrastructure.providers.mercado_data_provider | DEBUG | RTD: Detalhes completos registrados para AXIAR675W2 (Liquidez detectada)
src.infrastructure.providers.mercado_data_provider | DEBUG | RTD: Detalhes completos registrados para AZZAR215W2 (Liquidez detectada)
src.infrastructure.providers.mercado_data_provider | DEBUG | RTD: Detalhes completos registrados para BBSER346W2 (Liquidez detectada)
src.infrastructure.providers.mercado_data_provider | DEBUG | RTD: Detalhes completos registrados para BBSER331W2 (Liquidez detectada)
src.infrastructure.providers.mercado_data_provider | DEBUG | RTD: Detalhes completos registrados para ALOSU324 (Liquidez detectada)
src.infrastructure.providers.mercado_data_provider | DEBUG | RTD: Detalhes completos registrados para AUAUR390 (Liquidez detectada)
src.infrastructure.providers.mercado_data_provider | DEBUG | RTD: Detalhes completos registrados para B3SAU274 (Liquidez detectada)
src.infrastructure.providers.mercado_data_provider | DEBUG | RTD: Detalhes completos registrados para BBSEU334 (Liquidez detectada)
src.infrastructure.providers.mercado_data_provider | DEBUG | RTD: Detalhes completos registrados para BBSER355W4 (Liquidez detectada)
src.infrastructure.providers.mercado_data_provider | DEBUG | RTD: Detalhes completos registrados para BMGBS491 (Liquidez detectada)
src.infrastructure.providers.mercado_data_provider | DEBUG | RTD: Detalhes completos registrados para BBSES286 (Liquidez detectada)
src.infrastructure.providers.mercado_data_provider | DEBUG | RTD: Detalhes completos registrados para AXIAR614 (Liquidez detectada)
src.infrastructure.providers.mercado_data_provider | DEBUG | RTD: Detalhes completos registrados para BBSES371 (Liquidez detectada)
src.infrastructure.providers.mercado_data_provider | DEBUG | RTD: Detalhes completos registrados para AURER120 (Liquidez detectada)
src.infrastructure.providers.mercado_data_provider | DEBUG | RTD: Detalhes completos registrados para BOVAR925 (Liquidez detectada)
src.infrastructure.providers.mercado_data_provider | DEBUG | RTD: Detalhes completos registrados para BMGBU472 (Liquidez detectada)
src.infrastructure.providers.mercado_data_provider | DEBUG | RTD: Detalhes completos registrados para AURET140 (Liquidez detectada)
src.infrastructure.providers.mercado_data_provider | DEBUG | RTD: Detalhes completos registrados para ALUPT354 (Liquidez detectada)
src.infrastructure.providers.mercado_data_provider | DEBUG | RTD: Detalhes completos registrados para BBSET36 (Liquidez detectada)
src.infrastructure.providers.mercado_data_provider | DEBUG | RTD: Detalhes completos registrados para AUAUS445 (Liquidez detectada)
src.infrastructure.providers.mercado_data_provider | DEBUG | RTD: Detalhes completos registrados para BLAUR983 (Liquidez detectada)
src.infrastructure.providers.mercado_data_provider | DEBUG | RTD: Detalhes completos registrados para BBSET339 (Liquidez detectada)
src.infrastructure.providers.mercado_data_provider | DEBUG | RTD: Detalhes completos registrados para AXIAW570 (Liquidez detectada)
src.infrastructure.providers.mercado_data_provider | DEBUG | RTD: Detalhes completos registrados para AMARR250 (Liquidez detectada)
src.infrastructure.providers.mercado_data_provider | DEBUG | RTD: Detalhes completos registrados para BBSES354W4 (Liquidez detectada)
src.infrastructure.providers.mercado_data_provider | DEBUG | RTD: Detalhes completos registrados para BOVAR885 (Liquidez detectada)
src.infrastructure.providers.mercado_data_provider | DEBUG | RTD: Detalhes completos registrados para B3SAT249 (Liquidez detectada)
src.infrastructure.providers.mercado_data_provider | DEBUG | RTD: Detalhes completos registrados para BBSER336 (Liquidez detectada)
src.infrastructure.providers.mercado_data_provider | DEBUG | RTD: Detalhes completos registrados para AXIAS675 (Liquidez detectada)
src.infrastructure.providers.mercado_data_provider | DEBUG | RTD: Detalhes completos registrados para AZZAR217 (Liquidez detectada)
src.infrastructure.providers.mercado_data_provider | DEBUG | RTD: Detalhes completos registrados para ALUPR381 (Liquidez detectada)
src.infrastructure.providers.mercado_data_provider | DEBUG | RTD: Detalhes completos registrados para BBSER340W4 (Liquidez detectada)
src.infrastructure.providers.mercado_data_provider | DEBUG | RTD: Detalhes completos registrados para BBSEV306 (Liquidez detectada)
src.infrastructure.providers.mercado_data_provider | DEBUG | RTD: Detalhes completos registrados para B3SAV319 (Liquidez detectada)
src.infrastructure.providers.mercado_data_provider | DEBUG | RTD: Detalhes completos registrados para BBSET339W1 (Liquidez detectada)
src.infrastructure.providers.mercado_data_provider | DEBUG | RTD: Detalhes completos registrados para AZZAW155 (Liquidez detectada)
src.infrastructure.providers.mercado_data_provider | DEBUG | RTD: Detalhes completos registrados para BBSET341 (Liquidez detectada)
src.infrastructure.providers.mercado_data_provider | DEBUG | RTD: Detalhes completos registrados para AXIAR635 (Liquidez detectada)
src.infrastructure.providers.mercado_data_provider | DEBUG | RTD: Detalhes completos registrados para ANIMT312 (Liquidez detectada)
src.infrastructure.providers.mercado_data_provider | DEBUG | RTD: Detalhes completos registrados para AZZAR242 (Liquidez detectada)
src.infrastructure.providers.mercado_data_provider | DEBUG | RTD: Detalhes completos registrados para BBSER363 (Liquidez detectada)
src.infrastructure.providers.mercado_data_provider | DEBUG | RTD: Detalhes completos registrados para BBSEU391 (Liquidez detectada)
src.infrastructure.providers.mercado_data_provider | DEBUG | RTD: Detalhes completos registrados para BOVAR845 (Liquidez detectada)
src.infrastructure.providers.mercado_data_provider | DEBUG | RTD: Detalhes completos registrados para BBSES394 (Liquidez detectada)
src.infrastructure.providers.mercado_data_provider | DEBUG | RTD: Detalhes completos registrados para AXIAS62 (Liquidez detectada)
src.infrastructure.providers.mercado_data_provider | DEBUG | RTD: Detalhes completos registrados para ANIMS347 (Liquidez detectada)
src.infrastructure.providers.mercado_data_provider | DEBUG | RTD: Detalhes completos registrados para ALOSS299 (Liquidez detectada)
src.infrastructure.providers.mercado_data_provider | DEBUG | RTD: Detalhes completos registrados para AXIAR660 (Liquidez detectada)
src.infrastructure.providers.mercado_data_provider | DEBUG | RTD: Detalhes completos registrados para AXIAR590W2 (Liquidez detectada)
src.infrastructure.providers.mercado_data_provider | DEBUG | RTD: Detalhes completos registrados para AXIAS594 (Liquidez detectada)
src.infrastructure.providers.mercado_data_provider | DEBUG | RTD: Detalhes completos registrados para AURER80 (Liquidez detectada)
src.infrastructure.providers.mercado_data_provider | DEBUG | RTD: Detalhes completos registrados para AURES134 (Liquidez detectada)
src.infrastructure.providers.mercado_data_provider | DEBUG | RTD: Detalhes completos registrados para ASAIT650 (Liquidez detectada)
urllib3.connectionpool | DEBUG | https://statusinvest.com.br:443 "GET /acoes/hbor3 HTTP/1.1" 200 None
src.infrastructure.providers.mercado_data_provider | DEBUG | RTD: Detalhes completos registrados para AURES129 (Liquidez detectada)
src.infrastructure.providers.mercado_data_provider | DEBUG | RTD: Detalhes completos registrados para AXIAS640 (Liquidez detectada)
src.infrastructure.providers.mercado_data_provider | DEBUG | RTD: Detalhes completos registrados para B3SAS182 (Liquidez detectada)
src.infrastructure.providers.mercado_data_provider | DEBUG | RTD: Detalhes completos registrados para BOVAR825 (Liquidez detectada)
src.infrastructure.providers.mercado_data_provider | DEBUG | RTD: Detalhes completos registrados para B3SAU232 (Liquidez detectada)
urllib3.connectionpool | DEBUG | Starting new HTTPS connection (1): statusinvest.com.br:443
src.infrastructure.providers.mercado_data_provider | DEBUG | RTD: Detalhes completos registrados para B3SAT182 (Liquidez detectada)
src.infrastructure.providers.mercado_data_provider | DEBUG | RTD: Detalhes completos registrados para BBSET354 (Liquidez detectada)
src.infrastructure.providers.mercado_data_provider | DEBUG | RTD: Detalhes completos registrados para ANIMS370 (Liquidez detectada)
src.infrastructure.providers.mercado_data_provider | DEBUG | RTD: Detalhes completos registrados para ANIMR375 (Liquidez detectada)
src.infrastructure.providers.mercado_data_provider | DEBUG | RTD: Detalhes completos registrados para B3SAS182W1 (Liquidez detectada)
src.infrastructure.providers.mercado_data_provider | DEBUG | RTD: Detalhes completos registrados para AXIAS650 (Liquidez detectada)
src.infrastructure.providers.mercado_data_provider | DEBUG | RTD: Detalhes completos registrados para B3SAU224 (Liquidez detectada)
src.infrastructure.providers.mercado_data_provider | DEBUG | RTD: Detalhes completos registrados para AXIAT51 (Liquidez detectada)
src.infrastructure.providers.mercado_data_provider | DEBUG | RTD: Detalhes completos registrados para BOVAR830 (Liquidez detectada)
src.infrastructure.providers.mercado_data_provider | DEBUG | RTD: Detalhes completos registrados para ANIMR345 (Liquidez detectada)
src.infrastructure.providers.mercado_data_provider | DEBUG | RTD: Detalhes completos registrados para BBSER287 (Liquidez detectada)
src.infrastructure.providers.mercado_data_provider | DEBUG | RTD: Detalhes completos registrados para AXIAR56 (Liquidez detectada)
src.infrastructure.providers.mercado_data_provider | DEBUG | RTD: Detalhes completos registrados para BEEFW521 (Liquidez detectada)
src.infrastructure.providers.mercado_data_provider | DEBUG | RTD: Detalhes completos registrados para ASAIV860 (Liquidez detectada)
src.infrastructure.providers.mercado_data_provider | DEBUG | RTD: Detalhes completos registrados para ANIMR435 (Liquidez detectada)
src.infrastructure.providers.mercado_data_provider | DEBUG | RTD: Detalhes completos registrados para AZZAV217 (Liquidez detectada)
src.infrastructure.providers.mercado_data_provider | DEBUG | RTD: Detalhes completos registrados para BBSEU369 (Liquidez detectada)
src.infrastructure.providers.mercado_data_provider | DEBUG | RTD: Detalhes completos registrados para BBSET321W1 (Liquidez detectada)
src.infrastructure.providers.mercado_data_provider | DEBUG | RTD: Detalhes completos registrados para B3SAW173 (Liquidez detectada)
src.infrastructure.providers.mercado_data_provider | DEBUG | RTD: Detalhes completos registrados para AZZAT212 (Liquidez detectada)
src.infrastructure.providers.mercado_data_provider | DEBUG | RTD: Detalhes completos registrados para BBSEU380 (Liquidez detectada)
src.infrastructure.providers.mercado_data_provider | DEBUG | RTD: Detalhes completos registrados para BBSEU346 (Liquidez detectada)
src.infrastructure.providers.mercado_data_provider | DEBUG | RTD: Detalhes completos registrados para AXIAR589 (Liquidez detectada)
src.infrastructure.providers.mercado_data_provider | DEBUG | RTD: Detalhes completos registrados para BOVAR940 (Liquidez detectada)
src.infrastructure.providers.mercado_data_provider | DEBUG | RTD: Detalhes completos registrados para BBSES347W1 (Liquidez detectada)
src.infrastructure.providers.mercado_data_provider | DEBUG | RTD: Detalhes completos registrados para BBSEU394 (Liquidez detectada)
src.infrastructure.providers.mercado_data_provider | DEBUG | RTD: Detalhes completos registrados para BBSER228 (Liquidez detectada)
src.infrastructure.providers.mercado_data_provider | DEBUG | RTD: Detalhes completos registrados para AUAUS440 (Liquidez detectada)
src.infrastructure.providers.mercado_data_provider | DEBUG | RTD: Detalhes completos registrados para AXIAS60 (Liquidez detectada)
src.infrastructure.providers.mercado_data_provider | DEBUG | RTD: Detalhes completos registrados para ALUPS359 (Liquidez detectada)
src.infrastructure.providers.mercado_data_provider | DEBUG | RTD: Detalhes completos registrados para AXIAT675 (Liquidez detectada)
src.infrastructure.providers.mercado_data_provider | DEBUG | RTD: Detalhes completos registrados para B3SAW184 (Liquidez detectada)
src.infrastructure.providers.mercado_data_provider | DEBUG | RTD: Detalhes completos registrados para ANIMT332 (Liquidez detectada)
src.infrastructure.providers.mercado_data_provider | INFO | Varredura (Fast): 13240 monitored, 83 with book in 1.35s
urllib3.connectionpool | DEBUG | https://statusinvest.com.br:443 "GET /acoes/hbsa3 HTTP/1.1" 200 None
urllib3.connectionpool | DEBUG | Starting new HTTPS connection (1): statusinvest.com.br:443
urllib3.connectionpool | DEBUG | https://statusinvest.com.br:443 "GET /acoes/hype3 HTTP/1.1" 200 None
urllib3.connectionpool | DEBUG | Starting new HTTPS connection (1): statusinvest.com.br:443
urllib3.connectionpool | DEBUG | https://statusinvest.com.br:443 "GET /acoes/ibbr11 HTTP/1.1" 404 None
src.infrastructure.providers.dividendos_statusinvest | WARNING | StatusInvest: HTTP 404 para IBBR11
urllib3.connectionpool | DEBUG | Starting new HTTPS connection (1): statusinvest.com.br:443
urllib3.connectionpool | DEBUG | https://statusinvest.com.br:443 "GET /acoes/ifcm3 HTTP/1.1" 200 None
urllib3.connectionpool | DEBUG | Starting new HTTPS connection (1): statusinvest.com.br:443
urllib3.connectionpool | DEBUG | https://statusinvest.com.br:443 "GET /acoes/igti11 HTTP/1.1" 200 None
urllib3.connectionpool | DEBUG | Starting new HTTPS connection (1): statusinvest.com.br:443
urllib3.connectionpool | DEBUG | https://statusinvest.com.br:443 "GET /acoes/inbr32 HTTP/1.1" 404 None
src.infrastructure.providers.dividendos_statusinvest | WARNING | StatusInvest: HTTP 404 para INBR32
urllib3.connectionpool | DEBUG | Starting new HTTPS connection (1): statusinvest.com.br:443
urllib3.connectionpool | DEBUG | https://statusinvest.com.br:443 "GET /acoes/intb3 HTTP/1.1" 200 None
urllib3.connectionpool | DEBUG | Starting new HTTPS connection (1): statusinvest.com.br:443
urllib3.connectionpool | DEBUG | https://statusinvest.com.br:443 "GET /acoes/irbr3 HTTP/1.1" 200 None
urllib3.connectionpool | DEBUG | Starting new HTTPS connection (1): statusinvest.com.br:443
urllib3.connectionpool | DEBUG | https://statusinvest.com.br:443 "GET /acoes/isae4 HTTP/1.1" 200 None
urllib3.connectionpool | DEBUG | Starting new HTTPS connection (1): statusinvest.com.br:443
urllib3.connectionpool | DEBUG | https://statusinvest.com.br:443 "GET /acoes/itlc34 HTTP/1.1" 404 None
src.infrastructure.providers.dividendos_statusinvest | WARNING | StatusInvest: HTTP 404 para ITLC34
urllib3.connectionpool | DEBUG | Starting new HTTPS connection (1): statusinvest.com.br:443
urllib3.connectionpool | DEBUG | https://statusinvest.com.br:443 "GET /acoes/itsa4 HTTP/1.1" 200 None
urllib3.connectionpool | DEBUG | Starting new HTTPS connection (1): statusinvest.com.br:443
urllib3.connectionpool | DEBUG | https://statusinvest.com.br:443 "GET /acoes/itub3 HTTP/1.1" 200 None
urllib3.connectionpool | DEBUG | Starting new HTTPS connection (1): statusinvest.com.br:443
urllib3.connectionpool | DEBUG | https://statusinvest.com.br:443 "GET /acoes/itub4 HTTP/1.1" 200 None
urllib3.connectionpool | DEBUG | Starting new HTTPS connection (1): statusinvest.com.br:443
urllib3.connectionpool | DEBUG | https://statusinvest.com.br:443 "GET /acoes/ivvb11 HTTP/1.1" 404 None
src.infrastructure.providers.dividendos_statusinvest | WARNING | StatusInvest: HTTP 404 para IVVB11
urllib3.connectionpool | DEBUG | Starting new HTTPS connection (1): statusinvest.com.br:443
urllib3.connectionpool | DEBUG | https://statusinvest.com.br:443 "GET /acoes/jall3 HTTP/1.1" 200 None
urllib3.connectionpool | DEBUG | Starting new HTTPS connection (1): statusinvest.com.br:443
urllib3.connectionpool | DEBUG | https://statusinvest.com.br:443 "GET /acoes/jbss32 HTTP/1.1" 404 None
src.infrastructure.providers.dividendos_statusinvest | WARNING | StatusInvest: HTTP 404 para JBSS32
urllib3.connectionpool | DEBUG | Starting new HTTPS connection (1): statusinvest.com.br:443
urllib3.connectionpool | DEBUG | https://statusinvest.com.br:443 "GET /acoes/jhsf3 HTTP/1.1" 200 None
urllib3.connectionpool | DEBUG | Starting new HTTPS connection (1): statusinvest.com.br:443
urllib3.connectionpool | DEBUG | https://statusinvest.com.br:443 "GET /acoes/jnjb34 HTTP/1.1" 404 None
src.infrastructure.providers.dividendos_statusinvest | WARNING | StatusInvest: HTTP 404 para JNJB34
urllib3.connectionpool | DEBUG | Starting new HTTPS connection (1): statusinvest.com.br:443
urllib3.connectionpool | DEBUG | https://statusinvest.com.br:443 "GET /acoes/jpmc34 HTTP/1.1" 404 None
src.infrastructure.providers.dividendos_statusinvest | WARNING | StatusInvest: HTTP 404 para JPMC34
urllib3.connectionpool | DEBUG | Starting new HTTPS connection (1): statusinvest.com.br:443
urllib3.connectionpool | DEBUG | https://statusinvest.com.br:443 "GET /acoes/kepl3 HTTP/1.1" 200 None
urllib3.connectionpool | DEBUG | Starting new HTTPS connection (1): statusinvest.com.br:443
src.infrastructure.providers.mercado_data_provider | INFO | RTD: Lote Onda 1 14000/51055 (Registros: 1859) em 8.41s.
src.infrastructure.providers.mercado_data_provider | INFO | Varredura (Fast): 15099 monitored, 83 with book in 0.01s
urllib3.connectionpool | DEBUG | https://statusinvest.com.br:443 "GET /acoes/klbn11 HTTP/1.1" 200 None
urllib3.connectionpool | DEBUG | Starting new HTTPS connection (1): statusinvest.com.br:443
urllib3.connectionpool | DEBUG | https://statusinvest.com.br:443 "GET /acoes/lavv3 HTTP/1.1" 200 None
urllib3.connectionpool | DEBUG | Starting new HTTPS connection (1): statusinvest.com.br:443
urllib3.connectionpool | DEBUG | https://statusinvest.com.br:443 "GET /acoes/leve3 HTTP/1.1" 200 None
urllib3.connectionpool | DEBUG | Starting new HTTPS connection (1): statusinvest.com.br:443
urllib3.connectionpool | DEBUG | https://statusinvest.com.br:443 "GET /acoes/lily34 HTTP/1.1" 404 None
src.infrastructure.providers.dividendos_statusinvest | WARNING | StatusInvest: HTTP 404 para LILY34
urllib3.connectionpool | DEBUG | Starting new HTTPS connection (1): statusinvest.com.br:443
urllib3.connectionpool | DEBUG | https://statusinvest.com.br:443 "GET /acoes/ljqq3 HTTP/1.1" 200 None
urllib3.connectionpool | DEBUG | Starting new HTTPS connection (1): statusinvest.com.br:443
urllib3.connectionpool | DEBUG | https://statusinvest.com.br:443 "GET /acoes/logg3 HTTP/1.1" 200 None
urllib3.connectionpool | DEBUG | Starting new HTTPS connection (1): statusinvest.com.br:443
urllib3.connectionpool | DEBUG | https://statusinvest.com.br:443 "GET /acoes/logn3 HTTP/1.1" 200 None
urllib3.connectionpool | DEBUG | Starting new HTTPS connection (1): statusinvest.com.br:443
urllib3.connectionpool | DEBUG | https://statusinvest.com.br:443 "GET /acoes/lren3 HTTP/1.1" 200 None
urllib3.connectionpool | DEBUG | Starting new HTTPS connection (1): statusinvest.com.br:443
urllib3.connectionpool | DEBUG | https://statusinvest.com.br:443 "GET /acoes/lwsa3 HTTP/1.1" 200 None
urllib3.connectionpool | DEBUG | Starting new HTTPS connection (1): statusinvest.com.br:443
urllib3.connectionpool | DEBUG | https://statusinvest.com.br:443 "GET /acoes/m1ta34 HTTP/1.1" 404 None
src.infrastructure.providers.dividendos_statusinvest | WARNING | StatusInvest: HTTP 404 para M1TA34
urllib3.connectionpool | DEBUG | Starting new HTTPS connection (1): statusinvest.com.br:443
urllib3.connectionpool | DEBUG | https://statusinvest.com.br:443 "GET /acoes/matd3 HTTP/1.1" 200 None
urllib3.connectionpool | DEBUG | Starting new HTTPS connection (1): statusinvest.com.br:443
urllib3.connectionpool | DEBUG | https://statusinvest.com.br:443 "GET /acoes/mbrf3 HTTP/1.1" 200 None
urllib3.connectionpool | DEBUG | Starting new HTTPS connection (1): statusinvest.com.br:443
urllib3.connectionpool | DEBUG | https://statusinvest.com.br:443 "GET /acoes/mcdc34 HTTP/1.1" 404 None
src.infrastructure.providers.dividendos_statusinvest | WARNING | StatusInvest: HTTP 404 para MCDC34
urllib3.connectionpool | DEBUG | Starting new HTTPS connection (1): statusinvest.com.br:443
urllib3.connectionpool | DEBUG | https://statusinvest.com.br:443 "GET /acoes/mdia3 HTTP/1.1" 200 None
urllib3.connectionpool | DEBUG | Starting new HTTPS connection (1): statusinvest.com.br:443
urllib3.connectionpool | DEBUG | https://statusinvest.com.br:443 "GET /acoes/mdne3 HTTP/1.1" 200 None
urllib3.connectionpool | DEBUG | Starting new HTTPS connection (1): statusinvest.com.br:443
urllib3.connectionpool | DEBUG | https://statusinvest.com.br:443 "GET /acoes/meal3 HTTP/1.1" 200 None
urllib3.connectionpool | DEBUG | Starting new HTTPS connection (1): statusinvest.com.br:443
urllib3.connectionpool | DEBUG | https://statusinvest.com.br:443 "GET /acoes/meli34 HTTP/1.1" 404 None
src.infrastructure.providers.dividendos_statusinvest | WARNING | StatusInvest: HTTP 404 para MELI34
urllib3.connectionpool | DEBUG | Starting new HTTPS connection (1): statusinvest.com.br:443
urllib3.connectionpool | DEBUG | https://statusinvest.com.br:443 "GET /acoes/mglu3 HTTP/1.1" 200 None
urllib3.connectionpool | DEBUG | Starting new HTTPS connection (1): statusinvest.com.br:443
urllib3.connectionpool | DEBUG | https://statusinvest.com.br:443 "GET /acoes/mils3 HTTP/1.1" 200 None
src.infrastructure.providers.mercado_data_provider | INFO | RTD: Lote Onda 1 16000/51055 (Registros: 1840) em 8.46s.
src.infrastructure.providers.mercado_data_provider | INFO | Varredura (Fast): 16939 monitored, 83 with book in 0.00s
urllib3.connectionpool | DEBUG | Starting new HTTPS connection (1): statusinvest.com.br:443
urllib3.connectionpool | DEBUG | https://statusinvest.com.br:443 "GET /acoes/mlas3 HTTP/1.1" 200 None
urllib3.connectionpool | DEBUG | Starting new HTTPS connection (1): statusinvest.com.br:443
urllib3.connectionpool | DEBUG | https://statusinvest.com.br:443 "GET /acoes/motv3 HTTP/1.1" 200 None
urllib3.connectionpool | DEBUG | Starting new HTTPS connection (1): statusinvest.com.br:443
urllib3.connectionpool | DEBUG | https://statusinvest.com.br:443 "GET /acoes/movi3 HTTP/1.1" 200 None
urllib3.connectionpool | DEBUG | Starting new HTTPS connection (1): statusinvest.com.br:443
urllib3.connectionpool | DEBUG | https://statusinvest.com.br:443 "GET /acoes/mrve3 HTTP/1.1" 200 None
urllib3.connectionpool | DEBUG | Starting new HTTPS connection (1): statusinvest.com.br:443
urllib3.connectionpool | DEBUG | https://statusinvest.com.br:443 "GET /acoes/msft34 HTTP/1.1" 404 None
src.infrastructure.providers.dividendos_statusinvest | WARNING | StatusInvest: HTTP 404 para MSFT34
urllib3.connectionpool | DEBUG | Starting new HTTPS connection (1): statusinvest.com.br:443
urllib3.connectionpool | DEBUG | https://statusinvest.com.br:443 "GET /acoes/mtre3 HTTP/1.1" 200 None
urllib3.connectionpool | DEBUG | Starting new HTTPS connection (1): statusinvest.com.br:443
urllib3.connectionpool | DEBUG | https://statusinvest.com.br:443 "GET /acoes/mult3 HTTP/1.1" 200 None
urllib3.connectionpool | DEBUG | Starting new HTTPS connection (1): statusinvest.com.br:443
urllib3.connectionpool | DEBUG | https://statusinvest.com.br:443 "GET /acoes/mypk3 HTTP/1.1" 200 None
urllib3.connectionpool | DEBUG | Starting new HTTPS connection (1): statusinvest.com.br:443
urllib3.connectionpool | DEBUG | https://statusinvest.com.br:443 "GET /acoes/n1vo34 HTTP/1.1" 404 None
src.infrastructure.providers.dividendos_statusinvest | WARNING | StatusInvest: HTTP 404 para N1VO34
urllib3.connectionpool | DEBUG | Starting new HTTPS connection (1): statusinvest.com.br:443
urllib3.connectionpool | DEBUG | https://statusinvest.com.br:443 "GET /acoes/nasd11 HTTP/1.1" 404 None
src.infrastructure.providers.dividendos_statusinvest | WARNING | StatusInvest: HTTP 404 para NASD11
urllib3.connectionpool | DEBUG | Starting new HTTPS connection (1): statusinvest.com.br:443
urllib3.connectionpool | DEBUG | https://statusinvest.com.br:443 "GET /acoes/natu3 HTTP/1.1" 200 None
urllib3.connectionpool | DEBUG | Starting new HTTPS connection (1): statusinvest.com.br:443
urllib3.connectionpool | DEBUG | https://statusinvest.com.br:443 "GET /acoes/nflx34 HTTP/1.1" 404 None
src.infrastructure.providers.dividendos_statusinvest | WARNING | StatusInvest: HTTP 404 para NFLX34
urllib3.connectionpool | DEBUG | Starting new HTTPS connection (1): statusinvest.com.br:443
urllib3.connectionpool | DEBUG | https://statusinvest.com.br:443 "GET /acoes/nvdc34 HTTP/1.1" 404 None
src.infrastructure.providers.dividendos_statusinvest | WARNING | StatusInvest: HTTP 404 para NVDC34
urllib3.connectionpool | DEBUG | Starting new HTTPS connection (1): statusinvest.com.br:443
urllib3.connectionpool | DEBUG | https://statusinvest.com.br:443 "GET /acoes/onco3 HTTP/1.1" 200 None
urllib3.connectionpool | DEBUG | Starting new HTTPS connection (1): statusinvest.com.br:443
urllib3.connectionpool | DEBUG | https://statusinvest.com.br:443 "GET /acoes/orvr3 HTTP/1.1" 200 None
urllib3.connectionpool | DEBUG | Starting new HTTPS connection (1): statusinvest.com.br:443
urllib3.connectionpool | DEBUG | https://statusinvest.com.br:443 "GET /acoes/oxyp34 HTTP/1.1" 404 None
src.infrastructure.providers.dividendos_statusinvest | WARNING | StatusInvest: HTTP 404 para OXYP34
urllib3.connectionpool | DEBUG | Starting new HTTPS connection (1): statusinvest.com.br:443
urllib3.connectionpool | DEBUG | https://statusinvest.com.br:443 "GET /acoes/p1gr34 HTTP/1.1" 404 None
src.infrastructure.providers.dividendos_statusinvest | WARNING | StatusInvest: HTTP 404 para P1GR34
urllib3.connectionpool | DEBUG | Starting new HTTPS connection (1): statusinvest.com.br:443
src.infrastructure.providers.mercado_data_provider | INFO | RTD: Lote Onda 1 18000/51055 (Registros: 1858) em 7.56s.
src.infrastructure.providers.mercado_data_provider | INFO | Varredura (Fast): 18797 monitored, 83 with book in 0.00s
urllib3.connectionpool | DEBUG | https://statusinvest.com.br:443 "GET /acoes/pags34 HTTP/1.1" 404 None
src.infrastructure.providers.dividendos_statusinvest | WARNING | StatusInvest: HTTP 404 para PAGS34
urllib3.connectionpool | DEBUG | Starting new HTTPS connection (1): statusinvest.com.br:443
urllib3.connectionpool | DEBUG | https://statusinvest.com.br:443 "GET /acoes/pcar3 HTTP/1.1" 200 None
urllib3.connectionpool | DEBUG | Starting new HTTPS connection (1): statusinvest.com.br:443
urllib3.connectionpool | DEBUG | https://statusinvest.com.br:443 "GET /acoes/petr3 HTTP/1.1" 200 None
urllib3.connectionpool | DEBUG | Starting new HTTPS connection (1): statusinvest.com.br:443
urllib3.connectionpool | DEBUG | https://statusinvest.com.br:443 "GET /acoes/petr4 HTTP/1.1" 200 None
urllib3.connectionpool | DEBUG | Starting new HTTPS connection (1): statusinvest.com.br:443
urllib3.connectionpool | DEBUG | https://statusinvest.com.br:443 "GET /acoes/pgmn3 HTTP/1.1" 200 None
urllib3.connectionpool | DEBUG | Starting new HTTPS connection (1): statusinvest.com.br:443
urllib3.connectionpool | DEBUG | https://statusinvest.com.br:443 "GET /acoes/pibb11 HTTP/1.1" 404 None
src.infrastructure.providers.dividendos_statusinvest | WARNING | StatusInvest: HTTP 404 para PIBB11
urllib3.connectionpool | DEBUG | Starting new HTTPS connection (1): statusinvest.com.br:443
urllib3.connectionpool | DEBUG | https://statusinvest.com.br:443 "GET /acoes/plpl3 HTTP/1.1" 200 None
urllib3.connectionpool | DEBUG | Starting new HTTPS connection (1): statusinvest.com.br:443
urllib3.connectionpool | DEBUG | https://statusinvest.com.br:443 "GET /acoes/pnvl3 HTTP/1.1" 200 None
urllib3.connectionpool | DEBUG | Starting new HTTPS connection (1): statusinvest.com.br:443
urllib3.connectionpool | DEBUG | https://statusinvest.com.br:443 "GET /acoes/pomo4 HTTP/1.1" 200 None
urllib3.connectionpool | DEBUG | Starting new HTTPS connection (1): statusinvest.com.br:443
urllib3.connectionpool | DEBUG | https://statusinvest.com.br:443 "GET /acoes/posi3 HTTP/1.1" 200 None
urllib3.connectionpool | DEBUG | Starting new HTTPS connection (1): statusinvest.com.br:443
urllib3.connectionpool | DEBUG | https://statusinvest.com.br:443 "GET /acoes/prio3 HTTP/1.1" 200 None
urllib3.connectionpool | DEBUG | Starting new HTTPS connection (1): statusinvest.com.br:443
urllib3.connectionpool | DEBUG | https://statusinvest.com.br:443 "GET /acoes/pssa3 HTTP/1.1" 200 None
urllib3.connectionpool | DEBUG | Starting new HTTPS connection (1): statusinvest.com.br:443
urllib3.connectionpool | DEBUG | https://statusinvest.com.br:443 "GET /acoes/ptbl3 HTTP/1.1" 200 None
urllib3.connectionpool | DEBUG | Starting new HTTPS connection (1): statusinvest.com.br:443
urllib3.connectionpool | DEBUG | https://statusinvest.com.br:443 "GET /acoes/pypl34 HTTP/1.1" 404 None
src.infrastructure.providers.dividendos_statusinvest | WARNING | StatusInvest: HTTP 404 para PYPL34
urllib3.connectionpool | DEBUG | Starting new HTTPS connection (1): statusinvest.com.br:443
urllib3.connectionpool | DEBUG | https://statusinvest.com.br:443 "GET /acoes/qbtc11 HTTP/1.1" 404 None
src.infrastructure.providers.dividendos_statusinvest | WARNING | StatusInvest: HTTP 404 para QBTC11
urllib3.connectionpool | DEBUG | Starting new HTTPS connection (1): statusinvest.com.br:443
urllib3.connectionpool | DEBUG | https://statusinvest.com.br:443 "GET /acoes/qual3 HTTP/1.1" 200 None
urllib3.connectionpool | DEBUG | Starting new HTTPS connection (1): statusinvest.com.br:443
urllib3.connectionpool | DEBUG | https://statusinvest.com.br:443 "GET /acoes/radl3 HTTP/1.1" 200 None
urllib3.connectionpool | DEBUG | Starting new HTTPS connection (1): statusinvest.com.br:443
urllib3.connectionpool | DEBUG | https://statusinvest.com.br:443 "GET /acoes/rail3 HTTP/1.1" 200 None
urllib3.connectionpool | DEBUG | Starting new HTTPS connection (1): statusinvest.com.br:443
urllib3.connectionpool | DEBUG | https://statusinvest.com.br:443 "GET /acoes/raiz4 HTTP/1.1" 200 None
urllib3.connectionpool | DEBUG | Starting new HTTPS connection (1): statusinvest.com.br:443
urllib3.connectionpool | DEBUG | https://statusinvest.com.br:443 "GET /acoes/rani3 HTTP/1.1" 200 None
urllib3.connectionpool | DEBUG | Starting new HTTPS connection (1): statusinvest.com.br:443
urllib3.connectionpool | DEBUG | https://statusinvest.com.br:443 "GET /acoes/rapt4 HTTP/1.1" 200 None
urllib3.connectionpool | DEBUG | Starting new HTTPS connection (1): statusinvest.com.br:443
urllib3.connectionpool | DEBUG | https://statusinvest.com.br:443 "GET /acoes/rdor3 HTTP/1.1" 200 None
urllib3.connectionpool | DEBUG | Starting new HTTPS connection (1): statusinvest.com.br:443
src.infrastructure.providers.mercado_data_provider | INFO | RTD: Lote Onda 1 20000/51055 (Registros: 1801) em 10.39s.
src.infrastructure.providers.mercado_data_provider | DEBUG | RTD: Detalhes completos registrados para BRKMS145 (Liquidez detectada)
src.infrastructure.providers.mercado_data_provider | DEBUG | RTD: Detalhes completos registrados para CMINU521 (Liquidez detectada)
src.infrastructure.providers.mercado_data_provider | DEBUG | RTD: Detalhes completos registrados para CSNAT717 (Liquidez detectada)
src.infrastructure.providers.mercado_data_provider | DEBUG | RTD: Detalhes completos registrados para CEABR128 (Liquidez detectada)
src.infrastructure.providers.mercado_data_provider | DEBUG | RTD: Detalhes completos registrados para BRAPT224 (Liquidez detectada)
src.infrastructure.providers.mercado_data_provider | DEBUG | RTD: Detalhes completos registrados para CSNAR792 (Liquidez detectada)
src.infrastructure.providers.mercado_data_provider | DEBUG | RTD: Detalhes completos registrados para BOVAU189 (Liquidez detectada)
src.infrastructure.providers.mercado_data_provider | DEBUG | RTD: Detalhes completos registrados para CXSEV950 (Liquidez detectada)
src.infrastructure.providers.mercado_data_provider | DEBUG | RTD: Detalhes completos registrados para COGNR205 (Liquidez detectada)
src.infrastructure.providers.mercado_data_provider | DEBUG | RTD: Detalhes completos registrados para BOVAR745 (Liquidez detectada)
src.infrastructure.providers.mercado_data_provider | DEBUG | RTD: Detalhes completos registrados para CURYS348 (Liquidez detectada)
urllib3.connectionpool | DEBUG | https://statusinvest.com.br:443 "GET /acoes/recv3 HTTP/1.1" 200 None
src.infrastructure.providers.mercado_data_provider | DEBUG | RTD: Detalhes completos registrados para BOVAS142 (Liquidez detectada)
src.infrastructure.providers.mercado_data_provider | DEBUG | RTD: Detalhes completos registrados para BOVAS144 (Liquidez detectada)
src.infrastructure.providers.mercado_data_provider | DEBUG | RTD: Detalhes completos registrados para CPLES147 (Liquidez detectada)
urllib3.connectionpool | DEBUG | Starting new HTTPS connection (1): statusinvest.com.br:443
src.infrastructure.providers.mercado_data_provider | DEBUG | RTD: Detalhes completos registrados para BHIAR325 (Liquidez detectada)
src.infrastructure.providers.mercado_data_provider | DEBUG | RTD: Detalhes completos registrados para CSNAR642 (Liquidez detectada)
src.infrastructure.providers.mercado_data_provider | DEBUG | RTD: Detalhes completos registrados para BOVVR199 (Liquidez detectada)
src.infrastructure.providers.mercado_data_provider | DEBUG | RTD: Detalhes completos registrados para BOVAR950 (Liquidez detectada)
src.infrastructure.providers.mercado_data_provider | DEBUG | RTD: Detalhes completos registrados para BOVAR14 (Liquidez detectada)
src.infrastructure.providers.mercado_data_provider | DEBUG | RTD: Detalhes completos registrados para CSNAR602 (Liquidez detectada)
src.infrastructure.providers.mercado_data_provider | DEBUG | RTD: Detalhes completos registrados para CPLEU175 (Liquidez detectada)
src.infrastructure.providers.mercado_data_provider | DEBUG | RTD: Detalhes completos registrados para CYREU820 (Liquidez detectada)
src.infrastructure.providers.mercado_data_provider | DEBUG | RTD: Detalhes completos registrados para BPACR545W2 (Liquidez detectada)
src.infrastructure.providers.mercado_data_provider | DEBUG | RTD: Detalhes completos registrados para CSNAR702 (Liquidez detectada)
src.infrastructure.providers.mercado_data_provider | DEBUG | RTD: Detalhes completos registrados para CURYR450 (Liquidez detectada)
src.infrastructure.providers.mercado_data_provider | DEBUG | RTD: Detalhes completos registrados para BMGBU250 (Liquidez detectada)
src.infrastructure.providers.mercado_data_provider | DEBUG | RTD: Detalhes completos registrados para BOVAU50 (Liquidez detectada)
src.infrastructure.providers.mercado_data_provider | DEBUG | RTD: Detalhes completos registrados para CXSET10 (Liquidez detectada)
src.infrastructure.providers.mercado_data_provider | DEBUG | RTD: Detalhes completos registrados para CSMGS295 (Liquidez detectada)
src.infrastructure.providers.mercado_data_provider | DEBUG | RTD: Detalhes completos registrados para CSANS720 (Liquidez detectada)
src.infrastructure.providers.mercado_data_provider | DEBUG | RTD: Detalhes completos registrados para BRKMR13 (Liquidez detectada)
src.infrastructure.providers.mercado_data_provider | DEBUG | RTD: Detalhes completos registrados para CXSER115 (Liquidez detectada)
src.infrastructure.providers.mercado_data_provider | DEBUG | RTD: Detalhes completos registrados para CMINS555 (Liquidez detectada)
src.infrastructure.providers.mercado_data_provider | DEBUG | RTD: Detalhes completos registrados para CXSES11 (Liquidez detectada)
src.infrastructure.providers.mercado_data_provider | DEBUG | RTD: Detalhes completos registrados para BOVAS51 (Liquidez detectada)
src.infrastructure.providers.mercado_data_provider | DEBUG | RTD: Detalhes completos registrados para CVCBR175 (Liquidez detectada)
src.infrastructure.providers.mercado_data_provider | DEBUG | RTD: Detalhes completos registrados para COGNR560 (Liquidez detectada)
src.infrastructure.providers.mercado_data_provider | DEBUG | RTD: Detalhes completos registrados para BRAPU222 (Liquidez detectada)
src.infrastructure.providers.mercado_data_provider | DEBUG | RTD: Detalhes completos registrados para BOVAS44 (Liquidez detectada)
src.infrastructure.providers.mercado_data_provider | DEBUG | RTD: Detalhes completos registrados para CXSEU164 (Liquidez detectada)
src.infrastructure.providers.mercado_data_provider | DEBUG | RTD: Detalhes completos registrados para BMOBR269 (Liquidez detectada)
src.infrastructure.providers.mercado_data_provider | DEBUG | RTD: Detalhes completos registrados para BOVVU185 (Liquidez detectada)
src.infrastructure.providers.mercado_data_provider | DEBUG | RTD: Detalhes completos registrados para BLAUR120 (Liquidez detectada)
src.infrastructure.providers.mercado_data_provider | DEBUG | RTD: Detalhes completos registrados para BRAPW163 (Liquidez detectada)
src.infrastructure.providers.mercado_data_provider | DEBUG | RTD: Detalhes completos registrados para CVCBS160 (Liquidez detectada)
src.infrastructure.providers.mercado_data_provider | DEBUG | RTD: Detalhes completos registrados para BOVAS156W1 (Liquidez detectada)
src.infrastructure.providers.mercado_data_provider | DEBUG | RTD: Detalhes completos registrados para COGNR170 (Liquidez detectada)
src.infrastructure.providers.mercado_data_provider | DEBUG | RTD: Detalhes completos registrados para COGNV551 (Liquidez detectada)
src.infrastructure.providers.mercado_data_provider | DEBUG | RTD: Detalhes completos registrados para BHIAR31 (Liquidez detectada)
src.infrastructure.providers.mercado_data_provider | DEBUG | RTD: Detalhes completos registrados para CSNAU665 (Liquidez detectada)
src.infrastructure.providers.mercado_data_provider | DEBUG | RTD: Detalhes completos registrados para BHIAR840 (Liquidez detectada)
src.infrastructure.providers.mercado_data_provider | DEBUG | RTD: Detalhes completos registrados para BPACU721 (Liquidez detectada)
urllib3.connectionpool | DEBUG | https://statusinvest.com.br:443 "GET /acoes/rent3 HTTP/1.1" 200 None
src.infrastructure.providers.mercado_data_provider | DEBUG | RTD: Detalhes completos registrados para BHIAT900 (Liquidez detectada)
src.infrastructure.providers.mercado_data_provider | DEBUG | RTD: Detalhes completos registrados para COGNR274W2 (Liquidez detectada)
src.infrastructure.providers.mercado_data_provider | DEBUG | RTD: Detalhes completos registrados para COGNW3 (Liquidez detectada)
urllib3.connectionpool | DEBUG | Starting new HTTPS connection (1): statusinvest.com.br:443
src.infrastructure.providers.mercado_data_provider | DEBUG | RTD: Detalhes completos registrados para CSANR465 (Liquidez detectada)
src.infrastructure.providers.mercado_data_provider | DEBUG | RTD: Detalhes completos registrados para BMOBS239 (Liquidez detectada)
src.infrastructure.providers.mercado_data_provider | DEBUG | RTD: Detalhes completos registrados para CSMGR643 (Liquidez detectada)
src.infrastructure.providers.mercado_data_provider | DEBUG | RTD: Detalhes completos registrados para CMIGS172 (Liquidez detectada)
src.infrastructure.providers.mercado_data_provider | DEBUG | RTD: Detalhes completos registrados para BOVAU245 (Liquidez detectada)
src.infrastructure.providers.mercado_data_provider | DEBUG | RTD: Detalhes completos registrados para BOVAR192 (Liquidez detectada)
src.infrastructure.providers.mercado_data_provider | DEBUG | RTD: Detalhes completos registrados para BOVAT295 (Liquidez detectada)
src.infrastructure.providers.mercado_data_provider | DEBUG | RTD: Detalhes completos registrados para CSANS600 (Liquidez detectada)
src.infrastructure.providers.mercado_data_provider | DEBUG | RTD: Detalhes completos registrados para COGNT446 (Liquidez detectada)
src.infrastructure.providers.mercado_data_provider | DEBUG | RTD: Detalhes completos registrados para BOVAS144W4 (Liquidez detectada)
src.infrastructure.providers.mercado_data_provider | DEBUG | RTD: Detalhes completos registrados para BOVAV143 (Liquidez detectada)
src.infrastructure.providers.mercado_data_provider | DEBUG | RTD: Detalhes completos registrados para CPFES467 (Liquidez detectada)
src.infrastructure.providers.mercado_data_provider | DEBUG | RTD: Detalhes completos registrados para BOVAW115 (Liquidez detectada)
src.infrastructure.providers.mercado_data_provider | DEBUG | RTD: Detalhes completos registrados para CSANV590 (Liquidez detectada)
src.infrastructure.providers.mercado_data_provider | DEBUG | RTD: Detalhes completos registrados para CYRER325 (Liquidez detectada)
src.infrastructure.providers.mercado_data_provider | DEBUG | RTD: Detalhes completos registrados para BPACV537 (Liquidez detectada)
src.infrastructure.providers.mercado_data_provider | DEBUG | RTD: Detalhes completos registrados para CXSEV182 (Liquidez detectada)
src.infrastructure.providers.mercado_data_provider | DEBUG | RTD: Detalhes completos registrados para BPACR520 (Liquidez detectada)
src.infrastructure.providers.mercado_data_provider | DEBUG | RTD: Detalhes completos registrados para BOVVU179 (Liquidez detectada)
src.infrastructure.providers.mercado_data_provider | DEBUG | RTD: Detalhes completos registrados para BOVAU55 (Liquidez detectada)
src.infrastructure.providers.mercado_data_provider | DEBUG | RTD: Detalhes completos registrados para CSMGR290 (Liquidez detectada)
src.infrastructure.providers.mercado_data_provider | DEBUG | RTD: Detalhes completos registrados para BOVAV124 (Liquidez detectada)
src.infrastructure.providers.mercado_data_provider | DEBUG | RTD: Detalhes completos registrados para CSNAR722 (Liquidez detectada)
src.infrastructure.providers.mercado_data_provider | DEBUG | RTD: Detalhes completos registrados para CXSER100 (Liquidez detectada)
src.infrastructure.providers.mercado_data_provider | DEBUG | RTD: Detalhes completos registrados para CXSEW131 (Liquidez detectada)
src.infrastructure.providers.mercado_data_provider | DEBUG | RTD: Detalhes completos registrados para CXSEU144 (Liquidez detectada)
src.infrastructure.providers.mercado_data_provider | DEBUG | RTD: Detalhes completos registrados para CPFES482 (Liquidez detectada)
src.infrastructure.providers.mercado_data_provider | DEBUG | RTD: Detalhes completos registrados para BOVAS108 (Liquidez detectada)
src.infrastructure.providers.mercado_data_provider | DEBUG | RTD: Detalhes completos registrados para CSMGS635 (Liquidez detectada)
src.infrastructure.providers.mercado_data_provider | DEBUG | RTD: Detalhes completos registrados para CSMGR305 (Liquidez detectada)
src.infrastructure.providers.mercado_data_provider | DEBUG | RTD: Detalhes completos registrados para CPFET394 (Liquidez detectada)
src.infrastructure.providers.mercado_data_provider | DEBUG | RTD: Detalhes completos registrados para CXSES21 (Liquidez detectada)
src.infrastructure.providers.mercado_data_provider | DEBUG | RTD: Detalhes completos registrados para CVCBS150 (Liquidez detectada)
src.infrastructure.providers.mercado_data_provider | DEBUG | RTD: Detalhes completos registrados para BOVAS116 (Liquidez detectada)
src.infrastructure.providers.mercado_data_provider | DEBUG | RTD: Detalhes completos registrados para CYRER178 (Liquidez detectada)
src.infrastructure.providers.mercado_data_provider | DEBUG | RTD: Detalhes completos registrados para CSMGR40 (Liquidez detectada)
src.infrastructure.providers.mercado_data_provider | DEBUG | RTD: Detalhes completos registrados para BOVAS800 (Liquidez detectada)
src.infrastructure.providers.mercado_data_provider | DEBUG | RTD: Detalhes completos registrados para BOVAR785 (Liquidez detectada)
src.infrastructure.providers.mercado_data_provider | DEBUG | RTD: Detalhes completos registrados para CURYS374 (Liquidez detectada)
urllib3.connectionpool | DEBUG | https://statusinvest.com.br:443 "GET /acoes/rent4 HTTP/1.1" 200 None
src.infrastructure.providers.mercado_data_provider | DEBUG | RTD: Detalhes completos registrados para BOVAS172W1 (Liquidez detectada)
src.infrastructure.providers.mercado_data_provider | DEBUG | RTD: Detalhes completos registrados para COGNR270 (Liquidez detectada)
urllib3.connectionpool | DEBUG | Starting new HTTPS connection (1): statusinvest.com.br:443
src.infrastructure.providers.mercado_data_provider | DEBUG | RTD: Detalhes completos registrados para CSMGT518 (Liquidez detectada)
src.infrastructure.providers.mercado_data_provider | DEBUG | RTD: Detalhes completos registrados para CEABR148 (Liquidez detectada)
src.infrastructure.providers.mercado_data_provider | DEBUG | RTD: Detalhes completos registrados para CVCBS130 (Liquidez detectada)
src.infrastructure.providers.mercado_data_provider | DEBUG | RTD: Detalhes completos registrados para BOVAR190W4 (Liquidez detectada)
src.infrastructure.providers.mercado_data_provider | DEBUG | RTD: Detalhes completos registrados para BRKMR145 (Liquidez detectada)
src.infrastructure.providers.mercado_data_provider | DEBUG | RTD: Detalhes completos registrados para CURYR345 (Liquidez detectada)
src.infrastructure.providers.mercado_data_provider | DEBUG | RTD: Detalhes completos registrados para CSNAS660 (Liquidez detectada)
src.infrastructure.providers.mercado_data_provider | DEBUG | RTD: Detalhes completos registrados para BOVAU44 (Liquidez detectada)
src.infrastructure.providers.mercado_data_provider | DEBUG | RTD: Detalhes completos registrados para BMGBS561 (Liquidez detectada)
src.infrastructure.providers.mercado_data_provider | DEBUG | RTD: Detalhes completos registrados para COGNR90 (Liquidez detectada)
src.infrastructure.providers.mercado_data_provider | DEBUG | RTD: Detalhes completos registrados para BPACS486 (Liquidez detectada)
src.infrastructure.providers.mercado_data_provider | DEBUG | RTD: Detalhes completos registrados para BOVAS59 (Liquidez detectada)
src.infrastructure.providers.mercado_data_provider | DEBUG | RTD: Detalhes completos registrados para CMIGS217 (Liquidez detectada)
src.infrastructure.providers.mercado_data_provider | DEBUG | RTD: Detalhes completos registrados para BOVAR171 (Liquidez detectada)
src.infrastructure.providers.mercado_data_provider | DEBUG | RTD: Detalhes completos registrados para CSANS465 (Liquidez detectada)
src.infrastructure.providers.mercado_data_provider | DEBUG | RTD: Detalhes completos registrados para BRAVU130 (Liquidez detectada)
src.infrastructure.providers.mercado_data_provider | DEBUG | RTD: Detalhes completos registrados para BRAPV154 (Liquidez detectada)
src.infrastructure.providers.mercado_data_provider | DEBUG | RTD: Detalhes completos registrados para BRAPS279 (Liquidez detectada)
src.infrastructure.providers.mercado_data_provider | DEBUG | RTD: Detalhes completos registrados para BRKMS820 (Liquidez detectada)
src.infrastructure.providers.mercado_data_provider | DEBUG | RTD: Detalhes completos registrados para BRAVS133 (Liquidez detectada)
src.infrastructure.providers.mercado_data_provider | DEBUG | RTD: Detalhes completos registrados para CSNAR660W2 (Liquidez detectada)
src.infrastructure.providers.mercado_data_provider | DEBUG | RTD: Detalhes completos registrados para BRKMS740 (Liquidez detectada)
src.infrastructure.providers.mercado_data_provider | DEBUG | RTD: Detalhes completos registrados para CMINT491 (Liquidez detectada)
src.infrastructure.providers.mercado_data_provider | DEBUG | RTD: Detalhes completos registrados para BRAPR287 (Liquidez detectada)
src.infrastructure.providers.mercado_data_provider | DEBUG | RTD: Detalhes completos registrados para BOVAR190W2 (Liquidez detectada)
src.infrastructure.providers.mercado_data_provider | DEBUG | RTD: Detalhes completos registrados para BPACU521 (Liquidez detectada)
src.infrastructure.providers.mercado_data_provider | DEBUG | RTD: Detalhes completos registrados para CPFER562 (Liquidez detectada)
src.infrastructure.providers.mercado_data_provider | DEBUG | RTD: Detalhes completos registrados para CSMGU502 (Liquidez detectada)
src.infrastructure.providers.mercado_data_provider | DEBUG | RTD: Detalhes completos registrados para CPFEU424 (Liquidez detectada)
src.infrastructure.providers.mercado_data_provider | DEBUG | RTD: Detalhes completos registrados para CSNAR592W4 (Liquidez detectada)
src.infrastructure.providers.mercado_data_provider | DEBUG | RTD: Detalhes completos registrados para BOVAR240 (Liquidez detectada)
src.infrastructure.providers.mercado_data_provider | DEBUG | RTD: Detalhes completos registrados para CPFER499 (Liquidez detectada)
src.infrastructure.providers.mercado_data_provider | DEBUG | RTD: Detalhes completos registrados para CPFER497 (Liquidez detectada)
src.infrastructure.providers.mercado_data_provider | DEBUG | RTD: Detalhes completos registrados para BOVAV127 (Liquidez detectada)
src.infrastructure.providers.mercado_data_provider | DEBUG | RTD: Detalhes completos registrados para CVCBR280 (Liquidez detectada)
src.infrastructure.providers.mercado_data_provider | DEBUG | RTD: Detalhes completos registrados para BOVAT164 (Liquidez detectada)
src.infrastructure.providers.mercado_data_provider | DEBUG | RTD: Detalhes completos registrados para CSMGR653 (Liquidez detectada)
src.infrastructure.providers.mercado_data_provider | DEBUG | RTD: Detalhes completos registrados para CVCBR137 (Liquidez detectada)
src.infrastructure.providers.mercado_data_provider | DEBUG | RTD: Detalhes completos registrados para CYRER220 (Liquidez detectada)
src.infrastructure.providers.mercado_data_provider | DEBUG | RTD: Detalhes completos registrados para CSNAT737 (Liquidez detectada)
src.infrastructure.providers.mercado_data_provider | DEBUG | RTD: Detalhes completos registrados para BOVAR260 (Liquidez detectada)
src.infrastructure.providers.mercado_data_provider | DEBUG | RTD: Detalhes completos registrados para CYRER165 (Liquidez detectada)
src.infrastructure.providers.mercado_data_provider | DEBUG | RTD: Detalhes completos registrados para CSNAR662 (Liquidez detectada)
urllib3.connectionpool | DEBUG | https://statusinvest.com.br:443 "GET /acoes/rent99 HTTP/1.1" 404 None
src.infrastructure.providers.dividendos_statusinvest | WARNING | StatusInvest: HTTP 404 para RENT99
urllib3.connectionpool | DEBUG | Starting new HTTPS connection (1): statusinvest.com.br:443
src.infrastructure.providers.mercado_data_provider | DEBUG | RTD: Detalhes completos registrados para CVCBR170 (Liquidez detectada)
src.infrastructure.providers.mercado_data_provider | DEBUG | RTD: Detalhes completos registrados para CYRES245W1 (Liquidez detectada)
src.infrastructure.providers.mercado_data_provider | DEBUG | RTD: Detalhes completos registrados para BRAVU257 (Liquidez detectada)
src.infrastructure.providers.mercado_data_provider | DEBUG | RTD: Detalhes completos registrados para BRAVT181 (Liquidez detectada)
src.infrastructure.providers.mercado_data_provider | DEBUG | RTD: Detalhes completos registrados para BOVAT380 (Liquidez detectada)
src.infrastructure.providers.mercado_data_provider | DEBUG | RTD: Detalhes completos registrados para CURYS274 (Liquidez detectada)
src.infrastructure.providers.mercado_data_provider | DEBUG | RTD: Detalhes completos registrados para BRAPR157 (Liquidez detectada)
src.infrastructure.providers.mercado_data_provider | DEBUG | RTD: Detalhes completos registrados para BOVAT115 (Liquidez detectada)
src.infrastructure.providers.mercado_data_provider | DEBUG | RTD: Detalhes completos registrados para CPFER572 (Liquidez detectada)
src.infrastructure.providers.mercado_data_provider | DEBUG | RTD: Detalhes completos registrados para CPFER422 (Liquidez detectada)
src.infrastructure.providers.mercado_data_provider | DEBUG | RTD: Detalhes completos registrados para CSNAT617 (Liquidez detectada)
src.infrastructure.providers.mercado_data_provider | DEBUG | RTD: Detalhes completos registrados para BOVAR750 (Liquidez detectada)
src.infrastructure.providers.mercado_data_provider | DEBUG | RTD: Detalhes completos registrados para BOVAU130 (Liquidez detectada)
src.infrastructure.providers.mercado_data_provider | DEBUG | RTD: Detalhes completos registrados para BOVAS56 (Liquidez detectada)
src.infrastructure.providers.mercado_data_provider | DEBUG | RTD: Detalhes completos registrados para BRKMS840 (Liquidez detectada)
src.infrastructure.providers.mercado_data_provider | DEBUG | RTD: Detalhes completos registrados para CPFER489 (Liquidez detectada)
src.infrastructure.providers.mercado_data_provider | DEBUG | RTD: Detalhes completos registrados para BOVAS187W4 (Liquidez detectada)
src.infrastructure.providers.mercado_data_provider | DEBUG | RTD: Detalhes completos registrados para CMIGW132 (Liquidez detectada)
src.infrastructure.providers.mercado_data_provider | DEBUG | RTD: Detalhes completos registrados para CYRES264 (Liquidez detectada)
src.infrastructure.providers.mercado_data_provider | DEBUG | RTD: Detalhes completos registrados para BHIAR960 (Liquidez detectada)
src.infrastructure.providers.mercado_data_provider | DEBUG | RTD: Detalhes completos registrados para CSNAR712 (Liquidez detectada)
src.infrastructure.providers.mercado_data_provider | DEBUG | RTD: Detalhes completos registrados para BRAVS128 (Liquidez detectada)
src.infrastructure.providers.mercado_data_provider | DEBUG | RTD: Detalhes completos registrados para CURYS337 (Liquidez detectada)
src.infrastructure.providers.mercado_data_provider | DEBUG | RTD: Detalhes completos registrados para CXSES184 (Liquidez detectada)
src.infrastructure.providers.mercado_data_provider | DEBUG | RTD: Detalhes completos registrados para BPACR565 (Liquidez detectada)
src.infrastructure.providers.mercado_data_provider | DEBUG | RTD: Detalhes completos registrados para CMINR385 (Liquidez detectada)
src.infrastructure.providers.mercado_data_provider | DEBUG | RTD: Detalhes completos registrados para CMIGT107 (Liquidez detectada)
src.infrastructure.providers.mercado_data_provider | DEBUG | RTD: Detalhes completos registrados para CPFES414 (Liquidez detectada)
src.infrastructure.providers.mercado_data_provider | DEBUG | RTD: Detalhes completos registrados para BOVAR185W4 (Liquidez detectada)
src.infrastructure.providers.mercado_data_provider | DEBUG | RTD: Detalhes completos registrados para CSNAR640W2 (Liquidez detectada)
src.infrastructure.providers.mercado_data_provider | DEBUG | RTD: Detalhes completos registrados para BOVAS54 (Liquidez detectada)
src.infrastructure.providers.mercado_data_provider | DEBUG | RTD: Detalhes completos registrados para BHIAR25 (Liquidez detectada)
src.infrastructure.providers.mercado_data_provider | DEBUG | RTD: Detalhes completos registrados para COGNR325 (Liquidez detectada)
src.infrastructure.providers.mercado_data_provider | DEBUG | RTD: Detalhes completos registrados para BOVAW1 (Liquidez detectada)
src.infrastructure.providers.mercado_data_provider | DEBUG | RTD: Detalhes completos registrados para CMINR50 (Liquidez detectada)
src.infrastructure.providers.mercado_data_provider | DEBUG | RTD: Detalhes completos registrados para CXSER147 (Liquidez detectada)
urllib3.connectionpool | DEBUG | https://statusinvest.com.br:443 "GET /acoes/riaa3 HTTP/1.1" 200 None
src.infrastructure.providers.mercado_data_provider | DEBUG | RTD: Detalhes completos registrados para BOVAR765 (Liquidez detectada)
src.infrastructure.providers.mercado_data_provider | DEBUG | RTD: Detalhes completos registrados para BPACS530W2 (Liquidez detectada)
src.infrastructure.providers.mercado_data_provider | DEBUG | RTD: Detalhes completos registrados para BPACR775 (Liquidez detectada)
urllib3.connectionpool | DEBUG | Starting new HTTPS connection (1): statusinvest.com.br:443
src.infrastructure.providers.mercado_data_provider | DEBUG | RTD: Detalhes completos registrados para CMINR510 (Liquidez detectada)
src.infrastructure.providers.mercado_data_provider | DEBUG | RTD: Detalhes completos registrados para BHIAT700 (Liquidez detectada)
src.infrastructure.providers.mercado_data_provider | DEBUG | RTD: Detalhes completos registrados para CSANR510 (Liquidez detectada)
src.infrastructure.providers.mercado_data_provider | DEBUG | RTD: Detalhes completos registrados para CPLER17 (Liquidez detectada)
src.infrastructure.providers.mercado_data_provider | DEBUG | RTD: Detalhes completos registrados para BOVAT165 (Liquidez detectada)
src.infrastructure.providers.mercado_data_provider | DEBUG | RTD: Detalhes completos registrados para BRKMR15 (Liquidez detectada)
src.infrastructure.providers.mercado_data_provider | DEBUG | RTD: Detalhes completos registrados para CPFER487 (Liquidez detectada)
src.infrastructure.providers.mercado_data_provider | DEBUG | RTD: Detalhes completos registrados para BOVAW224 (Liquidez detectada)
src.infrastructure.providers.mercado_data_provider | DEBUG | RTD: Detalhes completos registrados para BOVAT300 (Liquidez detectada)
src.infrastructure.providers.mercado_data_provider | DEBUG | RTD: Detalhes completos registrados para BOVAS110 (Liquidez detectada)
src.infrastructure.providers.mercado_data_provider | DEBUG | RTD: Detalhes completos registrados para BRAPW237 (Liquidez detectada)
src.infrastructure.providers.mercado_data_provider | DEBUG | RTD: Detalhes completos registrados para BOVAT187 (Liquidez detectada)
src.infrastructure.providers.mercado_data_provider | DEBUG | RTD: Detalhes completos registrados para BOVAW145 (Liquidez detectada)
src.infrastructure.providers.mercado_data_provider | DEBUG | RTD: Detalhes completos registrados para BRSRR252 (Liquidez detectada)
src.infrastructure.providers.mercado_data_provider | DEBUG | RTD: Detalhes completos registrados para BOVAR158 (Liquidez detectada)
src.infrastructure.providers.mercado_data_provider | DEBUG | RTD: Detalhes completos registrados para BPACW572 (Liquidez detectada)
src.infrastructure.providers.mercado_data_provider | DEBUG | RTD: Detalhes completos registrados para BOVAT540 (Liquidez detectada)
src.infrastructure.providers.mercado_data_provider | DEBUG | RTD: Detalhes completos registrados para BOVAR122 (Liquidez detectada)
src.infrastructure.providers.mercado_data_provider | DEBUG | RTD: Detalhes completos registrados para CMIGR122W4 (Liquidez detectada)
src.infrastructure.providers.mercado_data_provider | DEBUG | RTD: Detalhes completos registrados para CPLEU147 (Liquidez detectada)
src.infrastructure.providers.mercado_data_provider | DEBUG | RTD: Detalhes completos registrados para BOVAR167 (Liquidez detectada)
src.infrastructure.providers.mercado_data_provider | DEBUG | RTD: Detalhes completos registrados para BOVAW170 (Liquidez detectada)
src.infrastructure.providers.mercado_data_provider | DEBUG | RTD: Detalhes completos registrados para BPACU561 (Liquidez detectada)
src.infrastructure.providers.mercado_data_provider | DEBUG | RTD: Detalhes completos registrados para BOVAR181W4 (Liquidez detectada)
src.infrastructure.providers.mercado_data_provider | DEBUG | RTD: Detalhes completos registrados para BRAPS254 (Liquidez detectada)
src.infrastructure.providers.mercado_data_provider | DEBUG | RTD: Detalhes completos registrados para BOVAT129 (Liquidez detectada)
src.infrastructure.providers.mercado_data_provider | DEBUG | RTD: Detalhes completos registrados para CVCBR132 (Liquidez detectada)
src.infrastructure.providers.mercado_data_provider | DEBUG | RTD: Detalhes completos registrados para BOVAU149 (Liquidez detectada)
src.infrastructure.providers.mercado_data_provider | DEBUG | RTD: Detalhes completos registrados para CSANR620 (Liquidez detectada)
src.infrastructure.providers.mercado_data_provider | DEBUG | RTD: Detalhes completos registrados para CSNAR612 (Liquidez detectada)
src.infrastructure.providers.mercado_data_provider | DEBUG | RTD: Detalhes completos registrados para CURYS369 (Liquidez detectada)
src.infrastructure.providers.mercado_data_provider | DEBUG | RTD: Detalhes completos registrados para BHIAT100 (Liquidez detectada)
src.infrastructure.providers.mercado_data_provider | DEBUG | RTD: Detalhes completos registrados para CXSEV165 (Liquidez detectada)
src.infrastructure.providers.mercado_data_provider | DEBUG | RTD: Detalhes completos registrados para CEABR141 (Liquidez detectada)
src.infrastructure.providers.mercado_data_provider | DEBUG | RTD: Detalhes completos registrados para BRAPR292 (Liquidez detectada)
src.infrastructure.providers.mercado_data_provider | DEBUG | RTD: Detalhes completos registrados para BRAPU209 (Liquidez detectada)
src.infrastructure.providers.mercado_data_provider | DEBUG | RTD: Detalhes completos registrados para BLAUR100 (Liquidez detectada)
src.infrastructure.providers.mercado_data_provider | DEBUG | RTD: Detalhes completos registrados para BOVAR156W4 (Liquidez detectada)
src.infrastructure.providers.mercado_data_provider | DEBUG | RTD: Detalhes completos registrados para BPACR600 (Liquidez detectada)
src.infrastructure.providers.mercado_data_provider | DEBUG | RTD: Detalhes completos registrados para CURYS355 (Liquidez detectada)
src.infrastructure.providers.mercado_data_provider | DEBUG | RTD: Detalhes completos registrados para BOVAR195 (Liquidez detectada)
src.infrastructure.providers.mercado_data_provider | DEBUG | RTD: Detalhes completos registrados para BPACR535W2 (Liquidez detectada)
src.infrastructure.providers.mercado_data_provider | DEBUG | RTD: Detalhes completos registrados para CEABS872 (Liquidez detectada)
src.infrastructure.providers.mercado_data_provider | DEBUG | RTD: Detalhes completos registrados para BRAVS123 (Liquidez detectada)
src.infrastructure.providers.mercado_data_provider | DEBUG | RTD: Detalhes completos registrados para CSMGR518 (Liquidez detectada)
src.infrastructure.providers.mercado_data_provider | DEBUG | RTD: Detalhes completos registrados para CPFEV419 (Liquidez detectada)
src.infrastructure.providers.mercado_data_provider | DEBUG | RTD: Detalhes completos registrados para CXSER165 (Liquidez detectada)
src.infrastructure.providers.mercado_data_provider | DEBUG | RTD: Detalhes completos registrados para BOVVR191 (Liquidez detectada)
src.infrastructure.providers.mercado_data_provider | DEBUG | RTD: Detalhes completos registrados para BOVAU35 (Liquidez detectada)
src.infrastructure.providers.mercado_data_provider | DEBUG | RTD: Detalhes completos registrados para BRAVR27 (Liquidez detectada)
src.infrastructure.providers.mercado_data_provider | DEBUG | RTD: Detalhes completos registrados para CEABR146 (Liquidez detectada)
src.infrastructure.providers.mercado_data_provider | DEBUG | RTD: Detalhes completos registrados para CPFER512 (Liquidez detectada)
src.infrastructure.providers.mercado_data_provider | DEBUG | RTD: Detalhes completos registrados para BOVAU148 (Liquidez detectada)
src.infrastructure.providers.mercado_data_provider | DEBUG | RTD: Detalhes completos registrados para CSNAT807 (Liquidez detectada)
src.infrastructure.providers.mercado_data_provider | DEBUG | RTD: Detalhes completos registrados para CXSEW204 (Liquidez detectada)
src.infrastructure.providers.mercado_data_provider | DEBUG | RTD: Detalhes completos registrados para CYRET313 (Liquidez detectada)
src.infrastructure.providers.mercado_data_provider | DEBUG | RTD: Detalhes completos registrados para BRAPR195 (Liquidez detectada)
src.infrastructure.providers.mercado_data_provider | DEBUG | RTD: Detalhes completos registrados para CSNAS690 (Liquidez detectada)
src.infrastructure.providers.mercado_data_provider | DEBUG | RTD: Detalhes completos registrados para CYRER315 (Liquidez detectada)
src.infrastructure.providers.mercado_data_provider | DEBUG | RTD: Detalhes completos registrados para BRAPR237 (Liquidez detectada)
src.infrastructure.providers.mercado_data_provider | DEBUG | RTD: Detalhes completos registrados para BOVAS152 (Liquidez detectada)
src.infrastructure.providers.mercado_data_provider | DEBUG | RTD: Detalhes completos registrados para CXSER150 (Liquidez detectada)
urllib3.connectionpool | DEBUG | https://statusinvest.com.br:443 "GET /acoes/riot34 HTTP/1.1" 404 None
src.infrastructure.providers.mercado_data_provider | DEBUG | RTD: Detalhes completos registrados para BOVAT163 (Liquidez detectada)
src.infrastructure.providers.mercado_data_provider | DEBUG | RTD: Detalhes completos registrados para CSANU900 (Liquidez detectada)
src.infrastructure.providers.mercado_data_provider | DEBUG | RTD: Detalhes completos registrados para BOVAT110 (Liquidez detectada)
src.infrastructure.providers.mercado_data_provider | DEBUG | RTD: Detalhes completos registrados para BOVAS46 (Liquidez detectada)
src.infrastructure.providers.mercado_data_provider | DEBUG | RTD: Detalhes completos registrados para BRAPT254 (Liquidez detectada)
src.infrastructure.providers.mercado_data_provider | DEBUG | RTD: Detalhes completos registrados para BOVAT171 (Liquidez detectada)
src.infrastructure.providers.mercado_data_provider | DEBUG | RTD: Detalhes completos registrados para BOVAR186 (Liquidez detectada)
src.infrastructure.providers.mercado_data_provider | DEBUG | RTD: Detalhes completos registrados para CVCBR200 (Liquidez detectada)
src.infrastructure.providers.mercado_data_provider | DEBUG | RTD: Detalhes completos registrados para CYRES332 (Liquidez detectada)
src.infrastructure.providers.mercado_data_provider | DEBUG | RTD: Detalhes completos registrados para BMGBV40 (Liquidez detectada)
src.infrastructure.providers.mercado_data_provider | DEBUG | RTD: Detalhes completos registrados para BOVAR176W4 (Liquidez detectada)
src.infrastructure.providers.mercado_data_provider | DEBUG | RTD: Detalhes completos registrados para CSNAS610 (Liquidez detectada)
src.infrastructure.providers.dividendos_statusinvest | WARNING | StatusInvest: HTTP 404 para RIOT34
urllib3.connectionpool | DEBUG | Starting new HTTPS connection (1): statusinvest.com.br:443
src.infrastructure.providers.mercado_data_provider | DEBUG | RTD: Detalhes completos registrados para BOVAV17 (Liquidez detectada)
src.infrastructure.providers.mercado_data_provider | DEBUG | RTD: Detalhes completos registrados para BRKMS610 (Liquidez detectada)
src.infrastructure.providers.mercado_data_provider | DEBUG | RTD: Detalhes completos registrados para BMGBW650 (Liquidez detectada)
src.infrastructure.providers.mercado_data_provider | DEBUG | RTD: Detalhes completos registrados para BOVAR127 (Liquidez detectada)
src.infrastructure.providers.mercado_data_provider | DEBUG | RTD: Detalhes completos registrados para BRAPR217 (Liquidez detectada)
src.infrastructure.providers.mercado_data_provider | DEBUG | RTD: Detalhes completos registrados para BPACW527 (Liquidez detectada)
src.infrastructure.providers.mercado_data_provider | DEBUG | RTD: Detalhes completos registrados para BOVAS182 (Liquidez detectada)
src.infrastructure.providers.mercado_data_provider | DEBUG | RTD: Detalhes completos registrados para CPFER462 (Liquidez detectada)
src.infrastructure.providers.mercado_data_provider | DEBUG | RTD: Detalhes completos registrados para BRAPT247 (Liquidez detectada)
src.infrastructure.providers.mercado_data_provider | DEBUG | RTD: Detalhes completos registrados para BOVAS181 (Liquidez detectada)
src.infrastructure.providers.mercado_data_provider | DEBUG | RTD: Detalhes completos registrados para BOVAR195W2 (Liquidez detectada)
src.infrastructure.providers.mercado_data_provider | DEBUG | RTD: Detalhes completos registrados para CSNAV805 (Liquidez detectada)
src.infrastructure.providers.mercado_data_provider | DEBUG | RTD: Detalhes completos registrados para CSNAS720 (Liquidez detectada)
src.infrastructure.providers.mercado_data_provider | DEBUG | RTD: Detalhes completos registrados para CYRER233 (Liquidez detectada)
src.infrastructure.providers.mercado_data_provider | DEBUG | RTD: Detalhes completos registrados para BMGBR24 (Liquidez detectada)
src.infrastructure.providers.mercado_data_provider | DEBUG | RTD: Detalhes completos registrados para BOVAR265 (Liquidez detectada)
src.infrastructure.providers.mercado_data_provider | DEBUG | RTD: Detalhes completos registrados para BOVAT166 (Liquidez detectada)
src.infrastructure.providers.mercado_data_provider | DEBUG | RTD: Detalhes completos registrados para BOVAU49 (Liquidez detectada)
src.infrastructure.providers.mercado_data_provider | DEBUG | RTD: Detalhes completos registrados para BOVAR177 (Liquidez detectada)
src.infrastructure.providers.mercado_data_provider | DEBUG | RTD: Detalhes completos registrados para CSANR730 (Liquidez detectada)
src.infrastructure.providers.mercado_data_provider | DEBUG | RTD: Detalhes completos registrados para BOVAR710 (Liquidez detectada)
src.infrastructure.providers.mercado_data_provider | DEBUG | RTD: Detalhes completos registrados para BOVAS136 (Liquidez detectada)
src.infrastructure.providers.mercado_data_provider | DEBUG | RTD: Detalhes completos registrados para BOVAS58 (Liquidez detectada)
src.infrastructure.providers.mercado_data_provider | DEBUG | RTD: Detalhes completos registrados para CPFET432 (Liquidez detectada)
src.infrastructure.providers.mercado_data_provider | DEBUG | RTD: Detalhes completos registrados para CSMGR315 (Liquidez detectada)
src.infrastructure.providers.mercado_data_provider | DEBUG | RTD: Detalhes completos registrados para BOVAT14 (Liquidez detectada)
src.infrastructure.providers.mercado_data_provider | DEBUG | RTD: Detalhes completos registrados para BMGBR465 (Liquidez detectada)
src.infrastructure.providers.mercado_data_provider | DEBUG | RTD: Detalhes completos registrados para BOVAT335 (Liquidez detectada)
src.infrastructure.providers.mercado_data_provider | DEBUG | RTD: Detalhes completos registrados para CYRER220W4 (Liquidez detectada)
src.infrastructure.providers.mercado_data_provider | DEBUG | RTD: Detalhes completos registrados para CYRER193 (Liquidez detectada)
src.infrastructure.providers.mercado_data_provider | DEBUG | RTD: Detalhes completos registrados para CXSER210 (Liquidez detectada)
src.infrastructure.providers.mercado_data_provider | DEBUG | RTD: Detalhes completos registrados para CSNAR720W2 (Liquidez detectada)
urllib3.connectionpool | DEBUG | https://statusinvest.com.br:443 "GET /acoes/romi3 HTTP/1.1" 200 None
src.infrastructure.providers.mercado_data_provider | DEBUG | RTD: Detalhes completos registrados para CSANU460 (Liquidez detectada)
src.infrastructure.providers.mercado_data_provider | DEBUG | RTD: Detalhes completos registrados para CYRER33 (Liquidez detectada)
src.infrastructure.providers.mercado_data_provider | DEBUG | RTD: Detalhes completos registrados para CSANV570 (Liquidez detectada)
urllib3.connectionpool | DEBUG | Starting new HTTPS connection (1): statusinvest.com.br:443
src.infrastructure.providers.mercado_data_provider | DEBUG | RTD: Detalhes completos registrados para BOVAT121 (Liquidez detectada)
src.infrastructure.providers.mercado_data_provider | DEBUG | RTD: Detalhes completos registrados para COGNS313 (Liquidez detectada)
src.infrastructure.providers.mercado_data_provider | DEBUG | RTD: Detalhes completos registrados para CSNAR700W2 (Liquidez detectada)
src.infrastructure.providers.mercado_data_provider | DEBUG | RTD: Detalhes completos registrados para CXSEV215 (Liquidez detectada)
src.infrastructure.providers.mercado_data_provider | DEBUG | RTD: Detalhes completos registrados para BRAVR135 (Liquidez detectada)
src.infrastructure.providers.mercado_data_provider | DEBUG | RTD: Detalhes completos registrados para BRKMS680 (Liquidez detectada)
src.infrastructure.providers.mercado_data_provider | DEBUG | RTD: Detalhes completos registrados para CSNAV109 (Liquidez detectada)
src.infrastructure.providers.mercado_data_provider | DEBUG | RTD: Detalhes completos registrados para CYRES272 (Liquidez detectada)
src.infrastructure.providers.mercado_data_provider | DEBUG | RTD: Detalhes completos registrados para BOVAR725 (Liquidez detectada)
src.infrastructure.providers.mercado_data_provider | DEBUG | RTD: Detalhes completos registrados para COGNR225 (Liquidez detectada)
src.infrastructure.providers.mercado_data_provider | DEBUG | RTD: Detalhes completos registrados para BOVAR182W4 (Liquidez detectada)
src.infrastructure.providers.mercado_data_provider | DEBUG | RTD: Detalhes completos registrados para CXSEU10 (Liquidez detectada)
src.infrastructure.providers.mercado_data_provider | DEBUG | RTD: Detalhes completos registrados para CMINS491 (Liquidez detectada)
src.infrastructure.providers.mercado_data_provider | DEBUG | RTD: Detalhes completos registrados para BOVAS143 (Liquidez detectada)
src.infrastructure.providers.mercado_data_provider | DEBUG | RTD: Detalhes completos registrados para BOVAR172W4 (Liquidez detectada)
src.infrastructure.providers.mercado_data_provider | DEBUG | RTD: Detalhes completos registrados para BRAVR172 (Liquidez detectada)
src.infrastructure.providers.mercado_data_provider | DEBUG | RTD: Detalhes completos registrados para BOVVV161 (Liquidez detectada)
src.infrastructure.providers.mercado_data_provider | DEBUG | RTD: Detalhes completos registrados para BOVAT169 (Liquidez detectada)
src.infrastructure.providers.mercado_data_provider | DEBUG | RTD: Detalhes completos registrados para BOVAR695 (Liquidez detectada)
src.infrastructure.providers.mercado_data_provider | DEBUG | RTD: Detalhes completos registrados para CPFER417 (Liquidez detectada)
src.infrastructure.providers.mercado_data_provider | DEBUG | RTD: Detalhes completos registrados para CVCBS270 (Liquidez detectada)
src.infrastructure.providers.mercado_data_provider | DEBUG | RTD: Detalhes completos registrados para CEABR116 (Liquidez detectada)
src.infrastructure.providers.mercado_data_provider | DEBUG | RTD: Detalhes completos registrados para CPFES459 (Liquidez detectada)
src.infrastructure.providers.mercado_data_provider | DEBUG | RTD: Detalhes completos registrados para BPACR423 (Liquidez detectada)
src.infrastructure.providers.mercado_data_provider | DEBUG | RTD: Detalhes completos registrados para BRKMS700 (Liquidez detectada)
src.infrastructure.providers.mercado_data_provider | DEBUG | RTD: Detalhes completos registrados para BOVVS177 (Liquidez detectada)
src.infrastructure.providers.mercado_data_provider | DEBUG | RTD: Detalhes completos registrados para CXSEU181 (Liquidez detectada)
src.infrastructure.providers.mercado_data_provider | DEBUG | RTD: Detalhes completos registrados para CSMGS630 (Liquidez detectada)
src.infrastructure.providers.mercado_data_provider | DEBUG | RTD: Detalhes completos registrados para BOVAU140 (Liquidez detectada)
src.infrastructure.providers.mercado_data_provider | DEBUG | RTD: Detalhes completos registrados para BOVAS166W1 (Liquidez detectada)
src.infrastructure.providers.mercado_data_provider | DEBUG | RTD: Detalhes completos registrados para CURYS350 (Liquidez detectada)
src.infrastructure.providers.mercado_data_provider | DEBUG | RTD: Detalhes completos registrados para CVCBS145 (Liquidez detectada)
src.infrastructure.providers.mercado_data_provider | DEBUG | RTD: Detalhes completos registrados para BRAVR145 (Liquidez detectada)
src.infrastructure.providers.mercado_data_provider | DEBUG | RTD: Detalhes completos registrados para BRAPT219 (Liquidez detectada)
src.infrastructure.providers.mercado_data_provider | DEBUG | RTD: Detalhes completos registrados para CYRET318 (Liquidez detectada)
src.infrastructure.providers.mercado_data_provider | DEBUG | RTD: Detalhes completos registrados para CYRET323 (Liquidez detectada)
src.infrastructure.providers.mercado_data_provider | DEBUG | RTD: Detalhes completos registrados para CSMGT498 (Liquidez detectada)
src.infrastructure.providers.mercado_data_provider | DEBUG | RTD: Detalhes completos registrados para CPFES384 (Liquidez detectada)
src.infrastructure.providers.mercado_data_provider | DEBUG | RTD: Detalhes completos registrados para BOVAR146 (Liquidez detectada)
src.infrastructure.providers.mercado_data_provider | DEBUG | RTD: Detalhes completos registrados para BOVAV141 (Liquidez detectada)
src.infrastructure.providers.mercado_data_provider | DEBUG | RTD: Detalhes completos registrados para BOVAT144 (Liquidez detectada)
src.infrastructure.providers.mercado_data_provider | DEBUG | RTD: Detalhes completos registrados para BRAPS177 (Liquidez detectada)
src.infrastructure.providers.mercado_data_provider | DEBUG | RTD: Detalhes completos registrados para BRAPT227 (Liquidez detectada)
src.infrastructure.providers.mercado_data_provider | DEBUG | RTD: Detalhes completos registrados para BOVAS168W1 (Liquidez detectada)
src.infrastructure.providers.mercado_data_provider | DEBUG | RTD: Detalhes completos registrados para BRKMW820 (Liquidez detectada)
src.infrastructure.providers.mercado_data_provider | DEBUG | RTD: Detalhes completos registrados para BOVAS47 (Liquidez detectada)
src.infrastructure.providers.mercado_data_provider | DEBUG | RTD: Detalhes completos registrados para CSMGS500 (Liquidez detectada)
src.infrastructure.providers.mercado_data_provider | DEBUG | RTD: Detalhes completos registrados para CXSES10 (Liquidez detectada)
src.infrastructure.providers.mercado_data_provider | DEBUG | RTD: Detalhes completos registrados para CSMGS650 (Liquidez detectada)
src.infrastructure.providers.mercado_data_provider | DEBUG | RTD: Detalhes completos registrados para CXSEU15 (Liquidez detectada)
src.infrastructure.providers.mercado_data_provider | DEBUG | RTD: Detalhes completos registrados para BPACR313 (Liquidez detectada)
src.infrastructure.providers.mercado_data_provider | DEBUG | RTD: Detalhes completos registrados para BOVAU43 (Liquidez detectada)
src.infrastructure.providers.mercado_data_provider | DEBUG | RTD: Detalhes completos registrados para BOVAT159 (Liquidez detectada)
src.infrastructure.providers.mercado_data_provider | DEBUG | RTD: Detalhes completos registrados para BPACR550 (Liquidez detectada)
src.infrastructure.providers.mercado_data_provider | DEBUG | RTD: Detalhes completos registrados para CPFER477 (Liquidez detectada)
src.infrastructure.providers.mercado_data_provider | DEBUG | RTD: Detalhes completos registrados para BOVAS785 (Liquidez detectada)
src.infrastructure.providers.mercado_data_provider | DEBUG | RTD: Detalhes completos registrados para CSMGS645 (Liquidez detectada)
urllib3.connectionpool | DEBUG | https://statusinvest.com.br:443 "GET /acoes/roxo34 HTTP/1.1" 404 None
src.infrastructure.providers.dividendos_statusinvest | WARNING | StatusInvest: HTTP 404 para ROXO34
urllib3.connectionpool | DEBUG | Starting new HTTPS connection (1): statusinvest.com.br:443
src.infrastructure.providers.mercado_data_provider | DEBUG | RTD: Detalhes completos registrados para CSNAS62 (Liquidez detectada)
src.infrastructure.providers.mercado_data_provider | DEBUG | RTD: Detalhes completos registrados para BOVAV44 (Liquidez detectada)
src.infrastructure.providers.mercado_data_provider | DEBUG | RTD: Detalhes completos registrados para BOVAW150 (Liquidez detectada)
src.infrastructure.providers.mercado_data_provider | DEBUG | RTD: Detalhes completos registrados para BPACT951 (Liquidez detectada)
src.infrastructure.providers.mercado_data_provider | DEBUG | RTD: Detalhes completos registrados para BLAUS110 (Liquidez detectada)
src.infrastructure.providers.mercado_data_provider | DEBUG | RTD: Detalhes completos registrados para COGNS110 (Liquidez detectada)
src.infrastructure.providers.mercado_data_provider | DEBUG | RTD: Detalhes completos registrados para BOVAS50 (Liquidez detectada)
src.infrastructure.providers.mercado_data_provider | DEBUG | RTD: Detalhes completos registrados para CPFES439 (Liquidez detectada)
src.infrastructure.providers.mercado_data_provider | DEBUG | RTD: Detalhes completos registrados para BRAPR219 (Liquidez detectada)
src.infrastructure.providers.mercado_data_provider | DEBUG | RTD: Detalhes completos registrados para BOVAT188 (Liquidez detectada)
src.infrastructure.providers.mercado_data_provider | DEBUG | RTD: Detalhes completos registrados para BOVAR137W2 (Liquidez detectada)
src.infrastructure.providers.mercado_data_provider | DEBUG | RTD: Detalhes completos registrados para BOVAU144 (Liquidez detectada)
src.infrastructure.providers.mercado_data_provider | DEBUG | RTD: Detalhes completos registrados para BOVAU4 (Liquidez detectada)
src.infrastructure.providers.mercado_data_provider | DEBUG | RTD: Detalhes completos registrados para BRAPU237 (Liquidez detectada)
src.infrastructure.providers.mercado_data_provider | DEBUG | RTD: Detalhes completos registrados para BRAVR400 (Liquidez detectada)
src.infrastructure.providers.mercado_data_provider | DEBUG | RTD: Detalhes completos registrados para BOVAS120 (Liquidez detectada)
src.infrastructure.providers.mercado_data_provider | DEBUG | RTD: Detalhes completos registrados para COGNR340 (Liquidez detectada)
src.infrastructure.providers.mercado_data_provider | DEBUG | RTD: Detalhes completos registrados para BOVAU142 (Liquidez detectada)
src.infrastructure.providers.mercado_data_provider | DEBUG | RTD: Detalhes completos registrados para BPACS499 (Liquidez detectada)
src.infrastructure.providers.mercado_data_provider | DEBUG | RTD: Detalhes completos registrados para BOVAR200W2 (Liquidez detectada)
src.infrastructure.providers.mercado_data_provider | DEBUG | RTD: Detalhes completos registrados para BOVAR171W2 (Liquidez detectada)
src.infrastructure.providers.mercado_data_provider | DEBUG | RTD: Detalhes completos registrados para BPACV31 (Liquidez detectada)
src.infrastructure.providers.mercado_data_provider | DEBUG | RTD: Detalhes completos registrados para CURYR380 (Liquidez detectada)
src.infrastructure.providers.mercado_data_provider | DEBUG | RTD: Detalhes completos registrados para COGNR303 (Liquidez detectada)
src.infrastructure.providers.mercado_data_provider | DEBUG | RTD: Detalhes completos registrados para BOVAS115 (Liquidez detectada)
src.infrastructure.providers.mercado_data_provider | DEBUG | RTD: Detalhes completos registrados para BOVAT305 (Liquidez detectada)
src.infrastructure.providers.mercado_data_provider | DEBUG | RTD: Detalhes completos registrados para BOVAT142 (Liquidez detectada)
src.infrastructure.providers.mercado_data_provider | DEBUG | RTD: Detalhes completos registrados para BPACW31 (Liquidez detectada)
src.infrastructure.providers.mercado_data_provider | DEBUG | RTD: Detalhes completos registrados para BRKMR820 (Liquidez detectada)
src.infrastructure.providers.mercado_data_provider | DEBUG | RTD: Detalhes completos registrados para COGNT233 (Liquidez detectada)
src.infrastructure.providers.mercado_data_provider | DEBUG | RTD: Detalhes completos registrados para CYRET261 (Liquidez detectada)
src.infrastructure.providers.mercado_data_provider | DEBUG | RTD: Detalhes completos registrados para BOVAU210 (Liquidez detectada)
src.infrastructure.providers.mercado_data_provider | DEBUG | RTD: Detalhes completos registrados para BRAPS219 (Liquidez detectada)
urllib3.connectionpool | DEBUG | https://statusinvest.com.br:443 "GET /acoes/sanb11 HTTP/1.1" 200 None
src.infrastructure.providers.mercado_data_provider | DEBUG | RTD: Detalhes completos registrados para BOVAU37 (Liquidez detectada)
src.infrastructure.providers.mercado_data_provider | DEBUG | RTD: Detalhes completos registrados para CYRES274 (Liquidez detectada)
src.infrastructure.providers.mercado_data_provider | DEBUG | RTD: Detalhes completos registrados para CURYR365 (Liquidez detectada)
urllib3.connectionpool | DEBUG | Starting new HTTPS connection (1): statusinvest.com.br:443
src.infrastructure.providers.mercado_data_provider | DEBUG | RTD: Detalhes completos registrados para CVCBR130 (Liquidez detectada)
src.infrastructure.providers.mercado_data_provider | DEBUG | RTD: Detalhes completos registrados para CXSEV147 (Liquidez detectada)
src.infrastructure.providers.mercado_data_provider | DEBUG | RTD: Detalhes completos registrados para BOVAR168 (Liquidez detectada)
src.infrastructure.providers.mercado_data_provider | DEBUG | RTD: Detalhes completos registrados para BOVAT167 (Liquidez detectada)
src.infrastructure.providers.mercado_data_provider | DEBUG | RTD: Detalhes completos registrados para CEABR126 (Liquidez detectada)
src.infrastructure.providers.mercado_data_provider | DEBUG | RTD: Detalhes completos registrados para BMGBR575 (Liquidez detectada)
src.infrastructure.providers.mercado_data_provider | DEBUG | RTD: Detalhes completos registrados para BHIAR870 (Liquidez detectada)
src.infrastructure.providers.mercado_data_provider | DEBUG | RTD: Detalhes completos registrados para BOVAU46 (Liquidez detectada)
src.infrastructure.providers.mercado_data_provider | DEBUG | RTD: Detalhes completos registrados para BMGBS40 (Liquidez detectada)
src.infrastructure.providers.mercado_data_provider | DEBUG | RTD: Detalhes completos registrados para BOVAR182 (Liquidez detectada)
src.infrastructure.providers.mercado_data_provider | DEBUG | RTD: Detalhes completos registrados para BOVAV125 (Liquidez detectada)
src.infrastructure.providers.mercado_data_provider | DEBUG | RTD: Detalhes completos registrados para BHIAW240 (Liquidez detectada)
src.infrastructure.providers.mercado_data_provider | DEBUG | RTD: Detalhes completos registrados para BMOBS249 (Liquidez detectada)
src.infrastructure.providers.mercado_data_provider | DEBUG | RTD: Detalhes completos registrados para CPLET940 (Liquidez detectada)
src.infrastructure.providers.mercado_data_provider | DEBUG | RTD: Detalhes completos registrados para BMGBS581 (Liquidez detectada)
src.infrastructure.providers.mercado_data_provider | DEBUG | RTD: Detalhes completos registrados para BOVAU990 (Liquidez detectada)
src.infrastructure.providers.mercado_data_provider | DEBUG | RTD: Detalhes completos registrados para CXSET184 (Liquidez detectada)
src.infrastructure.providers.mercado_data_provider | DEBUG | RTD: Detalhes completos registrados para BOVAT8 (Liquidez detectada)
src.infrastructure.providers.mercado_data_provider | DEBUG | RTD: Detalhes completos registrados para CYRET241 (Liquidez detectada)
src.infrastructure.providers.mercado_data_provider | DEBUG | RTD: Detalhes completos registrados para BHIAW200 (Liquidez detectada)
src.infrastructure.providers.mercado_data_provider | DEBUG | RTD: Detalhes completos registrados para CXSET131 (Liquidez detectada)
src.infrastructure.providers.mercado_data_provider | DEBUG | RTD: Detalhes completos registrados para BRKMR720 (Liquidez detectada)
src.infrastructure.providers.mercado_data_provider | DEBUG | RTD: Detalhes completos registrados para CSMGR523 (Liquidez detectada)
src.infrastructure.providers.mercado_data_provider | DEBUG | RTD: Detalhes completos registrados para BOVAT189 (Liquidez detectada)
src.infrastructure.providers.mercado_data_provider | DEBUG | RTD: Detalhes completos registrados para BOVAV43 (Liquidez detectada)
src.infrastructure.providers.mercado_data_provider | DEBUG | RTD: Detalhes completos registrados para CSMGS570 (Liquidez detectada)
src.infrastructure.providers.mercado_data_provider | DEBUG | RTD: Detalhes completos registrados para BRKMR70 (Liquidez detectada)
src.infrastructure.providers.mercado_data_provider | DEBUG | RTD: Detalhes completos registrados para BMGBW750 (Liquidez detectada)
src.infrastructure.providers.mercado_data_provider | DEBUG | RTD: Detalhes completos registrados para CYRES299 (Liquidez detectada)
src.infrastructure.providers.mercado_data_provider | DEBUG | RTD: Detalhes completos registrados para BHIAW850 (Liquidez detectada)
src.infrastructure.providers.mercado_data_provider | DEBUG | RTD: Detalhes completos registrados para CYRER335 (Liquidez detectada)
src.infrastructure.providers.mercado_data_provider | DEBUG | RTD: Detalhes completos registrados para CMIGR184 (Liquidez detectada)
src.infrastructure.providers.mercado_data_provider | DEBUG | RTD: Detalhes completos registrados para BOVAT330 (Liquidez detectada)
src.infrastructure.providers.mercado_data_provider | DEBUG | RTD: Detalhes completos registrados para CPFER502 (Liquidez detectada)
urllib3.connectionpool | DEBUG | https://statusinvest.com.br:443 "GET /acoes/sapr11 HTTP/1.1" 200 None
src.infrastructure.providers.mercado_data_provider | DEBUG | RTD: Detalhes completos registrados para BOVAS145W4 (Liquidez detectada)
src.infrastructure.providers.mercado_data_provider | DEBUG | RTD: Detalhes completos registrados para BRAPR279 (Liquidez detectada)
urllib3.connectionpool | DEBUG | Starting new HTTPS connection (1): statusinvest.com.br:443
src.infrastructure.providers.mercado_data_provider | DEBUG | RTD: Detalhes completos registrados para BOVAW98 (Liquidez detectada)
src.infrastructure.providers.mercado_data_provider | DEBUG | RTD: Detalhes completos registrados para BMGBR675 (Liquidez detectada)
src.infrastructure.providers.mercado_data_provider | DEBUG | RTD: Detalhes completos registrados para CPFES404 (Liquidez detectada)
src.infrastructure.providers.mercado_data_provider | DEBUG | RTD: Detalhes completos registrados para BOVAS146 (Liquidez detectada)
src.infrastructure.providers.mercado_data_provider | DEBUG | RTD: Detalhes completos registrados para BPACS312 (Liquidez detectada)
src.infrastructure.providers.mercado_data_provider | DEBUG | RTD: Detalhes completos registrados para BOVAT550 (Liquidez detectada)
src.infrastructure.providers.mercado_data_provider | DEBUG | RTD: Detalhes completos registrados para BOVVU161 (Liquidez detectada)
src.infrastructure.providers.mercado_data_provider | DEBUG | RTD: Detalhes completos registrados para CMIGW122 (Liquidez detectada)
src.infrastructure.providers.mercado_data_provider | DEBUG | RTD: Detalhes completos registrados para BMOBR279 (Liquidez detectada)
src.infrastructure.providers.mercado_data_provider | DEBUG | RTD: Detalhes completos registrados para BRKMR850 (Liquidez detectada)
src.infrastructure.providers.mercado_data_provider | DEBUG | RTD: Detalhes completos registrados para CMINR685 (Liquidez detectada)
src.infrastructure.providers.mercado_data_provider | DEBUG | RTD: Detalhes completos registrados para BPACS521 (Liquidez detectada)
src.infrastructure.providers.mercado_data_provider | DEBUG | RTD: Detalhes completos registrados para CYRES224 (Liquidez detectada)
src.infrastructure.providers.mercado_data_provider | DEBUG | RTD: Detalhes completos registrados para CSMGS585 (Liquidez detectada)
src.infrastructure.providers.mercado_data_provider | DEBUG | RTD: Detalhes completos registrados para CYRER345 (Liquidez detectada)
src.infrastructure.providers.mercado_data_provider | DEBUG | RTD: Detalhes completos registrados para BPACR550W4 (Liquidez detectada)
src.infrastructure.providers.mercado_data_provider | DEBUG | RTD: Detalhes completos registrados para BOVAS184 (Liquidez detectada)
src.infrastructure.providers.mercado_data_provider | DEBUG | RTD: Detalhes completos registrados para BOVVR179 (Liquidez detectada)
src.infrastructure.providers.mercado_data_provider | DEBUG | RTD: Detalhes completos registrados para BOVAW166 (Liquidez detectada)
src.infrastructure.providers.mercado_data_provider | DEBUG | RTD: Detalhes completos registrados para CSNAV635 (Liquidez detectada)
src.infrastructure.providers.mercado_data_provider | DEBUG | RTD: Detalhes completos registrados para BOVAR118 (Liquidez detectada)
src.infrastructure.providers.mercado_data_provider | DEBUG | RTD: Detalhes completos registrados para CMIGR179 (Liquidez detectada)
src.infrastructure.providers.mercado_data_provider | DEBUG | RTD: Detalhes completos registrados para CMIGS182 (Liquidez detectada)
src.infrastructure.providers.mercado_data_provider | DEBUG | RTD: Detalhes completos registrados para BRAPR144 (Liquidez detectada)
src.infrastructure.providers.mercado_data_provider | DEBUG | RTD: Detalhes completos registrados para BRAPR289 (Liquidez detectada)
src.infrastructure.providers.mercado_data_provider | DEBUG | RTD: Detalhes completos registrados para CSMGR300 (Liquidez detectada)
src.infrastructure.providers.mercado_data_provider | DEBUG | RTD: Detalhes completos registrados para COGNR350 (Liquidez detectada)
src.infrastructure.providers.mercado_data_provider | DEBUG | RTD: Detalhes completos registrados para CMIGR217 (Liquidez detectada)
src.infrastructure.providers.mercado_data_provider | DEBUG | RTD: Detalhes completos registrados para BMGBU572 (Liquidez detectada)
src.infrastructure.providers.mercado_data_provider | DEBUG | RTD: Detalhes completos registrados para BOVAU141 (Liquidez detectada)
src.infrastructure.providers.mercado_data_provider | DEBUG | RTD: Detalhes completos registrados para CYRES179 (Liquidez detectada)
src.infrastructure.providers.mercado_data_provider | DEBUG | RTD: Detalhes completos registrados para BOVAR187 (Liquidez detectada)
src.infrastructure.providers.mercado_data_provider | DEBUG | RTD: Detalhes completos registrados para CPLER147 (Liquidez detectada)
src.infrastructure.providers.mercado_data_provider | DEBUG | RTD: Detalhes completos registrados para CSNAV625 (Liquidez detectada)
src.infrastructure.providers.mercado_data_provider | DEBUG | RTD: Detalhes completos registrados para CYRES214 (Liquidez detectada)
urllib3.connectionpool | DEBUG | https://statusinvest.com.br:443 "GET /acoes/saud3 HTTP/1.1" 200 None
src.infrastructure.providers.mercado_data_provider | DEBUG | RTD: Detalhes completos registrados para CSANS58 (Liquidez detectada)
src.infrastructure.providers.mercado_data_provider | DEBUG | RTD: Detalhes completos registrados para BRAVR110 (Liquidez detectada)
src.infrastructure.providers.mercado_data_provider | DEBUG | RTD: Detalhes completos registrados para BOVAU181 (Liquidez detectada)
src.infrastructure.providers.mercado_data_provider | DEBUG | RTD: Detalhes completos registrados para BPACS474 (Liquidez detectada)
src.infrastructure.providers.mercado_data_provider | DEBUG | RTD: Detalhes completos registrados para BHIAR740 (Liquidez detectada)
src.infrastructure.providers.mercado_data_provider | DEBUG | RTD: Detalhes completos registrados para COGNR235 (Liquidez detectada)
src.infrastructure.providers.mercado_data_provider | DEBUG | RTD: Detalhes completos registrados para CSANU109 (Liquidez detectada)
src.infrastructure.providers.mercado_data_provider | DEBUG | RTD: Detalhes completos registrados para BOVAU31 (Liquidez detectada)
src.infrastructure.providers.mercado_data_provider | DEBUG | RTD: Detalhes completos registrados para BRKMR500 (Liquidez detectada)
src.infrastructure.providers.mercado_data_provider | DEBUG | RTD: Detalhes completos registrados para BPACW47 (Liquidez detectada)
src.infrastructure.providers.mercado_data_provider | DEBUG | RTD: Detalhes completos registrados para CYRES159 (Liquidez detectada)
src.infrastructure.providers.mercado_data_provider | DEBUG | RTD: Detalhes completos registrados para CSNAS670 (Liquidez detectada)
src.infrastructure.providers.mercado_data_provider | DEBUG | RTD: Detalhes completos registrados para BPACR600W4 (Liquidez detectada)
src.infrastructure.providers.mercado_data_provider | DEBUG | RTD: Detalhes completos registrados para BLAUT105 (Liquidez detectada)
src.infrastructure.providers.mercado_data_provider | DEBUG | RTD: Detalhes completos registrados para CSANU59 (Liquidez detectada)
src.infrastructure.providers.mercado_data_provider | DEBUG | RTD: Detalhes completos registrados para CYRER318 (Liquidez detectada)
src.infrastructure.providers.mercado_data_provider | DEBUG | RTD: Detalhes completos registrados para BOVAV49 (Liquidez detectada)
src.infrastructure.providers.mercado_data_provider | DEBUG | RTD: Detalhes completos registrados para CSNAS800 (Liquidez detectada)
src.infrastructure.providers.mercado_data_provider | DEBUG | RTD: Detalhes completos registrados para CSMGR733 (Liquidez detectada)
src.infrastructure.providers.mercado_data_provider | DEBUG | RTD: Detalhes completos registrados para CSMGR633 (Liquidez detectada)
src.infrastructure.providers.mercado_data_provider | DEBUG | RTD: Detalhes completos registrados para BOVVR195 (Liquidez detectada)
src.infrastructure.providers.mercado_data_provider | DEBUG | RTD: Detalhes completos registrados para BRAPR207 (Liquidez detectada)
src.infrastructure.providers.mercado_data_provider | DEBUG | RTD: Detalhes completos registrados para BRAPR257 (Liquidez detectada)
src.infrastructure.providers.mercado_data_provider | DEBUG | RTD: Detalhes completos registrados para BOVAV7 (Liquidez detectada)
src.infrastructure.providers.mercado_data_provider | DEBUG | RTD: Detalhes completos registrados para BPACR468 (Liquidez detectada)
src.infrastructure.providers.mercado_data_provider | DEBUG | RTD: Detalhes completos registrados para CSNAR680W2 (Liquidez detectada)
src.infrastructure.providers.mercado_data_provider | DEBUG | RTD: Detalhes completos registrados para BPACW419 (Liquidez detectada)
src.infrastructure.providers.mercado_data_provider | DEBUG | RTD: Detalhes completos registrados para BOVAV130 (Liquidez detectada)
src.infrastructure.providers.mercado_data_provider | DEBUG | RTD: Detalhes completos registrados para CYRER248 (Liquidez detectada)
src.infrastructure.providers.mercado_data_provider | DEBUG | RTD: Detalhes completos registrados para CPFER494 (Liquidez detectada)
src.infrastructure.providers.mercado_data_provider | DEBUG | RTD: Detalhes completos registrados para COGNR445 (Liquidez detectada)
src.infrastructure.providers.mercado_data_provider | DEBUG | RTD: Detalhes completos registrados para CSNAR672 (Liquidez detectada)
src.infrastructure.providers.mercado_data_provider | DEBUG | RTD: Detalhes completos registrados para BPACT770 (Liquidez detectada)
src.infrastructure.providers.mercado_data_provider | DEBUG | RTD: Detalhes completos registrados para BOVAV295 (Liquidez detectada)
src.infrastructure.providers.mercado_data_provider | DEBUG | RTD: Detalhes completos registrados para BRKMW690 (Liquidez detectada)
src.infrastructure.providers.mercado_data_provider | DEBUG | RTD: Detalhes completos registrados para BMGBU552 (Liquidez detectada)
src.infrastructure.providers.mercado_data_provider | DEBUG | RTD: Detalhes completos registrados para BOVAT176 (Liquidez detectada)
src.infrastructure.providers.mercado_data_provider | DEBUG | RTD: Detalhes completos registrados para COGNW5 (Liquidez detectada)
src.infrastructure.providers.mercado_data_provider | DEBUG | RTD: Detalhes completos registrados para CMINR49 (Liquidez detectada)
urllib3.connectionpool | DEBUG | Starting new HTTPS connection (1): statusinvest.com.br:443
src.infrastructure.providers.mercado_data_provider | DEBUG | RTD: Detalhes completos registrados para DASAR420 (Liquidez detectada)
src.infrastructure.providers.mercado_data_provider | DEBUG | RTD: Detalhes completos registrados para BHIAT12 (Liquidez detectada)
src.infrastructure.providers.mercado_data_provider | DEBUG | RTD: Detalhes completos registrados para BHIAW350 (Liquidez detectada)
src.infrastructure.providers.mercado_data_provider | DEBUG | RTD: Detalhes completos registrados para CPLET14 (Liquidez detectada)
src.infrastructure.providers.mercado_data_provider | DEBUG | RTD: Detalhes completos registrados para BOVAR99 (Liquidez detectada)
src.infrastructure.providers.mercado_data_provider | DEBUG | RTD: Detalhes completos registrados para BOVAR300 (Liquidez detectada)
src.infrastructure.providers.mercado_data_provider | DEBUG | RTD: Detalhes completos registrados para CSANR460W2 (Liquidez detectada)
src.infrastructure.providers.mercado_data_provider | DEBUG | RTD: Detalhes completos registrados para CSMGS520 (Liquidez detectada)
src.infrastructure.providers.mercado_data_provider | DEBUG | RTD: Detalhes completos registrados para BOVAV117 (Liquidez detectada)
src.infrastructure.providers.mercado_data_provider | DEBUG | RTD: Detalhes completos registrados para BOVAV70 (Liquidez detectada)
src.infrastructure.providers.mercado_data_provider | INFO | Varredura (Global): 20598 monitored, 83 with book in 6.97s
urllib3.connectionpool | DEBUG | https://statusinvest.com.br:443 "GET /acoes/sbfg3 HTTP/1.1" 200 None
urllib3.connectionpool | DEBUG | Starting new HTTPS connection (1): statusinvest.com.br:443
urllib3.connectionpool | DEBUG | https://statusinvest.com.br:443 "GET /acoes/sbsp3 HTTP/1.1" 200 None
urllib3.connectionpool | DEBUG | Starting new HTTPS connection (1): statusinvest.com.br:443
urllib3.connectionpool | DEBUG | https://statusinvest.com.br:443 "GET /acoes/seer3 HTTP/1.1" 200 None
urllib3.connectionpool | DEBUG | Starting new HTTPS connection (1): statusinvest.com.br:443
urllib3.connectionpool | DEBUG | https://statusinvest.com.br:443 "GET /acoes/simh3 HTTP/1.1" 200 None
urllib3.connectionpool | DEBUG | Starting new HTTPS connection (1): statusinvest.com.br:443
urllib3.connectionpool | DEBUG | https://statusinvest.com.br:443 "GET /acoes/simn34 HTTP/1.1" 404 None
src.infrastructure.providers.dividendos_statusinvest | WARNING | StatusInvest: HTTP 404 para SIMN34
urllib3.connectionpool | DEBUG | Starting new HTTPS connection (1): statusinvest.com.br:443
urllib3.connectionpool | DEBUG | https://statusinvest.com.br:443 "GET /acoes/slce3 HTTP/1.1" 200 None
urllib3.connectionpool | DEBUG | Starting new HTTPS connection (1): statusinvest.com.br:443
urllib3.connectionpool | DEBUG | https://statusinvest.com.br:443 "GET /acoes/smal11 HTTP/1.1" 404 None
src.infrastructure.providers.dividendos_statusinvest | WARNING | StatusInvest: HTTP 404 para SMAL11
urllib3.connectionpool | DEBUG | Starting new HTTPS connection (1): statusinvest.com.br:443
urllib3.connectionpool | DEBUG | https://statusinvest.com.br:443 "GET /acoes/smft3 HTTP/1.1" 200 None
urllib3.connectionpool | DEBUG | Starting new HTTPS connection (1): statusinvest.com.br:443
urllib3.connectionpool | DEBUG | https://statusinvest.com.br:443 "GET /acoes/smll11 HTTP/1.1" 404 None
src.infrastructure.providers.dividendos_statusinvest | WARNING | StatusInvest: HTTP 404 para SMLL11
urllib3.connectionpool | DEBUG | Starting new HTTPS connection (1): statusinvest.com.br:443
urllib3.connectionpool | DEBUG | https://statusinvest.com.br:443 "GET /acoes/smto3 HTTP/1.1" 200 None
urllib3.connectionpool | DEBUG | Starting new HTTPS connection (1): statusinvest.com.br:443
urllib3.connectionpool | DEBUG | https://statusinvest.com.br:443 "GET /acoes/soja3 HTTP/1.1" 200 None
urllib3.connectionpool | DEBUG | Starting new HTTPS connection (1): statusinvest.com.br:443
urllib3.connectionpool | DEBUG | https://statusinvest.com.br:443 "GET /acoes/spxi11 HTTP/1.1" 404 None
src.infrastructure.providers.dividendos_statusinvest | WARNING | StatusInvest: HTTP 404 para SPXI11
urllib3.connectionpool | DEBUG | Starting new HTTPS connection (1): statusinvest.com.br:443
urllib3.connectionpool | DEBUG | https://statusinvest.com.br:443 "GET /acoes/suzb3 HTTP/1.1" 200 None
urllib3.connectionpool | DEBUG | Starting new HTTPS connection (1): statusinvest.com.br:443
urllib3.connectionpool | DEBUG | https://statusinvest.com.br:443 "GET /acoes/taee11 HTTP/1.1" 200 None
urllib3.connectionpool | DEBUG | Starting new HTTPS connection (1): statusinvest.com.br:443
urllib3.connectionpool | DEBUG | https://statusinvest.com.br:443 "GET /acoes/tasa4 HTTP/1.1" 200 None
urllib3.connectionpool | DEBUG | Starting new HTTPS connection (1): statusinvest.com.br:443
urllib3.connectionpool | DEBUG | https://statusinvest.com.br:443 "GET /acoes/tcsa3 HTTP/1.1" 200 None
urllib3.connectionpool | DEBUG | Starting new HTTPS connection (1): statusinvest.com.br:443
urllib3.connectionpool | DEBUG | https://statusinvest.com.br:443 "GET /acoes/tend3 HTTP/1.1" 200 None
urllib3.connectionpool | DEBUG | Starting new HTTPS connection (1): statusinvest.com.br:443
urllib3.connectionpool | DEBUG | https://statusinvest.com.br:443 "GET /acoes/tims3 HTTP/1.1" 200 None
urllib3.connectionpool | DEBUG | Starting new HTTPS connection (1): statusinvest.com.br:443
urllib3.connectionpool | DEBUG | https://statusinvest.com.br:443 "GET /acoes/tmos34 HTTP/1.1" 404 None
src.infrastructure.providers.dividendos_statusinvest | WARNING | StatusInvest: HTTP 404 para TMOS34
urllib3.connectionpool | DEBUG | Starting new HTTPS connection (1): statusinvest.com.br:443
urllib3.connectionpool | DEBUG | https://statusinvest.com.br:443 "GET /acoes/toky3 HTTP/1.1" 200 None
urllib3.connectionpool | DEBUG | Starting new HTTPS connection (1): statusinvest.com.br:443
urllib3.connectionpool | DEBUG | https://statusinvest.com.br:443 "GET /acoes/tots3 HTTP/1.1" 200 None
urllib3.connectionpool | DEBUG | Starting new HTTPS connection (1): statusinvest.com.br:443
urllib3.connectionpool | DEBUG | https://statusinvest.com.br:443 "GET /acoes/trad3 HTTP/1.1" 200 None
urllib3.connectionpool | DEBUG | Starting new HTTPS connection (1): statusinvest.com.br:443
urllib3.connectionpool | DEBUG | https://statusinvest.com.br:443 "GET /acoes/tris3 HTTP/1.1" 200 None
urllib3.connectionpool | DEBUG | Starting new HTTPS connection (1): statusinvest.com.br:443
src.infrastructure.providers.mercado_data_provider | INFO | RTD: Lote Onda 1 22000/51055 (Registros: 1904) em 10.92s.
src.infrastructure.providers.mercado_data_provider | DEBUG | RTD: Detalhes completos registrados para CSNAT762 (Liquidez detectada)
src.infrastructure.providers.mercado_data_provider | DEBUG | RTD: Detalhes completos registrados para CSMGR592 (Liquidez detectada)
src.infrastructure.providers.mercado_data_provider | DEBUG | RTD: Detalhes completos registrados para BLAUR110 (Liquidez detectada)
src.infrastructure.providers.mercado_data_provider | DEBUG | RTD: Detalhes completos registrados para CVCBR210 (Liquidez detectada)
src.infrastructure.providers.mercado_data_provider | DEBUG | RTD: Detalhes completos registrados para BMOBR254 (Liquidez detectada)
src.infrastructure.providers.mercado_data_provider | DEBUG | RTD: Detalhes completos registrados para BRKMS150 (Liquidez detectada)
urllib3.connectionpool | DEBUG | https://statusinvest.com.br:443 "GET /acoes/tsla34 HTTP/1.1" 404 None
src.infrastructure.providers.dividendos_statusinvest | WARNING | StatusInvest: HTTP 404 para TSLA34
urllib3.connectionpool | DEBUG | Starting new HTTPS connection (1): statusinvest.com.br:443
src.infrastructure.providers.mercado_data_provider | DEBUG | RTD: Detalhes completos registrados para CSMGS590 (Liquidez detectada)
src.infrastructure.providers.mercado_data_provider | DEBUG | RTD: Detalhes completos registrados para CSANR58 (Liquidez detectada)
src.infrastructure.providers.mercado_data_provider | DEBUG | RTD: Detalhes completos registrados para BPACW537 (Liquidez detectada)
src.infrastructure.providers.mercado_data_provider | DEBUG | RTD: Detalhes completos registrados para DIRRR938 (Liquidez detectada)
src.infrastructure.providers.mercado_data_provider | DEBUG | RTD: Detalhes completos registrados para CVCBR140 (Liquidez detectada)
src.infrastructure.providers.mercado_data_provider | DEBUG | RTD: Detalhes completos registrados para BMOBR244 (Liquidez detectada)
src.infrastructure.providers.mercado_data_provider | DEBUG | RTD: Detalhes completos registrados para CPFET479 (Liquidez detectada)
src.infrastructure.providers.mercado_data_provider | DEBUG | RTD: Detalhes completos registrados para CSNAR772 (Liquidez detectada)
src.infrastructure.providers.mercado_data_provider | DEBUG | RTD: Detalhes completos registrados para COGNT339 (Liquidez detectada)
src.infrastructure.providers.mercado_data_provider | DEBUG | RTD: Detalhes completos registrados para BOVAS18 (Liquidez detectada)
src.infrastructure.providers.mercado_data_provider | DEBUG | RTD: Detalhes completos registrados para BOVAW110 (Liquidez detectada)
src.infrastructure.providers.mercado_data_provider | DEBUG | RTD: Detalhes completos registrados para CAMLR438 (Liquidez detectada)
src.infrastructure.providers.mercado_data_provider | DEBUG | RTD: Detalhes completos registrados para DASAR380 (Liquidez detectada)
src.infrastructure.providers.mercado_data_provider | DEBUG | RTD: Detalhes completos registrados para CPFER437 (Liquidez detectada)
src.infrastructure.providers.mercado_data_provider | DEBUG | RTD: Detalhes completos registrados para BRAVS110 (Liquidez detectada)
src.infrastructure.providers.mercado_data_provider | DEBUG | RTD: Detalhes completos registrados para BOVAS52 (Liquidez detectada)
src.infrastructure.providers.mercado_data_provider | DEBUG | RTD: Detalhes completos registrados para CVCBR135 (Liquidez detectada)
src.infrastructure.providers.mercado_data_provider | DEBUG | RTD: Detalhes completos registrados para BOVAW181 (Liquidez detectada)
src.infrastructure.providers.mercado_data_provider | DEBUG | RTD: Detalhes completos registrados para CYRES262 (Liquidez detectada)
src.infrastructure.providers.mercado_data_provider | DEBUG | RTD: Detalhes completos registrados para BOVAR184W4 (Liquidez detectada)
src.infrastructure.providers.mercado_data_provider | DEBUG | RTD: Detalhes completos registrados para BOVAW6 (Liquidez detectada)
src.infrastructure.providers.mercado_data_provider | DEBUG | RTD: Detalhes completos registrados para BOVAU6 (Liquidez detectada)
src.infrastructure.providers.mercado_data_provider | DEBUG | RTD: Detalhes completos registrados para BPACV449 (Liquidez detectada)
src.infrastructure.providers.mercado_data_provider | DEBUG | RTD: Detalhes completos registrados para BOVAS154 (Liquidez detectada)
src.infrastructure.providers.mercado_data_provider | DEBUG | RTD: Detalhes completos registrados para BMGBS551 (Liquidez detectada)
src.infrastructure.providers.mercado_data_provider | DEBUG | RTD: Detalhes completos registrados para COGNT400 (Liquidez detectada)
src.infrastructure.providers.mercado_data_provider | DEBUG | RTD: Detalhes completos registrados para BOVAT117 (Liquidez detectada)
src.infrastructure.providers.mercado_data_provider | DEBUG | RTD: Detalhes completos registrados para BOVAR230 (Liquidez detectada)
src.infrastructure.providers.mercado_data_provider | DEBUG | RTD: Detalhes completos registrados para BPACT565 (Liquidez detectada)
src.infrastructure.providers.mercado_data_provider | DEBUG | RTD: Detalhes completos registrados para BRAPR222 (Liquidez detectada)
src.infrastructure.providers.mercado_data_provider | DEBUG | RTD: Detalhes completos registrados para CPFER484 (Liquidez detectada)
src.infrastructure.providers.mercado_data_provider | DEBUG | RTD: Detalhes completos registrados para CYRER245W4 (Liquidez detectada)
src.infrastructure.providers.mercado_data_provider | DEBUG | RTD: Detalhes completos registrados para BOVAR166W4 (Liquidez detectada)
src.infrastructure.providers.mercado_data_provider | DEBUG | RTD: Detalhes completos registrados para CYRER185 (Liquidez detectada)
src.infrastructure.providers.mercado_data_provider | DEBUG | RTD: Detalhes completos registrados para CSNAR752 (Liquidez detectada)
src.infrastructure.providers.mercado_data_provider | DEBUG | RTD: Detalhes completos registrados para BOVAS36 (Liquidez detectada)
src.infrastructure.providers.mercado_data_provider | DEBUG | RTD: Detalhes completos registrados para BHIAR980 (Liquidez detectada)
src.infrastructure.providers.mercado_data_provider | DEBUG | RTD: Detalhes completos registrados para CPFES464 (Liquidez detectada)
src.infrastructure.providers.mercado_data_provider | DEBUG | RTD: Detalhes completos registrados para BOVAS33 (Liquidez detectada)
src.infrastructure.providers.mercado_data_provider | DEBUG | RTD: Detalhes completos registrados para CMIGR127 (Liquidez detectada)
src.infrastructure.providers.mercado_data_provider | DEBUG | RTD: Detalhes completos registrados para CXSET164 (Liquidez detectada)
src.infrastructure.providers.mercado_data_provider | DEBUG | RTD: Detalhes completos registrados para CSANR60 (Liquidez detectada)
src.infrastructure.providers.mercado_data_provider | DEBUG | RTD: Detalhes completos registrados para BOVAV50 (Liquidez detectada)
urllib3.connectionpool | DEBUG | https://statusinvest.com.br:443 "GET /acoes/tsmc34 HTTP/1.1" 404 None
src.infrastructure.providers.dividendos_statusinvest | WARNING | StatusInvest: HTTP 404 para TSMC34
urllib3.connectionpool | DEBUG | Starting new HTTPS connection (1): statusinvest.com.br:443
src.infrastructure.providers.mercado_data_provider | DEBUG | RTD: Detalhes completos registrados para BOVAS145 (Liquidez detectada)
src.infrastructure.providers.mercado_data_provider | DEBUG | RTD: Detalhes completos registrados para BOVAS240 (Liquidez detectada)
src.infrastructure.providers.mercado_data_provider | DEBUG | RTD: Detalhes completos registrados para BOVAS114 (Liquidez detectada)
src.infrastructure.providers.mercado_data_provider | DEBUG | RTD: Detalhes completos registrados para CVCBR150 (Liquidez detectada)
src.infrastructure.providers.mercado_data_provider | DEBUG | RTD: Detalhes completos registrados para COGNR274W4 (Liquidez detectada)
src.infrastructure.providers.mercado_data_provider | DEBUG | RTD: Detalhes completos registrados para BOVAS950 (Liquidez detectada)
src.infrastructure.providers.mercado_data_provider | DEBUG | RTD: Detalhes completos registrados para CSMGT803 (Liquidez detectada)
src.infrastructure.providers.mercado_data_provider | DEBUG | RTD: Detalhes completos registrados para BOVVR183W4 (Liquidez detectada)
src.infrastructure.providers.mercado_data_provider | DEBUG | RTD: Detalhes completos registrados para BRKMS660 (Liquidez detectada)
src.infrastructure.providers.mercado_data_provider | DEBUG | RTD: Detalhes completos registrados para BOVAT147 (Liquidez detectada)
src.infrastructure.providers.mercado_data_provider | DEBUG | RTD: Detalhes completos registrados para BOVVR183 (Liquidez detectada)
src.infrastructure.providers.mercado_data_provider | DEBUG | RTD: Detalhes completos registrados para BOVAT172 (Liquidez detectada)
src.infrastructure.providers.mercado_data_provider | DEBUG | RTD: Detalhes completos registrados para CXSEW214 (Liquidez detectada)
src.infrastructure.providers.mercado_data_provider | DEBUG | RTD: Detalhes completos registrados para BRKMV560 (Liquidez detectada)
src.infrastructure.providers.mercado_data_provider | DEBUG | RTD: Detalhes completos registrados para BOVAR147W4 (Liquidez detectada)
src.infrastructure.providers.mercado_data_provider | DEBUG | RTD: Detalhes completos registrados para BOVAW142 (Liquidez detectada)
src.infrastructure.providers.mercado_data_provider | DEBUG | RTD: Detalhes completos registrados para BOVAW146 (Liquidez detectada)
src.infrastructure.providers.mercado_data_provider | DEBUG | RTD: Detalhes completos registrados para BOVVR181 (Liquidez detectada)
src.infrastructure.providers.mercado_data_provider | DEBUG | RTD: Detalhes completos registrados para BOVAV35 (Liquidez detectada)
src.infrastructure.providers.mercado_data_provider | DEBUG | RTD: Detalhes completos registrados para CMIGR5 (Liquidez detectada)
src.infrastructure.providers.mercado_data_provider | DEBUG | RTD: Detalhes completos registrados para BOVAT127 (Liquidez detectada)
src.infrastructure.providers.mercado_data_provider | DEBUG | RTD: Detalhes completos registrados para BOVAT555 (Liquidez detectada)
src.infrastructure.providers.mercado_data_provider | DEBUG | RTD: Detalhes completos registrados para BOVAV142 (Liquidez detectada)
src.infrastructure.providers.mercado_data_provider | DEBUG | RTD: Detalhes completos registrados para BOVVS189 (Liquidez detectada)
src.infrastructure.providers.mercado_data_provider | DEBUG | RTD: Detalhes completos registrados para BOVAR189 (Liquidez detectada)
src.infrastructure.providers.mercado_data_provider | DEBUG | RTD: Detalhes completos registrados para CSNAS592W1 (Liquidez detectada)
src.infrastructure.providers.mercado_data_provider | DEBUG | RTD: Detalhes completos registrados para CPFER432 (Liquidez detectada)
src.infrastructure.providers.mercado_data_provider | DEBUG | RTD: Detalhes completos registrados para BOVVR193 (Liquidez detectada)
urllib3.connectionpool | DEBUG | https://statusinvest.com.br:443 "GET /acoes/tten3 HTTP/1.1" 200 None
src.infrastructure.providers.mercado_data_provider | DEBUG | RTD: Detalhes completos registrados para BOVAR172 (Liquidez detectada)
src.infrastructure.providers.mercado_data_provider | DEBUG | RTD: Detalhes completos registrados para CSMGR727 (Liquidez detectada)
urllib3.connectionpool | DEBUG | Starting new HTTPS connection (1): statusinvest.com.br:443
src.infrastructure.providers.mercado_data_provider | DEBUG | RTD: Detalhes completos registrados para BPACS551 (Liquidez detectada)
src.infrastructure.providers.mercado_data_provider | DEBUG | RTD: Detalhes completos registrados para CMIGT111 (Liquidez detectada)
src.infrastructure.providers.mercado_data_provider | DEBUG | RTD: Detalhes completos registrados para BOVVS185 (Liquidez detectada)
src.infrastructure.providers.mercado_data_provider | DEBUG | RTD: Detalhes completos registrados para CYRES327 (Liquidez detectada)
src.infrastructure.providers.mercado_data_provider | DEBUG | RTD: Detalhes completos registrados para BMGBR400 (Liquidez detectada)
src.infrastructure.providers.mercado_data_provider | DEBUG | RTD: Detalhes completos registrados para BOVAR245 (Liquidez detectada)
src.infrastructure.providers.mercado_data_provider | DEBUG | RTD: Detalhes completos registrados para BRKMR400 (Liquidez detectada)
src.infrastructure.providers.mercado_data_provider | DEBUG | RTD: Detalhes completos registrados para BOVAT105 (Liquidez detectada)
src.infrastructure.providers.mercado_data_provider | DEBUG | RTD: Detalhes completos registrados para CURYS345 (Liquidez detectada)
src.infrastructure.providers.mercado_data_provider | DEBUG | RTD: Detalhes completos registrados para CSNAS120 (Liquidez detectada)
src.infrastructure.providers.mercado_data_provider | DEBUG | RTD: Detalhes completos registrados para CVCBS170 (Liquidez detectada)
src.infrastructure.providers.mercado_data_provider | DEBUG | RTD: Detalhes completos registrados para BOVAV165 (Liquidez detectada)
src.infrastructure.providers.mercado_data_provider | DEBUG | RTD: Detalhes completos registrados para CSNAS110 (Liquidez detectada)
src.infrastructure.providers.mercado_data_provider | DEBUG | RTD: Detalhes completos registrados para BRKMR550 (Liquidez detectada)
src.infrastructure.providers.mercado_data_provider | DEBUG | RTD: Detalhes completos registrados para BHIAS860 (Liquidez detectada)
src.infrastructure.providers.mercado_data_provider | DEBUG | RTD: Detalhes completos registrados para CSANW810 (Liquidez detectada)
src.infrastructure.providers.mercado_data_provider | DEBUG | RTD: Detalhes completos registrados para CPFES562 (Liquidez detectada)
src.infrastructure.providers.mercado_data_provider | DEBUG | RTD: Detalhes completos registrados para BHIAR900 (Liquidez detectada)
src.infrastructure.providers.mercado_data_provider | DEBUG | RTD: Detalhes completos registrados para CPFER482 (Liquidez detectada)
src.infrastructure.providers.mercado_data_provider | DEBUG | RTD: Detalhes completos registrados para BRAPT237 (Liquidez detectada)
src.infrastructure.providers.mercado_data_provider | DEBUG | RTD: Detalhes completos registrados para BRAPT214 (Liquidez detectada)
src.infrastructure.providers.mercado_data_provider | DEBUG | RTD: Detalhes completos registrados para CPLES174 (Liquidez detectada)
urllib3.connectionpool | DEBUG | https://statusinvest.com.br:443 "GET /acoes/tupy3 HTTP/1.1" 200 None
src.infrastructure.providers.mercado_data_provider | DEBUG | RTD: Detalhes completos registrados para CSNAT647 (Liquidez detectada)
src.infrastructure.providers.mercado_data_provider | DEBUG | RTD: Detalhes completos registrados para BOVAR115 (Liquidez detectada)
src.infrastructure.providers.mercado_data_provider | DEBUG | RTD: Detalhes completos registrados para BOVAU127 (Liquidez detectada)
urllib3.connectionpool | DEBUG | Starting new HTTPS connection (1): statusinvest.com.br:443
src.infrastructure.providers.mercado_data_provider | DEBUG | RTD: Detalhes completos registrados para BOVVU189 (Liquidez detectada)
src.infrastructure.providers.mercado_data_provider | DEBUG | RTD: Detalhes completos registrados para BOVAU42 (Liquidez detectada)
src.infrastructure.providers.mercado_data_provider | DEBUG | RTD: Detalhes completos registrados para BOVAR116 (Liquidez detectada)
src.infrastructure.providers.mercado_data_provider | DEBUG | RTD: Detalhes completos registrados para BOVAR187W2 (Liquidez detectada)
src.infrastructure.providers.mercado_data_provider | DEBUG | RTD: Detalhes completos registrados para CYRER180 (Liquidez detectada)
src.infrastructure.providers.mercado_data_provider | DEBUG | RTD: Detalhes completos registrados para CSANR570 (Liquidez detectada)
src.infrastructure.providers.mercado_data_provider | DEBUG | RTD: Detalhes completos registrados para BPACR530 (Liquidez detectada)
src.infrastructure.providers.mercado_data_provider | DEBUG | RTD: Detalhes completos registrados para BOVAS133 (Liquidez detectada)
src.infrastructure.providers.mercado_data_provider | DEBUG | RTD: Detalhes completos registrados para CSMGW21 (Liquidez detectada)
src.infrastructure.providers.mercado_data_provider | DEBUG | RTD: Detalhes completos registrados para CSNAR652 (Liquidez detectada)
src.infrastructure.providers.mercado_data_provider | DEBUG | RTD: Detalhes completos registrados para CXSEV100 (Liquidez detectada)
src.infrastructure.providers.mercado_data_provider | DEBUG | RTD: Detalhes completos registrados para CVCBR200W2 (Liquidez detectada)
src.infrastructure.providers.mercado_data_provider | DEBUG | RTD: Detalhes completos registrados para BRKMT490 (Liquidez detectada)
src.infrastructure.providers.mercado_data_provider | DEBUG | RTD: Detalhes completos registrados para BOVAR141 (Liquidez detectada)
src.infrastructure.providers.mercado_data_provider | DEBUG | RTD: Detalhes completos registrados para BRAPS214 (Liquidez detectada)
src.infrastructure.providers.mercado_data_provider | DEBUG | RTD: Detalhes completos registrados para BRKMR80 (Liquidez detectada)
src.infrastructure.providers.mercado_data_provider | DEBUG | RTD: Detalhes completos registrados para CSMGS620 (Liquidez detectada)
src.infrastructure.providers.mercado_data_provider | DEBUG | RTD: Detalhes completos registrados para CMINR520 (Liquidez detectada)
src.infrastructure.providers.mercado_data_provider | DEBUG | RTD: Detalhes completos registrados para CPFES499 (Liquidez detectada)
src.infrastructure.providers.mercado_data_provider | DEBUG | RTD: Detalhes completos registrados para CPLET175 (Liquidez detectada)
src.infrastructure.providers.mercado_data_provider | DEBUG | RTD: Detalhes completos registrados para CMINS375 (Liquidez detectada)
src.infrastructure.providers.mercado_data_provider | DEBUG | RTD: Detalhes completos registrados para BLAUR115 (Liquidez detectada)
urllib3.connectionpool | DEBUG | https://statusinvest.com.br:443 "GET /acoes/ugpa3 HTTP/1.1" 200 None
src.infrastructure.providers.mercado_data_provider | DEBUG | RTD: Detalhes completos registrados para COGNV221 (Liquidez detectada)
src.infrastructure.providers.mercado_data_provider | DEBUG | RTD: Detalhes completos registrados para CSANV485 (Liquidez detectada)
src.infrastructure.providers.mercado_data_provider | DEBUG | RTD: Detalhes completos registrados para CSANR420 (Liquidez detectada)
src.infrastructure.providers.mercado_data_provider | DEBUG | RTD: Detalhes completos registrados para CMIGT172 (Liquidez detectada)
src.infrastructure.providers.mercado_data_provider | DEBUG | RTD: Detalhes completos registrados para BRAVR130 (Liquidez detectada)
src.infrastructure.providers.mercado_data_provider | DEBUG | RTD: Detalhes completos registrados para BOVAV146 (Liquidez detectada)
src.infrastructure.providers.mercado_data_provider | DEBUG | RTD: Detalhes completos registrados para CYRER247W2 (Liquidez detectada)
src.infrastructure.providers.mercado_data_provider | DEBUG | RTD: Detalhes completos registrados para BOVAR700 (Liquidez detectada)
src.infrastructure.providers.mercado_data_provider | DEBUG | RTD: Detalhes completos registrados para CXSES24 (Liquidez detectada)
src.infrastructure.providers.mercado_data_provider | DEBUG | RTD: Detalhes completos registrados para BOVAW37 (Liquidez detectada)
urllib3.connectionpool | DEBUG | Starting new HTTPS connection (1): statusinvest.com.br:443
src.infrastructure.providers.mercado_data_provider | DEBUG | RTD: Detalhes completos registrados para BOVAW169 (Liquidez detectada)
src.infrastructure.providers.mercado_data_provider | DEBUG | RTD: Detalhes completos registrados para CSNAR580W2 (Liquidez detectada)
src.infrastructure.providers.mercado_data_provider | DEBUG | RTD: Detalhes completos registrados para CSNAR692 (Liquidez detectada)
src.infrastructure.providers.mercado_data_provider | DEBUG | RTD: Detalhes completos registrados para CSNAR622 (Liquidez detectada)
src.infrastructure.providers.mercado_data_provider | DEBUG | RTD: Detalhes completos registrados para BOVVU177 (Liquidez detectada)
src.infrastructure.providers.mercado_data_provider | DEBUG | RTD: Detalhes completos registrados para BOVAU143 (Liquidez detectada)
src.infrastructure.providers.mercado_data_provider | DEBUG | RTD: Detalhes completos registrados para BOVAW144 (Liquidez detectada)
src.infrastructure.providers.mercado_data_provider | DEBUG | RTD: Detalhes completos registrados para BPACW552 (Liquidez detectada)
src.infrastructure.providers.mercado_data_provider | DEBUG | RTD: Detalhes completos registrados para BRKMU570 (Liquidez detectada)
src.infrastructure.providers.mercado_data_provider | DEBUG | RTD: Detalhes completos registrados para CPFER480 (Liquidez detectada)
src.infrastructure.providers.mercado_data_provider | DEBUG | RTD: Detalhes completos registrados para BOVAU126 (Liquidez detectada)
src.infrastructure.providers.mercado_data_provider | DEBUG | RTD: Detalhes completos registrados para CVCBS140 (Liquidez detectada)
src.infrastructure.providers.mercado_data_provider | DEBUG | RTD: Detalhes completos registrados para CSANU620 (Liquidez detectada)
src.infrastructure.providers.mercado_data_provider | DEBUG | RTD: Detalhes completos registrados para CVCBR350 (Liquidez detectada)
src.infrastructure.providers.mercado_data_provider | DEBUG | RTD: Detalhes completos registrados para CSNAR600W2 (Liquidez detectada)
src.infrastructure.providers.mercado_data_provider | DEBUG | RTD: Detalhes completos registrados para BMGBS451 (Liquidez detectada)
src.infrastructure.providers.mercado_data_provider | DEBUG | RTD: Detalhes completos registrados para CYRER225 (Liquidez detectada)
src.infrastructure.providers.mercado_data_provider | DEBUG | RTD: Detalhes completos registrados para BMOBR234 (Liquidez detectada)
src.infrastructure.providers.mercado_data_provider | DEBUG | RTD: Detalhes completos registrados para CPLET180 (Liquidez detectada)
src.infrastructure.providers.mercado_data_provider | DEBUG | RTD: Detalhes completos registrados para CSMGT460 (Liquidez detectada)
src.infrastructure.providers.mercado_data_provider | DEBUG | RTD: Detalhes completos registrados para BRKMV500 (Liquidez detectada)
src.infrastructure.providers.mercado_data_provider | DEBUG | RTD: Detalhes completos registrados para CSANU119 (Liquidez detectada)
src.infrastructure.providers.mercado_data_provider | DEBUG | RTD: Detalhes completos registrados para CEABR872 (Liquidez detectada)
src.infrastructure.providers.mercado_data_provider | DEBUG | RTD: Detalhes completos registrados para CXSER295 (Liquidez detectada)
src.infrastructure.providers.mercado_data_provider | DEBUG | RTD: Detalhes completos registrados para CSANU485 (Liquidez detectada)
urllib3.connectionpool | DEBUG | https://statusinvest.com.br:443 "GET /acoes/unip6 HTTP/1.1" 200 None
src.infrastructure.providers.mercado_data_provider | DEBUG | RTD: Detalhes completos registrados para BOVVR187 (Liquidez detectada)
src.infrastructure.providers.mercado_data_provider | DEBUG | RTD: Detalhes completos registrados para BOVVU181 (Liquidez detectada)
urllib3.connectionpool | DEBUG | Starting new HTTPS connection (1): statusinvest.com.br:443
src.infrastructure.providers.mercado_data_provider | DEBUG | RTD: Detalhes completos registrados para BMOBR249 (Liquidez detectada)
src.infrastructure.providers.mercado_data_provider | DEBUG | RTD: Detalhes completos registrados para BRAPR227 (Liquidez detectada)
src.infrastructure.providers.mercado_data_provider | DEBUG | RTD: Detalhes completos registrados para BOVAW125 (Liquidez detectada)
src.infrastructure.providers.mercado_data_provider | DEBUG | RTD: Detalhes completos registrados para BOVAW149 (Liquidez detectada)
src.infrastructure.providers.mercado_data_provider | DEBUG | RTD: Detalhes completos registrados para CYREV235 (Liquidez detectada)
src.infrastructure.providers.mercado_data_provider | DEBUG | RTD: Detalhes completos registrados para CYRES194 (Liquidez detectada)
src.infrastructure.providers.mercado_data_provider | DEBUG | RTD: Detalhes completos registrados para COGNS441 (Liquidez detectada)
src.infrastructure.providers.mercado_data_provider | DEBUG | RTD: Detalhes completos registrados para BOVAT545 (Liquidez detectada)
src.infrastructure.providers.mercado_data_provider | DEBUG | RTD: Detalhes completos registrados para DASAW100 (Liquidez detectada)
src.infrastructure.providers.mercado_data_provider | DEBUG | RTD: Detalhes completos registrados para BHIAW280 (Liquidez detectada)
src.infrastructure.providers.mercado_data_provider | DEBUG | RTD: Detalhes completos registrados para BRKMV820 (Liquidez detectada)
src.infrastructure.providers.mercado_data_provider | DEBUG | RTD: Detalhes completos registrados para BOVAT245 (Liquidez detectada)
src.infrastructure.providers.mercado_data_provider | DEBUG | RTD: Detalhes completos registrados para BOVAS163W4 (Liquidez detectada)
src.infrastructure.providers.mercado_data_provider | DEBUG | RTD: Detalhes completos registrados para CPFER467 (Liquidez detectada)
src.infrastructure.providers.mercado_data_provider | DEBUG | RTD: Detalhes completos registrados para CSNAS590 (Liquidez detectada)
src.infrastructure.providers.mercado_data_provider | DEBUG | RTD: Detalhes completos registrados para CVCBU320 (Liquidez detectada)
src.infrastructure.providers.mercado_data_provider | DEBUG | RTD: Detalhes completos registrados para CSMGS300 (Liquidez detectada)
src.infrastructure.providers.mercado_data_provider | DEBUG | RTD: Detalhes completos registrados para BOVAS225 (Liquidez detectada)
src.infrastructure.providers.mercado_data_provider | DEBUG | RTD: Detalhes completos registrados para BOVAR730 (Liquidez detectada)
src.infrastructure.providers.mercado_data_provider | DEBUG | RTD: Detalhes completos registrados para CMINS515 (Liquidez detectada)
src.infrastructure.providers.mercado_data_provider | DEBUG | RTD: Detalhes completos registrados para CSANR115 (Liquidez detectada)
src.infrastructure.providers.mercado_data_provider | DEBUG | RTD: Detalhes completos registrados para BOVAS35 (Liquidez detectada)
src.infrastructure.providers.mercado_data_provider | DEBUG | RTD: Detalhes completos registrados para BOVAU40 (Liquidez detectada)
src.infrastructure.providers.mercado_data_provider | DEBUG | RTD: Detalhes completos registrados para BOVAU53 (Liquidez detectada)
urllib3.connectionpool | DEBUG | https://statusinvest.com.br:443 "GET /acoes/vale3 HTTP/1.1" 200 None
src.infrastructure.providers.mercado_data_provider | DEBUG | RTD: Detalhes completos registrados para BRAPR252 (Liquidez detectada)
src.infrastructure.providers.mercado_data_provider | DEBUG | RTD: Detalhes completos registrados para CPFEU557 (Liquidez detectada)
src.infrastructure.providers.mercado_data_provider | DEBUG | RTD: Detalhes completos registrados para BOVAS183W2 (Liquidez detectada)
src.infrastructure.providers.mercado_data_provider | DEBUG | RTD: Detalhes completos registrados para BRAPS149 (Liquidez detectada)
urllib3.connectionpool | DEBUG | Starting new HTTPS connection (1): statusinvest.com.br:443
src.infrastructure.providers.mercado_data_provider | DEBUG | RTD: Detalhes completos registrados para CMIGR142 (Liquidez detectada)
src.infrastructure.providers.mercado_data_provider | DEBUG | RTD: Detalhes completos registrados para CSNAR632 (Liquidez detectada)
src.infrastructure.providers.mercado_data_provider | DEBUG | RTD: Detalhes completos registrados para BOVAR117 (Liquidez detectada)
src.infrastructure.providers.mercado_data_provider | DEBUG | RTD: Detalhes completos registrados para CXSEU131 (Liquidez detectada)
src.infrastructure.providers.mercado_data_provider | DEBUG | RTD: Detalhes completos registrados para BOVAR189W2 (Liquidez detectada)
src.infrastructure.providers.mercado_data_provider | DEBUG | RTD: Detalhes completos registrados para CSNAV655 (Liquidez detectada)
src.infrastructure.providers.mercado_data_provider | DEBUG | RTD: Detalhes completos registrados para BRAVT391 (Liquidez detectada)
src.infrastructure.providers.mercado_data_provider | DEBUG | RTD: Detalhes completos registrados para CXSET95 (Liquidez detectada)
src.infrastructure.providers.mercado_data_provider | DEBUG | RTD: Detalhes completos registrados para CSANT600 (Liquidez detectada)
src.infrastructure.providers.mercado_data_provider | DEBUG | RTD: Detalhes completos registrados para BHIAS740 (Liquidez detectada)
src.infrastructure.providers.mercado_data_provider | DEBUG | RTD: Detalhes completos registrados para BOVAR168W4 (Liquidez detectada)
src.infrastructure.providers.mercado_data_provider | DEBUG | RTD: Detalhes completos registrados para CSMGR513 (Liquidez detectada)
src.infrastructure.providers.mercado_data_provider | DEBUG | RTD: Detalhes completos registrados para BOVAT990 (Liquidez detectada)
src.infrastructure.providers.mercado_data_provider | DEBUG | RTD: Detalhes completos registrados para BOVAR600 (Liquidez detectada)
src.infrastructure.providers.mercado_data_provider | DEBUG | RTD: Detalhes completos registrados para CSMGR502 (Liquidez detectada)
src.infrastructure.providers.mercado_data_provider | DEBUG | RTD: Detalhes completos registrados para BMOBR264 (Liquidez detectada)
src.infrastructure.providers.mercado_data_provider | DEBUG | RTD: Detalhes completos registrados para CYRER223 (Liquidez detectada)
src.infrastructure.providers.mercado_data_provider | DEBUG | RTD: Detalhes completos registrados para BRKMR300 (Liquidez detectada)
src.infrastructure.providers.mercado_data_provider | DEBUG | RTD: Detalhes completos registrados para BPACU31 (Liquidez detectada)
src.infrastructure.providers.mercado_data_provider | DEBUG | RTD: Detalhes completos registrados para BOVAU63 (Liquidez detectada)
src.infrastructure.providers.mercado_data_provider | DEBUG | RTD: Detalhes completos registrados para BOVAR740 (Liquidez detectada)
src.infrastructure.providers.mercado_data_provider | DEBUG | RTD: Detalhes completos registrados para BOVAT168 (Liquidez detectada)
src.infrastructure.providers.mercado_data_provider | DEBUG | RTD: Detalhes completos registrados para BOVAR121 (Liquidez detectada)
src.infrastructure.providers.mercado_data_provider | DEBUG | RTD: Detalhes completos registrados para BRAPR154 (Liquidez detectada)
src.infrastructure.providers.mercado_data_provider | DEBUG | RTD: Detalhes completos registrados para BOVAS171W4 (Liquidez detectada)
src.infrastructure.providers.mercado_data_provider | DEBUG | RTD: Detalhes completos registrados para BOVAR131 (Liquidez detectada)
src.infrastructure.providers.mercado_data_provider | DEBUG | RTD: Detalhes completos registrados para BOVAU145 (Liquidez detectada)
src.infrastructure.providers.mercado_data_provider | DEBUG | RTD: Detalhes completos registrados para BOVAS118 (Liquidez detectada)
src.infrastructure.providers.mercado_data_provider | DEBUG | RTD: Detalhes completos registrados para BOVAR770 (Liquidez detectada)
src.infrastructure.providers.mercado_data_provider | DEBUG | RTD: Detalhes completos registrados para BOVAV60 (Liquidez detectada)
urllib3.connectionpool | DEBUG | https://statusinvest.com.br:443 "GET /acoes/vamo3 HTTP/1.1" 200 None
src.infrastructure.providers.mercado_data_provider | DEBUG | RTD: Detalhes completos registrados para BRAPS289 (Liquidez detectada)
src.infrastructure.providers.mercado_data_provider | DEBUG | RTD: Detalhes completos registrados para BPACR473 (Liquidez detectada)
src.infrastructure.providers.mercado_data_provider | DEBUG | RTD: Detalhes completos registrados para CSNAT597 (Liquidez detectada)
src.infrastructure.providers.mercado_data_provider | DEBUG | RTD: Detalhes completos registrados para CSANT620 (Liquidez detectada)
src.infrastructure.providers.mercado_data_provider | DEBUG | RTD: Detalhes completos registrados para CYRER195 (Liquidez detectada)
src.infrastructure.providers.mercado_data_provider | DEBUG | RTD: Detalhes completos registrados para CSNAS680 (Liquidez detectada)
src.infrastructure.providers.mercado_data_provider | DEBUG | RTD: Detalhes completos registrados para BHIAR190 (Liquidez detectada)
src.infrastructure.providers.mercado_data_provider | DEBUG | RTD: Detalhes completos registrados para BOVAR119 (Liquidez detectada)
src.infrastructure.providers.mercado_data_provider | DEBUG | RTD: Detalhes completos registrados para BRAVR160 (Liquidez detectada)
src.infrastructure.providers.mercado_data_provider | DEBUG | RTD: Detalhes completos registrados para CXSER240 (Liquidez detectada)
src.infrastructure.providers.mercado_data_provider | DEBUG | RTD: Detalhes completos registrados para BRAVR192 (Liquidez detectada)
src.infrastructure.providers.mercado_data_provider | DEBUG | RTD: Detalhes completos registrados para CPFET384 (Liquidez detectada)
src.infrastructure.providers.mercado_data_provider | DEBUG | RTD: Detalhes completos registrados para BMGBS481 (Liquidez detectada)
src.infrastructure.providers.mercado_data_provider | DEBUG | RTD: Detalhes completos registrados para BOVAR177W2 (Liquidez detectada)
src.infrastructure.providers.mercado_data_provider | DEBUG | RTD: Detalhes completos registrados para BRKMR780 (Liquidez detectada)
src.infrastructure.providers.mercado_data_provider | DEBUG | RTD: Detalhes completos registrados para BOVAU39 (Liquidez detectada)
src.infrastructure.providers.mercado_data_provider | DEBUG | RTD: Detalhes completos registrados para BOVAW127 (Liquidez detectada)
urllib3.connectionpool | DEBUG | Starting new HTTPS connection (1): statusinvest.com.br:443
src.infrastructure.providers.mercado_data_provider | DEBUG | RTD: Detalhes completos registrados para BOVAR225 (Liquidez detectada)
src.infrastructure.providers.mercado_data_provider | DEBUG | RTD: Detalhes completos registrados para BOVAR173 (Liquidez detectada)
src.infrastructure.providers.mercado_data_provider | DEBUG | RTD: Detalhes completos registrados para CSNAR682 (Liquidez detectada)
src.infrastructure.providers.mercado_data_provider | DEBUG | RTD: Detalhes completos registrados para BPACS531 (Liquidez detectada)
src.infrastructure.providers.mercado_data_provider | DEBUG | RTD: Detalhes completos registrados para BOVAR144 (Liquidez detectada)
src.infrastructure.providers.mercado_data_provider | DEBUG | RTD: Detalhes completos registrados para BRAVV130 (Liquidez detectada)
src.infrastructure.providers.mercado_data_provider | DEBUG | RTD: Detalhes completos registrados para CSMGS445 (Liquidez detectada)
src.infrastructure.providers.mercado_data_provider | DEBUG | RTD: Detalhes completos registrados para BRAPS137 (Liquidez detectada)
src.infrastructure.providers.mercado_data_provider | DEBUG | RTD: Detalhes completos registrados para CSNAS70 (Liquidez detectada)
src.infrastructure.providers.mercado_data_provider | DEBUG | RTD: Detalhes completos registrados para CSMGR295 (Liquidez detectada)
src.infrastructure.providers.mercado_data_provider | DEBUG | RTD: Detalhes completos registrados para CXSER265 (Liquidez detectada)
src.infrastructure.providers.mercado_data_provider | DEBUG | RTD: Detalhes completos registrados para BOVAU48 (Liquidez detectada)
src.infrastructure.providers.mercado_data_provider | DEBUG | RTD: Detalhes completos registrados para CSANU124 (Liquidez detectada)
src.infrastructure.providers.mercado_data_provider | DEBUG | RTD: Detalhes completos registrados para CSNAU625 (Liquidez detectada)
src.infrastructure.providers.mercado_data_provider | DEBUG | RTD: Detalhes completos registrados para CSMGW548 (Liquidez detectada)
src.infrastructure.providers.mercado_data_provider | DEBUG | RTD: Detalhes completos registrados para BRAPU252 (Liquidez detectada)
src.infrastructure.providers.mercado_data_provider | DEBUG | RTD: Detalhes completos registrados para CXSEW294 (Liquidez detectada)
src.infrastructure.providers.mercado_data_provider | DEBUG | RTD: Detalhes completos registrados para BRAVR187 (Liquidez detectada)
src.infrastructure.providers.mercado_data_provider | DEBUG | RTD: Detalhes completos registrados para BPACS526W4 (Liquidez detectada)
src.infrastructure.providers.mercado_data_provider | DEBUG | RTD: Detalhes completos registrados para BOVAT310 (Liquidez detectada)
src.infrastructure.providers.mercado_data_provider | DEBUG | RTD: Detalhes completos registrados para CMINT955 (Liquidez detectada)
src.infrastructure.providers.mercado_data_provider | DEBUG | RTD: Detalhes completos registrados para BPACU546 (Liquidez detectada)
src.infrastructure.providers.mercado_data_provider | DEBUG | RTD: Detalhes completos registrados para CYRER273 (Liquidez detectada)
src.infrastructure.providers.mercado_data_provider | DEBUG | RTD: Detalhes completos registrados para BOVAR163W4 (Liquidez detectada)
src.infrastructure.providers.mercado_data_provider | DEBUG | RTD: Detalhes completos registrados para BOVAT141 (Liquidez detectada)
src.infrastructure.providers.mercado_data_provider | DEBUG | RTD: Detalhes completos registrados para BOVAR186W4 (Liquidez detectada)
src.infrastructure.providers.mercado_data_provider | DEBUG | RTD: Detalhes completos registrados para BOVAR995 (Liquidez detectada)
src.infrastructure.providers.mercado_data_provider | DEBUG | RTD: Detalhes completos registrados para CMIGS142 (Liquidez detectada)
src.infrastructure.providers.mercado_data_provider | DEBUG | RTD: Detalhes completos registrados para BOVAS186 (Liquidez detectada)
src.infrastructure.providers.mercado_data_provider | DEBUG | RTD: Detalhes completos registrados para CSNAS580 (Liquidez detectada)
src.infrastructure.providers.mercado_data_provider | DEBUG | RTD: Detalhes completos registrados para CSMGS450 (Liquidez detectada)
src.infrastructure.providers.mercado_data_provider | DEBUG | RTD: Detalhes completos registrados para BRAPR179 (Liquidez detectada)
src.infrastructure.providers.mercado_data_provider | DEBUG | RTD: Detalhes completos registrados para CEABR143 (Liquidez detectada)
src.infrastructure.providers.mercado_data_provider | DEBUG | RTD: Detalhes completos registrados para CPFER507 (Liquidez detectada)
src.infrastructure.providers.mercado_data_provider | DEBUG | RTD: Detalhes completos registrados para CSNAR620W2 (Liquidez detectada)
src.infrastructure.providers.mercado_data_provider | DEBUG | RTD: Detalhes completos registrados para CSNAR742 (Liquidez detectada)
src.infrastructure.providers.mercado_data_provider | DEBUG | RTD: Detalhes completos registrados para COGNU275 (Liquidez detectada)
src.infrastructure.providers.mercado_data_provider | DEBUG | RTD: Detalhes completos registrados para BMGBU452 (Liquidez detectada)
src.infrastructure.providers.mercado_data_provider | DEBUG | RTD: Detalhes completos registrados para BMGBS651 (Liquidez detectada)
src.infrastructure.providers.mercado_data_provider | DEBUG | RTD: Detalhes completos registrados para BOVAV167 (Liquidez detectada)
src.infrastructure.providers.mercado_data_provider | DEBUG | RTD: Detalhes completos registrados para BRAVR193W4 (Liquidez detectada)
src.infrastructure.providers.mercado_data_provider | DEBUG | RTD: Detalhes completos registrados para CXSEU184 (Liquidez detectada)
src.infrastructure.providers.mercado_data_provider | DEBUG | RTD: Detalhes completos registrados para CSNAS630 (Liquidez detectada)
src.infrastructure.providers.mercado_data_provider | DEBUG | RTD: Detalhes completos registrados para BOVAT170 (Liquidez detectada)
src.infrastructure.providers.mercado_data_provider | DEBUG | RTD: Detalhes completos registrados para CSANS445 (Liquidez detectada)
urllib3.connectionpool | DEBUG | https://statusinvest.com.br:443 "GET /acoes/vamo99 HTTP/1.1" 404 None
src.infrastructure.providers.dividendos_statusinvest | WARNING | StatusInvest: HTTP 404 para VAMO99
src.infrastructure.providers.mercado_data_provider | DEBUG | RTD: Detalhes completos registrados para CSMGR613 (Liquidez detectada)
urllib3.connectionpool | DEBUG | Starting new HTTPS connection (1): statusinvest.com.br:443
src.infrastructure.providers.mercado_data_provider | DEBUG | RTD: Detalhes completos registrados para CSMGT523 (Liquidez detectada)
src.infrastructure.providers.mercado_data_provider | DEBUG | RTD: Detalhes completos registrados para CSNAS650 (Liquidez detectada)
src.infrastructure.providers.mercado_data_provider | DEBUG | RTD: Detalhes completos registrados para BOVAS144W1 (Liquidez detectada)
src.infrastructure.providers.mercado_data_provider | DEBUG | RTD: Detalhes completos registrados para CMIGS17 (Liquidez detectada)
src.infrastructure.providers.mercado_data_provider | DEBUG | RTD: Detalhes completos registrados para CVCBR220 (Liquidez detectada)
src.infrastructure.providers.mercado_data_provider | DEBUG | RTD: Detalhes completos registrados para BRKMR640 (Liquidez detectada)
src.infrastructure.providers.mercado_data_provider | DEBUG | RTD: Detalhes completos registrados para CPFET474 (Liquidez detectada)
src.infrastructure.providers.mercado_data_provider | DEBUG | RTD: Detalhes completos registrados para BRAVS195 (Liquidez detectada)
src.infrastructure.providers.mercado_data_provider | DEBUG | RTD: Detalhes completos registrados para BOVAS119 (Liquidez detectada)
src.infrastructure.providers.mercado_data_provider | DEBUG | RTD: Detalhes completos registrados para BOVAR185 (Liquidez detectada)
src.infrastructure.providers.mercado_data_provider | DEBUG | RTD: Detalhes completos registrados para BMOBR239 (Liquidez detectada)
src.infrastructure.providers.mercado_data_provider | DEBUG | RTD: Detalhes completos registrados para BOVAS265 (Liquidez detectada)
src.infrastructure.providers.mercado_data_provider | DEBUG | RTD: Detalhes completos registrados para BRAPV222 (Liquidez detectada)
src.infrastructure.providers.mercado_data_provider | DEBUG | RTD: Detalhes completos registrados para CXSEW184 (Liquidez detectada)
src.infrastructure.providers.mercado_data_provider | DEBUG | RTD: Detalhes completos registrados para BOVAS176 (Liquidez detectada)
src.infrastructure.providers.mercado_data_provider | DEBUG | RTD: Detalhes completos registrados para CSNAS640 (Liquidez detectada)
src.infrastructure.providers.mercado_data_provider | DEBUG | RTD: Detalhes completos registrados para CYRER260 (Liquidez detectada)
src.infrastructure.providers.mercado_data_provider | DEBUG | RTD: Detalhes completos registrados para BOVAS295 (Liquidez detectada)
src.infrastructure.providers.mercado_data_provider | DEBUG | RTD: Detalhes completos registrados para BRAPT191 (Liquidez detectada)
src.infrastructure.providers.mercado_data_provider | DEBUG | RTD: Detalhes completos registrados para CSNAR18 (Liquidez detectada)
src.infrastructure.providers.mercado_data_provider | DEBUG | RTD: Detalhes completos registrados para BMGBU290 (Liquidez detectada)
src.infrastructure.providers.mercado_data_provider | DEBUG | RTD: Detalhes completos registrados para CMIGR215 (Liquidez detectada)
src.infrastructure.providers.mercado_data_provider | DEBUG | RTD: Detalhes completos registrados para BOVAR176 (Liquidez detectada)
src.infrastructure.providers.mercado_data_provider | DEBUG | RTD: Detalhes completos registrados para BPACR545 (Liquidez detectada)
src.infrastructure.providers.mercado_data_provider | DEBUG | RTD: Detalhes completos registrados para BMGBU270 (Liquidez detectada)
src.infrastructure.providers.mercado_data_provider | DEBUG | RTD: Detalhes completos registrados para BOVAR170 (Liquidez detectada)
src.infrastructure.providers.mercado_data_provider | DEBUG | RTD: Detalhes completos registrados para CSNAT677 (Liquidez detectada)
src.infrastructure.providers.mercado_data_provider | DEBUG | RTD: Detalhes completos registrados para BRAPR162 (Liquidez detectada)
src.infrastructure.providers.mercado_data_provider | DEBUG | RTD: Detalhes completos registrados para BPACR735 (Liquidez detectada)
src.infrastructure.providers.mercado_data_provider | DEBUG | RTD: Detalhes completos registrados para BOVVS181 (Liquidez detectada)
src.infrastructure.providers.mercado_data_provider | DEBUG | RTD: Detalhes completos registrados para BRKMU750 (Liquidez detectada)
urllib3.connectionpool | DEBUG | https://statusinvest.com.br:443 "GET /acoes/vbbr3 HTTP/1.1" 200 None
src.infrastructure.providers.mercado_data_provider | DEBUG | RTD: Detalhes completos registrados para BOVAS165W2 (Liquidez detectada)
src.infrastructure.providers.mercado_data_provider | DEBUG | RTD: Detalhes completos registrados para BOVAV184 (Liquidez detectada)
urllib3.connectionpool | DEBUG | Starting new HTTPS connection (1): statusinvest.com.br:443
src.infrastructure.providers.mercado_data_provider | DEBUG | RTD: Detalhes completos registrados para CMINR405 (Liquidez detectada)
src.infrastructure.providers.mercado_data_provider | DEBUG | RTD: Detalhes completos registrados para BOVAR170W4 (Liquidez detectada)
src.infrastructure.providers.mercado_data_provider | DEBUG | RTD: Detalhes completos registrados para CEABR131 (Liquidez detectada)
src.infrastructure.providers.mercado_data_provider | DEBUG | RTD: Detalhes completos registrados para COGNU450 (Liquidez detectada)
src.infrastructure.providers.mercado_data_provider | DEBUG | RTD: Detalhes completos registrados para CPFES572 (Liquidez detectada)
src.infrastructure.providers.mercado_data_provider | DEBUG | RTD: Detalhes completos registrados para CSANR560 (Liquidez detectada)
src.infrastructure.providers.mercado_data_provider | DEBUG | RTD: Detalhes completos registrados para CSNAS740 (Liquidez detectada)
src.infrastructure.providers.mercado_data_provider | DEBUG | RTD: Detalhes completos registrados para CSMGR648 (Liquidez detectada)
src.infrastructure.providers.mercado_data_provider | DEBUG | RTD: Detalhes completos registrados para CSNAU745 (Liquidez detectada)
src.infrastructure.providers.mercado_data_provider | DEBUG | RTD: Detalhes completos registrados para CMIGS18 (Liquidez detectada)
src.infrastructure.providers.mercado_data_provider | DEBUG | RTD: Detalhes completos registrados para CSMGS745 (Liquidez detectada)
src.infrastructure.providers.mercado_data_provider | DEBUG | RTD: Detalhes completos registrados para CSMGR572 (Liquidez detectada)
src.infrastructure.providers.mercado_data_provider | DEBUG | RTD: Detalhes completos registrados para CSNAU635 (Liquidez detectada)
src.infrastructure.providers.mercado_data_provider | DEBUG | RTD: Detalhes completos registrados para CSNAR857 (Liquidez detectada)
src.infrastructure.providers.mercado_data_provider | DEBUG | RTD: Detalhes completos registrados para CVCBR150W2 (Liquidez detectada)
src.infrastructure.providers.mercado_data_provider | DEBUG | RTD: Detalhes completos registrados para BHIAR100 (Liquidez detectada)
src.infrastructure.providers.mercado_data_provider | DEBUG | RTD: Detalhes completos registrados para BOVAS39 (Liquidez detectada)
src.infrastructure.providers.mercado_data_provider | DEBUG | RTD: Detalhes completos registrados para BPACR565W2 (Liquidez detectada)
src.infrastructure.providers.mercado_data_provider | DEBUG | RTD: Detalhes completos registrados para BOVAV144 (Liquidez detectada)
src.infrastructure.providers.mercado_data_provider | DEBUG | RTD: Detalhes completos registrados para BOVAR154 (Liquidez detectada)
src.infrastructure.providers.mercado_data_provider | DEBUG | RTD: Detalhes completos registrados para BMOBR289 (Liquidez detectada)
src.infrastructure.providers.mercado_data_provider | DEBUG | RTD: Detalhes completos registrados para BOVVU137 (Liquidez detectada)
src.infrastructure.providers.mercado_data_provider | DEBUG | RTD: Detalhes completos registrados para BOVAT156 (Liquidez detectada)
src.infrastructure.providers.mercado_data_provider | DEBUG | RTD: Detalhes completos registrados para BOVAR164W4 (Liquidez detectada)
src.infrastructure.providers.mercado_data_provider | DEBUG | RTD: Detalhes completos registrados para CSMGU643 (Liquidez detectada)
src.infrastructure.providers.mercado_data_provider | DEBUG | RTD: Detalhes completos registrados para BOVAT116 (Liquidez detectada)
src.infrastructure.providers.mercado_data_provider | DEBUG | RTD: Detalhes completos registrados para BMOBS264 (Liquidez detectada)
src.infrastructure.providers.mercado_data_provider | DEBUG | RTD: Detalhes completos registrados para CVCBS200 (Liquidez detectada)
src.infrastructure.providers.mercado_data_provider | DEBUG | RTD: Detalhes completos registrados para COGNR880 (Liquidez detectada)
src.infrastructure.providers.mercado_data_provider | DEBUG | RTD: Detalhes completos registrados para BOVAV136 (Liquidez detectada)
src.infrastructure.providers.mercado_data_provider | DEBUG | RTD: Detalhes completos registrados para CEABS145 (Liquidez detectada)
src.infrastructure.providers.mercado_data_provider | DEBUG | RTD: Detalhes completos registrados para BOVAS105 (Liquidez detectada)
src.infrastructure.providers.mercado_data_provider | DEBUG | RTD: Detalhes completos registrados para BOVAR805 (Liquidez detectada)
src.infrastructure.providers.mercado_data_provider | DEBUG | RTD: Detalhes completos registrados para CVCBR155 (Liquidez detectada)
src.infrastructure.providers.mercado_data_provider | DEBUG | RTD: Detalhes completos registrados para CMIGR157 (Liquidez detectada)
src.infrastructure.providers.mercado_data_provider | DEBUG | RTD: Detalhes completos registrados para BOVAU187 (Liquidez detectada)
src.infrastructure.providers.mercado_data_provider | DEBUG | RTD: Detalhes completos registrados para CSMGS615 (Liquidez detectada)
src.infrastructure.providers.mercado_data_provider | DEBUG | RTD: Detalhes completos registrados para BOVAR142 (Liquidez detectada)
src.infrastructure.providers.mercado_data_provider | DEBUG | RTD: Detalhes completos registrados para CSANR122 (Liquidez detectada)
src.infrastructure.providers.mercado_data_provider | DEBUG | RTD: Detalhes completos registrados para BOVAU230 (Liquidez detectada)
src.infrastructure.providers.mercado_data_provider | DEBUG | RTD: Detalhes completos registrados para BPACS561 (Liquidez detectada)
src.infrastructure.providers.mercado_data_provider | DEBUG | RTD: Detalhes completos registrados para CSANR830 (Liquidez detectada)
src.infrastructure.providers.mercado_data_provider | DEBUG | RTD: Detalhes completos registrados para BRKMS760 (Liquidez detectada)
src.infrastructure.providers.mercado_data_provider | DEBUG | RTD: Detalhes completos registrados para BOVAW143 (Liquidez detectada)
src.infrastructure.providers.mercado_data_provider | DEBUG | RTD: Detalhes completos registrados para BHIAR200 (Liquidez detectada)
src.infrastructure.providers.mercado_data_provider | DEBUG | RTD: Detalhes completos registrados para BOVAR107 (Liquidez detectada)
src.infrastructure.providers.mercado_data_provider | DEBUG | RTD: Detalhes completos registrados para BRAPU207 (Liquidez detectada)
src.infrastructure.providers.mercado_data_provider | DEBUG | RTD: Detalhes completos registrados para CVCBR310 (Liquidez detectada)
src.infrastructure.providers.mercado_data_provider | DEBUG | RTD: Detalhes completos registrados para CPLEV175 (Liquidez detectada)
urllib3.connectionpool | DEBUG | https://statusinvest.com.br:443 "GET /acoes/verz34 HTTP/1.1" 404 None
src.infrastructure.providers.dividendos_statusinvest | WARNING | StatusInvest: HTTP 404 para VERZ34
urllib3.connectionpool | DEBUG | Starting new HTTPS connection (1): statusinvest.com.br:443
src.infrastructure.providers.mercado_data_provider | DEBUG | RTD: Detalhes completos registrados para CXSET136 (Liquidez detectada)
src.infrastructure.providers.mercado_data_provider | DEBUG | RTD: Detalhes completos registrados para CPFES394 (Liquidez detectada)
src.infrastructure.providers.mercado_data_provider | DEBUG | RTD: Detalhes completos registrados para BMGBR450 (Liquidez detectada)
src.infrastructure.providers.mercado_data_provider | DEBUG | RTD: Detalhes completos registrados para CYRET328 (Liquidez detectada)
src.infrastructure.providers.mercado_data_provider | DEBUG | RTD: Detalhes completos registrados para BOVAR124 (Liquidez detectada)
src.infrastructure.providers.mercado_data_provider | DEBUG | RTD: Detalhes completos registrados para CYRES177 (Liquidez detectada)
src.infrastructure.providers.mercado_data_provider | DEBUG | RTD: Detalhes completos registrados para CMIGR177 (Liquidez detectada)
src.infrastructure.providers.mercado_data_provider | DEBUG | RTD: Detalhes completos registrados para BHIAV350 (Liquidez detectada)
src.infrastructure.providers.mercado_data_provider | DEBUG | RTD: Detalhes completos registrados para CYRET208 (Liquidez detectada)
src.infrastructure.providers.mercado_data_provider | DEBUG | RTD: Detalhes completos registrados para BMGBT40 (Liquidez detectada)
src.infrastructure.providers.mercado_data_provider | DEBUG | RTD: Detalhes completos registrados para COGNS323 (Liquidez detectada)
src.infrastructure.providers.mercado_data_provider | DEBUG | RTD: Detalhes completos registrados para COGNS542 (Liquidez detectada)
src.infrastructure.providers.mercado_data_provider | DEBUG | RTD: Detalhes completos registrados para CSMGU603 (Liquidez detectada)
src.infrastructure.providers.mercado_data_provider | DEBUG | RTD: Detalhes completos registrados para CPLET970 (Liquidez detectada)
src.infrastructure.providers.mercado_data_provider | DEBUG | RTD: Detalhes completos registrados para BOVAT370 (Liquidez detectada)
src.infrastructure.providers.mercado_data_provider | DEBUG | RTD: Detalhes completos registrados para BOVAW131 (Liquidez detectada)
src.infrastructure.providers.mercado_data_provider | DEBUG | RTD: Detalhes completos registrados para BOVAT178 (Liquidez detectada)
src.infrastructure.providers.mercado_data_provider | DEBUG | RTD: Detalhes completos registrados para BRAPU204 (Liquidez detectada)
src.infrastructure.providers.mercado_data_provider | DEBUG | RTD: Detalhes completos registrados para BOVAS177 (Liquidez detectada)
src.infrastructure.providers.mercado_data_provider | DEBUG | RTD: Detalhes completos registrados para BOVAR187W4 (Liquidez detectada)
src.infrastructure.providers.mercado_data_provider | DEBUG | RTD: Detalhes completos registrados para BOVAR800 (Liquidez detectada)
src.infrastructure.providers.mercado_data_provider | DEBUG | RTD: Detalhes completos registrados para BOVAW121 (Liquidez detectada)
src.infrastructure.providers.mercado_data_provider | DEBUG | RTD: Detalhes completos registrados para BOVAT186 (Liquidez detectada)
src.infrastructure.providers.mercado_data_provider | DEBUG | RTD: Detalhes completos registrados para CSNAS760 (Liquidez detectada)
src.infrastructure.providers.mercado_data_provider | DEBUG | RTD: Detalhes completos registrados para CPFER492 (Liquidez detectada)
src.infrastructure.providers.mercado_data_provider | DEBUG | RTD: Detalhes completos registrados para CURYR375 (Liquidez detectada)
src.infrastructure.providers.mercado_data_provider | DEBUG | RTD: Detalhes completos registrados para BOVAR165W2 (Liquidez detectada)
src.infrastructure.providers.mercado_data_provider | DEBUG | RTD: Detalhes completos registrados para CSANT820 (Liquidez detectada)
src.infrastructure.providers.mercado_data_provider | DEBUG | RTD: Detalhes completos registrados para BRAPS154 (Liquidez detectada)
src.infrastructure.providers.mercado_data_provider | DEBUG | RTD: Detalhes completos registrados para CXSES164 (Liquidez detectada)
src.infrastructure.providers.mercado_data_provider | DEBUG | RTD: Detalhes completos registrados para CPFET499 (Liquidez detectada)
src.infrastructure.providers.mercado_data_provider | DEBUG | RTD: Detalhes completos registrados para COGNR540 (Liquidez detectada)
src.infrastructure.providers.mercado_data_provider | DEBUG | RTD: Detalhes completos registrados para CVCBR160 (Liquidez detectada)
src.infrastructure.providers.mercado_data_provider | DEBUG | RTD: Detalhes completos registrados para BOVAR10 (Liquidez detectada)
src.infrastructure.providers.mercado_data_provider | DEBUG | RTD: Detalhes completos registrados para CSNAV645 (Liquidez detectada)
src.infrastructure.providers.mercado_data_provider | DEBUG | RTD: Detalhes completos registrados para CSANV800 (Liquidez detectada)
src.infrastructure.providers.mercado_data_provider | DEBUG | RTD: Detalhes completos registrados para CYRER320 (Liquidez detectada)
src.infrastructure.providers.mercado_data_provider | DEBUG | RTD: Detalhes completos registrados para CPFER427 (Liquidez detectada)
src.infrastructure.providers.mercado_data_provider | DEBUG | RTD: Detalhes completos registrados para BOVAW163 (Liquidez detectada)
src.infrastructure.providers.mercado_data_provider | DEBUG | RTD: Detalhes completos registrados para COGNR620 (Liquidez detectada)
src.infrastructure.providers.mercado_data_provider | DEBUG | RTD: Detalhes completos registrados para CXSET181 (Liquidez detectada)
src.infrastructure.providers.mercado_data_provider | DEBUG | RTD: Detalhes completos registrados para CPFES424 (Liquidez detectada)
src.infrastructure.providers.mercado_data_provider | DEBUG | RTD: Detalhes completos registrados para CSNAR780W2 (Liquidez detectada)
src.infrastructure.providers.mercado_data_provider | DEBUG | RTD: Detalhes completos registrados para BOVAT260 (Liquidez detectada)
src.infrastructure.providers.mercado_data_provider | DEBUG | RTD: Detalhes completos registrados para BOVAU240 (Liquidez detectada)
src.infrastructure.providers.mercado_data_provider | DEBUG | RTD: Detalhes completos registrados para CXSEW161 (Liquidez detectada)
src.infrastructure.providers.mercado_data_provider | DEBUG | RTD: Detalhes completos registrados para BPACT435 (Liquidez detectada)
src.infrastructure.providers.mercado_data_provider | DEBUG | RTD: Detalhes completos registrados para CMIGS1 (Liquidez detectada)
src.infrastructure.providers.mercado_data_provider | DEBUG | RTD: Detalhes completos registrados para CPFES457 (Liquidez detectada)
src.infrastructure.providers.mercado_data_provider | DEBUG | RTD: Detalhes completos registrados para BPACR740 (Liquidez detectada)
src.infrastructure.providers.mercado_data_provider | DEBUG | RTD: Detalhes completos registrados para BPACR470 (Liquidez detectada)
src.infrastructure.providers.mercado_data_provider | DEBUG | RTD: Detalhes completos registrados para BRKMR45 (Liquidez detectada)
src.infrastructure.providers.mercado_data_provider | DEBUG | RTD: Detalhes completos registrados para BRAVR132 (Liquidez detectada)
src.infrastructure.providers.mercado_data_provider | DEBUG | RTD: Detalhes completos registrados para BRSRR237 (Liquidez detectada)
src.infrastructure.providers.mercado_data_provider | DEBUG | RTD: Detalhes completos registrados para CXSET234 (Liquidez detectada)
src.infrastructure.providers.mercado_data_provider | DEBUG | RTD: Detalhes completos registrados para COGNU294 (Liquidez detectada)
src.infrastructure.providers.mercado_data_provider | DEBUG | RTD: Detalhes completos registrados para CYRES209 (Liquidez detectada)
src.infrastructure.providers.mercado_data_provider | DEBUG | RTD: Detalhes completos registrados para BOVAU51 (Liquidez detectada)
src.infrastructure.providers.mercado_data_provider | DEBUG | RTD: Detalhes completos registrados para BOVVU183 (Liquidez detectada)
src.infrastructure.providers.mercado_data_provider | DEBUG | RTD: Detalhes completos registrados para BOVAS189 (Liquidez detectada)
urllib3.connectionpool | DEBUG | https://statusinvest.com.br:443 "GET /acoes/visa34 HTTP/1.1" 404 None
src.infrastructure.providers.dividendos_statusinvest | WARNING | StatusInvest: HTTP 404 para VISA34
urllib3.connectionpool | DEBUG | Starting new HTTPS connection (1): statusinvest.com.br:443
src.infrastructure.providers.mercado_data_provider | DEBUG | RTD: Detalhes completos registrados para BOVAR400 (Liquidez detectada)
src.infrastructure.providers.mercado_data_provider | DEBUG | RTD: Detalhes completos registrados para CEABS115 (Liquidez detectada)
src.infrastructure.providers.mercado_data_provider | DEBUG | RTD: Detalhes completos registrados para BOVAR152 (Liquidez detectada)
src.infrastructure.providers.mercado_data_provider | DEBUG | RTD: Detalhes completos registrados para COGNR275 (Liquidez detectada)
src.infrastructure.providers.mercado_data_provider | DEBUG | RTD: Detalhes completos registrados para BRAPS314 (Liquidez detectada)
src.infrastructure.providers.mercado_data_provider | DEBUG | RTD: Detalhes completos registrados para CPFER449 (Liquidez detectada)
src.infrastructure.providers.mercado_data_provider | DEBUG | RTD: Detalhes completos registrados para CXSES234 (Liquidez detectada)
src.infrastructure.providers.mercado_data_provider | DEBUG | RTD: Detalhes completos registrados para BOVAS995 (Liquidez detectada)
src.infrastructure.providers.mercado_data_provider | DEBUG | RTD: Detalhes completos registrados para BOVAR775 (Liquidez detectada)
src.infrastructure.providers.mercado_data_provider | DEBUG | RTD: Detalhes completos registrados para CPFEW419 (Liquidez detectada)
src.infrastructure.providers.mercado_data_provider | DEBUG | RTD: Detalhes completos registrados para BMGBR485 (Liquidez detectada)
src.infrastructure.providers.mercado_data_provider | DEBUG | RTD: Detalhes completos registrados para BRAPT182 (Liquidez detectada)
src.infrastructure.providers.mercado_data_provider | DEBUG | RTD: Detalhes completos registrados para BLAUR963 (Liquidez detectada)
src.infrastructure.providers.mercado_data_provider | DEBUG | RTD: Detalhes completos registrados para BRKMR620 (Liquidez detectada)
src.infrastructure.providers.mercado_data_provider | DEBUG | RTD: Detalhes completos registrados para COGNS230 (Liquidez detectada)
src.infrastructure.providers.mercado_data_provider | DEBUG | RTD: Detalhes completos registrados para BOVAU125 (Liquidez detectada)
src.infrastructure.providers.mercado_data_provider | DEBUG | RTD: Detalhes completos registrados para BOVAR163 (Liquidez detectada)
src.infrastructure.providers.mercado_data_provider | DEBUG | RTD: Detalhes completos registrados para CVCBR180 (Liquidez detectada)
src.infrastructure.providers.mercado_data_provider | DEBUG | RTD: Detalhes completos registrados para BRKMR14 (Liquidez detectada)
src.infrastructure.providers.mercado_data_provider | DEBUG | RTD: Detalhes completos registrados para BRAPS212 (Liquidez detectada)
src.infrastructure.providers.mercado_data_provider | DEBUG | RTD: Detalhes completos registrados para BRKMT590 (Liquidez detectada)
src.infrastructure.providers.mercado_data_provider | DEBUG | RTD: Detalhes completos registrados para BOVAT114 (Liquidez detectada)
src.infrastructure.providers.mercado_data_provider | DEBUG | RTD: Detalhes completos registrados para BRAPT159 (Liquidez detectada)
src.infrastructure.providers.mercado_data_provider | DEBUG | RTD: Detalhes completos registrados para BRAVU255 (Liquidez detectada)
src.infrastructure.providers.mercado_data_provider | DEBUG | RTD: Detalhes completos registrados para BOVAT108 (Liquidez detectada)
src.infrastructure.providers.mercado_data_provider | DEBUG | RTD: Detalhes completos registrados para CURYR350 (Liquidez detectada)
src.infrastructure.providers.mercado_data_provider | DEBUG | RTD: Detalhes completos registrados para CPFES522 (Liquidez detectada)
src.infrastructure.providers.mercado_data_provider | DEBUG | RTD: Detalhes completos registrados para CSANS590 (Liquidez detectada)
src.infrastructure.providers.mercado_data_provider | DEBUG | RTD: Detalhes completos registrados para BOVAR715 (Liquidez detectada)
src.infrastructure.providers.mercado_data_provider | DEBUG | RTD: Detalhes completos registrados para CSANS560 (Liquidez detectada)
src.infrastructure.providers.mercado_data_provider | DEBUG | RTD: Detalhes completos registrados para COGNR230 (Liquidez detectada)
src.infrastructure.providers.mercado_data_provider | DEBUG | RTD: Detalhes completos registrados para BOVAT175 (Liquidez detectada)
src.infrastructure.providers.mercado_data_provider | DEBUG | RTD: Detalhes completos registrados para BOVAV149 (Liquidez detectada)
src.infrastructure.providers.mercado_data_provider | DEBUG | RTD: Detalhes completos registrados para BRKMR680 (Liquidez detectada)
src.infrastructure.providers.mercado_data_provider | DEBUG | RTD: Detalhes completos registrados para BRAPR212 (Liquidez detectada)
src.infrastructure.providers.mercado_data_provider | DEBUG | RTD: Detalhes completos registrados para BOVAU38 (Liquidez detectada)
urllib3.connectionpool | DEBUG | https://statusinvest.com.br:443 "GET /acoes/viva3 HTTP/1.1" 200 None
src.infrastructure.providers.mercado_data_provider | DEBUG | RTD: Detalhes completos registrados para CYRET271 (Liquidez detectada)
src.infrastructure.providers.mercado_data_provider | DEBUG | RTD: Detalhes completos registrados para CSANT580 (Liquidez detectada)
src.infrastructure.providers.mercado_data_provider | DEBUG | RTD: Detalhes completos registrados para BOVAR166 (Liquidez detectada)
src.infrastructure.providers.mercado_data_provider | DEBUG | RTD: Detalhes completos registrados para CPFEU434 (Liquidez detectada)
urllib3.connectionpool | DEBUG | Starting new HTTPS connection (1): statusinvest.com.br:443
src.infrastructure.providers.mercado_data_provider | DEBUG | RTD: Detalhes completos registrados para BOVVV181 (Liquidez detectada)
src.infrastructure.providers.mercado_data_provider | DEBUG | RTD: Detalhes completos registrados para BRAVU147 (Liquidez detectada)
src.infrastructure.providers.mercado_data_provider | DEBUG | RTD: Detalhes completos registrados para BPACS565W2 (Liquidez detectada)
src.infrastructure.providers.mercado_data_provider | DEBUG | RTD: Detalhes completos registrados para BOVAR167W2 (Liquidez detectada)
src.infrastructure.providers.mercado_data_provider | DEBUG | RTD: Detalhes completos registrados para CVCBR700 (Liquidez detectada)
src.infrastructure.providers.mercado_data_provider | DEBUG | RTD: Detalhes completos registrados para BOVAR189W4 (Liquidez detectada)
src.infrastructure.providers.mercado_data_provider | DEBUG | RTD: Detalhes completos registrados para BPACV567 (Liquidez detectada)
src.infrastructure.providers.mercado_data_provider | DEBUG | RTD: Detalhes completos registrados para CPFET404 (Liquidez detectada)
src.infrastructure.providers.mercado_data_provider | DEBUG | RTD: Detalhes completos registrados para BOVAW140 (Liquidez detectada)
src.infrastructure.providers.mercado_data_provider | DEBUG | RTD: Detalhes completos registrados para BPACT545 (Liquidez detectada)
src.infrastructure.providers.mercado_data_provider | DEBUG | RTD: Detalhes completos registrados para BRSRT174 (Liquidez detectada)
src.infrastructure.providers.mercado_data_provider | DEBUG | RTD: Detalhes completos registrados para BOVAT182 (Liquidez detectada)
src.infrastructure.providers.mercado_data_provider | DEBUG | RTD: Detalhes completos registrados para CPFER582 (Liquidez detectada)
src.infrastructure.providers.mercado_data_provider | DEBUG | RTD: Detalhes completos registrados para BOVAR100 (Liquidez detectada)
src.infrastructure.providers.mercado_data_provider | DEBUG | RTD: Detalhes completos registrados para CXSEW12 (Liquidez detectada)
src.infrastructure.providers.mercado_data_provider | DEBUG | RTD: Detalhes completos registrados para CSANU800 (Liquidez detectada)
src.infrastructure.providers.mercado_data_provider | DEBUG | RTD: Detalhes completos registrados para CYRER230 (Liquidez detectada)
src.infrastructure.providers.mercado_data_provider | DEBUG | RTD: Detalhes completos registrados para BOVAS99 (Liquidez detectada)
src.infrastructure.providers.mercado_data_provider | DEBUG | RTD: Detalhes completos registrados para CSMGS344 (Liquidez detectada)
src.infrastructure.providers.mercado_data_provider | DEBUG | RTD: Detalhes completos registrados para CPFER407 (Liquidez detectada)
src.infrastructure.providers.mercado_data_provider | DEBUG | RTD: Detalhes completos registrados para BPACR570W2 (Liquidez detectada)
src.infrastructure.providers.mercado_data_provider | DEBUG | RTD: Detalhes completos registrados para DIRRV220 (Liquidez detectada)
src.infrastructure.providers.mercado_data_provider | DEBUG | RTD: Detalhes completos registrados para CSMGS455 (Liquidez detectada)
src.infrastructure.providers.mercado_data_provider | DEBUG | RTD: Detalhes completos registrados para BOVAS186W4 (Liquidez detectada)
src.infrastructure.providers.mercado_data_provider | DEBUG | RTD: Detalhes completos registrados para CMIGV126 (Liquidez detectada)
urllib3.connectionpool | DEBUG | https://statusinvest.com.br:443 "GET /acoes/vivt3 HTTP/1.1" 200 None
src.infrastructure.providers.mercado_data_provider | DEBUG | RTD: Detalhes completos registrados para CSNAR732 (Liquidez detectada)
src.infrastructure.providers.mercado_data_provider | DEBUG | RTD: Detalhes completos registrados para DASAR400 (Liquidez detectada)
src.infrastructure.providers.mercado_data_provider | DEBUG | RTD: Detalhes completos registrados para CSNAT777 (Liquidez detectada)
urllib3.connectionpool | DEBUG | Starting new HTTPS connection (1): statusinvest.com.br:443
src.infrastructure.providers.mercado_data_provider | DEBUG | RTD: Detalhes completos registrados para BOVVU143 (Liquidez detectada)
src.infrastructure.providers.mercado_data_provider | DEBUG | RTD: Detalhes completos registrados para BOVVS187 (Liquidez detectada)
src.infrastructure.providers.mercado_data_provider | DEBUG | RTD: Detalhes completos registrados para BRAPR172 (Liquidez detectada)
src.infrastructure.providers.mercado_data_provider | DEBUG | RTD: Detalhes completos registrados para BMGBS601 (Liquidez detectada)
src.infrastructure.providers.mercado_data_provider | DEBUG | RTD: Detalhes completos registrados para CSANS63 (Liquidez detectada)
src.infrastructure.providers.mercado_data_provider | DEBUG | RTD: Detalhes completos registrados para BRKMS800 (Liquidez detectada)
src.infrastructure.providers.mercado_data_provider | INFO | Varredura (Fast): 22502 monitored, 90 with book in 7.72s
urllib3.connectionpool | DEBUG | https://statusinvest.com.br:443 "GET /acoes/vlid3 HTTP/1.1" 200 None
urllib3.connectionpool | DEBUG | Starting new HTTPS connection (1): statusinvest.com.br:443
urllib3.connectionpool | DEBUG | https://statusinvest.com.br:443 "GET /acoes/vulc3 HTTP/1.1" 200 None
urllib3.connectionpool | DEBUG | Starting new HTTPS connection (1): statusinvest.com.br:443
urllib3.connectionpool | DEBUG | https://statusinvest.com.br:443 "GET /acoes/vveo3 HTTP/1.1" 200 None
urllib3.connectionpool | DEBUG | Starting new HTTPS connection (1): statusinvest.com.br:443
urllib3.connectionpool | DEBUG | https://statusinvest.com.br:443 "GET /acoes/walm34 HTTP/1.1" 404 None
src.infrastructure.providers.dividendos_statusinvest | WARNING | StatusInvest: HTTP 404 para WALM34
urllib3.connectionpool | DEBUG | Starting new HTTPS connection (1): statusinvest.com.br:443
urllib3.connectionpool | DEBUG | https://statusinvest.com.br:443 "GET /acoes/wizc3 HTTP/1.1" 200 None
urllib3.connectionpool | DEBUG | Starting new HTTPS connection (1): statusinvest.com.br:443
urllib3.connectionpool | DEBUG | https://statusinvest.com.br:443 "GET /acoes/xbov11 HTTP/1.1" 404 None
src.infrastructure.providers.dividendos_statusinvest | WARNING | StatusInvest: HTTP 404 para XBOV11
urllib3.connectionpool | DEBUG | Starting new HTTPS connection (1): statusinvest.com.br:443
urllib3.connectionpool | DEBUG | https://statusinvest.com.br:443 "GET /acoes/xpbr31 HTTP/1.1" 404 None
src.infrastructure.providers.dividendos_statusinvest | WARNING | StatusInvest: HTTP 404 para XPBR31
urllib3.connectionpool | DEBUG | Starting new HTTPS connection (1): statusinvest.com.br:443
urllib3.connectionpool | DEBUG | https://statusinvest.com.br:443 "GET /acoes/yduq3 HTTP/1.1" 200 None
src.infrastructure.providers.mercado_data_provider | INFO | RTD: Lote Onda 1 24000/51055 (Registros: 1835) em 8.75s.
src.infrastructure.providers.mercado_data_provider | DEBUG | RTD: Detalhes completos registrados para BRKMT830 (Liquidez detectada)
src.infrastructure.providers.mercado_data_provider | DEBUG | RTD: Detalhes completos registrados para BOVAR735 (Liquidez detectada)
src.infrastructure.providers.mercado_data_provider | DEBUG | RTD: Detalhes completos registrados para COGNR900 (Liquidez detectada)
src.infrastructure.providers.mercado_data_provider | DEBUG | RTD: Detalhes completos registrados para BOVAR690 (Liquidez detectada)
src.infrastructure.providers.mercado_data_provider | DEBUG | RTD: Detalhes completos registrados para BRKMS390 (Liquidez detectada)
src.infrastructure.providers.mercado_data_provider | DEBUG | RTD: Detalhes completos registrados para BRAPT222 (Liquidez detectada)
src.infrastructure.providers.mercado_data_provider | DEBUG | RTD: Detalhes completos registrados para CSANW820 (Liquidez detectada)
src.infrastructure.providers.mercado_data_provider | DEBUG | RTD: Detalhes completos registrados para CEABS90 (Liquidez detectada)
src.infrastructure.providers.mercado_data_provider | DEBUG | RTD: Detalhes completos registrados para BPACR443 (Liquidez detectada)
src.infrastructure.providers.mercado_data_provider | DEBUG | RTD: Detalhes completos registrados para BPACV527 (Liquidez detectada)
src.infrastructure.providers.mercado_data_provider | DEBUG | RTD: Detalhes completos registrados para CPFER452 (Liquidez detectada)
src.infrastructure.providers.mercado_data_provider | DEBUG | RTD: Detalhes completos registrados para BPACR615 (Liquidez detectada)
src.infrastructure.providers.mercado_data_provider | DEBUG | RTD: Detalhes completos registrados para CSNAW903 (Liquidez detectada)
src.infrastructure.providers.mercado_data_provider | DEBUG | RTD: Detalhes completos registrados para CXSER220 (Liquidez detectada)
src.infrastructure.providers.mercado_data_provider | DEBUG | RTD: Detalhes completos registrados para CSANT485 (Liquidez detectada)
src.infrastructure.providers.mercado_data_provider | DEBUG | RTD: Detalhes completos registrados para CPFER404 (Liquidez detectada)
src.infrastructure.providers.mercado_data_provider | DEBUG | RTD: Detalhes completos registrados para CSNAR762 (Liquidez detectada)
src.infrastructure.providers.mercado_data_provider | DEBUG | RTD: Detalhes completos registrados para BOVAV121 (Liquidez detectada)
src.infrastructure.providers.mercado_data_provider | DEBUG | RTD: Detalhes completos registrados para BOVAR1 (Liquidez detectada)
src.infrastructure.providers.mercado_data_provider | DEBUG | RTD: Detalhes completos registrados para CMIGS139 (Liquidez detectada)
src.infrastructure.providers.mercado_data_provider | DEBUG | RTD: Detalhes completos registrados para BOVAS53 (Liquidez detectada)
src.infrastructure.providers.mercado_data_provider | DEBUG | RTD: Detalhes completos registrados para CXSER185 (Liquidez detectada)
src.infrastructure.providers.mercado_data_provider | DEBUG | RTD: Detalhes completos registrados para BPACT530 (Liquidez detectada)
src.infrastructure.providers.mercado_data_provider | DEBUG | RTD: Detalhes completos registrados para BPACR520W4 (Liquidez detectada)
src.infrastructure.providers.mercado_data_provider | DEBUG | RTD: Detalhes completos registrados para BOVAS37 (Liquidez detectada)
src.infrastructure.providers.mercado_data_provider | DEBUG | RTD: Detalhes completos registrados para BMOBS269 (Liquidez detectada)
src.infrastructure.providers.mercado_data_provider | DEBUG | RTD: Detalhes completos registrados para BRAPU219 (Liquidez detectada)
src.infrastructure.providers.mercado_data_provider | DEBUG | RTD: Detalhes completos registrados para BHIAS100 (Liquidez detectada)
src.infrastructure.providers.mercado_data_provider | DEBUG | RTD: Detalhes completos registrados para BRKMU500 (Liquidez detectada)
src.infrastructure.providers.mercado_data_provider | DEBUG | RTD: Detalhes completos registrados para BOVAT240 (Liquidez detectada)
src.infrastructure.providers.mercado_data_provider | DEBUG | RTD: Detalhes completos registrados para BOVAR200 (Liquidez detectada)
src.infrastructure.providers.mercado_data_provider | DEBUG | RTD: Detalhes completos registrados para CPFEU444 (Liquidez detectada)
src.infrastructure.providers.mercado_data_provider | DEBUG | RTD: Detalhes completos registrados para BOVAT143 (Liquidez detectada)
src.infrastructure.providers.mercado_data_provider | DEBUG | RTD: Detalhes completos registrados para BLAUS10 (Liquidez detectada)
src.infrastructure.providers.mercado_data_provider | DEBUG | RTD: Detalhes completos registrados para CSANT810 (Liquidez detectada)
src.infrastructure.providers.mercado_data_provider | DEBUG | RTD: Detalhes completos registrados para BOVAT181 (Liquidez detectada)
src.infrastructure.providers.mercado_data_provider | DEBUG | RTD: Detalhes completos registrados para CYRES154 (Liquidez detectada)
src.infrastructure.providers.mercado_data_provider | DEBUG | RTD: Detalhes completos registrados para CEABR113 (Liquidez detectada)
src.infrastructure.providers.mercado_data_provider | DEBUG | RTD: Detalhes completos registrados para CVCBS220 (Liquidez detectada)
src.infrastructure.providers.mercado_data_provider | DEBUG | RTD: Detalhes completos registrados para CPFES492 (Liquidez detectada)
src.infrastructure.providers.mercado_data_provider | DEBUG | RTD: Detalhes completos registrados para BOVAS131 (Liquidez detectada)
src.infrastructure.providers.mercado_data_provider | DEBUG | RTD: Detalhes completos registrados para CPLET150 (Liquidez detectada)
src.infrastructure.providers.mercado_data_provider | DEBUG | RTD: Detalhes completos registrados para CYRES324 (Liquidez detectada)
src.infrastructure.providers.mercado_data_provider | DEBUG | RTD: Detalhes completos registrados para BOVAS49 (Liquidez detectada)
src.infrastructure.providers.mercado_data_provider | DEBUG | RTD: Detalhes completos registrados para BOVAW141 (Liquidez detectada)
src.infrastructure.providers.mercado_data_provider | DEBUG | RTD: Detalhes completos registrados para BOVAV42 (Liquidez detectada)
src.infrastructure.providers.mercado_data_provider | DEBUG | RTD: Detalhes completos registrados para BOVAW16 (Liquidez detectada)
src.infrastructure.providers.mercado_data_provider | DEBUG | RTD: Detalhes completos registrados para CPFES449 (Liquidez detectada)
src.infrastructure.providers.mercado_data_provider | DEBUG | RTD: Detalhes completos registrados para CPLET120 (Liquidez detectada)
src.infrastructure.providers.mercado_data_provider | DEBUG | RTD: Detalhes completos registrados para BRKMS720 (Liquidez detectada)
src.infrastructure.providers.mercado_data_provider | DEBUG | RTD: Detalhes completos registrados para CYRET231 (Liquidez detectada)
src.infrastructure.providers.mercado_data_provider | DEBUG | RTD: Detalhes completos registrados para BLAUS115 (Liquidez detectada)
src.infrastructure.providers.mercado_data_provider | DEBUG | RTD: Detalhes completos registrados para BPACV431 (Liquidez detectada)
src.infrastructure.providers.mercado_data_provider | DEBUG | RTD: Detalhes completos registrados para CEABS932 (Liquidez detectada)
src.infrastructure.providers.mercado_data_provider | DEBUG | RTD: Detalhes completos registrados para BOVAT405 (Liquidez detectada)
src.infrastructure.providers.mercado_data_provider | DEBUG | RTD: Detalhes completos registrados para CSMGS540 (Liquidez detectada)
src.infrastructure.providers.mercado_data_provider | DEBUG | RTD: Detalhes completos registrados para CMIGS127 (Liquidez detectada)
src.infrastructure.providers.mercado_data_provider | DEBUG | RTD: Detalhes completos registrados para BRKMR660 (Liquidez detectada)
src.infrastructure.providers.mercado_data_provider | DEBUG | RTD: Detalhes completos registrados para BOVVU187 (Liquidez detectada)
src.infrastructure.providers.mercado_data_provider | DEBUG | RTD: Detalhes completos registrados para BOVAR780 (Liquidez detectada)
src.infrastructure.providers.mercado_data_provider | DEBUG | RTD: Detalhes completos registrados para COGNU230 (Liquidez detectada)
src.infrastructure.providers.mercado_data_provider | DEBUG | RTD: Detalhes completos registrados para BOVAT139 (Liquidez detectada)
src.infrastructure.providers.mercado_data_provider | DEBUG | RTD: Detalhes completos registrados para BOVAR143 (Liquidez detectada)
src.infrastructure.providers.mercado_data_provider | DEBUG | RTD: Detalhes completos registrados para CPFER442 (Liquidez detectada)
src.infrastructure.providers.mercado_data_provider | DEBUG | RTD: Detalhes completos registrados para BRKMT730 (Liquidez detectada)
src.infrastructure.providers.mercado_data_provider | DEBUG | RTD: Detalhes completos registrados para BPACU321 (Liquidez detectada)
src.infrastructure.providers.mercado_data_provider | DEBUG | RTD: Detalhes completos registrados para CSANR125 (Liquidez detectada)
src.infrastructure.providers.mercado_data_provider | DEBUG | RTD: Detalhes completos registrados para CSNAR592 (Liquidez detectada)
src.infrastructure.providers.mercado_data_provider | DEBUG | RTD: Detalhes completos registrados para CSANR840 (Liquidez detectada)
src.infrastructure.providers.mercado_data_provider | DEBUG | RTD: Detalhes completos registrados para BRKMR840 (Liquidez detectada)
src.infrastructure.providers.mercado_data_provider | DEBUG | RTD: Detalhes completos registrados para BRAPS159 (Liquidez detectada)
src.infrastructure.providers.mercado_data_provider | DEBUG | RTD: Detalhes completos registrados para CSMGS290 (Liquidez detectada)
src.infrastructure.providers.mercado_data_provider | DEBUG | RTD: Detalhes completos registrados para BRAPW204 (Liquidez detectada)
src.infrastructure.providers.mercado_data_provider | DEBUG | RTD: Detalhes completos registrados para CYRES259 (Liquidez detectada)
src.infrastructure.providers.mercado_data_provider | DEBUG | RTD: Detalhes completos registrados para CSANS122 (Liquidez detectada)
src.infrastructure.providers.mercado_data_provider | DEBUG | RTD: Detalhes completos registrados para CXSEV205 (Liquidez detectada)
src.infrastructure.providers.mercado_data_provider | DEBUG | RTD: Detalhes completos registrados para CVCBR145 (Liquidez detectada)
src.infrastructure.providers.mercado_data_provider | DEBUG | RTD: Detalhes completos registrados para CSANR820 (Liquidez detectada)
src.infrastructure.providers.mercado_data_provider | DEBUG | RTD: Detalhes completos registrados para BPACS601 (Liquidez detectada)
src.infrastructure.providers.mercado_data_provider | DEBUG | RTD: Detalhes completos registrados para CPFER457 (Liquidez detectada)
src.infrastructure.providers.mercado_data_provider | DEBUG | RTD: Detalhes completos registrados para CPFET454 (Liquidez detectada)
src.infrastructure.providers.mercado_data_provider | DEBUG | RTD: Detalhes completos registrados para CPFER447 (Liquidez detectada)
src.infrastructure.providers.mercado_data_provider | DEBUG | RTD: Detalhes completos registrados para CXSES114 (Liquidez detectada)
src.infrastructure.providers.mercado_data_provider | DEBUG | RTD: Detalhes completos registrados para CSMGU287 (Liquidez detectada)
src.infrastructure.providers.mercado_data_provider | DEBUG | RTD: Detalhes completos registrados para BRAVU132 (Liquidez detectada)
src.infrastructure.providers.mercado_data_provider | DEBUG | RTD: Detalhes completos registrados para BRKMS780 (Liquidez detectada)
src.infrastructure.providers.mercado_data_provider | DEBUG | RTD: Detalhes completos registrados para BOVAR169 (Liquidez detectada)
src.infrastructure.providers.mercado_data_provider | DEBUG | RTD: Detalhes completos registrados para BPACU566 (Liquidez detectada)
src.infrastructure.providers.mercado_data_provider | DEBUG | RTD: Detalhes completos registrados para BMGBS541 (Liquidez detectada)
src.infrastructure.providers.mercado_data_provider | DEBUG | RTD: Detalhes completos registrados para BOVAT131 (Liquidez detectada)
src.infrastructure.providers.mercado_data_provider | DEBUG | RTD: Detalhes completos registrados para BRAPU217 (Liquidez detectada)
src.infrastructure.providers.mercado_data_provider | DEBUG | RTD: Detalhes completos registrados para BOVVU139 (Liquidez detectada)
src.infrastructure.providers.mercado_data_provider | DEBUG | RTD: Detalhes completos registrados para BMOBR259 (Liquidez detectada)
src.infrastructure.providers.mercado_data_provider | DEBUG | RTD: Detalhes completos registrados para CSNAR582 (Liquidez detectada)
src.infrastructure.providers.mercado_data_provider | DEBUG | RTD: Detalhes completos registrados para CPFES447 (Liquidez detectada)
src.infrastructure.providers.mercado_data_provider | DEBUG | RTD: Detalhes completos registrados para CAMLW50 (Liquidez detectada)
src.infrastructure.providers.mercado_data_provider | DEBUG | RTD: Detalhes completos registrados para CVCBS230 (Liquidez detectada)
src.infrastructure.providers.mercado_data_provider | DEBUG | RTD: Detalhes completos registrados para BLAUT120 (Liquidez detectada)
src.infrastructure.providers.mercado_data_provider | DEBUG | RTD: Detalhes completos registrados para BMGBR17 (Liquidez detectada)
src.infrastructure.providers.mercado_data_provider | DEBUG | RTD: Detalhes completos registrados para CPFER464 (Liquidez detectada)
src.infrastructure.providers.mercado_data_provider | DEBUG | RTD: Detalhes completos registrados para CSANR590 (Liquidez detectada)
src.infrastructure.providers.mercado_data_provider | DEBUG | RTD: Detalhes completos registrados para BOVAR158W4 (Liquidez detectada)
src.infrastructure.providers.mercado_data_provider | DEBUG | RTD: Detalhes completos registrados para BOVAU47 (Liquidez detectada)
src.infrastructure.providers.mercado_data_provider | DEBUG | RTD: Detalhes completos registrados para CMIGR172 (Liquidez detectada)
src.infrastructure.providers.mercado_data_provider | DEBUG | RTD: Detalhes completos registrados para BHIAR720 (Liquidez detectada)
src.infrastructure.providers.mercado_data_provider | DEBUG | RTD: Detalhes completos registrados para CEABR932 (Liquidez detectada)
src.infrastructure.providers.mercado_data_provider | DEBUG | RTD: Detalhes completos registrados para CXSER110 (Liquidez detectada)
src.infrastructure.providers.mercado_data_provider | DEBUG | RTD: Detalhes completos registrados para BOVVR219 (Liquidez detectada)
src.infrastructure.providers.mercado_data_provider | DEBUG | RTD: Detalhes completos registrados para BOVAT126 (Liquidez detectada)
src.infrastructure.providers.mercado_data_provider | DEBUG | RTD: Detalhes completos registrados para BRAVR191W4 (Liquidez detectada)
src.infrastructure.providers.mercado_data_provider | DEBUG | RTD: Detalhes completos registrados para COGNR234W2 (Liquidez detectada)
src.infrastructure.providers.mercado_data_provider | DEBUG | RTD: Detalhes completos registrados para BOVAT590 (Liquidez detectada)
src.infrastructure.providers.mercado_data_provider | DEBUG | RTD: Detalhes completos registrados para BLAUS120 (Liquidez detectada)
src.infrastructure.providers.mercado_data_provider | DEBUG | RTD: Detalhes completos registrados para CPFES479 (Liquidez detectada)
src.infrastructure.providers.mercado_data_provider | DEBUG | RTD: Detalhes completos registrados para CSANT590 (Liquidez detectada)
src.infrastructure.providers.mercado_data_provider | DEBUG | RTD: Detalhes completos registrados para BOVAS117 (Liquidez detectada)
src.infrastructure.providers.mercado_data_provider | DEBUG | RTD: Detalhes completos registrados para CVCBR154 (Liquidez detectada)
src.infrastructure.providers.mercado_data_provider | DEBUG | RTD: Detalhes completos registrados para BOVAT315 (Liquidez detectada)
src.infrastructure.providers.mercado_data_provider | DEBUG | RTD: Detalhes completos registrados para BOVAV48 (Liquidez detectada)
src.infrastructure.providers.mercado_data_provider | DEBUG | RTD: Detalhes completos registrados para BRAVR186W2 (Liquidez detectada)
src.infrastructure.providers.mercado_data_provider | DEBUG | RTD: Detalhes completos registrados para BOVAR165 (Liquidez detectada)
src.infrastructure.providers.mercado_data_provider | DEBUG | RTD: Detalhes completos registrados para CVCBR720 (Liquidez detectada)
src.infrastructure.providers.mercado_data_provider | DEBUG | RTD: Detalhes completos registrados para BRKMR760 (Liquidez detectada)
src.infrastructure.providers.mercado_data_provider | DEBUG | RTD: Detalhes completos registrados para BRSRT179 (Liquidez detectada)
src.infrastructure.providers.mercado_data_provider | DEBUG | RTD: Detalhes completos registrados para CMINR550 (Liquidez detectada)
src.infrastructure.providers.mercado_data_provider | DEBUG | RTD: Detalhes completos registrados para BOVAT375 (Liquidez detectada)
src.infrastructure.providers.mercado_data_provider | DEBUG | RTD: Detalhes completos registrados para BLAUR105 (Liquidez detectada)
src.infrastructure.providers.mercado_data_provider | DEBUG | RTD: Detalhes completos registrados para BPACR760 (Liquidez detectada)
src.infrastructure.providers.mercado_data_provider | DEBUG | RTD: Detalhes completos registrados para CXSEW181 (Liquidez detectada)
src.infrastructure.providers.mercado_data_provider | DEBUG | RTD: Detalhes completos registrados para BPACS494 (Liquidez detectada)
src.infrastructure.providers.mercado_data_provider | DEBUG | RTD: Detalhes completos registrados para CYRES204 (Liquidez detectada)
src.infrastructure.providers.mercado_data_provider | DEBUG | RTD: Detalhes completos registrados para BRAPS257 (Liquidez detectada)
src.infrastructure.providers.mercado_data_provider | DEBUG | RTD: Detalhes completos registrados para BPACW547 (Liquidez detectada)
src.infrastructure.providers.mercado_data_provider | DEBUG | RTD: Detalhes completos registrados para BRKMT650 (Liquidez detectada)
src.infrastructure.providers.mercado_data_provider | DEBUG | RTD: Detalhes completos registrados para CSMGT450 (Liquidez detectada)
src.infrastructure.providers.mercado_data_provider | DEBUG | RTD: Detalhes completos registrados para CPFER522 (Liquidez detectada)
src.infrastructure.providers.mercado_data_provider | DEBUG | RTD: Detalhes completos registrados para CYRES234 (Liquidez detectada)
src.infrastructure.providers.mercado_data_provider | DEBUG | RTD: Detalhes completos registrados para CYRES219 (Liquidez detectada)
src.infrastructure.providers.mercado_data_provider | DEBUG | RTD: Detalhes completos registrados para CPFES402 (Liquidez detectada)
src.infrastructure.providers.mercado_data_provider | DEBUG | RTD: Detalhes completos registrados para BRAPV279 (Liquidez detectada)
src.infrastructure.providers.mercado_data_provider | DEBUG | RTD: Detalhes completos registrados para CSNAU905 (Liquidez detectada)
src.infrastructure.providers.mercado_data_provider | DEBUG | RTD: Detalhes completos registrados para BOVAS32 (Liquidez detectada)
src.infrastructure.providers.mercado_data_provider | DEBUG | RTD: Detalhes completos registrados para BRAPR254 (Liquidez detectada)
src.infrastructure.providers.mercado_data_provider | DEBUG | RTD: Detalhes completos registrados para BOVVR171 (Liquidez detectada)
src.infrastructure.providers.mercado_data_provider | DEBUG | RTD: Detalhes completos registrados para CSNAR612W4 (Liquidez detectada)
src.infrastructure.providers.mercado_data_provider | DEBUG | RTD: Detalhes completos registrados para BOVVS183 (Liquidez detectada)
src.infrastructure.providers.mercado_data_provider | DEBUG | RTD: Detalhes completos registrados para BRKMS790 (Liquidez detectada)
src.infrastructure.providers.mercado_data_provider | DEBUG | RTD: Detalhes completos registrados para CPFES472 (Liquidez detectada)
src.infrastructure.providers.mercado_data_provider | DEBUG | RTD: Detalhes completos registrados para BPACS566 (Liquidez detectada)
src.infrastructure.providers.mercado_data_provider | DEBUG | RTD: Detalhes completos registrados para BOVVR189 (Liquidez detectada)
src.infrastructure.providers.mercado_data_provider | DEBUG | RTD: Detalhes completos registrados para CXSEW146 (Liquidez detectada)
src.infrastructure.providers.mercado_data_provider | DEBUG | RTD: Detalhes completos registrados para CMINR530 (Liquidez detectada)
src.infrastructure.providers.mercado_data_provider | DEBUG | RTD: Detalhes completos registrados para CPFER472 (Liquidez detectada)
src.infrastructure.providers.mercado_data_provider | DEBUG | RTD: Detalhes completos registrados para BRKMS490 (Liquidez detectada)
src.infrastructure.providers.mercado_data_provider | DEBUG | RTD: Detalhes completos registrados para CSANR770 (Liquidez detectada)
src.infrastructure.providers.mercado_data_provider | DEBUG | RTD: Detalhes completos registrados para BPACR525W2 (Liquidez detectada)
src.infrastructure.providers.mercado_data_provider | DEBUG | RTD: Detalhes completos registrados para CPFES474 (Liquidez detectada)
src.infrastructure.providers.mercado_data_provider | DEBUG | RTD: Detalhes completos registrados para BOVAU67 (Liquidez detectada)
src.infrastructure.providers.mercado_data_provider | DEBUG | RTD: Detalhes completos registrados para BOVAW799 (Liquidez detectada)
src.infrastructure.providers.mercado_data_provider | DEBUG | RTD: Detalhes completos registrados para BRAPT257 (Liquidez detectada)
src.infrastructure.providers.mercado_data_provider | DEBUG | RTD: Detalhes completos registrados para BRKMR740 (Liquidez detectada)
src.infrastructure.providers.mercado_data_provider | DEBUG | RTD: Detalhes completos registrados para CURYR355 (Liquidez detectada)
src.infrastructure.providers.mercado_data_provider | DEBUG | RTD: Detalhes completos registrados para BPACU541 (Liquidez detectada)
src.infrastructure.providers.mercado_data_provider | DEBUG | RTD: Detalhes completos registrados para CVCBR350W2 (Liquidez detectada)
src.infrastructure.providers.mercado_data_provider | DEBUG | RTD: Detalhes completos registrados para COGNU550 (Liquidez detectada)
src.infrastructure.providers.mercado_data_provider | DEBUG | RTD: Detalhes completos registrados para BRKMS710 (Liquidez detectada)
src.infrastructure.providers.mercado_data_provider | DEBUG | RTD: Detalhes completos registrados para BOVAR945 (Liquidez detectada)
src.infrastructure.providers.mercado_data_provider | DEBUG | RTD: Detalhes completos registrados para BOVAR320 (Liquidez detectada)
src.infrastructure.providers.mercado_data_provider | DEBUG | RTD: Detalhes completos registrados para BRSRR174 (Liquidez detectada)
src.infrastructure.providers.mercado_data_provider | DEBUG | RTD: Detalhes completos registrados para CXSET21 (Liquidez detectada)
src.infrastructure.providers.mercado_data_provider | DEBUG | RTD: Detalhes completos registrados para BOVAR169W2 (Liquidez detectada)
src.infrastructure.providers.mercado_data_provider | DEBUG | RTD: Detalhes completos registrados para CVCBR330 (Liquidez detectada)
src.infrastructure.providers.mercado_data_provider | DEBUG | RTD: Detalhes completos registrados para CYRER310 (Liquidez detectada)
src.infrastructure.providers.mercado_data_provider | DEBUG | RTD: Detalhes completos registrados para BOVAU58 (Liquidez detectada)
src.infrastructure.providers.mercado_data_provider | DEBUG | RTD: Detalhes completos registrados para CSNAS600 (Liquidez detectada)
src.infrastructure.providers.mercado_data_provider | DEBUG | RTD: Detalhes completos registrados para CPLEW148 (Liquidez detectada)
src.infrastructure.providers.mercado_data_provider | DEBUG | RTD: Detalhes completos registrados para CSANR63 (Liquidez detectada)
src.infrastructure.providers.mercado_data_provider | DEBUG | RTD: Detalhes completos registrados para CMIGR194 (Liquidez detectada)
src.infrastructure.providers.mercado_data_provider | DEBUG | RTD: Detalhes completos registrados para CVCBS330 (Liquidez detectada)
src.infrastructure.providers.mercado_data_provider | DEBUG | RTD: Detalhes completos registrados para BPACR448 (Liquidez detectada)
src.infrastructure.providers.mercado_data_provider | DEBUG | RTD: Detalhes completos registrados para CSMGS498 (Liquidez detectada)
src.infrastructure.providers.mercado_data_provider | INFO | Varredura (Fast): 24337 monitored, 101 with book in 1.92s
src.infrastructure.providers.mercado_data_provider | INFO | RTD: Lote Onda 1 26000/51055 (Registros: 1880) em 10.99s.
src.infrastructure.providers.mercado_data_provider | INFO | Varredura (Fast): 26217 monitored, 106 with book in 0.01s
src.infrastructure.providers.mercado_data_provider | INFO | RTD: Lote Onda 1 28000/51055 (Registros: 1881) em 12.65s.
src.infrastructure.providers.mercado_data_provider | INFO | Varredura (Fast): 28098 monitored, 106 with book in 0.01s
src.infrastructure.providers.mercado_data_provider | INFO | RTD: Lote Onda 1 30000/51055 (Registros: 1864) em 12.64s.
src.infrastructure.providers.mercado_data_provider | DEBUG | RTD: Detalhes completos registrados para GOAUR725 (Liquidez detectada)
src.infrastructure.providers.mercado_data_provider | DEBUG | RTD: Detalhes completos registrados para ENEVR165 (Liquidez detectada)
src.infrastructure.providers.mercado_data_provider | DEBUG | RTD: Detalhes completos registrados para IGTIT284 (Liquidez detectada)
src.infrastructure.providers.mercado_data_provider | DEBUG | RTD: Detalhes completos registrados para GGBRS212 (Liquidez detectada)
src.infrastructure.providers.mercado_data_provider | DEBUG | RTD: Detalhes completos registrados para GGBRT210 (Liquidez detectada)
src.infrastructure.providers.mercado_data_provider | DEBUG | RTD: Detalhes completos registrados para GFSAV700 (Liquidez detectada)
src.infrastructure.providers.mercado_data_provider | DEBUG | RTD: Detalhes completos registrados para ITUBU422 (Liquidez detectada)
src.infrastructure.providers.mercado_data_provider | DEBUG | RTD: Detalhes completos registrados para EMBJS858 (Liquidez detectada)
src.infrastructure.providers.mercado_data_provider | DEBUG | RTD: Detalhes completos registrados para HASHS510 (Liquidez detectada)
src.infrastructure.providers.mercado_data_provider | DEBUG | RTD: Detalhes completos registrados para ITSAU105 (Liquidez detectada)
src.infrastructure.providers.mercado_data_provider | DEBUG | RTD: Detalhes completos registrados para ITSAR140W2 (Liquidez detectada)
src.infrastructure.providers.mercado_data_provider | DEBUG | RTD: Detalhes completos registrados para ITUBS389 (Liquidez detectada)
src.infrastructure.providers.mercado_data_provider | DEBUG | RTD: Detalhes completos registrados para DXCOT60 (Liquidez detectada)
src.infrastructure.providers.mercado_data_provider | DEBUG | RTD: Detalhes completos registrados para EMBJW869 (Liquidez detectada)
src.infrastructure.providers.mercado_data_provider | DEBUG | RTD: Detalhes completos registrados para GOAUR685 (Liquidez detectada)
src.infrastructure.providers.mercado_data_provider | DEBUG | RTD: Detalhes completos registrados para ITUBV482 (Liquidez detectada)
src.infrastructure.providers.mercado_data_provider | DEBUG | RTD: Detalhes completos registrados para EMBJS61 (Liquidez detectada)
src.infrastructure.providers.mercado_data_provider | DEBUG | RTD: Detalhes completos registrados para ITUBR421 (Liquidez detectada)
src.infrastructure.providers.mercado_data_provider | DEBUG | RTD: Detalhes completos registrados para DIRRT27 (Liquidez detectada)
src.infrastructure.providers.mercado_data_provider | DEBUG | RTD: Detalhes completos registrados para EMBJS111 (Liquidez detectada)
src.infrastructure.providers.mercado_data_provider | DEBUG | RTD: Detalhes completos registrados para ENEVR157 (Liquidez detectada)
src.infrastructure.providers.mercado_data_provider | DEBUG | RTD: Detalhes completos registrados para ITUBR192 (Liquidez detectada)
src.infrastructure.providers.mercado_data_provider | DEBUG | RTD: Detalhes completos registrados para ITSAS205 (Liquidez detectada)
src.infrastructure.providers.mercado_data_provider | DEBUG | RTD: Detalhes completos registrados para EMBJS104 (Liquidez detectada)
src.infrastructure.providers.mercado_data_provider | DEBUG | RTD: Detalhes completos registrados para ITUBU348 (Liquidez detectada)
src.infrastructure.providers.mercado_data_provider | DEBUG | RTD: Detalhes completos registrados para CYRET211 (Liquidez detectada)
src.infrastructure.providers.mercado_data_provider | DEBUG | RTD: Detalhes completos registrados para GGBRR195W2 (Liquidez detectada)
src.infrastructure.providers.mercado_data_provider | DEBUG | RTD: Detalhes completos registrados para EMBJW104 (Liquidez detectada)
src.infrastructure.providers.mercado_data_provider | DEBUG | RTD: Detalhes completos registrados para ENEVU167 (Liquidez detectada)
src.infrastructure.providers.mercado_data_provider | DEBUG | RTD: Detalhes completos registrados para EMBJS913 (Liquidez detectada)
src.infrastructure.providers.mercado_data_provider | DEBUG | RTD: Detalhes completos registrados para ITSAR132 (Liquidez detectada)
src.infrastructure.providers.mercado_data_provider | DEBUG | RTD: Detalhes completos registrados para ITUBS377W4 (Liquidez detectada)
src.infrastructure.providers.mercado_data_provider | DEBUG | RTD: Detalhes completos registrados para INTBS158 (Liquidez detectada)
src.infrastructure.providers.mercado_data_provider | DEBUG | RTD: Detalhes completos registrados para IRBRS501 (Liquidez detectada)
src.infrastructure.providers.mercado_data_provider | DEBUG | RTD: Detalhes completos registrados para IRBRS686 (Liquidez detectada)
src.infrastructure.providers.mercado_data_provider | DEBUG | RTD: Detalhes completos registrados para EMBJV653 (Liquidez detectada)
src.infrastructure.providers.mercado_data_provider | DEBUG | RTD: Detalhes completos registrados para HYPER231 (Liquidez detectada)
src.infrastructure.providers.mercado_data_provider | DEBUG | RTD: Detalhes completos registrados para JBSSS570 (Liquidez detectada)
src.infrastructure.providers.mercado_data_provider | DEBUG | RTD: Detalhes completos registrados para ITUBT371 (Liquidez detectada)
src.infrastructure.providers.mercado_data_provider | DEBUG | RTD: Detalhes completos registrados para EMBJS116 (Liquidez detectada)
src.infrastructure.providers.mercado_data_provider | DEBUG | RTD: Detalhes completos registrados para ITUBU412 (Liquidez detectada)
src.infrastructure.providers.mercado_data_provider | DEBUG | RTD: Detalhes completos registrados para ITUBR290 (Liquidez detectada)
src.infrastructure.providers.mercado_data_provider | DEBUG | RTD: Detalhes completos registrados para GGBRR214 (Liquidez detectada)
src.infrastructure.providers.mercado_data_provider | DEBUG | RTD: Detalhes completos registrados para HBORR277 (Liquidez detectada)
src.infrastructure.providers.mercado_data_provider | DEBUG | RTD: Detalhes completos registrados para ITUBR430 (Liquidez detectada)
src.infrastructure.providers.mercado_data_provider | DEBUG | RTD: Detalhes completos registrados para ITSAV110 (Liquidez detectada)
src.infrastructure.providers.mercado_data_provider | DEBUG | RTD: Detalhes completos registrados para CYRES254 (Liquidez detectada)
src.infrastructure.providers.mercado_data_provider | DEBUG | RTD: Detalhes completos registrados para EMBJS923 (Liquidez detectada)
src.infrastructure.providers.mercado_data_provider | DEBUG | RTD: Detalhes completos registrados para ITSAT143 (Liquidez detectada)
src.infrastructure.providers.mercado_data_provider | DEBUG | RTD: Detalhes completos registrados para IVVBU413 (Liquidez detectada)
src.infrastructure.providers.mercado_data_provider | DEBUG | RTD: Detalhes completos registrados para ITUBW323 (Liquidez detectada)
src.infrastructure.providers.mercado_data_provider | DEBUG | RTD: Detalhes completos registrados para ITSAS124W1 (Liquidez detectada)
src.infrastructure.providers.mercado_data_provider | DEBUG | RTD: Detalhes completos registrados para CYRES174 (Liquidez detectada)
src.infrastructure.providers.mercado_data_provider | DEBUG | RTD: Detalhes completos registrados para EMBJS115 (Liquidez detectada)
src.infrastructure.providers.mercado_data_provider | DEBUG | RTD: Detalhes completos registrados para DIRRU149 (Liquidez detectada)
src.infrastructure.providers.mercado_data_provider | DEBUG | RTD: Detalhes completos registrados para GGBRR283 (Liquidez detectada)
src.infrastructure.providers.mercado_data_provider | DEBUG | RTD: Detalhes completos registrados para ITSAT780 (Liquidez detectada)
src.infrastructure.providers.mercado_data_provider | DEBUG | RTD: Detalhes completos registrados para DIRRR140 (Liquidez detectada)
src.infrastructure.providers.mercado_data_provider | DEBUG | RTD: Detalhes completos registrados para EMBJR105 (Liquidez detectada)
src.infrastructure.providers.mercado_data_provider | DEBUG | RTD: Detalhes completos registrados para ENEVS275 (Liquidez detectada)
src.infrastructure.providers.mercado_data_provider | DEBUG | RTD: Detalhes completos registrados para EMBJR958 (Liquidez detectada)
src.infrastructure.providers.mercado_data_provider | DEBUG | RTD: Detalhes completos registrados para HASHW495 (Liquidez detectada)
src.infrastructure.providers.mercado_data_provider | DEBUG | RTD: Detalhes completos registrados para JBSSS800 (Liquidez detectada)
src.infrastructure.providers.mercado_data_provider | DEBUG | RTD: Detalhes completos registrados para ENEVR172 (Liquidez detectada)
src.infrastructure.providers.mercado_data_provider | DEBUG | RTD: Detalhes completos registrados para HAPVR90 (Liquidez detectada)
src.infrastructure.providers.mercado_data_provider | DEBUG | RTD: Detalhes completos registrados para EMBJW818 (Liquidez detectada)
src.infrastructure.providers.mercado_data_provider | DEBUG | RTD: Detalhes completos registrados para CYRES149 (Liquidez detectada)
src.infrastructure.providers.mercado_data_provider | DEBUG | RTD: Detalhes completos registrados para CYRER350 (Liquidez detectada)
src.infrastructure.providers.mercado_data_provider | DEBUG | RTD: Detalhes completos registrados para HAPVV117 (Liquidez detectada)
src.infrastructure.providers.mercado_data_provider | DEBUG | RTD: Detalhes completos registrados para ITUBU392 (Liquidez detectada)
src.infrastructure.providers.mercado_data_provider | DEBUG | RTD: Detalhes completos registrados para ENEVW182 (Liquidez detectada)
src.infrastructure.providers.mercado_data_provider | DEBUG | RTD: Detalhes completos registrados para ITUBR483W2 (Liquidez detectada)
src.infrastructure.providers.mercado_data_provider | DEBUG | RTD: Detalhes completos registrados para DIRRR998 (Liquidez detectada)
src.infrastructure.providers.mercado_data_provider | DEBUG | RTD: Detalhes completos registrados para ITUBU31 (Liquidez detectada)
src.infrastructure.providers.mercado_data_provider | DEBUG | RTD: Detalhes completos registrados para ITSAR982 (Liquidez detectada)
src.infrastructure.providers.mercado_data_provider | DEBUG | RTD: Detalhes completos registrados para CYRES292 (Liquidez detectada)
src.infrastructure.providers.mercado_data_provider | DEBUG | RTD: Detalhes completos registrados para ITUBS429 (Liquidez detectada)
src.infrastructure.providers.mercado_data_provider | DEBUG | RTD: Detalhes completos registrados para EMBJU108 (Liquidez detectada)
src.infrastructure.providers.mercado_data_provider | DEBUG | RTD: Detalhes completos registrados para ITSAS758 (Liquidez detectada)
src.infrastructure.providers.mercado_data_provider | DEBUG | RTD: Detalhes completos registrados para GOAUU905 (Liquidez detectada)
src.infrastructure.providers.mercado_data_provider | DEBUG | RTD: Detalhes completos registrados para ITUBR441W2 (Liquidez detectada)
src.infrastructure.providers.mercado_data_provider | DEBUG | RTD: Detalhes completos registrados para EMBJR113 (Liquidez detectada)
src.infrastructure.providers.mercado_data_provider | DEBUG | RTD: Detalhes completos registrados para ITSAT900 (Liquidez detectada)
src.infrastructure.providers.mercado_data_provider | DEBUG | RTD: Detalhes completos registrados para ITUBR410 (Liquidez detectada)
src.infrastructure.providers.mercado_data_provider | DEBUG | RTD: Detalhes completos registrados para ECORR112 (Liquidez detectada)
src.infrastructure.providers.mercado_data_provider | DEBUG | RTD: Detalhes completos registrados para ITUBS440 (Liquidez detectada)
src.infrastructure.providers.mercado_data_provider | DEBUG | RTD: Detalhes completos registrados para CYRER198 (Liquidez detectada)
src.infrastructure.providers.mercado_data_provider | DEBUG | RTD: Detalhes completos registrados para HYPES245 (Liquidez detectada)
src.infrastructure.providers.mercado_data_provider | DEBUG | RTD: Detalhes completos registrados para DIRRU137 (Liquidez detectada)
src.infrastructure.providers.mercado_data_provider | DEBUG | RTD: Detalhes completos registrados para CYRET173 (Liquidez detectada)
src.infrastructure.providers.mercado_data_provider | DEBUG | RTD: Detalhes completos registrados para IGTIS339 (Liquidez detectada)
src.infrastructure.providers.mercado_data_provider | DEBUG | RTD: Detalhes completos registrados para DIRRR150 (Liquidez detectada)
src.infrastructure.providers.mercado_data_provider | DEBUG | RTD: Detalhes completos registrados para GFSAS305 (Liquidez detectada)
src.infrastructure.providers.mercado_data_provider | DEBUG | RTD: Detalhes completos registrados para ENEVV167 (Liquidez detectada)
src.infrastructure.providers.mercado_data_provider | DEBUG | RTD: Detalhes completos registrados para HAPVS250 (Liquidez detectada)
src.infrastructure.providers.mercado_data_provider | DEBUG | RTD: Detalhes completos registrados para ITUBW431 (Liquidez detectada)
src.infrastructure.providers.mercado_data_provider | DEBUG | RTD: Detalhes completos registrados para ISAET304 (Liquidez detectada)
src.infrastructure.providers.mercado_data_provider | DEBUG | RTD: Detalhes completos registrados para HASHR470 (Liquidez detectada)
src.infrastructure.providers.mercado_data_provider | DEBUG | RTD: Detalhes completos registrados para GFSAW600 (Liquidez detectada)
src.infrastructure.providers.mercado_data_provider | DEBUG | RTD: Detalhes completos registrados para EGIER324 (Liquidez detectada)
src.infrastructure.providers.mercado_data_provider | DEBUG | RTD: Detalhes completos registrados para EMBJR453 (Liquidez detectada)
src.infrastructure.providers.mercado_data_provider | DEBUG | RTD: Detalhes completos registrados para GGBRS145 (Liquidez detectada)
src.infrastructure.providers.mercado_data_provider | DEBUG | RTD: Detalhes completos registrados para ITSAS996 (Liquidez detectada)
src.infrastructure.providers.mercado_data_provider | DEBUG | RTD: Detalhes completos registrados para CYRES284 (Liquidez detectada)
src.infrastructure.providers.mercado_data_provider | DEBUG | RTD: Detalhes completos registrados para GFSAW30 (Liquidez detectada)
src.infrastructure.providers.mercado_data_provider | DEBUG | RTD: Detalhes completos registrados para INBRS354 (Liquidez detectada)
src.infrastructure.providers.mercado_data_provider | DEBUG | RTD: Detalhes completos registrados para EMBJS948 (Liquidez detectada)
src.infrastructure.providers.mercado_data_provider | DEBUG | RTD: Detalhes completos registrados para IGTIS254 (Liquidez detectada)
src.infrastructure.providers.mercado_data_provider | DEBUG | RTD: Detalhes completos registrados para ITUBR428W2 (Liquidez detectada)
src.infrastructure.providers.mercado_data_provider | DEBUG | RTD: Detalhes completos registrados para ITUBT523 (Liquidez detectada)
src.infrastructure.providers.mercado_data_provider | DEBUG | RTD: Detalhes completos registrados para HBORR307 (Liquidez detectada)
src.infrastructure.providers.mercado_data_provider | DEBUG | RTD: Detalhes completos registrados para GOAUR860 (Liquidez detectada)
src.infrastructure.providers.mercado_data_provider | DEBUG | RTD: Detalhes completos registrados para ENEVS155 (Liquidez detectada)
src.infrastructure.providers.mercado_data_provider | DEBUG | RTD: Detalhes completos registrados para ENEVT225 (Liquidez detectada)
src.infrastructure.providers.mercado_data_provider | DEBUG | RTD: Detalhes completos registrados para EMBJR463 (Liquidez detectada)
src.infrastructure.providers.mercado_data_provider | DEBUG | RTD: Detalhes completos registrados para EMBJV61 (Liquidez detectada)
src.infrastructure.providers.mercado_data_provider | DEBUG | RTD: Detalhes completos registrados para ITUBR448W2 (Liquidez detectada)
src.infrastructure.providers.mercado_data_provider | DEBUG | RTD: Detalhes completos registrados para IGTIS281 (Liquidez detectada)
src.infrastructure.providers.mercado_data_provider | DEBUG | RTD: Detalhes completos registrados para DXCOW140 (Liquidez detectada)
src.infrastructure.providers.mercado_data_provider | DEBUG | RTD: Detalhes completos registrados para GOAUS910 (Liquidez detectada)
src.infrastructure.providers.mercado_data_provider | DEBUG | RTD: Detalhes completos registrados para ITSAR920 (Liquidez detectada)
src.infrastructure.providers.mercado_data_provider | DEBUG | RTD: Detalhes completos registrados para ISAEV314 (Liquidez detectada)
src.infrastructure.providers.mercado_data_provider | DEBUG | RTD: Detalhes completos registrados para IRBRS531 (Liquidez detectada)
src.infrastructure.providers.mercado_data_provider | DEBUG | RTD: Detalhes completos registrados para ITUBU364 (Liquidez detectada)
src.infrastructure.providers.mercado_data_provider | DEBUG | RTD: Detalhes completos registrados para GOAUR164 (Liquidez detectada)
src.infrastructure.providers.mercado_data_provider | DEBUG | RTD: Detalhes completos registrados para ITUBS378 (Liquidez detectada)
src.infrastructure.providers.mercado_data_provider | DEBUG | RTD: Detalhes completos registrados para HBSAR30 (Liquidez detectada)
src.infrastructure.providers.mercado_data_provider | DEBUG | RTD: Detalhes completos registrados para ITUBS404 (Liquidez detectada)
src.infrastructure.providers.mercado_data_provider | DEBUG | RTD: Detalhes completos registrados para ITUBS190 (Liquidez detectada)
src.infrastructure.providers.mercado_data_provider | DEBUG | RTD: Detalhes completos registrados para ITUBS333 (Liquidez detectada)
src.infrastructure.providers.mercado_data_provider | DEBUG | RTD: Detalhes completos registrados para EMBJS698 (Liquidez detectada)
src.infrastructure.providers.mercado_data_provider | DEBUG | RTD: Detalhes completos registrados para CYRER148 (Liquidez detectada)
src.infrastructure.providers.mercado_data_provider | DEBUG | RTD: Detalhes completos registrados para DASAR330 (Liquidez detectada)
src.infrastructure.providers.mercado_data_provider | DEBUG | RTD: Detalhes completos registrados para HYPEU243 (Liquidez detectada)
src.infrastructure.providers.mercado_data_provider | DEBUG | RTD: Detalhes completos registrados para ITSAW100 (Liquidez detectada)
src.infrastructure.providers.mercado_data_provider | DEBUG | RTD: Detalhes completos registrados para ITSAR152 (Liquidez detectada)
src.infrastructure.providers.mercado_data_provider | DEBUG | RTD: Detalhes completos registrados para ITSAU100 (Liquidez detectada)
src.infrastructure.providers.mercado_data_provider | DEBUG | RTD: Detalhes completos registrados para ENEVR252 (Liquidez detectada)
src.infrastructure.providers.mercado_data_provider | DEBUG | RTD: Detalhes completos registrados para EMBJR978 (Liquidez detectada)
src.infrastructure.providers.mercado_data_provider | DEBUG | RTD: Detalhes completos registrados para ITUBS886 (Liquidez detectada)
src.infrastructure.providers.mercado_data_provider | DEBUG | RTD: Detalhes completos registrados para CYREU901 (Liquidez detectada)
src.infrastructure.providers.mercado_data_provider | DEBUG | RTD: Detalhes completos registrados para ITSAS134 (Liquidez detectada)
src.infrastructure.providers.mercado_data_provider | DEBUG | RTD: Detalhes completos registrados para DXCOR447 (Liquidez detectada)
src.infrastructure.providers.mercado_data_provider | DEBUG | RTD: Detalhes completos registrados para ITUBR468W2 (Liquidez detectada)
src.infrastructure.providers.mercado_data_provider | DEBUG | RTD: Detalhes completos registrados para CYRER215W4 (Liquidez detectada)
src.infrastructure.providers.mercado_data_provider | DEBUG | RTD: Detalhes completos registrados para ITUBT422 (Liquidez detectada)
src.infrastructure.providers.mercado_data_provider | DEBUG | RTD: Detalhes completos registrados para GGBRS192 (Liquidez detectada)
src.infrastructure.providers.mercado_data_provider | DEBUG | RTD: Detalhes completos registrados para FESAR758 (Liquidez detectada)
src.infrastructure.providers.mercado_data_provider | DEBUG | RTD: Detalhes completos registrados para CYRES229 (Liquidez detectada)
src.infrastructure.providers.mercado_data_provider | DEBUG | RTD: Detalhes completos registrados para ENGIR556 (Liquidez detectada)
src.infrastructure.providers.mercado_data_provider | DEBUG | RTD: Detalhes completos registrados para ITSAR820 (Liquidez detectada)
src.infrastructure.providers.mercado_data_provider | DEBUG | RTD: Detalhes completos registrados para CYRES277 (Liquidez detectada)
src.infrastructure.providers.mercado_data_provider | DEBUG | RTD: Detalhes completos registrados para ITSAU10 (Liquidez detectada)
src.infrastructure.providers.mercado_data_provider | DEBUG | RTD: Detalhes completos registrados para EQTLR374 (Liquidez detectada)
src.infrastructure.providers.mercado_data_provider | DEBUG | RTD: Detalhes completos registrados para CYRER175 (Liquidez detectada)
src.infrastructure.providers.mercado_data_provider | DEBUG | RTD: Detalhes completos registrados para ITSAR130W2 (Liquidez detectada)
src.infrastructure.providers.mercado_data_provider | DEBUG | RTD: Detalhes completos registrados para CYREU996 (Liquidez detectada)
src.infrastructure.providers.mercado_data_provider | DEBUG | RTD: Detalhes completos registrados para ITUBS424 (Liquidez detectada)
src.infrastructure.providers.mercado_data_provider | DEBUG | RTD: Detalhes completos registrados para ITUBW484 (Liquidez detectada)
src.infrastructure.providers.mercado_data_provider | DEBUG | RTD: Detalhes completos registrados para EMBJU868 (Liquidez detectada)
src.infrastructure.providers.mercado_data_provider | DEBUG | RTD: Detalhes completos registrados para ITUBW481 (Liquidez detectada)
src.infrastructure.providers.mercado_data_provider | DEBUG | RTD: Detalhes completos registrados para IVVBW40 (Liquidez detectada)
src.infrastructure.providers.mercado_data_provider | DEBUG | RTD: Detalhes completos registrados para FESAR858 (Liquidez detectada)
src.infrastructure.providers.mercado_data_provider | DEBUG | RTD: Detalhes completos registrados para ITUBR429 (Liquidez detectada)
src.infrastructure.providers.mercado_data_provider | DEBUG | RTD: Detalhes completos registrados para GFSAS350 (Liquidez detectada)
src.infrastructure.providers.mercado_data_provider | DEBUG | RTD: Detalhes completos registrados para CYRER222W2 (Liquidez detectada)
src.infrastructure.providers.mercado_data_provider | DEBUG | RTD: Detalhes completos registrados para ITSAS11 (Liquidez detectada)
src.infrastructure.providers.mercado_data_provider | DEBUG | RTD: Detalhes completos registrados para HAPVS145 (Liquidez detectada)
src.infrastructure.providers.mercado_data_provider | DEBUG | RTD: Detalhes completos registrados para GOAUR655 (Liquidez detectada)
src.infrastructure.providers.mercado_data_provider | DEBUG | RTD: Detalhes completos registrados para FLRYS149 (Liquidez detectada)
src.infrastructure.providers.mercado_data_provider | DEBUG | RTD: Detalhes completos registrados para HAPVR890 (Liquidez detectada)
src.infrastructure.providers.mercado_data_provider | DEBUG | RTD: Detalhes completos registrados para ITSAR125 (Liquidez detectada)
src.infrastructure.providers.mercado_data_provider | DEBUG | RTD: Detalhes completos registrados para ITUBS427W2 (Liquidez detectada)
src.infrastructure.providers.mercado_data_provider | DEBUG | RTD: Detalhes completos registrados para EMBJR913 (Liquidez detectada)
src.infrastructure.providers.mercado_data_provider | DEBUG | RTD: Detalhes completos registrados para EMBJU554 (Liquidez detectada)
src.infrastructure.providers.mercado_data_provider | DEBUG | RTD: Detalhes completos registrados para HYPEW182 (Liquidez detectada)
src.infrastructure.providers.mercado_data_provider | DEBUG | RTD: Detalhes completos registrados para ENEVS290 (Liquidez detectada)
src.infrastructure.providers.mercado_data_provider | DEBUG | RTD: Detalhes completos registrados para EQTLR329 (Liquidez detectada)
src.infrastructure.providers.mercado_data_provider | DEBUG | RTD: Detalhes completos registrados para ENGIR423 (Liquidez detectada)
src.infrastructure.providers.mercado_data_provider | DEBUG | RTD: Detalhes completos registrados para EQTLS354 (Liquidez detectada)
src.infrastructure.providers.mercado_data_provider | DEBUG | RTD: Detalhes completos registrados para CYRET338 (Liquidez detectada)
src.infrastructure.providers.mercado_data_provider | DEBUG | RTD: Detalhes completos registrados para EMBJR908 (Liquidez detectada)
src.infrastructure.providers.mercado_data_provider | DEBUG | RTD: Detalhes completos registrados para ITSAT760 (Liquidez detectada)
src.infrastructure.providers.mercado_data_provider | DEBUG | RTD: Detalhes completos registrados para ITUBR458W2 (Liquidez detectada)
src.infrastructure.providers.mercado_data_provider | DEBUG | RTD: Detalhes completos registrados para IRBRS481 (Liquidez detectada)
src.infrastructure.providers.mercado_data_provider | DEBUG | RTD: Detalhes completos registrados para ITUBS394W1 (Liquidez detectada)
src.infrastructure.providers.mercado_data_provider | DEBUG | RTD: Detalhes completos registrados para EMBJW849 (Liquidez detectada)
src.infrastructure.providers.mercado_data_provider | DEBUG | RTD: Detalhes completos registrados para EMBJS813 (Liquidez detectada)
src.infrastructure.providers.mercado_data_provider | DEBUG | RTD: Detalhes completos registrados para CYRER305 (Liquidez detectada)
src.infrastructure.providers.mercado_data_provider | DEBUG | RTD: Detalhes completos registrados para ITUBR550 (Liquidez detectada)
src.infrastructure.providers.mercado_data_provider | DEBUG | RTD: Detalhes completos registrados para ISAER260 (Liquidez detectada)
src.infrastructure.providers.mercado_data_provider | DEBUG | RTD: Detalhes completos registrados para CYRER300 (Liquidez detectada)
src.infrastructure.providers.mercado_data_provider | DEBUG | RTD: Detalhes completos registrados para DIRRR148 (Liquidez detectada)
src.infrastructure.providers.mercado_data_provider | DEBUG | RTD: Detalhes completos registrados para GOAUS149 (Liquidez detectada)
src.infrastructure.providers.mercado_data_provider | DEBUG | RTD: Detalhes completos registrados para CYREU200 (Liquidez detectada)
src.infrastructure.providers.mercado_data_provider | DEBUG | RTD: Detalhes completos registrados para CYRES239W4 (Liquidez detectada)
src.infrastructure.providers.mercado_data_provider | DEBUG | RTD: Detalhes completos registrados para ITSAR130 (Liquidez detectada)
src.infrastructure.providers.mercado_data_provider | DEBUG | RTD: Detalhes completos registrados para EMBJR174 (Liquidez detectada)
src.infrastructure.providers.mercado_data_provider | DEBUG | RTD: Detalhes completos registrados para EMBJV908 (Liquidez detectada)
src.infrastructure.providers.mercado_data_provider | DEBUG | RTD: Detalhes completos registrados para ENEVR185 (Liquidez detectada)
src.infrastructure.providers.mercado_data_provider | DEBUG | RTD: Detalhes completos registrados para GMATV60 (Liquidez detectada)
src.infrastructure.providers.mercado_data_provider | DEBUG | RTD: Detalhes completos registrados para FESAV80 (Liquidez detectada)
src.infrastructure.providers.mercado_data_provider | DEBUG | RTD: Detalhes completos registrados para DIRRV122 (Liquidez detectada)
src.infrastructure.providers.mercado_data_provider | DEBUG | RTD: Detalhes completos registrados para ITSAR185 (Liquidez detectada)
src.infrastructure.providers.mercado_data_provider | DEBUG | RTD: Detalhes completos registrados para ENEVS197 (Liquidez detectada)
src.infrastructure.providers.mercado_data_provider | DEBUG | RTD: Detalhes completos registrados para ITSAU103 (Liquidez detectada)
src.infrastructure.providers.mercado_data_provider | DEBUG | RTD: Detalhes completos registrados para ITSAU166 (Liquidez detectada)
src.infrastructure.providers.mercado_data_provider | DEBUG | RTD: Detalhes completos registrados para ITSAT860 (Liquidez detectada)
src.infrastructure.providers.mercado_data_provider | DEBUG | RTD: Detalhes completos registrados para ECORS102 (Liquidez detectada)
src.infrastructure.providers.mercado_data_provider | DEBUG | RTD: Detalhes completos registrados para ISAES257 (Liquidez detectada)
src.infrastructure.providers.mercado_data_provider | DEBUG | RTD: Detalhes completos registrados para ITUBR433W2 (Liquidez detectada)
src.infrastructure.providers.mercado_data_provider | DEBUG | RTD: Detalhes completos registrados para EMBJS753 (Liquidez detectada)
src.infrastructure.providers.mercado_data_provider | DEBUG | RTD: Detalhes completos registrados para CYRET191 (Liquidez detectada)
src.infrastructure.providers.mercado_data_provider | DEBUG | RTD: Detalhes completos registrados para GGBRW298 (Liquidez detectada)
src.infrastructure.providers.mercado_data_provider | DEBUG | RTD: Detalhes completos registrados para ENEVR160 (Liquidez detectada)
src.infrastructure.providers.mercado_data_provider | DEBUG | RTD: Detalhes completos registrados para ISAES467 (Liquidez detectada)
src.infrastructure.providers.mercado_data_provider | DEBUG | RTD: Detalhes completos registrados para ITUBR395 (Liquidez detectada)
src.infrastructure.providers.mercado_data_provider | DEBUG | RTD: Detalhes completos registrados para ITUBR296 (Liquidez detectada)
src.infrastructure.providers.mercado_data_provider | DEBUG | RTD: Detalhes completos registrados para ENEVR170 (Liquidez detectada)
src.infrastructure.providers.mercado_data_provider | DEBUG | RTD: Detalhes completos registrados para ITSAS110 (Liquidez detectada)
src.infrastructure.providers.mercado_data_provider | DEBUG | RTD: Detalhes completos registrados para HASHT510 (Liquidez detectada)
src.infrastructure.providers.mercado_data_provider | DEBUG | RTD: Detalhes completos registrados para ITUBS395 (Liquidez detectada)
src.infrastructure.providers.mercado_data_provider | DEBUG | RTD: Detalhes completos registrados para EMBJW984 (Liquidez detectada)
src.infrastructure.providers.mercado_data_provider | DEBUG | RTD: Detalhes completos registrados para HASHR530 (Liquidez detectada)
src.infrastructure.providers.mercado_data_provider | DEBUG | RTD: Detalhes completos registrados para ITUBS490 (Liquidez detectada)
src.infrastructure.providers.mercado_data_provider | DEBUG | RTD: Detalhes completos registrados para GGBRV212 (Liquidez detectada)
src.infrastructure.providers.mercado_data_provider | DEBUG | RTD: Detalhes completos registrados para ITUBR491W2 (Liquidez detectada)
src.infrastructure.providers.mercado_data_provider | DEBUG | RTD: Detalhes completos registrados para GGBRR202 (Liquidez detectada)
src.infrastructure.providers.mercado_data_provider | DEBUG | RTD: Detalhes completos registrados para ITSAS129W1 (Liquidez detectada)
src.infrastructure.providers.mercado_data_provider | DEBUG | RTD: Detalhes completos registrados para DIRRR27 (Liquidez detectada)
src.infrastructure.providers.mercado_data_provider | DEBUG | RTD: Detalhes completos registrados para ENGIR546 (Liquidez detectada)
src.infrastructure.providers.mercado_data_provider | DEBUG | RTD: Detalhes completos registrados para HAPVS920 (Liquidez detectada)
src.infrastructure.providers.mercado_data_provider | DEBUG | RTD: Detalhes completos registrados para ITSAU113 (Liquidez detectada)
src.infrastructure.providers.mercado_data_provider | DEBUG | RTD: Detalhes completos registrados para HAPVR115 (Liquidez detectada)
src.infrastructure.providers.mercado_data_provider | DEBUG | RTD: Detalhes completos registrados para ITUBU302 (Liquidez detectada)
src.infrastructure.providers.mercado_data_provider | DEBUG | RTD: Detalhes completos registrados para EQTLT479 (Liquidez detectada)
src.infrastructure.providers.mercado_data_provider | DEBUG | RTD: Detalhes completos registrados para HASHR560 (Liquidez detectada)
src.infrastructure.providers.mercado_data_provider | DEBUG | RTD: Detalhes completos registrados para IRBRR465 (Liquidez detectada)
src.infrastructure.providers.mercado_data_provider | DEBUG | RTD: Detalhes completos registrados para EMBJR863 (Liquidez detectada)
src.infrastructure.providers.mercado_data_provider | DEBUG | RTD: Detalhes completos registrados para EMBJR115 (Liquidez detectada)
src.infrastructure.providers.mercado_data_provider | DEBUG | RTD: Detalhes completos registrados para DIRRS138 (Liquidez detectada)
src.infrastructure.providers.mercado_data_provider | DEBUG | RTD: Detalhes completos registrados para EMBJR828 (Liquidez detectada)
src.infrastructure.providers.mercado_data_provider | DEBUG | RTD: Detalhes completos registrados para ITUBR396 (Liquidez detectada)
src.infrastructure.providers.mercado_data_provider | DEBUG | RTD: Detalhes completos registrados para ITSAT128 (Liquidez detectada)
src.infrastructure.providers.mercado_data_provider | DEBUG | RTD: Detalhes completos registrados para ENEVS235 (Liquidez detectada)
src.infrastructure.providers.mercado_data_provider | DEBUG | RTD: Detalhes completos registrados para ITSAR118 (Liquidez detectada)
src.infrastructure.providers.mercado_data_provider | DEBUG | RTD: Detalhes completos registrados para ENEVU150 (Liquidez detectada)
src.infrastructure.providers.mercado_data_provider | DEBUG | RTD: Detalhes completos registrados para ITUBT36 (Liquidez detectada)
src.infrastructure.providers.mercado_data_provider | DEBUG | RTD: Detalhes completos registrados para ITUBV416 (Liquidez detectada)
src.infrastructure.providers.mercado_data_provider | DEBUG | RTD: Detalhes completos registrados para EQTLS374 (Liquidez detectada)
src.infrastructure.providers.mercado_data_provider | DEBUG | RTD: Detalhes completos registrados para ENEVR182 (Liquidez detectada)
src.infrastructure.providers.mercado_data_provider | DEBUG | RTD: Detalhes completos registrados para HASHR480 (Liquidez detectada)
src.infrastructure.providers.mercado_data_provider | DEBUG | RTD: Detalhes completos registrados para ITUBS399 (Liquidez detectada)
src.infrastructure.providers.mercado_data_provider | DEBUG | RTD: Detalhes completos registrados para FESAR798 (Liquidez detectada)
src.infrastructure.providers.mercado_data_provider | DEBUG | RTD: Detalhes completos registrados para GGBRR174 (Liquidez detectada)
src.infrastructure.providers.mercado_data_provider | DEBUG | RTD: Detalhes completos registrados para EMBJV868 (Liquidez detectada)
src.infrastructure.providers.mercado_data_provider | DEBUG | RTD: Detalhes completos registrados para GOAUT139 (Liquidez detectada)
src.infrastructure.providers.mercado_data_provider | DEBUG | RTD: Detalhes completos registrados para ITUBS338 (Liquidez detectada)
src.infrastructure.providers.mercado_data_provider | DEBUG | RTD: Detalhes completos registrados para EMBJR938 (Liquidez detectada)
src.infrastructure.providers.mercado_data_provider | DEBUG | RTD: Detalhes completos registrados para DIRRW27 (Liquidez detectada)
src.infrastructure.providers.mercado_data_provider | DEBUG | RTD: Detalhes completos registrados para DIRRT150 (Liquidez detectada)
src.infrastructure.providers.mercado_data_provider | DEBUG | RTD: Detalhes completos registrados para ITUBS390W4 (Liquidez detectada)
src.infrastructure.providers.mercado_data_provider | DEBUG | RTD: Detalhes completos registrados para ITSAR750 (Liquidez detectada)
src.infrastructure.providers.mercado_data_provider | DEBUG | RTD: Detalhes completos registrados para ENEVR110 (Liquidez detectada)
src.infrastructure.providers.mercado_data_provider | DEBUG | RTD: Detalhes completos registrados para DIRRS998 (Liquidez detectada)
src.infrastructure.providers.mercado_data_provider | DEBUG | RTD: Detalhes completos registrados para ENEVW190 (Liquidez detectada)
src.infrastructure.providers.mercado_data_provider | DEBUG | RTD: Detalhes completos registrados para CYREU227 (Liquidez detectada)
src.infrastructure.providers.mercado_data_provider | DEBUG | RTD: Detalhes completos registrados para EMBJR833 (Liquidez detectada)
src.infrastructure.providers.mercado_data_provider | DEBUG | RTD: Detalhes completos registrados para ENEVU160 (Liquidez detectada)
src.infrastructure.providers.mercado_data_provider | DEBUG | RTD: Detalhes completos registrados para ITUBW208 (Liquidez detectada)
src.infrastructure.providers.mercado_data_provider | DEBUG | RTD: Detalhes completos registrados para HBORR257 (Liquidez detectada)
src.infrastructure.providers.mercado_data_provider | DEBUG | RTD: Detalhes completos registrados para ITUBR314 (Liquidez detectada)
src.infrastructure.providers.mercado_data_provider | DEBUG | RTD: Detalhes completos registrados para ITUBR375 (Liquidez detectada)
src.infrastructure.providers.mercado_data_provider | DEBUG | RTD: Detalhes completos registrados para ENEVU225 (Liquidez detectada)
src.infrastructure.providers.mercado_data_provider | DEBUG | RTD: Detalhes completos registrados para EMBJT503 (Liquidez detectada)
src.infrastructure.providers.mercado_data_provider | DEBUG | RTD: Detalhes completos registrados para GGBRR22 (Liquidez detectada)
src.infrastructure.providers.mercado_data_provider | DEBUG | RTD: Detalhes completos registrados para GGBRS182 (Liquidez detectada)
src.infrastructure.providers.mercado_data_provider | DEBUG | RTD: Detalhes completos registrados para ITUBS206 (Liquidez detectada)
src.infrastructure.providers.mercado_data_provider | DEBUG | RTD: Detalhes completos registrados para GMATW60 (Liquidez detectada)
src.infrastructure.providers.mercado_data_provider | DEBUG | RTD: Detalhes completos registrados para ITSAS118 (Liquidez detectada)
src.infrastructure.providers.mercado_data_provider | DEBUG | RTD: Detalhes completos registrados para GGBRT175 (Liquidez detectada)
src.infrastructure.providers.mercado_data_provider | DEBUG | RTD: Detalhes completos registrados para ITSAR145 (Liquidez detectada)
src.infrastructure.providers.mercado_data_provider | DEBUG | RTD: Detalhes completos registrados para ENGIR551 (Liquidez detectada)
src.infrastructure.providers.mercado_data_provider | DEBUG | RTD: Detalhes completos registrados para ENGIT541 (Liquidez detectada)
src.infrastructure.providers.mercado_data_provider | DEBUG | RTD: Detalhes completos registrados para DASAS20 (Liquidez detectada)
src.infrastructure.providers.mercado_data_provider | DEBUG | RTD: Detalhes completos registrados para EMBJS898 (Liquidez detectada)
src.infrastructure.providers.mercado_data_provider | DEBUG | RTD: Detalhes completos registrados para ITSAS124 (Liquidez detectada)
src.infrastructure.providers.mercado_data_provider | DEBUG | RTD: Detalhes completos registrados para GGBRR172 (Liquidez detectada)
src.infrastructure.providers.mercado_data_provider | DEBUG | RTD: Detalhes completos registrados para IVVBW453 (Liquidez detectada)
src.infrastructure.providers.mercado_data_provider | DEBUG | RTD: Detalhes completos registrados para ITUBS308 (Liquidez detectada)
src.infrastructure.providers.mercado_data_provider | DEBUG | RTD: Detalhes completos registrados para GGBRU199 (Liquidez detectada)
src.infrastructure.providers.mercado_data_provider | DEBUG | RTD: Detalhes completos registrados para GGBRR134 (Liquidez detectada)
src.infrastructure.providers.mercado_data_provider | DEBUG | RTD: Detalhes completos registrados para ENEVR242 (Liquidez detectada)
src.infrastructure.providers.mercado_data_provider | DEBUG | RTD: Detalhes completos registrados para EMBJR610 (Liquidez detectada)
src.infrastructure.providers.mercado_data_provider | DEBUG | RTD: Detalhes completos registrados para GOAUU103 (Liquidez detectada)
src.infrastructure.providers.mercado_data_provider | DEBUG | RTD: Detalhes completos registrados para ITSAR135W2 (Liquidez detectada)
src.infrastructure.providers.mercado_data_provider | DEBUG | RTD: Detalhes completos registrados para EMBJS893 (Liquidez detectada)
src.infrastructure.providers.mercado_data_provider | DEBUG | RTD: Detalhes completos registrados para GGBRR296 (Liquidez detectada)
src.infrastructure.providers.mercado_data_provider | DEBUG | RTD: Detalhes completos registrados para GGBRT191 (Liquidez detectada)
src.infrastructure.providers.mercado_data_provider | DEBUG | RTD: Detalhes completos registrados para DIRRR130 (Liquidez detectada)
src.infrastructure.providers.mercado_data_provider | DEBUG | RTD: Detalhes completos registrados para ITSAS155 (Liquidez detectada)
src.infrastructure.providers.mercado_data_provider | DEBUG | RTD: Detalhes completos registrados para GGBRV22 (Liquidez detectada)
src.infrastructure.providers.mercado_data_provider | DEBUG | RTD: Detalhes completos registrados para ITUBT333 (Liquidez detectada)
src.infrastructure.providers.mercado_data_provider | DEBUG | RTD: Detalhes completos registrados para EMBJR125 (Liquidez detectada)
src.infrastructure.providers.mercado_data_provider | DEBUG | RTD: Detalhes completos registrados para CYRER170 (Liquidez detectada)
src.infrastructure.providers.mercado_data_provider | DEBUG | RTD: Detalhes completos registrados para HAPVR157 (Liquidez detectada)
src.infrastructure.providers.mercado_data_provider | DEBUG | RTD: Detalhes completos registrados para GGBRR163 (Liquidez detectada)
src.infrastructure.providers.mercado_data_provider | DEBUG | RTD: Detalhes completos registrados para ITUBR359 (Liquidez detectada)
src.infrastructure.providers.mercado_data_provider | DEBUG | RTD: Detalhes completos registrados para ITUBR476W2 (Liquidez detectada)
src.infrastructure.providers.mercado_data_provider | DEBUG | RTD: Detalhes completos registrados para CYRER365 (Liquidez detectada)
src.infrastructure.providers.mercado_data_provider | DEBUG | RTD: Detalhes completos registrados para GOAUS860 (Liquidez detectada)
src.infrastructure.providers.mercado_data_provider | DEBUG | RTD: Detalhes completos registrados para EMBJR728 (Liquidez detectada)
src.infrastructure.providers.mercado_data_provider | DEBUG | RTD: Detalhes completos registrados para EMBJT929 (Liquidez detectada)
src.infrastructure.providers.mercado_data_provider | DEBUG | RTD: Detalhes completos registrados para EMBJR853 (Liquidez detectada)
src.infrastructure.providers.mercado_data_provider | DEBUG | RTD: Detalhes completos registrados para EMBJR110 (Liquidez detectada)
src.infrastructure.providers.mercado_data_provider | DEBUG | RTD: Detalhes completos registrados para HBORT395 (Liquidez detectada)
src.infrastructure.providers.mercado_data_provider | DEBUG | RTD: Detalhes completos registrados para ISAER600 (Liquidez detectada)
src.infrastructure.providers.mercado_data_provider | DEBUG | RTD: Detalhes completos registrados para EMBJS973 (Liquidez detectada)
src.infrastructure.providers.mercado_data_provider | DEBUG | RTD: Detalhes completos registrados para DIRRR123 (Liquidez detectada)
src.infrastructure.providers.mercado_data_provider | DEBUG | RTD: Detalhes completos registrados para ITUBW346 (Liquidez detectada)
src.infrastructure.providers.mercado_data_provider | DEBUG | RTD: Detalhes completos registrados para EMBJR128 (Liquidez detectada)
src.infrastructure.providers.mercado_data_provider | DEBUG | RTD: Detalhes completos registrados para EMBJR693 (Liquidez detectada)
src.infrastructure.providers.mercado_data_provider | DEBUG | RTD: Detalhes completos registrados para HAPVR100W2 (Liquidez detectada)
src.infrastructure.providers.mercado_data_provider | DEBUG | RTD: Detalhes completos registrados para GOAUR117 (Liquidez detectada)
src.infrastructure.providers.mercado_data_provider | DEBUG | RTD: Detalhes completos registrados para ECORS994 (Liquidez detectada)
src.infrastructure.providers.mercado_data_provider | DEBUG | RTD: Detalhes completos registrados para DASAU20 (Liquidez detectada)
src.infrastructure.providers.mercado_data_provider | DEBUG | RTD: Detalhes completos registrados para ITSAW141 (Liquidez detectada)
src.infrastructure.providers.mercado_data_provider | DEBUG | RTD: Detalhes completos registrados para FESAR778 (Liquidez detectada)
src.infrastructure.providers.mercado_data_provider | DEBUG | RTD: Detalhes completos registrados para EMBJR858W2 (Liquidez detectada)
src.infrastructure.providers.mercado_data_provider | DEBUG | RTD: Detalhes completos registrados para HAPVR100 (Liquidez detectada)
src.infrastructure.providers.mercado_data_provider | DEBUG | RTD: Detalhes completos registrados para IRBRS570 (Liquidez detectada)
src.infrastructure.providers.mercado_data_provider | DEBUG | RTD: Detalhes completos registrados para ITSAT153 (Liquidez detectada)
src.infrastructure.providers.mercado_data_provider | DEBUG | RTD: Detalhes completos registrados para INBRR347 (Liquidez detectada)
src.infrastructure.providers.mercado_data_provider | DEBUG | RTD: Detalhes completos registrados para ITUBV422 (Liquidez detectada)
src.infrastructure.providers.mercado_data_provider | DEBUG | RTD: Detalhes completos registrados para EMBJR131 (Liquidez detectada)
src.infrastructure.providers.mercado_data_provider | DEBUG | RTD: Detalhes completos registrados para HBSAT30 (Liquidez detectada)
src.infrastructure.providers.mercado_data_provider | DEBUG | RTD: Detalhes completos registrados para ITUBW46 (Liquidez detectada)
src.infrastructure.providers.mercado_data_provider | DEBUG | RTD: Detalhes completos registrados para ECORR117 (Liquidez detectada)
src.infrastructure.providers.mercado_data_provider | DEBUG | RTD: Detalhes completos registrados para CYRES282 (Liquidez detectada)
src.infrastructure.providers.mercado_data_provider | DEBUG | RTD: Detalhes completos registrados para CYRES294 (Liquidez detectada)
src.infrastructure.providers.mercado_data_provider | DEBUG | RTD: Detalhes completos registrados para HAPVU122 (Liquidez detectada)
src.infrastructure.providers.mercado_data_provider | DEBUG | RTD: Detalhes completos registrados para INTBT136 (Liquidez detectada)
src.infrastructure.providers.mercado_data_provider | DEBUG | RTD: Detalhes completos registrados para GGBRS206 (Liquidez detectada)
src.infrastructure.providers.mercado_data_provider | DEBUG | RTD: Detalhes completos registrados para IRBRR595 (Liquidez detectada)
src.infrastructure.providers.mercado_data_provider | DEBUG | RTD: Detalhes completos registrados para EMBJR478 (Liquidez detectada)
src.infrastructure.providers.mercado_data_provider | DEBUG | RTD: Detalhes completos registrados para ENEVR190 (Liquidez detectada)
src.infrastructure.providers.mercado_data_provider | DEBUG | RTD: Detalhes completos registrados para ITUBT360W1 (Liquidez detectada)
src.infrastructure.providers.mercado_data_provider | DEBUG | RTD: Detalhes completos registrados para DIRRR113 (Liquidez detectada)
src.infrastructure.providers.mercado_data_provider | DEBUG | RTD: Detalhes completos registrados para IFCMS10 (Liquidez detectada)
src.infrastructure.providers.mercado_data_provider | DEBUG | RTD: Detalhes completos registrados para ITUBS445 (Liquidez detectada)
src.infrastructure.providers.mercado_data_provider | DEBUG | RTD: Detalhes completos registrados para EMBJV104 (Liquidez detectada)
src.infrastructure.providers.mercado_data_provider | DEBUG | RTD: Detalhes completos registrados para ITUBW192 (Liquidez detectada)
src.infrastructure.providers.mercado_data_provider | DEBUG | RTD: Detalhes completos registrados para GGBRT180 (Liquidez detectada)
src.infrastructure.providers.mercado_data_provider | DEBUG | RTD: Detalhes completos registrados para EQTLT349 (Liquidez detectada)
src.infrastructure.providers.mercado_data_provider | DEBUG | RTD: Detalhes completos registrados para ITUBR333 (Liquidez detectada)
src.infrastructure.providers.mercado_data_provider | DEBUG | RTD: Detalhes completos registrados para ITSAS152 (Liquidez detectada)
src.infrastructure.providers.mercado_data_provider | DEBUG | RTD: Detalhes completos registrados para ITUBR481W2 (Liquidez detectada)
src.infrastructure.providers.mercado_data_provider | DEBUG | RTD: Detalhes completos registrados para GOAUR109 (Liquidez detectada)
src.infrastructure.providers.mercado_data_provider | DEBUG | RTD: Detalhes completos registrados para ENEVR295 (Liquidez detectada)
src.infrastructure.providers.mercado_data_provider | DEBUG | RTD: Detalhes completos registrados para ENEVW11 (Liquidez detectada)
src.infrastructure.providers.mercado_data_provider | DEBUG | RTD: Detalhes completos registrados para INTBR111 (Liquidez detectada)
src.infrastructure.providers.mercado_data_provider | DEBUG | RTD: Detalhes completos registrados para GGPSS14 (Liquidez detectada)
src.infrastructure.providers.mercado_data_provider | DEBUG | RTD: Detalhes completos registrados para EGIES322 (Liquidez detectada)
src.infrastructure.providers.mercado_data_provider | DEBUG | RTD: Detalhes completos registrados para IVVBS42 (Liquidez detectada)
src.infrastructure.providers.mercado_data_provider | DEBUG | RTD: Detalhes completos registrados para ENEVT180 (Liquidez detectada)
src.infrastructure.providers.mercado_data_provider | DEBUG | RTD: Detalhes completos registrados para ECORS814 (Liquidez detectada)
src.infrastructure.providers.mercado_data_provider | DEBUG | RTD: Detalhes completos registrados para ITUBT201 (Liquidez detectada)
src.infrastructure.providers.mercado_data_provider | DEBUG | RTD: Detalhes completos registrados para ITUBS303 (Liquidez detectada)
src.infrastructure.providers.mercado_data_provider | DEBUG | RTD: Detalhes completos registrados para ITUBW404 (Liquidez detectada)
src.infrastructure.providers.mercado_data_provider | DEBUG | RTD: Detalhes completos registrados para EMBJR633 (Liquidez detectada)
src.infrastructure.providers.mercado_data_provider | DEBUG | RTD: Detalhes completos registrados para ENEVR260 (Liquidez detectada)
src.infrastructure.providers.mercado_data_provider | DEBUG | RTD: Detalhes completos registrados para GFSAT10 (Liquidez detectada)
src.infrastructure.providers.mercado_data_provider | DEBUG | RTD: Detalhes completos registrados para EQTLR436 (Liquidez detectada)
src.infrastructure.providers.mercado_data_provider | DEBUG | RTD: Detalhes completos registrados para ITUBT44 (Liquidez detectada)
src.infrastructure.providers.mercado_data_provider | DEBUG | RTD: Detalhes completos registrados para ITUBS344 (Liquidez detectada)
src.infrastructure.providers.mercado_data_provider | DEBUG | RTD: Detalhes completos registrados para ENEVW100 (Liquidez detectada)
src.infrastructure.providers.mercado_data_provider | DEBUG | RTD: Detalhes completos registrados para JALLR310 (Liquidez detectada)
src.infrastructure.providers.mercado_data_provider | DEBUG | RTD: Detalhes completos registrados para CYRER255 (Liquidez detectada)
src.infrastructure.providers.mercado_data_provider | DEBUG | RTD: Detalhes completos registrados para HAPVR252 (Liquidez detectada)
src.infrastructure.providers.mercado_data_provider | DEBUG | RTD: Detalhes completos registrados para HBORR267 (Liquidez detectada)
src.infrastructure.providers.mercado_data_provider | DEBUG | RTD: Detalhes completos registrados para CYRET293 (Liquidez detectada)
src.infrastructure.providers.mercado_data_provider | DEBUG | RTD: Detalhes completos registrados para ITUBT445 (Liquidez detectada)
src.infrastructure.providers.mercado_data_provider | DEBUG | RTD: Detalhes completos registrados para ITSAR11 (Liquidez detectada)
src.infrastructure.providers.mercado_data_provider | DEBUG | RTD: Detalhes completos registrados para CYRER295 (Liquidez detectada)
src.infrastructure.providers.mercado_data_provider | DEBUG | RTD: Detalhes completos registrados para JBSSR830 (Liquidez detectada)
src.infrastructure.providers.mercado_data_provider | DEBUG | RTD: Detalhes completos registrados para ITSAS129W2 (Liquidez detectada)
src.infrastructure.providers.mercado_data_provider | DEBUG | RTD: Detalhes completos registrados para ENEVV182 (Liquidez detectada)
src.infrastructure.providers.mercado_data_provider | DEBUG | RTD: Detalhes completos registrados para CYRES367 (Liquidez detectada)
src.infrastructure.providers.mercado_data_provider | DEBUG | RTD: Detalhes completos registrados para EMBJR868 (Liquidez detectada)
src.infrastructure.providers.mercado_data_provider | DEBUG | RTD: Detalhes completos registrados para DIRRW197 (Liquidez detectada)
src.infrastructure.providers.mercado_data_provider | DEBUG | RTD: Detalhes completos registrados para GGBRR187 (Liquidez detectada)
src.infrastructure.providers.mercado_data_provider | DEBUG | RTD: Detalhes completos registrados para ISAEV242 (Liquidez detectada)
src.infrastructure.providers.mercado_data_provider | DEBUG | RTD: Detalhes completos registrados para ITUBW336 (Liquidez detectada)
src.infrastructure.providers.mercado_data_provider | DEBUG | RTD: Detalhes completos registrados para ITUBR391W4 (Liquidez detectada)
src.infrastructure.providers.mercado_data_provider | DEBUG | RTD: Detalhes completos registrados para IRBRS396 (Liquidez detectada)
src.infrastructure.providers.mercado_data_provider | DEBUG | RTD: Detalhes completos registrados para ITUBT486 (Liquidez detectada)
src.infrastructure.providers.mercado_data_provider | DEBUG | RTD: Detalhes completos registrados para ITUBU37 (Liquidez detectada)
src.infrastructure.providers.mercado_data_provider | DEBUG | RTD: Detalhes completos registrados para EMBJS878 (Liquidez detectada)
src.infrastructure.providers.mercado_data_provider | DEBUG | RTD: Detalhes completos registrados para DIRRT128 (Liquidez detectada)
src.infrastructure.providers.mercado_data_provider | DEBUG | RTD: Detalhes completos registrados para HAPVR910 (Liquidez detectada)
src.infrastructure.providers.mercado_data_provider | DEBUG | RTD: Detalhes completos registrados para GGBRR18 (Liquidez detectada)
src.infrastructure.providers.mercado_data_provider | DEBUG | RTD: Detalhes completos registrados para GGBRR157 (Liquidez detectada)
src.infrastructure.providers.mercado_data_provider | DEBUG | RTD: Detalhes completos registrados para ITUBR425 (Liquidez detectada)
src.infrastructure.providers.mercado_data_provider | DEBUG | RTD: Detalhes completos registrados para GMATR349 (Liquidez detectada)
src.infrastructure.providers.mercado_data_provider | DEBUG | RTD: Detalhes completos registrados para ITUBU467 (Liquidez detectada)
src.infrastructure.providers.mercado_data_provider | DEBUG | RTD: Detalhes completos registrados para IRBRS756 (Liquidez detectada)
src.infrastructure.providers.mercado_data_provider | DEBUG | RTD: Detalhes completos registrados para GGPSS115 (Liquidez detectada)
src.infrastructure.providers.mercado_data_provider | DEBUG | RTD: Detalhes completos registrados para IVVBS400 (Liquidez detectada)
src.infrastructure.providers.mercado_data_provider | DEBUG | RTD: Detalhes completos registrados para GGBRR201W4 (Liquidez detectada)
src.infrastructure.providers.mercado_data_provider | DEBUG | RTD: Detalhes completos registrados para IGTIT229 (Liquidez detectada)
src.infrastructure.providers.mercado_data_provider | DEBUG | RTD: Detalhes completos registrados para EGIER40 (Liquidez detectada)
src.infrastructure.providers.mercado_data_provider | DEBUG | RTD: Detalhes completos registrados para ITSAR150W2 (Liquidez detectada)
src.infrastructure.providers.mercado_data_provider | DEBUG | RTD: Detalhes completos registrados para EMBJR803W4 (Liquidez detectada)
src.infrastructure.providers.mercado_data_provider | DEBUG | RTD: Detalhes completos registrados para ITUBR381W4 (Liquidez detectada)
src.infrastructure.providers.mercado_data_provider | DEBUG | RTD: Detalhes completos registrados para EMBJR883W2 (Liquidez detectada)
src.infrastructure.providers.mercado_data_provider | DEBUG | RTD: Detalhes completos registrados para GOAUR119 (Liquidez detectada)
src.infrastructure.providers.mercado_data_provider | DEBUG | RTD: Detalhes completos registrados para ITSAS131W2 (Liquidez detectada)
src.infrastructure.providers.mercado_data_provider | DEBUG | RTD: Detalhes completos registrados para ITSAR900 (Liquidez detectada)
src.infrastructure.providers.mercado_data_provider | DEBUG | RTD: Detalhes completos registrados para EMBJS818W4 (Liquidez detectada)
src.infrastructure.providers.mercado_data_provider | DEBUG | RTD: Detalhes completos registrados para HBORW400 (Liquidez detectada)
src.infrastructure.providers.mercado_data_provider | DEBUG | RTD: Detalhes completos registrados para EZTCS110 (Liquidez detectada)
src.infrastructure.providers.mercado_data_provider | DEBUG | RTD: Detalhes completos registrados para ENEVV177 (Liquidez detectada)
src.infrastructure.providers.mercado_data_provider | DEBUG | RTD: Detalhes completos registrados para ENGIS530 (Liquidez detectada)
src.infrastructure.providers.mercado_data_provider | DEBUG | RTD: Detalhes completos registrados para EMBJR137 (Liquidez detectada)
src.infrastructure.providers.mercado_data_provider | DEBUG | RTD: Detalhes completos registrados para EMBJS683 (Liquidez detectada)
src.infrastructure.providers.mercado_data_provider | DEBUG | RTD: Detalhes completos registrados para HYPER287 (Liquidez detectada)
src.infrastructure.providers.mercado_data_provider | DEBUG | RTD: Detalhes completos registrados para ITSAU816 (Liquidez detectada)
src.infrastructure.providers.mercado_data_provider | DEBUG | RTD: Detalhes completos registrados para EMBJR103 (Liquidez detectada)
src.infrastructure.providers.mercado_data_provider | DEBUG | RTD: Detalhes completos registrados para EMBJR118 (Liquidez detectada)
src.infrastructure.providers.mercado_data_provider | DEBUG | RTD: Detalhes completos registrados para ENEVS170 (Liquidez detectada)
src.infrastructure.providers.mercado_data_provider | DEBUG | RTD: Detalhes completos registrados para EGIER322W2 (Liquidez detectada)
src.infrastructure.providers.mercado_data_provider | DEBUG | RTD: Detalhes completos registrados para DIRRR220 (Liquidez detectada)
src.infrastructure.providers.mercado_data_provider | DEBUG | RTD: Detalhes completos registrados para GGBRR184 (Liquidez detectada)
src.infrastructure.providers.mercado_data_provider | DEBUG | RTD: Detalhes completos registrados para HAPVR830 (Liquidez detectada)
src.infrastructure.providers.mercado_data_provider | DEBUG | RTD: Detalhes completos registrados para EQTLR366 (Liquidez detectada)
src.infrastructure.providers.mercado_data_provider | DEBUG | RTD: Detalhes completos registrados para GGPSV216 (Liquidez detectada)
src.infrastructure.providers.mercado_data_provider | DEBUG | RTD: Detalhes completos registrados para GGBRR273 (Liquidez detectada)
src.infrastructure.providers.mercado_data_provider | DEBUG | RTD: Detalhes completos registrados para EMBJR618 (Liquidez detectada)
src.infrastructure.providers.mercado_data_provider | DEBUG | RTD: Detalhes completos registrados para ENGIS566 (Liquidez detectada)
src.infrastructure.providers.mercado_data_provider | DEBUG | RTD: Detalhes completos registrados para ITSAR155 (Liquidez detectada)
src.infrastructure.providers.mercado_data_provider | DEBUG | RTD: Detalhes completos registrados para EMBJR683 (Liquidez detectada)
src.infrastructure.providers.mercado_data_provider | DEBUG | RTD: Detalhes completos registrados para ENEVW185 (Liquidez detectada)
src.infrastructure.providers.mercado_data_provider | DEBUG | RTD: Detalhes completos registrados para EMBJW839 (Liquidez detectada)
src.infrastructure.providers.mercado_data_provider | DEBUG | RTD: Detalhes completos registrados para ITUBT476 (Liquidez detectada)
src.infrastructure.providers.mercado_data_provider | DEBUG | RTD: Detalhes completos registrados para GGPSS199 (Liquidez detectada)
src.infrastructure.providers.mercado_data_provider | DEBUG | RTD: Detalhes completos registrados para ECORR122 (Liquidez detectada)
src.infrastructure.providers.mercado_data_provider | DEBUG | RTD: Detalhes completos registrados para EMBJV918 (Liquidez detectada)
src.infrastructure.providers.mercado_data_provider | DEBUG | RTD: Detalhes completos registrados para ITSAS976 (Liquidez detectada)
src.infrastructure.providers.mercado_data_provider | DEBUG | RTD: Detalhes completos registrados para DIRRR135 (Liquidez detectada)
src.infrastructure.providers.mercado_data_provider | DEBUG | RTD: Detalhes completos registrados para GOAUR825 (Liquidez detectada)
src.infrastructure.providers.mercado_data_provider | DEBUG | RTD: Detalhes completos registrados para ENEVR270 (Liquidez detectada)
src.infrastructure.providers.mercado_data_provider | DEBUG | RTD: Detalhes completos registrados para CYRER258 (Liquidez detectada)
src.infrastructure.providers.mercado_data_provider | DEBUG | RTD: Detalhes completos registrados para ITUBR50 (Liquidez detectada)
src.infrastructure.providers.mercado_data_provider | DEBUG | RTD: Detalhes completos registrados para ENEVU190 (Liquidez detectada)
src.infrastructure.providers.mercado_data_provider | DEBUG | RTD: Detalhes completos registrados para IFCMR180 (Liquidez detectada)
src.infrastructure.providers.mercado_data_provider | DEBUG | RTD: Detalhes completos registrados para HAPVS105 (Liquidez detectada)
src.infrastructure.providers.mercado_data_provider | DEBUG | RTD: Detalhes completos registrados para ENEVR235 (Liquidez detectada)
src.infrastructure.providers.mercado_data_provider | DEBUG | RTD: Detalhes completos registrados para GGBRR265W2 (Liquidez detectada)
src.infrastructure.providers.mercado_data_provider | DEBUG | RTD: Detalhes completos registrados para HBORR297 (Liquidez detectada)
src.infrastructure.providers.mercado_data_provider | DEBUG | RTD: Detalhes completos registrados para HASHR495 (Liquidez detectada)
src.infrastructure.providers.mercado_data_provider | DEBUG | RTD: Detalhes completos registrados para ITUBT461 (Liquidez detectada)
src.infrastructure.providers.mercado_data_provider | DEBUG | RTD: Detalhes completos registrados para ITSAT113 (Liquidez detectada)
src.infrastructure.providers.mercado_data_provider | DEBUG | RTD: Detalhes completos registrados para GFSAR220 (Liquidez detectada)
src.infrastructure.providers.mercado_data_provider | DEBUG | RTD: Detalhes completos registrados para ENEVR282 (Liquidez detectada)
src.infrastructure.providers.mercado_data_provider | DEBUG | RTD: Detalhes completos registrados para ITSAR166 (Liquidez detectada)
src.infrastructure.providers.mercado_data_provider | DEBUG | RTD: Detalhes completos registrados para HAPVU900 (Liquidez detectada)
src.infrastructure.providers.mercado_data_provider | DEBUG | RTD: Detalhes completos registrados para GGBRW238 (Liquidez detectada)
src.infrastructure.providers.mercado_data_provider | DEBUG | RTD: Detalhes completos registrados para GOAUR995 (Liquidez detectada)
src.infrastructure.providers.mercado_data_provider | DEBUG | RTD: Detalhes completos registrados para EMBJU933 (Liquidez detectada)
src.infrastructure.providers.mercado_data_provider | DEBUG | RTD: Detalhes completos registrados para ENEVS125 (Liquidez detectada)
src.infrastructure.providers.mercado_data_provider | DEBUG | RTD: Detalhes completos registrados para DIRRV130 (Liquidez detectada)
src.infrastructure.providers.mercado_data_provider | DEBUG | RTD: Detalhes completos registrados para ENEVS182 (Liquidez detectada)
src.infrastructure.providers.mercado_data_provider | DEBUG | RTD: Detalhes completos registrados para ITUBT363 (Liquidez detectada)
src.infrastructure.providers.mercado_data_provider | DEBUG | RTD: Detalhes completos registrados para EMBJU938 (Liquidez detectada)
src.infrastructure.providers.mercado_data_provider | DEBUG | RTD: Detalhes completos registrados para CYRER280 (Liquidez detectada)
src.infrastructure.providers.mercado_data_provider | DEBUG | RTD: Detalhes completos registrados para ITUBU385 (Liquidez detectada)
src.infrastructure.providers.mercado_data_provider | DEBUG | RTD: Detalhes completos registrados para GGBRR202W2 (Liquidez detectada)
src.infrastructure.providers.mercado_data_provider | DEBUG | RTD: Detalhes completos registrados para CYRER205 (Liquidez detectada)
src.infrastructure.providers.mercado_data_provider | DEBUG | RTD: Detalhes completos registrados para JBSSR605 (Liquidez detectada)
src.infrastructure.providers.mercado_data_provider | DEBUG | RTD: Detalhes completos registrados para HAPVS260 (Liquidez detectada)
src.infrastructure.providers.mercado_data_provider | DEBUG | RTD: Detalhes completos registrados para EMBJS125 (Liquidez detectada)
src.infrastructure.providers.mercado_data_provider | DEBUG | RTD: Detalhes completos registrados para ITSAS147 (Liquidez detectada)
src.infrastructure.providers.mercado_data_provider | DEBUG | RTD: Detalhes completos registrados para EMBJS793 (Liquidez detectada)
src.infrastructure.providers.mercado_data_provider | DEBUG | RTD: Detalhes completos registrados para EGIES404 (Liquidez detectada)
src.infrastructure.providers.mercado_data_provider | DEBUG | RTD: Detalhes completos registrados para EMBJW101 (Liquidez detectada)
src.infrastructure.providers.mercado_data_provider | DEBUG | RTD: Detalhes completos registrados para ITUBS298 (Liquidez detectada)
src.infrastructure.providers.mercado_data_provider | DEBUG | RTD: Detalhes completos registrados para FESAT80 (Liquidez detectada)
src.infrastructure.providers.mercado_data_provider | DEBUG | RTD: Detalhes completos registrados para GGBRU193 (Liquidez detectada)
src.infrastructure.providers.mercado_data_provider | DEBUG | RTD: Detalhes completos registrados para DIRRR103 (Liquidez detectada)
src.infrastructure.providers.mercado_data_provider | DEBUG | RTD: Detalhes completos registrados para ECORS874 (Liquidez detectada)
src.infrastructure.providers.mercado_data_provider | DEBUG | RTD: Detalhes completos registrados para ENGIU483 (Liquidez detectada)
src.infrastructure.providers.mercado_data_provider | DEBUG | RTD: Detalhes completos registrados para GOAUR695 (Liquidez detectada)
src.infrastructure.providers.mercado_data_provider | DEBUG | RTD: Detalhes completos registrados para ITSAS630 (Liquidez detectada)
src.infrastructure.providers.mercado_data_provider | DEBUG | RTD: Detalhes completos registrados para EGIER327 (Liquidez detectada)
src.infrastructure.providers.mercado_data_provider | DEBUG | RTD: Detalhes completos registrados para ENEVT162 (Liquidez detectada)
src.infrastructure.providers.mercado_data_provider | DEBUG | RTD: Detalhes completos registrados para GGBRS236W1 (Liquidez detectada)
src.infrastructure.providers.mercado_data_provider | DEBUG | RTD: Detalhes completos registrados para IRBRR675 (Liquidez detectada)
src.infrastructure.providers.mercado_data_provider | DEBUG | RTD: Detalhes completos registrados para CYRER355 (Liquidez detectada)
src.infrastructure.providers.mercado_data_provider | DEBUG | RTD: Detalhes completos registrados para ENEVW155 (Liquidez detectada)
src.infrastructure.providers.mercado_data_provider | DEBUG | RTD: Detalhes completos registrados para EMBJR949 (Liquidez detectada)
src.infrastructure.providers.mercado_data_provider | INFO | Varredura (Global): 29962 monitored, 106 with book in 7.71s
src.infrastructure.providers.mercado_data_provider | INFO | RTD: Lote Onda 1 32000/51055 (Registros: 1868) em 12.58s.
src.infrastructure.providers.mercado_data_provider | DEBUG | RTD: Detalhes completos registrados para EMBJW117 (Liquidez detectada)
src.infrastructure.providers.mercado_data_provider | DEBUG | RTD: Detalhes completos registrados para DIRRU139 (Liquidez detectada)
src.infrastructure.providers.mercado_data_provider | DEBUG | RTD: Detalhes completos registrados para CYRER190 (Liquidez detectada)
src.infrastructure.providers.mercado_data_provider | DEBUG | RTD: Detalhes completos registrados para GOAUS2 (Liquidez detectada)
src.infrastructure.providers.mercado_data_provider | DEBUG | RTD: Detalhes completos registrados para ITUBR479 (Liquidez detectada)
src.infrastructure.providers.mercado_data_provider | DEBUG | RTD: Detalhes completos registrados para EMBJS683W1 (Liquidez detectada)
src.infrastructure.providers.mercado_data_provider | DEBUG | RTD: Detalhes completos registrados para ECORS107 (Liquidez detectada)
src.infrastructure.providers.mercado_data_provider | DEBUG | RTD: Detalhes completos registrados para ITUBR217 (Liquidez detectada)
src.infrastructure.providers.mercado_data_provider | DEBUG | RTD: Detalhes completos registrados para ITUBS825 (Liquidez detectada)
src.infrastructure.providers.mercado_data_provider | DEBUG | RTD: Detalhes completos registrados para ISAEW300 (Liquidez detectada)
src.infrastructure.providers.mercado_data_provider | DEBUG | RTD: Detalhes completos registrados para DIRRV137 (Liquidez detectada)
src.infrastructure.providers.mercado_data_provider | DEBUG | RTD: Detalhes completos registrados para ITUBW471 (Liquidez detectada)
src.infrastructure.providers.mercado_data_provider | DEBUG | RTD: Detalhes completos registrados para GGBRR179 (Liquidez detectada)
src.infrastructure.providers.mercado_data_provider | DEBUG | RTD: Detalhes completos registrados para GGBRR162 (Liquidez detectada)
src.infrastructure.providers.mercado_data_provider | DEBUG | RTD: Detalhes completos registrados para GGBRW191 (Liquidez detectada)
src.infrastructure.providers.mercado_data_provider | DEBUG | RTD: Detalhes completos registrados para GOAUR880 (Liquidez detectada)
src.infrastructure.providers.mercado_data_provider | DEBUG | RTD: Detalhes completos registrados para ITSAU115 (Liquidez detectada)
src.infrastructure.providers.mercado_data_provider | DEBUG | RTD: Detalhes completos registrados para ENEVR132 (Liquidez detectada)
src.infrastructure.providers.mercado_data_provider | DEBUG | RTD: Detalhes completos registrados para ITUBT412 (Liquidez detectada)
src.infrastructure.providers.mercado_data_provider | DEBUG | RTD: Detalhes completos registrados para DASAS280 (Liquidez detectada)
src.infrastructure.providers.mercado_data_provider | DEBUG | RTD: Detalhes completos registrados para EMBJR783 (Liquidez detectada)
src.infrastructure.providers.mercado_data_provider | DEBUG | RTD: Detalhes completos registrados para ITSAU120 (Liquidez detectada)
src.infrastructure.providers.mercado_data_provider | DEBUG | RTD: Detalhes completos registrados para EMBJR483 (Liquidez detectada)
src.infrastructure.providers.mercado_data_provider | DEBUG | RTD: Detalhes completos registrados para EMBJR116 (Liquidez detectada)
src.infrastructure.providers.mercado_data_provider | DEBUG | RTD: Detalhes completos registrados para EMBJW829 (Liquidez detectada)
src.infrastructure.providers.mercado_data_provider | DEBUG | RTD: Detalhes completos registrados para ITSAS638 (Liquidez detectada)
src.infrastructure.providers.mercado_data_provider | DEBUG | RTD: Detalhes completos registrados para JBSST635 (Liquidez detectada)
src.infrastructure.providers.mercado_data_provider | DEBUG | RTD: Detalhes completos registrados para FESAR800 (Liquidez detectada)
src.infrastructure.providers.mercado_data_provider | DEBUG | RTD: Detalhes completos registrados para GGPSV186 (Liquidez detectada)
src.infrastructure.providers.mercado_data_provider | DEBUG | RTD: Detalhes completos registrados para HASHR540 (Liquidez detectada)
src.infrastructure.providers.mercado_data_provider | DEBUG | RTD: Detalhes completos registrados para GOAUU835 (Liquidez detectada)
src.infrastructure.providers.mercado_data_provider | DEBUG | RTD: Detalhes completos registrados para ITSAW120 (Liquidez detectada)
src.infrastructure.providers.mercado_data_provider | DEBUG | RTD: Detalhes completos registrados para GGBRR256 (Liquidez detectada)
src.infrastructure.providers.mercado_data_provider | DEBUG | RTD: Detalhes completos registrados para ENJUR150 (Liquidez detectada)
src.infrastructure.providers.mercado_data_provider | DEBUG | RTD: Detalhes completos registrados para GGBRW180 (Liquidez detectada)
src.infrastructure.providers.mercado_data_provider | DEBUG | RTD: Detalhes completos registrados para EGIER362 (Liquidez detectada)
src.infrastructure.providers.mercado_data_provider | DEBUG | RTD: Detalhes completos registrados para ENEVS190 (Liquidez detectada)
src.infrastructure.providers.mercado_data_provider | DEBUG | RTD: Detalhes completos registrados para ITUBS444W2 (Liquidez detectada)
src.infrastructure.providers.mercado_data_provider | DEBUG | RTD: Detalhes completos registrados para ITUBS419W2 (Liquidez detectada)
src.infrastructure.providers.mercado_data_provider | DEBUG | RTD: Detalhes completos registrados para ITSAT131 (Liquidez detectada)
src.infrastructure.providers.mercado_data_provider | DEBUG | RTD: Detalhes completos registrados para ITSAR160W2 (Liquidez detectada)
src.infrastructure.providers.mercado_data_provider | DEBUG | RTD: Detalhes completos registrados para EMBJT109 (Liquidez detectada)
src.infrastructure.providers.mercado_data_provider | DEBUG | RTD: Detalhes completos registrados para DIRRR108 (Liquidez detectada)
src.infrastructure.providers.mercado_data_provider | DEBUG | RTD: Detalhes completos registrados para ECORW874 (Liquidez detectada)
src.infrastructure.providers.mercado_data_provider | DEBUG | RTD: Detalhes completos registrados para ITSAS163 (Liquidez detectada)
src.infrastructure.providers.mercado_data_provider | DEBUG | RTD: Detalhes completos registrados para HAPVR105W2 (Liquidez detectada)
src.infrastructure.providers.mercado_data_provider | DEBUG | RTD: Detalhes completos registrados para CYRES269 (Liquidez detectada)
src.infrastructure.providers.mercado_data_provider | DEBUG | RTD: Detalhes completos registrados para HYPER20 (Liquidez detectada)
src.infrastructure.providers.mercado_data_provider | DEBUG | RTD: Detalhes completos registrados para CYRER303 (Liquidez detectada)
src.infrastructure.providers.mercado_data_provider | DEBUG | RTD: Detalhes completos registrados para ITUBS433 (Liquidez detectada)
src.infrastructure.providers.mercado_data_provider | DEBUG | RTD: Detalhes completos registrados para EMBJR102 (Liquidez detectada)
src.infrastructure.providers.mercado_data_provider | DEBUG | RTD: Detalhes completos registrados para GFSAS250 (Liquidez detectada)
src.infrastructure.providers.mercado_data_provider | DEBUG | RTD: Detalhes completos registrados para ITSAV900 (Liquidez detectada)
src.infrastructure.providers.mercado_data_provider | DEBUG | RTD: Detalhes completos registrados para EMBJS633 (Liquidez detectada)
src.infrastructure.providers.mercado_data_provider | DEBUG | RTD: Detalhes completos registrados para EMBJR106 (Liquidez detectada)
src.infrastructure.providers.mercado_data_provider | DEBUG | RTD: Detalhes completos registrados para EMBJS723 (Liquidez detectada)
src.infrastructure.providers.mercado_data_provider | DEBUG | RTD: Detalhes completos registrados para ITSAS100 (Liquidez detectada)
src.infrastructure.providers.mercado_data_provider | DEBUG | RTD: Detalhes completos registrados para EGIER357 (Liquidez detectada)
src.infrastructure.providers.mercado_data_provider | DEBUG | RTD: Detalhes completos registrados para EQTLS358 (Liquidez detectada)
src.infrastructure.providers.mercado_data_provider | DEBUG | RTD: Detalhes completos registrados para EMBJS828 (Liquidez detectada)
src.infrastructure.providers.mercado_data_provider | DEBUG | RTD: Detalhes completos registrados para GGBRU288 (Liquidez detectada)
src.infrastructure.providers.mercado_data_provider | DEBUG | RTD: Detalhes completos registrados para DIRRS148 (Liquidez detectada)
src.infrastructure.providers.mercado_data_provider | DEBUG | RTD: Detalhes completos registrados para HBORR237 (Liquidez detectada)
src.infrastructure.providers.mercado_data_provider | DEBUG | RTD: Detalhes completos registrados para DIRRU124 (Liquidez detectada)
src.infrastructure.providers.mercado_data_provider | DEBUG | RTD: Detalhes completos registrados para GOAUS995 (Liquidez detectada)
src.infrastructure.providers.mercado_data_provider | DEBUG | RTD: Detalhes completos registrados para JBSSR645 (Liquidez detectada)
src.infrastructure.providers.mercado_data_provider | DEBUG | RTD: Detalhes completos registrados para ITUBR338 (Liquidez detectada)
src.infrastructure.providers.mercado_data_provider | DEBUG | RTD: Detalhes completos registrados para DIRRV132 (Liquidez detectada)
src.infrastructure.providers.mercado_data_provider | DEBUG | RTD: Detalhes completos registrados para ITSAR104 (Liquidez detectada)
src.infrastructure.providers.mercado_data_provider | DEBUG | RTD: Detalhes completos registrados para EMBJR803 (Liquidez detectada)
src.infrastructure.providers.mercado_data_provider | DEBUG | RTD: Detalhes completos registrados para DXCOR555 (Liquidez detectada)
src.infrastructure.providers.mercado_data_provider | DEBUG | RTD: Detalhes completos registrados para ITUBW460 (Liquidez detectada)
src.infrastructure.providers.mercado_data_provider | DEBUG | RTD: Detalhes completos registrados para ISAER265 (Liquidez detectada)
src.infrastructure.providers.mercado_data_provider | DEBUG | RTD: Detalhes completos registrados para ITSAR980 (Liquidez detectada)
src.infrastructure.providers.mercado_data_provider | DEBUG | RTD: Detalhes completos registrados para EMBJR808 (Liquidez detectada)
src.infrastructure.providers.mercado_data_provider | DEBUG | RTD: Detalhes completos registrados para INBRS387 (Liquidez detectada)
src.infrastructure.providers.mercado_data_provider | DEBUG | RTD: Detalhes completos registrados para EMBJS124 (Liquidez detectada)
src.infrastructure.providers.mercado_data_provider | DEBUG | RTD: Detalhes completos registrados para HAPVR82 (Liquidez detectada)
src.infrastructure.providers.mercado_data_provider | DEBUG | RTD: Detalhes completos registrados para ECORR924 (Liquidez detectada)
src.infrastructure.providers.mercado_data_provider | DEBUG | RTD: Detalhes completos registrados para ITSAS141 (Liquidez detectada)
src.infrastructure.providers.mercado_data_provider | DEBUG | RTD: Detalhes completos registrados para IRBRR520 (Liquidez detectada)
src.infrastructure.providers.mercado_data_provider | DEBUG | RTD: Detalhes completos registrados para ITUBS312 (Liquidez detectada)
src.infrastructure.providers.mercado_data_provider | DEBUG | RTD: Detalhes completos registrados para DIRRS108 (Liquidez detectada)
src.infrastructure.providers.mercado_data_provider | DEBUG | RTD: Detalhes completos registrados para ITUBR575 (Liquidez detectada)
src.infrastructure.providers.mercado_data_provider | DEBUG | RTD: Detalhes completos registrados para EMBJR863W4 (Liquidez detectada)
src.infrastructure.providers.mercado_data_provider | DEBUG | RTD: Detalhes completos registrados para GOAUS159 (Liquidez detectada)
src.infrastructure.providers.mercado_data_provider | DEBUG | RTD: Detalhes completos registrados para ITUBS547 (Liquidez detectada)
src.infrastructure.providers.mercado_data_provider | DEBUG | RTD: Detalhes completos registrados para ITSAR942 (Liquidez detectada)
src.infrastructure.providers.mercado_data_provider | DEBUG | RTD: Detalhes completos registrados para EMBJS733 (Liquidez detectada)
src.infrastructure.providers.mercado_data_provider | DEBUG | RTD: Detalhes completos registrados para ITUBS443 (Liquidez detectada)
src.infrastructure.providers.mercado_data_provider | DEBUG | RTD: Detalhes completos registrados para ITUBU427 (Liquidez detectada)
src.infrastructure.providers.mercado_data_provider | DEBUG | RTD: Detalhes completos registrados para ITUBS432 (Liquidez detectada)
src.infrastructure.providers.mercado_data_provider | DEBUG | RTD: Detalhes completos registrados para ITUBT431 (Liquidez detectada)
src.infrastructure.providers.mercado_data_provider | DEBUG | RTD: Detalhes completos registrados para ITSAR678 (Liquidez detectada)
src.infrastructure.providers.mercado_data_provider | DEBUG | RTD: Detalhes completos registrados para ISAET497 (Liquidez detectada)
src.infrastructure.providers.mercado_data_provider | DEBUG | RTD: Detalhes completos registrados para ITUBS403 (Liquidez detectada)
src.infrastructure.providers.mercado_data_provider | DEBUG | RTD: Detalhes completos registrados para ITUBT300 (Liquidez detectada)
src.infrastructure.providers.mercado_data_provider | DEBUG | RTD: Detalhes completos registrados para ITUBV581 (Liquidez detectada)
src.infrastructure.providers.mercado_data_provider | DEBUG | RTD: Detalhes completos registrados para CYRER235 (Liquidez detectada)
src.infrastructure.providers.mercado_data_provider | DEBUG | RTD: Detalhes completos registrados para ITSAR990 (Liquidez detectada)
src.infrastructure.providers.mercado_data_provider | DEBUG | RTD: Detalhes completos registrados para EMBJR718W2 (Liquidez detectada)
src.infrastructure.providers.mercado_data_provider | DEBUG | RTD: Detalhes completos registrados para CYREU212 (Liquidez detectada)
src.infrastructure.providers.mercado_data_provider | DEBUG | RTD: Detalhes completos registrados para ENEVV152 (Liquidez detectada)
src.infrastructure.providers.mercado_data_provider | DEBUG | RTD: Detalhes completos registrados para GGBRT163 (Liquidez detectada)
src.infrastructure.providers.mercado_data_provider | DEBUG | RTD: Detalhes completos registrados para EMBJR863W2 (Liquidez detectada)
src.infrastructure.providers.mercado_data_provider | DEBUG | RTD: Detalhes completos registrados para ITUBU458 (Liquidez detectada)
src.infrastructure.providers.mercado_data_provider | DEBUG | RTD: Detalhes completos registrados para ITUBR336 (Liquidez detectada)
src.infrastructure.providers.mercado_data_provider | DEBUG | RTD: Detalhes completos registrados para FESAR818 (Liquidez detectada)
src.infrastructure.providers.mercado_data_provider | DEBUG | RTD: Detalhes completos registrados para CYRES289 (Liquidez detectada)
src.infrastructure.providers.mercado_data_provider | DEBUG | RTD: Detalhes completos registrados para ITUBR421W4 (Liquidez detectada)
src.infrastructure.providers.mercado_data_provider | DEBUG | RTD: Detalhes completos registrados para IRBRS568 (Liquidez detectada)
src.infrastructure.providers.mercado_data_provider | DEBUG | RTD: Detalhes completos registrados para ITUBR457 (Liquidez detectada)
src.infrastructure.providers.mercado_data_provider | DEBUG | RTD: Detalhes completos registrados para HAPVR710 (Liquidez detectada)
src.infrastructure.providers.mercado_data_provider | DEBUG | RTD: Detalhes completos registrados para CYRET298 (Liquidez detectada)
src.infrastructure.providers.mercado_data_provider | DEBUG | RTD: Detalhes completos registrados para GOAUR100 (Liquidez detectada)
src.infrastructure.providers.mercado_data_provider | DEBUG | RTD: Detalhes completos registrados para EGIEW419 (Liquidez detectada)
src.infrastructure.providers.mercado_data_provider | DEBUG | RTD: Detalhes completos registrados para GOAUW13 (Liquidez detectada)
src.infrastructure.providers.mercado_data_provider | DEBUG | RTD: Detalhes completos registrados para ITSAS175 (Liquidez detectada)
src.infrastructure.providers.mercado_data_provider | DEBUG | RTD: Detalhes completos registrados para GGBRV150 (Liquidez detectada)
src.infrastructure.providers.mercado_data_provider | DEBUG | RTD: Detalhes completos registrados para IRBRS565 (Liquidez detectada)
src.infrastructure.providers.mercado_data_provider | DEBUG | RTD: Detalhes completos registrados para GGBRW198 (Liquidez detectada)
src.infrastructure.providers.mercado_data_provider | DEBUG | RTD: Detalhes completos registrados para HAPVR262 (Liquidez detectada)
src.infrastructure.providers.mercado_data_provider | DEBUG | RTD: Detalhes completos registrados para ITUBT353 (Liquidez detectada)
src.infrastructure.providers.mercado_data_provider | DEBUG | RTD: Detalhes completos registrados para EMBJR120 (Liquidez detectada)
src.infrastructure.providers.mercado_data_provider | DEBUG | RTD: Detalhes completos registrados para EGIES357 (Liquidez detectada)
src.infrastructure.providers.mercado_data_provider | DEBUG | RTD: Detalhes completos registrados para GGBRR136 (Liquidez detectada)
src.infrastructure.providers.mercado_data_provider | DEBUG | RTD: Detalhes completos registrados para GGBRR147 (Liquidez detectada)
src.infrastructure.providers.mercado_data_provider | DEBUG | RTD: Detalhes completos registrados para CYRER275 (Liquidez detectada)
src.infrastructure.providers.mercado_data_provider | DEBUG | RTD: Detalhes completos registrados para HYPER320 (Liquidez detectada)
src.infrastructure.providers.mercado_data_provider | DEBUG | RTD: Detalhes completos registrados para ITSAR90 (Liquidez detectada)
src.infrastructure.providers.mercado_data_provider | DEBUG | RTD: Detalhes completos registrados para GOAUW118 (Liquidez detectada)
src.infrastructure.providers.mercado_data_provider | DEBUG | RTD: Detalhes completos registrados para EMBJR794 (Liquidez detectada)
src.infrastructure.providers.mercado_data_provider | DEBUG | RTD: Detalhes completos registrados para IRBRS616 (Liquidez detectada)
src.infrastructure.providers.mercado_data_provider | DEBUG | RTD: Detalhes completos registrados para ISAES269 (Liquidez detectada)
src.infrastructure.providers.mercado_data_provider | DEBUG | RTD: Detalhes completos registrados para HBORS267 (Liquidez detectada)
src.infrastructure.providers.mercado_data_provider | DEBUG | RTD: Detalhes completos registrados para ITSAR960 (Liquidez detectada)
src.infrastructure.providers.mercado_data_provider | DEBUG | RTD: Detalhes completos registrados para DXCOR595 (Liquidez detectada)
src.infrastructure.providers.mercado_data_provider | DEBUG | RTD: Detalhes completos registrados para EMBJS873 (Liquidez detectada)
src.infrastructure.providers.mercado_data_provider | DEBUG | RTD: Detalhes completos registrados para DIRRT133 (Liquidez detectada)
src.infrastructure.providers.mercado_data_provider | DEBUG | RTD: Detalhes completos registrados para ITSAR140 (Liquidez detectada)
src.infrastructure.providers.mercado_data_provider | DEBUG | RTD: Detalhes completos registrados para ISAET299 (Liquidez detectada)
src.infrastructure.providers.mercado_data_provider | DEBUG | RTD: Detalhes completos registrados para IVVBS390 (Liquidez detectada)
src.infrastructure.providers.mercado_data_provider | DEBUG | RTD: Detalhes completos registrados para ITUBU494 (Liquidez detectada)
src.infrastructure.providers.mercado_data_provider | DEBUG | RTD: Detalhes completos registrados para GOAUU925 (Liquidez detectada)
src.infrastructure.providers.mercado_data_provider | DEBUG | RTD: Detalhes completos registrados para IVVBR453 (Liquidez detectada)
src.infrastructure.providers.mercado_data_provider | DEBUG | RTD: Detalhes completos registrados para EMBJS823 (Liquidez detectada)
src.infrastructure.providers.mercado_data_provider | DEBUG | RTD: Detalhes completos registrados para CYRER270 (Liquidez detectada)
src.infrastructure.providers.mercado_data_provider | DEBUG | RTD: Detalhes completos registrados para GGBRS142 (Liquidez detectada)
src.infrastructure.providers.mercado_data_provider | DEBUG | RTD: Detalhes completos registrados para ITSAU125 (Liquidez detectada)
src.infrastructure.providers.mercado_data_provider | DEBUG | RTD: Detalhes completos registrados para EMBJV714 (Liquidez detectada)
src.infrastructure.providers.mercado_data_provider | DEBUG | RTD: Detalhes completos registrados para EMBJT718 (Liquidez detectada)
src.infrastructure.providers.mercado_data_provider | DEBUG | RTD: Detalhes completos registrados para EMBJS100 (Liquidez detectada)
src.infrastructure.providers.mercado_data_provider | DEBUG | RTD: Detalhes completos registrados para ITUBS366 (Liquidez detectada)
src.infrastructure.providers.mercado_data_provider | DEBUG | RTD: Detalhes completos registrados para ITSAV118 (Liquidez detectada)
src.infrastructure.providers.mercado_data_provider | DEBUG | RTD: Detalhes completos registrados para GGBRW195 (Liquidez detectada)
src.infrastructure.providers.mercado_data_provider | DEBUG | RTD: Detalhes completos registrados para DIRRR128 (Liquidez detectada)
src.infrastructure.providers.mercado_data_provider | DEBUG | RTD: Detalhes completos registrados para ITUBU346 (Liquidez detectada)
src.infrastructure.providers.mercado_data_provider | DEBUG | RTD: Detalhes completos registrados para EMBJR948 (Liquidez detectada)
src.infrastructure.providers.mercado_data_provider | DEBUG | RTD: Detalhes completos registrados para ITUBT471 (Liquidez detectada)
src.infrastructure.providers.mercado_data_provider | DEBUG | RTD: Detalhes completos registrados para ITSAS104 (Liquidez detectada)
src.infrastructure.providers.mercado_data_provider | DEBUG | RTD: Detalhes completos registrados para GOAUV974 (Liquidez detectada)
src.infrastructure.providers.mercado_data_provider | DEBUG | RTD: Detalhes completos registrados para ITSAU806 (Liquidez detectada)
src.infrastructure.providers.mercado_data_provider | DEBUG | RTD: Detalhes completos registrados para ENEVR150 (Liquidez detectada)
src.infrastructure.providers.mercado_data_provider | DEBUG | RTD: Detalhes completos registrados para ITUBS470 (Liquidez detectada)
src.infrastructure.providers.mercado_data_provider | DEBUG | RTD: Detalhes completos registrados para EMBJW879 (Liquidez detectada)
src.infrastructure.providers.mercado_data_provider | DEBUG | RTD: Detalhes completos registrados para GGPST214 (Liquidez detectada)
src.infrastructure.providers.mercado_data_provider | DEBUG | RTD: Detalhes completos registrados para GGBRT216 (Liquidez detectada)
src.infrastructure.providers.mercado_data_provider | DEBUG | RTD: Detalhes completos registrados para EMBJW61 (Liquidez detectada)
src.infrastructure.providers.mercado_data_provider | DEBUG | RTD: Detalhes completos registrados para EMBJR109 (Liquidez detectada)
src.infrastructure.providers.mercado_data_provider | DEBUG | RTD: Detalhes completos registrados para GGBRS233W2 (Liquidez detectada)
src.infrastructure.providers.mercado_data_provider | DEBUG | RTD: Detalhes completos registrados para ITUBT392 (Liquidez detectada)
src.infrastructure.providers.mercado_data_provider | DEBUG | RTD: Detalhes completos registrados para GGBRR131 (Liquidez detectada)
src.infrastructure.providers.mercado_data_provider | DEBUG | RTD: Detalhes completos registrados para EZTCT117 (Liquidez detectada)
src.infrastructure.providers.mercado_data_provider | DEBUG | RTD: Detalhes completos registrados para EMBJS843 (Liquidez detectada)
src.infrastructure.providers.mercado_data_provider | DEBUG | RTD: Detalhes completos registrados para ITSAT840 (Liquidez detectada)
src.infrastructure.providers.mercado_data_provider | DEBUG | RTD: Detalhes completos registrados para EMBJR468 (Liquidez detectada)
src.infrastructure.providers.mercado_data_provider | DEBUG | RTD: Detalhes completos registrados para ENEVW160 (Liquidez detectada)
src.infrastructure.providers.mercado_data_provider | DEBUG | RTD: Detalhes completos registrados para IVVBR383 (Liquidez detectada)
src.infrastructure.providers.mercado_data_provider | DEBUG | RTD: Detalhes completos registrados para ISAER255 (Liquidez detectada)
src.infrastructure.providers.mercado_data_provider | DEBUG | RTD: Detalhes completos registrados para JBSSR550 (Liquidez detectada)
src.infrastructure.providers.mercado_data_provider | DEBUG | RTD: Detalhes completos registrados para DIRRT120 (Liquidez detectada)
src.infrastructure.providers.mercado_data_provider | DEBUG | RTD: Detalhes completos registrados para EMBJR838 (Liquidez detectada)
src.infrastructure.providers.mercado_data_provider | DEBUG | RTD: Detalhes completos registrados para EMBJS753W1 (Liquidez detectada)
src.infrastructure.providers.mercado_data_provider | DEBUG | RTD: Detalhes completos registrados para GGBRR243W4 (Liquidez detectada)
src.infrastructure.providers.mercado_data_provider | DEBUG | RTD: Detalhes completos registrados para GGBRR200 (Liquidez detectada)
src.infrastructure.providers.mercado_data_provider | DEBUG | RTD: Detalhes completos registrados para ITUBS408 (Liquidez detectada)
src.infrastructure.providers.mercado_data_provider | DEBUG | RTD: Detalhes completos registrados para ITUBS423 (Liquidez detectada)
src.infrastructure.providers.mercado_data_provider | DEBUG | RTD: Detalhes completos registrados para ITUBS368 (Liquidez detectada)
src.infrastructure.providers.mercado_data_provider | DEBUG | RTD: Detalhes completos registrados para EMBJR117 (Liquidez detectada)
src.infrastructure.providers.mercado_data_provider | DEBUG | RTD: Detalhes completos registrados para ITSAR145W2 (Liquidez detectada)
src.infrastructure.providers.mercado_data_provider | DEBUG | RTD: Detalhes completos registrados para ITSAS123 (Liquidez detectada)
src.infrastructure.providers.mercado_data_provider | DEBUG | RTD: Detalhes completos registrados para IVVBS420 (Liquidez detectada)
src.infrastructure.providers.mercado_data_provider | DEBUG | RTD: Detalhes completos registrados para DIRRR133 (Liquidez detectada)
src.infrastructure.providers.mercado_data_provider | DEBUG | RTD: Detalhes completos registrados para FLRYR149 (Liquidez detectada)
src.infrastructure.providers.mercado_data_provider | DEBUG | RTD: Detalhes completos registrados para ECORU844 (Liquidez detectada)
src.infrastructure.providers.mercado_data_provider | DEBUG | RTD: Detalhes completos registrados para ENEVV187 (Liquidez detectada)
src.infrastructure.providers.mercado_data_provider | DEBUG | RTD: Detalhes completos registrados para ITUBS377 (Liquidez detectada)
src.infrastructure.providers.mercado_data_provider | DEBUG | RTD: Detalhes completos registrados para ITSAR930 (Liquidez detectada)
src.infrastructure.providers.mercado_data_provider | DEBUG | RTD: Detalhes completos registrados para HAPVR990 (Liquidez detectada)
src.infrastructure.providers.mercado_data_provider | DEBUG | RTD: Detalhes completos registrados para IGTIR274 (Liquidez detectada)
src.infrastructure.providers.mercado_data_provider | DEBUG | RTD: Detalhes completos registrados para HAPVR930 (Liquidez detectada)
src.infrastructure.providers.mercado_data_provider | DEBUG | RTD: Detalhes completos registrados para ISAER220 (Liquidez detectada)
src.infrastructure.providers.mercado_data_provider | DEBUG | RTD: Detalhes completos registrados para ITUBT247 (Liquidez detectada)
src.infrastructure.providers.mercado_data_provider | DEBUG | RTD: Detalhes completos registrados para ITSAU130 (Liquidez detectada)
src.infrastructure.providers.mercado_data_provider | DEBUG | RTD: Detalhes completos registrados para EMBJU733 (Liquidez detectada)
src.infrastructure.providers.mercado_data_provider | DEBUG | RTD: Detalhes completos registrados para ENEVV175 (Liquidez detectada)
src.infrastructure.providers.mercado_data_provider | DEBUG | RTD: Detalhes completos registrados para DIRRR118 (Liquidez detectada)
src.infrastructure.providers.mercado_data_provider | DEBUG | RTD: Detalhes completos registrados para IRBRR735 (Liquidez detectada)
src.infrastructure.providers.mercado_data_provider | DEBUG | RTD: Detalhes completos registrados para EMBJV978 (Liquidez detectada)
src.infrastructure.providers.mercado_data_provider | DEBUG | RTD: Detalhes completos registrados para GGBRR238W4 (Liquidez detectada)
src.infrastructure.providers.mercado_data_provider | DEBUG | RTD: Detalhes completos registrados para EMBJW913 (Liquidez detectada)
src.infrastructure.providers.mercado_data_provider | DEBUG | RTD: Detalhes completos registrados para ITSAU150 (Liquidez detectada)
src.infrastructure.providers.mercado_data_provider | DEBUG | RTD: Detalhes completos registrados para ITSAS132 (Liquidez detectada)
src.infrastructure.providers.mercado_data_provider | DEBUG | RTD: Detalhes completos registrados para DIRRS133 (Liquidez detectada)
src.infrastructure.providers.mercado_data_provider | DEBUG | RTD: Detalhes completos registrados para IRBRS496 (Liquidez detectada)
src.infrastructure.providers.mercado_data_provider | DEBUG | RTD: Detalhes completos registrados para HBORV440 (Liquidez detectada)
src.infrastructure.providers.mercado_data_provider | DEBUG | RTD: Detalhes completos registrados para ITUBS394 (Liquidez detectada)
src.infrastructure.providers.mercado_data_provider | DEBUG | RTD: Detalhes completos registrados para ITUBS362 (Liquidez detectada)
src.infrastructure.providers.mercado_data_provider | DEBUG | RTD: Detalhes completos registrados para CYRES239 (Liquidez detectada)
src.infrastructure.providers.mercado_data_provider | DEBUG | RTD: Detalhes completos registrados para EQTLR375 (Liquidez detectada)
src.infrastructure.providers.mercado_data_provider | DEBUG | RTD: Detalhes completos registrados para ITUBS384W1 (Liquidez detectada)
src.infrastructure.providers.mercado_data_provider | DEBUG | RTD: Detalhes completos registrados para GGBRS180 (Liquidez detectada)
src.infrastructure.providers.mercado_data_provider | DEBUG | RTD: Detalhes completos registrados para ITUBS475 (Liquidez detectada)
src.infrastructure.providers.mercado_data_provider | DEBUG | RTD: Detalhes completos registrados para GOAUT11 (Liquidez detectada)
src.infrastructure.providers.mercado_data_provider | DEBUG | RTD: Detalhes completos registrados para IGTIR311 (Liquidez detectada)
src.infrastructure.providers.mercado_data_provider | DEBUG | RTD: Detalhes completos registrados para ITUBT398 (Liquidez detectada)
src.infrastructure.providers.mercado_data_provider | DEBUG | RTD: Detalhes completos registrados para EGIEU364 (Liquidez detectada)
src.infrastructure.providers.mercado_data_provider | DEBUG | RTD: Detalhes completos registrados para GGBRT238 (Liquidez detectada)
src.infrastructure.providers.mercado_data_provider | DEBUG | RTD: Detalhes completos registrados para EMBJS988 (Liquidez detectada)
src.infrastructure.providers.mercado_data_provider | DEBUG | RTD: Detalhes completos registrados para ITUBU439 (Liquidez detectada)
src.infrastructure.providers.mercado_data_provider | DEBUG | RTD: Detalhes completos registrados para EMBJT783 (Liquidez detectada)
src.infrastructure.providers.mercado_data_provider | DEBUG | RTD: Detalhes completos registrados para EMBJR843 (Liquidez detectada)
src.infrastructure.providers.mercado_data_provider | DEBUG | RTD: Detalhes completos registrados para ITSAR134W4 (Liquidez detectada)
src.infrastructure.providers.mercado_data_provider | DEBUG | RTD: Detalhes completos registrados para ITUBR48 (Liquidez detectada)
src.infrastructure.providers.mercado_data_provider | DEBUG | RTD: Detalhes completos registrados para CYRER285 (Liquidez detectada)
src.infrastructure.providers.mercado_data_provider | DEBUG | RTD: Detalhes completos registrados para ITSAR195 (Liquidez detectada)
src.infrastructure.providers.mercado_data_provider | DEBUG | RTD: Detalhes completos registrados para ITSAS99 (Liquidez detectada)
src.infrastructure.providers.mercado_data_provider | DEBUG | RTD: Detalhes completos registrados para IVVBU308 (Liquidez detectada)
src.infrastructure.providers.mercado_data_provider | DEBUG | RTD: Detalhes completos registrados para GGBRW303 (Liquidez detectada)
src.infrastructure.providers.mercado_data_provider | DEBUG | RTD: Detalhes completos registrados para ITSAU118 (Liquidez detectada)
src.infrastructure.providers.mercado_data_provider | DEBUG | RTD: Detalhes completos registrados para EQTLR414 (Liquidez detectada)
src.infrastructure.providers.mercado_data_provider | DEBUG | RTD: Detalhes completos registrados para ENEVV185 (Liquidez detectada)
src.infrastructure.providers.mercado_data_provider | DEBUG | RTD: Detalhes completos registrados para ITUBT488 (Liquidez detectada)
src.infrastructure.providers.mercado_data_provider | DEBUG | RTD: Detalhes completos registrados para JALLS50 (Liquidez detectada)
src.infrastructure.providers.mercado_data_provider | DEBUG | RTD: Detalhes completos registrados para IVVBS415 (Liquidez detectada)
src.infrastructure.providers.mercado_data_provider | DEBUG | RTD: Detalhes completos registrados para EMBJW889 (Liquidez detectada)
src.infrastructure.providers.mercado_data_provider | DEBUG | RTD: Detalhes completos registrados para JBSSR71 (Liquidez detectada)
src.infrastructure.providers.mercado_data_provider | DEBUG | RTD: Detalhes completos registrados para JBSSR775 (Liquidez detectada)
src.infrastructure.providers.mercado_data_provider | DEBUG | RTD: Detalhes completos registrados para EMBJR963 (Liquidez detectada)
src.infrastructure.providers.mercado_data_provider | DEBUG | RTD: Detalhes completos registrados para EMBJV994 (Liquidez detectada)
src.infrastructure.providers.mercado_data_provider | DEBUG | RTD: Detalhes completos registrados para EMBJW819 (Liquidez detectada)
src.infrastructure.providers.mercado_data_provider | DEBUG | RTD: Detalhes completos registrados para ITSAR100 (Liquidez detectada)
src.infrastructure.providers.mercado_data_provider | DEBUG | RTD: Detalhes completos registrados para ECORR994 (Liquidez detectada)
src.infrastructure.providers.mercado_data_provider | DEBUG | RTD: Detalhes completos registrados para ITSAW116 (Liquidez detectada)
src.infrastructure.providers.mercado_data_provider | DEBUG | RTD: Detalhes completos registrados para DIRRT138 (Liquidez detectada)
src.infrastructure.providers.mercado_data_provider | DEBUG | RTD: Detalhes completos registrados para EMBJR988 (Liquidez detectada)
src.infrastructure.providers.mercado_data_provider | DEBUG | RTD: Detalhes completos registrados para ITUBS422W2 (Liquidez detectada)
src.infrastructure.providers.mercado_data_provider | DEBUG | RTD: Detalhes completos registrados para EMBJR778 (Liquidez detectada)
src.infrastructure.providers.mercado_data_provider | DEBUG | RTD: Detalhes completos registrados para HYPER265 (Liquidez detectada)
src.infrastructure.providers.mercado_data_provider | DEBUG | RTD: Detalhes completos registrados para ITUBT205 (Liquidez detectada)
src.infrastructure.providers.mercado_data_provider | DEBUG | RTD: Detalhes completos registrados para IRBRR472 (Liquidez detectada)
src.infrastructure.providers.mercado_data_provider | DEBUG | RTD: Detalhes completos registrados para EMBJR678 (Liquidez detectada)
src.infrastructure.providers.mercado_data_provider | DEBUG | RTD: Detalhes completos registrados para ITUBU309 (Liquidez detectada)
src.infrastructure.providers.mercado_data_provider | DEBUG | RTD: Detalhes completos registrados para HBORR247 (Liquidez detectada)
src.infrastructure.providers.mercado_data_provider | DEBUG | RTD: Detalhes completos registrados para ITUBR225 (Liquidez detectada)
src.infrastructure.providers.mercado_data_provider | DEBUG | RTD: Detalhes completos registrados para GGBRR152 (Liquidez detectada)
src.infrastructure.providers.mercado_data_provider | DEBUG | RTD: Detalhes completos registrados para GGBRR215W2 (Liquidez detectada)
src.infrastructure.providers.mercado_data_provider | DEBUG | RTD: Detalhes completos registrados para ITUBV211 (Liquidez detectada)
src.infrastructure.providers.mercado_data_provider | DEBUG | RTD: Detalhes completos registrados para CYRER240 (Liquidez detectada)
src.infrastructure.providers.mercado_data_provider | DEBUG | RTD: Detalhes completos registrados para ITUBT351 (Liquidez detectada)
src.infrastructure.providers.mercado_data_provider | DEBUG | RTD: Detalhes completos registrados para ITUBR401W4 (Liquidez detectada)
src.infrastructure.providers.mercado_data_provider | DEBUG | RTD: Detalhes completos registrados para ISAET270 (Liquidez detectada)
src.infrastructure.providers.mercado_data_provider | DEBUG | RTD: Detalhes completos registrados para CYRER268 (Liquidez detectada)
src.infrastructure.providers.mercado_data_provider | DEBUG | RTD: Detalhes completos registrados para ENEVR195 (Liquidez detectada)
src.infrastructure.providers.mercado_data_provider | DEBUG | RTD: Detalhes completos registrados para GGBRS237 (Liquidez detectada)
src.infrastructure.providers.mercado_data_provider | DEBUG | RTD: Detalhes completos registrados para GOAUT107 (Liquidez detectada)
src.infrastructure.providers.mercado_data_provider | DEBUG | RTD: Detalhes completos registrados para ENEVV160 (Liquidez detectada)
src.infrastructure.providers.mercado_data_provider | DEBUG | RTD: Detalhes completos registrados para EGIET302 (Liquidez detectada)
src.infrastructure.providers.mercado_data_provider | DEBUG | RTD: Detalhes completos registrados para DIRRR163 (Liquidez detectada)
src.infrastructure.providers.mercado_data_provider | DEBUG | RTD: Detalhes completos registrados para ITSAR880 (Liquidez detectada)
src.infrastructure.providers.mercado_data_provider | DEBUG | RTD: Detalhes completos registrados para IVVBV388 (Liquidez detectada)
src.infrastructure.providers.mercado_data_provider | DEBUG | RTD: Detalhes completos registrados para GOAUS925 (Liquidez detectada)
src.infrastructure.providers.mercado_data_provider | DEBUG | RTD: Detalhes completos registrados para GGBRT256 (Liquidez detectada)
src.infrastructure.providers.mercado_data_provider | DEBUG | RTD: Detalhes completos registrados para EMBJW150 (Liquidez detectada)
src.infrastructure.providers.mercado_data_provider | DEBUG | RTD: Detalhes completos registrados para EQTLS394 (Liquidez detectada)
src.infrastructure.providers.mercado_data_provider | DEBUG | RTD: Detalhes completos registrados para GOAUS173 (Liquidez detectada)
src.infrastructure.providers.mercado_data_provider | DEBUG | RTD: Detalhes completos registrados para ENEVS160 (Liquidez detectada)
src.infrastructure.providers.mercado_data_provider | DEBUG | RTD: Detalhes completos registrados para ITSAR119W4 (Liquidez detectada)
src.infrastructure.providers.mercado_data_provider | DEBUG | RTD: Detalhes completos registrados para GOAUU815 (Liquidez detectada)
src.infrastructure.providers.mercado_data_provider | DEBUG | RTD: Detalhes completos registrados para EMBJR968 (Liquidez detectada)
src.infrastructure.providers.mercado_data_provider | DEBUG | RTD: Detalhes completos registrados para ENEVW257 (Liquidez detectada)
src.infrastructure.providers.mercado_data_provider | DEBUG | RTD: Detalhes completos registrados para IRBRR575 (Liquidez detectada)
src.infrastructure.providers.mercado_data_provider | DEBUG | RTD: Detalhes completos registrados para EMBJR101 (Liquidez detectada)
src.infrastructure.providers.mercado_data_provider | DEBUG | RTD: Detalhes completos registrados para ENEVS195 (Liquidez detectada)
src.infrastructure.providers.mercado_data_provider | DEBUG | RTD: Detalhes completos registrados para ECORR754 (Liquidez detectada)
src.infrastructure.providers.mercado_data_provider | DEBUG | RTD: Detalhes completos registrados para ENGIT423 (Liquidez detectada)
src.infrastructure.providers.mercado_data_provider | DEBUG | RTD: Detalhes completos registrados para EQTLR324 (Liquidez detectada)
src.infrastructure.providers.mercado_data_provider | DEBUG | RTD: Detalhes completos registrados para HASHR485 (Liquidez detectada)
src.infrastructure.providers.mercado_data_provider | DEBUG | RTD: Detalhes completos registrados para IRBRS456 (Liquidez detectada)
src.infrastructure.providers.mercado_data_provider | DEBUG | RTD: Detalhes completos registrados para ITUBS313 (Liquidez detectada)
src.infrastructure.providers.mercado_data_provider | DEBUG | RTD: Detalhes completos registrados para ITUBT195 (Liquidez detectada)
src.infrastructure.providers.mercado_data_provider | DEBUG | RTD: Detalhes completos registrados para IRBRS588 (Liquidez detectada)
src.infrastructure.providers.mercado_data_provider | DEBUG | RTD: Detalhes completos registrados para ITUBR540 (Liquidez detectada)
src.infrastructure.providers.mercado_data_provider | DEBUG | RTD: Detalhes completos registrados para EGIER387 (Liquidez detectada)
src.infrastructure.providers.mercado_data_provider | DEBUG | RTD: Detalhes completos registrados para ECORS794 (Liquidez detectada)
src.infrastructure.providers.mercado_data_provider | DEBUG | RTD: Detalhes completos registrados para HAPVR62 (Liquidez detectada)
src.infrastructure.providers.mercado_data_provider | DEBUG | RTD: Detalhes completos registrados para HAPVS270 (Liquidez detectada)
src.infrastructure.providers.mercado_data_provider | DEBUG | RTD: Detalhes completos registrados para ECORR944 (Liquidez detectada)
src.infrastructure.providers.mercado_data_provider | DEBUG | RTD: Detalhes completos registrados para ITUBS388 (Liquidez detectada)
src.infrastructure.providers.mercado_data_provider | DEBUG | RTD: Detalhes completos registrados para ITSAR120 (Liquidez detectada)
src.infrastructure.providers.mercado_data_provider | DEBUG | RTD: Detalhes completos registrados para DIRRR848 (Liquidez detectada)
src.infrastructure.providers.mercado_data_provider | DEBUG | RTD: Detalhes completos registrados para GGBRT213 (Liquidez detectada)
src.infrastructure.providers.mercado_data_provider | DEBUG | RTD: Detalhes completos registrados para ENGIR541 (Liquidez detectada)
src.infrastructure.providers.mercado_data_provider | DEBUG | RTD: Detalhes completos registrados para EMBJT61 (Liquidez detectada)
src.infrastructure.providers.mercado_data_provider | DEBUG | RTD: Detalhes completos registrados para HYPER212 (Liquidez detectada)
src.infrastructure.providers.mercado_data_provider | DEBUG | RTD: Detalhes completos registrados para ITUBW10 (Liquidez detectada)
src.infrastructure.providers.mercado_data_provider | DEBUG | RTD: Detalhes completos registrados para FLRYT152 (Liquidez detectada)
src.infrastructure.providers.mercado_data_provider | DEBUG | RTD: Detalhes completos registrados para JBSSR705 (Liquidez detectada)
src.infrastructure.providers.mercado_data_provider | DEBUG | RTD: Detalhes completos registrados para ITSAS120 (Liquidez detectada)
src.infrastructure.providers.mercado_data_provider | DEBUG | RTD: Detalhes completos registrados para EMBJW728 (Liquidez detectada)
src.infrastructure.providers.mercado_data_provider | DEBUG | RTD: Detalhes completos registrados para GGBRS177 (Liquidez detectada)
src.infrastructure.providers.mercado_data_provider | DEBUG | RTD: Detalhes completos registrados para ENEVR135 (Liquidez detectada)
src.infrastructure.providers.mercado_data_provider | DEBUG | RTD: Detalhes completos registrados para ITSAW146 (Liquidez detectada)
src.infrastructure.providers.mercado_data_provider | DEBUG | RTD: Detalhes completos registrados para GGPSS212 (Liquidez detectada)
src.infrastructure.providers.mercado_data_provider | DEBUG | RTD: Detalhes completos registrados para ITUBS439W2 (Liquidez detectada)
src.infrastructure.providers.mercado_data_provider | DEBUG | RTD: Detalhes completos registrados para ITUBT392W1 (Liquidez detectada)
src.infrastructure.providers.mercado_data_provider | DEBUG | RTD: Detalhes completos registrados para EMBJS983 (Liquidez detectada)
src.infrastructure.providers.mercado_data_provider | DEBUG | RTD: Detalhes completos registrados para EMBJR813 (Liquidez detectada)
src.infrastructure.providers.mercado_data_provider | DEBUG | RTD: Detalhes completos registrados para ISAES255 (Liquidez detectada)
src.infrastructure.providers.mercado_data_provider | DEBUG | RTD: Detalhes completos registrados para ITSAT133 (Liquidez detectada)
src.infrastructure.providers.mercado_data_provider | DEBUG | RTD: Detalhes completos registrados para ITSAT110 (Liquidez detectada)
src.infrastructure.providers.mercado_data_provider | DEBUG | RTD: Detalhes completos registrados para JALLR500 (Liquidez detectada)
src.infrastructure.providers.mercado_data_provider | DEBUG | RTD: Detalhes completos registrados para INTBR146 (Liquidez detectada)
src.infrastructure.providers.mercado_data_provider | DEBUG | RTD: Detalhes completos registrados para EMBJR121 (Liquidez detectada)
src.infrastructure.providers.mercado_data_provider | DEBUG | RTD: Detalhes completos registrados para ENEVR125 (Liquidez detectada)
src.infrastructure.providers.mercado_data_provider | DEBUG | RTD: Detalhes completos registrados para HBORU430 (Liquidez detectada)
src.infrastructure.providers.mercado_data_provider | DEBUG | RTD: Detalhes completos registrados para EGIER322 (Liquidez detectada)
src.infrastructure.providers.mercado_data_provider | DEBUG | RTD: Detalhes completos registrados para CYRER228 (Liquidez detectada)
src.infrastructure.providers.mercado_data_provider | DEBUG | RTD: Detalhes completos registrados para ECORR949 (Liquidez detectada)
src.infrastructure.providers.mercado_data_provider | DEBUG | RTD: Detalhes completos registrados para JBSST710 (Liquidez detectada)
src.infrastructure.providers.mercado_data_provider | DEBUG | RTD: Detalhes completos registrados para FESAS80 (Liquidez detectada)
src.infrastructure.providers.mercado_data_provider | DEBUG | RTD: Detalhes completos registrados para GGPSR194 (Liquidez detectada)
src.infrastructure.providers.mercado_data_provider | DEBUG | RTD: Detalhes completos registrados para ITSAR123 (Liquidez detectada)
src.infrastructure.providers.mercado_data_provider | DEBUG | RTD: Detalhes completos registrados para ECORT120 (Liquidez detectada)
src.infrastructure.providers.mercado_data_provider | DEBUG | RTD: Detalhes completos registrados para ITUBR424 (Liquidez detectada)
src.infrastructure.providers.mercado_data_provider | DEBUG | RTD: Detalhes completos registrados para DIRRS103 (Liquidez detectada)
src.infrastructure.providers.mercado_data_provider | DEBUG | RTD: Detalhes completos registrados para ITSAU143 (Liquidez detectada)
src.infrastructure.providers.mercado_data_provider | DEBUG | RTD: Detalhes completos registrados para ITUBR437 (Liquidez detectada)
src.infrastructure.providers.mercado_data_provider | DEBUG | RTD: Detalhes completos registrados para HAPVR257 (Liquidez detectada)
src.infrastructure.providers.mercado_data_provider | DEBUG | RTD: Detalhes completos registrados para GGBRT185 (Liquidez detectada)
src.infrastructure.providers.mercado_data_provider | DEBUG | RTD: Detalhes completos registrados para GGBRR118 (Liquidez detectada)
src.infrastructure.providers.mercado_data_provider | DEBUG | RTD: Detalhes completos registrados para ITSAT170 (Liquidez detectada)
src.infrastructure.providers.mercado_data_provider | DEBUG | RTD: Detalhes completos registrados para CYRER278 (Liquidez detectada)
src.infrastructure.providers.mercado_data_provider | DEBUG | RTD: Detalhes completos registrados para GFSAS600 (Liquidez detectada)
src.infrastructure.providers.mercado_data_provider | DEBUG | RTD: Detalhes completos registrados para ITSAS105 (Liquidez detectada)
src.infrastructure.providers.mercado_data_provider | DEBUG | RTD: Detalhes completos registrados para EQTLS414 (Liquidez detectada)
src.infrastructure.providers.mercado_data_provider | DEBUG | RTD: Detalhes completos registrados para ENEVV172 (Liquidez detectada)
src.infrastructure.providers.mercado_data_provider | DEBUG | RTD: Detalhes completos registrados para ITSAR124W4 (Liquidez detectada)
src.infrastructure.providers.mercado_data_provider | DEBUG | RTD: Detalhes completos registrados para GGBRS225 (Liquidez detectada)
src.infrastructure.providers.mercado_data_provider | DEBUG | RTD: Detalhes completos registrados para ITUBV434 (Liquidez detectada)
src.infrastructure.providers.mercado_data_provider | DEBUG | RTD: Detalhes completos registrados para EMBJR993 (Liquidez detectada)
src.infrastructure.providers.mercado_data_provider | DEBUG | RTD: Detalhes completos registrados para EMBJR848 (Liquidez detectada)
src.infrastructure.providers.mercado_data_provider | DEBUG | RTD: Detalhes completos registrados para ISAES262 (Liquidez detectada)
src.infrastructure.providers.mercado_data_provider | DEBUG | RTD: Detalhes completos registrados para GGBRS196 (Liquidez detectada)
src.infrastructure.providers.mercado_data_provider | DEBUG | RTD: Detalhes completos registrados para ISAES247 (Liquidez detectada)
src.infrastructure.providers.mercado_data_provider | DEBUG | RTD: Detalhes completos registrados para ITUBS457W2 (Liquidez detectada)
src.infrastructure.providers.mercado_data_provider | DEBUG | RTD: Detalhes completos registrados para GOAUU915 (Liquidez detectada)
src.infrastructure.providers.mercado_data_provider | DEBUG | RTD: Detalhes completos registrados para ITUBV328 (Liquidez detectada)
src.infrastructure.providers.mercado_data_provider | DEBUG | RTD: Detalhes completos registrados para EMBJS903 (Liquidez detectada)
src.infrastructure.providers.mercado_data_provider | DEBUG | RTD: Detalhes completos registrados para GGBRR244 (Liquidez detectada)
src.infrastructure.providers.mercado_data_provider | DEBUG | RTD: Detalhes completos registrados para ITUBU355 (Liquidez detectada)
src.infrastructure.providers.mercado_data_provider | DEBUG | RTD: Detalhes completos registrados para ENGIU521 (Liquidez detectada)
src.infrastructure.providers.mercado_data_provider | DEBUG | RTD: Detalhes completos registrados para ITSAR94 (Liquidez detectada)
src.infrastructure.providers.mercado_data_provider | DEBUG | RTD: Detalhes completos registrados para ITUBT503 (Liquidez detectada)
src.infrastructure.providers.mercado_data_provider | DEBUG | RTD: Detalhes completos registrados para DXCOS575 (Liquidez detectada)
src.infrastructure.providers.mercado_data_provider | DEBUG | RTD: Detalhes completos registrados para EMBJU102 (Liquidez detectada)
src.infrastructure.providers.mercado_data_provider | DEBUG | RTD: Detalhes completos registrados para EMBJR458 (Liquidez detectada)
src.infrastructure.providers.mercado_data_provider | DEBUG | RTD: Detalhes completos registrados para GGBRV170 (Liquidez detectada)
src.infrastructure.providers.mercado_data_provider | DEBUG | RTD: Detalhes completos registrados para HAPVR147 (Liquidez detectada)
src.infrastructure.providers.mercado_data_provider | DEBUG | RTD: Detalhes completos registrados para GGBRT20 (Liquidez detectada)
src.infrastructure.providers.mercado_data_provider | DEBUG | RTD: Detalhes completos registrados para DXCOR675 (Liquidez detectada)
src.infrastructure.providers.mercado_data_provider | DEBUG | RTD: Detalhes completos registrados para HYPET135 (Liquidez detectada)
src.infrastructure.providers.mercado_data_provider | DEBUG | RTD: Detalhes completos registrados para ISAER211 (Liquidez detectada)
src.infrastructure.providers.mercado_data_provider | DEBUG | RTD: Detalhes completos registrados para ITUBU354 (Liquidez detectada)
src.infrastructure.providers.mercado_data_provider | DEBUG | RTD: Detalhes completos registrados para GMATS689 (Liquidez detectada)
src.infrastructure.providers.mercado_data_provider | DEBUG | RTD: Detalhes completos registrados para JBSSR800 (Liquidez detectada)
src.infrastructure.providers.mercado_data_provider | DEBUG | RTD: Detalhes completos registrados para CYRES199 (Liquidez detectada)
src.infrastructure.providers.mercado_data_provider | DEBUG | RTD: Detalhes completos registrados para EMBJT116 (Liquidez detectada)
src.infrastructure.providers.mercado_data_provider | DEBUG | RTD: Detalhes completos registrados para IGTIR299 (Liquidez detectada)
src.infrastructure.providers.mercado_data_provider | DEBUG | RTD: Detalhes completos registrados para EMBJR828W2 (Liquidez detectada)
src.infrastructure.providers.mercado_data_provider | DEBUG | RTD: Detalhes completos registrados para EMBJT728 (Liquidez detectada)
src.infrastructure.providers.mercado_data_provider | DEBUG | RTD: Detalhes completos registrados para EQTLU323 (Liquidez detectada)
src.infrastructure.providers.mercado_data_provider | DEBUG | RTD: Detalhes completos registrados para EMBJR659 (Liquidez detectada)
src.infrastructure.providers.mercado_data_provider | DEBUG | RTD: Detalhes completos registrados para EGIER397 (Liquidez detectada)
src.infrastructure.providers.mercado_data_provider | DEBUG | RTD: Detalhes completos registrados para DIRRS163 (Liquidez detectada)
src.infrastructure.providers.mercado_data_provider | DEBUG | RTD: Detalhes completos registrados para ECORR107 (Liquidez detectada)
src.infrastructure.providers.mercado_data_provider | DEBUG | RTD: Detalhes completos registrados para DXCOS555 (Liquidez detectada)
src.infrastructure.providers.mercado_data_provider | DEBUG | RTD: Detalhes completos registrados para ENEVS165 (Liquidez detectada)
src.infrastructure.providers.mercado_data_provider | DEBUG | RTD: Detalhes completos registrados para EMBJR473 (Liquidez detectada)
src.infrastructure.providers.mercado_data_provider | DEBUG | RTD: Detalhes completos registrados para ENEVS320 (Liquidez detectada)
src.infrastructure.providers.mercado_data_provider | DEBUG | RTD: Detalhes completos registrados para EMBJR903 (Liquidez detectada)
src.infrastructure.providers.mercado_data_provider | DEBUG | RTD: Detalhes completos registrados para ITUBR419 (Liquidez detectada)
src.infrastructure.providers.mercado_data_provider | DEBUG | RTD: Detalhes completos registrados para CYRES189 (Liquidez detectada)
src.infrastructure.providers.mercado_data_provider | DEBUG | RTD: Detalhes completos registrados para ITUBT364 (Liquidez detectada)
src.ui.desktop.monitor_worker | INFO | MonitorWorker: parado.
src.ui.desktop.monitor_worker | INFO | MonitorWorker: parado.
src.ui.desktop.monitor_worker | INFO | MonitorWorker: parado.
src.ui.desktop.monitor_worker | INFO | MonitorWorker: parado.
src.ui.desktop.monitor_worker | INFO | MonitorWorker: parado.
src.ui.desktop.monitor_worker | INFO | MonitorWorker: parado.
src.ui.desktop.monitor_worker | INFO | MonitorWorker: parado.
src.infrastructure.providers.rtd_profit | DEBUG | RTD ServerStart falhou — tentando ConnectData mesmo assim.
src.infrastructure.providers.rtd_profit | INFO | RTD do Profit Pro disponivel.
src.infrastructure.providers.mercado_data_provider | INFO | MercadoDataProvider: Parametros de performance atualizados.
src.infrastructure.providers.mercado_data_provider | INFO | RTD: Refresh forcado para 3682 instrumentos de 6 ativos ex-dividendo.
src.ui.desktop.monitor_worker | INFO | MonitorWorker: thread iniciada (COM inicializado).
src.infrastructure.providers.mercado_data_provider | INFO | RTD: 232 ativos registrados prioritariamente em 0.69s.
src.infrastructure.providers.mercado_data_provider | INFO | RTD: Lote Onda 1 2000/44976 (Registros: 1982) em 4.66s.
src.infrastructure.providers.mercado_data_provider | INFO | Varredura (Fast): 5664 monitored, 100 with book in 0.02s
src.infrastructure.providers.mercado_data_provider | INFO | RTD: Lote Onda 1 4000/44976 (Registros: 1963) em 4.83s.
src.infrastructure.providers.mercado_data_provider | INFO | Varredura (Fast): 7627 monitored, 100 with book in 0.00s
src.infrastructure.providers.mercado_data_provider | INFO | RTD: Lote Onda 1 6000/44976 (Registros: 386) em 1.00s.
src.infrastructure.providers.mercado_data_provider | INFO | Varredura (Fast): 8013 monitored, 100 with book in 0.00s
src.infrastructure.providers.mercado_data_provider | INFO | RTD: Lote Onda 1 8000/44976 (Registros: 1688) em 4.35s.
src.infrastructure.providers.mercado_data_provider | INFO | Varredura (Fast): 9701 monitored, 100 with book in 0.00s
src.ui.desktop.monitor_worker | INFO | MonitorWorker: parado.
src.infrastructure.providers.rtd_profit | DEBUG | RTD ServerStart falhou — tentando ConnectData mesmo assim.
src.infrastructure.providers.rtd_profit | INFO | RTD do Profit Pro disponivel.
src.infrastructure.providers.mercado_data_provider | INFO | MercadoDataProvider: Parametros de performance atualizados.
src.infrastructure.providers.mercado_data_provider | INFO | RTD: Refresh forcado para 3682 instrumentos de 6 ativos ex-dividendo.
src.ui.desktop.monitor_worker | INFO | MonitorWorker: thread iniciada (COM inicializado).
src.infrastructure.providers.mercado_data_provider | INFO | RTD: 232 ativos registrados prioritariamente em 0.57s.
src.infrastructure.providers.mercado_data_provider | INFO | RTD: Lote Onda 1 2000/44976 (Registros: 1982) em 1.93s.
src.infrastructure.providers.mercado_data_provider | INFO | Varredura (Fast): 5664 monitored, 100 with book in 0.02s
src.infrastructure.providers.mercado_data_provider | INFO | RTD: Lote Onda 1 4000/44976 (Registros: 1963) em 1.99s.
src.infrastructure.providers.mercado_data_provider | INFO | Varredura (Fast): 7627 monitored, 100 with book in 0.00s
src.infrastructure.providers.mercado_data_provider | INFO | RTD: Lote Onda 1 6000/44976 (Registros: 386) em 0.38s.
src.infrastructure.providers.mercado_data_provider | INFO | Varredura (Fast): 8013 monitored, 100 with book in 0.00s
src.infrastructure.providers.mercado_data_provider | INFO | RTD: Lote Onda 1 8000/44976 (Registros: 1688) em 1.45s.
src.infrastructure.providers.mercado_data_provider | INFO | Varredura (Fast): 9701 monitored, 100 with book in 0.00s
src.infrastructure.providers.mercado_data_provider | INFO | RTD: Lote Onda 1 10000/44976 (Registros: 1899) em 4.79s.
src.infrastructure.providers.mercado_data_provider | DEBUG | RTD: Detalhes completos registrados para ALUPT374 (Liquidez detectada)
src.infrastructure.providers.mercado_data_provider | DEBUG | RTD: Detalhes completos registrados para ANIMT327 (Liquidez detectada)
src.infrastructure.providers.mercado_data_provider | DEBUG | RTD: Detalhes completos registrados para AXIAS54 (Liquidez detectada)
src.infrastructure.providers.mercado_data_provider | DEBUG | RTD: Detalhes completos registrados para BEEFW541 (Liquidez detectada)
src.infrastructure.providers.mercado_data_provider | DEBUG | RTD: Detalhes completos registrados para ALOSU230 (Liquidez detectada)
src.infrastructure.providers.mercado_data_provider | DEBUG | RTD: Detalhes completos registrados para AXIAT675 (Liquidez detectada)
src.infrastructure.providers.mercado_data_provider | DEBUG | RTD: Detalhes completos registrados para BEEFU100 (Liquidez detectada)
src.infrastructure.providers.mercado_data_provider | DEBUG | RTD: Detalhes completos registrados para ALUPU283 (Liquidez detectada)
src.infrastructure.providers.mercado_data_provider | DEBUG | RTD: Detalhes completos registrados para AUAUR375 (Liquidez detectada)
src.infrastructure.providers.mercado_data_provider | DEBUG | RTD: Detalhes completos registrados para BHIAS640 (Liquidez detectada)
src.infrastructure.providers.mercado_data_provider | DEBUG | RTD: Detalhes completos registrados para AUAUV436 (Liquidez detectada)
src.infrastructure.providers.mercado_data_provider | DEBUG | RTD: Detalhes completos registrados para BBSEV366 (Liquidez detectada)
src.infrastructure.providers.mercado_data_provider | DEBUG | RTD: Detalhes completos registrados para B3SAR102 (Liquidez detectada)
src.infrastructure.providers.mercado_data_provider | DEBUG | RTD: Detalhes completos registrados para AXIAU68 (Liquidez detectada)
src.infrastructure.providers.mercado_data_provider | DEBUG | RTD: Detalhes completos registrados para BEEFU760 (Liquidez detectada)
src.infrastructure.providers.mercado_data_provider | DEBUG | RTD: Detalhes completos registrados para BMGBR495 (Liquidez detectada)
src.infrastructure.providers.mercado_data_provider | DEBUG | RTD: Detalhes completos registrados para AURER127 (Liquidez detectada)
src.infrastructure.providers.mercado_data_provider | DEBUG | RTD: Detalhes completos registrados para BERKR119 (Liquidez detectada)
src.infrastructure.providers.mercado_data_provider | DEBUG | RTD: Detalhes completos registrados para AXIAR745 (Liquidez detectada)
src.infrastructure.providers.mercado_data_provider | DEBUG | RTD: Detalhes completos registrados para ALOSU289 (Liquidez detectada)
src.infrastructure.providers.mercado_data_provider | DEBUG | RTD: Detalhes completos registrados para ABEVV183 (Liquidez detectada)
src.infrastructure.providers.mercado_data_provider | DEBUG | RTD: Detalhes completos registrados para BBSER412 (Liquidez detectada)
src.infrastructure.providers.mercado_data_provider | DEBUG | RTD: Detalhes completos registrados para B3SAV207 (Liquidez detectada)
src.infrastructure.providers.mercado_data_provider | DEBUG | RTD: Detalhes completos registrados para AXIAR55 (Liquidez detectada)
src.infrastructure.providers.mercado_data_provider | DEBUG | RTD: Detalhes completos registrados para BBSEU376 (Liquidez detectada)
src.infrastructure.providers.mercado_data_provider | DEBUG | RTD: Detalhes completos registrados para BEEFW681 (Liquidez detectada)
src.infrastructure.providers.mercado_data_provider | DEBUG | RTD: Detalhes completos registrados para ALOST249 (Liquidez detectada)
src.infrastructure.providers.mercado_data_provider | DEBUG | RTD: Detalhes completos registrados para AXIAW480 (Liquidez detectada)
src.infrastructure.providers.mercado_data_provider | DEBUG | RTD: Detalhes completos registrados para BLAUR105 (Liquidez detectada)
src.infrastructure.providers.mercado_data_provider | DEBUG | RTD: Detalhes completos registrados para BMGBU290 (Liquidez detectada)
src.infrastructure.providers.mercado_data_provider | DEBUG | RTD: Detalhes completos registrados para AMARR700 (Liquidez detectada)
src.infrastructure.providers.mercado_data_provider | DEBUG | RTD: Detalhes completos registrados para BHIAR200 (Liquidez detectada)
src.infrastructure.providers.mercado_data_provider | DEBUG | RTD: Detalhes completos registrados para ABEVS209 (Liquidez detectada)
src.infrastructure.providers.mercado_data_provider | DEBUG | RTD: Detalhes completos registrados para B3SAS131 (Liquidez detectada)
src.infrastructure.providers.mercado_data_provider | DEBUG | RTD: Detalhes completos registrados para AXIAT525 (Liquidez detectada)
src.infrastructure.providers.mercado_data_provider | DEBUG | RTD: Detalhes completos registrados para ALOSS279 (Liquidez detectada)
src.infrastructure.providers.mercado_data_provider | DEBUG | RTD: Detalhes completos registrados para ASAIR630 (Liquidez detectada)
src.infrastructure.providers.mercado_data_provider | DEBUG | RTD: Detalhes completos registrados para BEEFR386 (Liquidez detectada)
src.infrastructure.providers.mercado_data_provider | DEBUG | RTD: Detalhes completos registrados para B3SAW174 (Liquidez detectada)
src.infrastructure.providers.mercado_data_provider | DEBUG | RTD: Detalhes completos registrados para AZZAR420 (Liquidez detectada)
src.infrastructure.providers.mercado_data_provider | DEBUG | RTD: Detalhes completos registrados para AZZAS175 (Liquidez detectada)
src.infrastructure.providers.mercado_data_provider | DEBUG | RTD: Detalhes completos registrados para BOVAS181 (Liquidez detectada)
src.infrastructure.providers.mercado_data_provider | DEBUG | RTD: Detalhes completos registrados para B3SAR175 (Liquidez detectada)
src.infrastructure.providers.mercado_data_provider | DEBUG | RTD: Detalhes completos registrados para BABAR256 (Liquidez detectada)
src.infrastructure.providers.mercado_data_provider | DEBUG | RTD: Detalhes completos registrados para AZZAR797 (Liquidez detectada)
src.infrastructure.providers.mercado_data_provider | DEBUG | RTD: Detalhes completos registrados para ALPAT135 (Liquidez detectada)
src.infrastructure.providers.mercado_data_provider | DEBUG | RTD: Detalhes completos registrados para BBSEV306 (Liquidez detectada)
src.infrastructure.providers.mercado_data_provider | DEBUG | RTD: Detalhes completos registrados para AXIAT200 (Liquidez detectada)
src.infrastructure.providers.mercado_data_provider | DEBUG | RTD: Detalhes completos registrados para BBSER387 (Liquidez detectada)
src.infrastructure.providers.mercado_data_provider | DEBUG | RTD: Detalhes completos registrados para AXIAR685 (Liquidez detectada)
src.infrastructure.providers.mercado_data_provider | DEBUG | RTD: Detalhes completos registrados para B3SAR260 (Liquidez detectada)
src.infrastructure.providers.mercado_data_provider | DEBUG | RTD: Detalhes completos registrados para AUAUR330 (Liquidez detectada)
src.infrastructure.providers.mercado_data_provider | DEBUG | RTD: Detalhes completos registrados para AUAUR560 (Liquidez detectada)
src.infrastructure.providers.mercado_data_provider | DEBUG | RTD: Detalhes completos registrados para AXIAU56 (Liquidez detectada)
src.infrastructure.providers.mercado_data_provider | DEBUG | RTD: Detalhes completos registrados para BHIAW280 (Liquidez detectada)
src.infrastructure.providers.mercado_data_provider | DEBUG | RTD: Detalhes completos registrados para BHIAR940 (Liquidez detectada)
src.infrastructure.providers.mercado_data_provider | DEBUG | RTD: Detalhes completos registrados para BHIAR960 (Liquidez detectada)
src.infrastructure.providers.mercado_data_provider | DEBUG | RTD: Detalhes completos registrados para BBSEU252 (Liquidez detectada)
src.infrastructure.providers.mercado_data_provider | DEBUG | RTD: Detalhes completos registrados para B3SAR252 (Liquidez detectada)
src.infrastructure.providers.mercado_data_provider | DEBUG | RTD: Detalhes completos registrados para BEEFS634 (Liquidez detectada)
src.infrastructure.providers.mercado_data_provider | DEBUG | RTD: Detalhes completos registrados para AUAUR310 (Liquidez detectada)
src.infrastructure.providers.mercado_data_provider | DEBUG | RTD: Detalhes completos registrados para BBSET346 (Liquidez detectada)
src.infrastructure.providers.mercado_data_provider | DEBUG | RTD: Detalhes completos registrados para AUAUR400 (Liquidez detectada)
src.infrastructure.providers.mercado_data_provider | DEBUG | RTD: Detalhes completos registrados para BEEFS664 (Liquidez detectada)
src.infrastructure.providers.mercado_data_provider | DEBUG | RTD: Detalhes completos registrados para AGROR182 (Liquidez detectada)
src.infrastructure.providers.mercado_data_provider | DEBUG | RTD: Detalhes completos registrados para AXIAS505 (Liquidez detectada)
src.infrastructure.providers.mercado_data_provider | DEBUG | RTD: Detalhes completos registrados para B3SAT179 (Liquidez detectada)
src.infrastructure.providers.mercado_data_provider | DEBUG | RTD: Detalhes completos registrados para B3SAW155 (Liquidez detectada)
src.infrastructure.providers.mercado_data_provider | DEBUG | RTD: Detalhes completos registrados para BOVAV127 (Liquidez detectada)
src.infrastructure.providers.mercado_data_provider | DEBUG | RTD: Detalhes completos registrados para BEEFT612 (Liquidez detectada)
src.infrastructure.providers.mercado_data_provider | DEBUG | RTD: Detalhes completos registrados para AXIAR61 (Liquidez detectada)
src.infrastructure.providers.mercado_data_provider | DEBUG | RTD: Detalhes completos registrados para ALUPR356 (Liquidez detectada)
src.infrastructure.providers.mercado_data_provider | DEBUG | RTD: Detalhes completos registrados para BBSEV374 (Liquidez detectada)
src.infrastructure.providers.mercado_data_provider | DEBUG | RTD: Detalhes completos registrados para ALOSR266 (Liquidez detectada)
src.infrastructure.providers.mercado_data_provider | DEBUG | RTD: Detalhes completos registrados para BOVAW189 (Liquidez detectada)
src.infrastructure.providers.mercado_data_provider | DEBUG | RTD: Detalhes completos registrados para BHIAS29 (Liquidez detectada)
src.infrastructure.providers.mercado_data_provider | DEBUG | RTD: Detalhes completos registrados para AXIAR58 (Liquidez detectada)
src.infrastructure.providers.mercado_data_provider | DEBUG | RTD: Detalhes completos registrados para AZZAV208 (Liquidez detectada)
src.infrastructure.providers.mercado_data_provider | DEBUG | RTD: Detalhes completos registrados para ALOSS244 (Liquidez detectada)
src.infrastructure.providers.mercado_data_provider | DEBUG | RTD: Detalhes completos registrados para BBSET291 (Liquidez detectada)
src.infrastructure.providers.mercado_data_provider | DEBUG | RTD: Detalhes completos registrados para B3SAV180 (Liquidez detectada)
src.infrastructure.providers.mercado_data_provider | DEBUG | RTD: Detalhes completos registrados para ASAIU500 (Liquidez detectada)
src.infrastructure.providers.mercado_data_provider | DEBUG | RTD: Detalhes completos registrados para AMBPS900 (Liquidez detectada)
src.infrastructure.providers.mercado_data_provider | DEBUG | RTD: Detalhes completos registrados para AZZAW830 (Liquidez detectada)
src.infrastructure.providers.mercado_data_provider | DEBUG | RTD: Detalhes completos registrados para AURES109 (Liquidez detectada)
src.infrastructure.providers.mercado_data_provider | DEBUG | RTD: Detalhes completos registrados para BLAUR12 (Liquidez detectada)
src.infrastructure.providers.mercado_data_provider | DEBUG | RTD: Detalhes completos registrados para BBSEU356 (Liquidez detectada)
src.infrastructure.providers.mercado_data_provider | DEBUG | RTD: Detalhes completos registrados para BBSET351 (Liquidez detectada)
src.infrastructure.providers.mercado_data_provider | DEBUG | RTD: Detalhes completos registrados para B3SAS201 (Liquidez detectada)
src.infrastructure.providers.mercado_data_provider | DEBUG | RTD: Detalhes completos registrados para ALOSS29 (Liquidez detectada)
src.infrastructure.providers.mercado_data_provider | DEBUG | RTD: Detalhes completos registrados para AURER125 (Liquidez detectada)
src.infrastructure.providers.mercado_data_provider | DEBUG | RTD: Detalhes completos registrados para BHIAT60 (Liquidez detectada)
src.infrastructure.providers.mercado_data_provider | DEBUG | RTD: Detalhes completos registrados para BEEFR321 (Liquidez detectada)
src.infrastructure.providers.mercado_data_provider | DEBUG | RTD: Detalhes completos registrados para B3SAR227 (Liquidez detectada)
src.infrastructure.providers.mercado_data_provider | DEBUG | RTD: Detalhes completos registrados para BBSEU336 (Liquidez detectada)
src.infrastructure.providers.mercado_data_provider | DEBUG | RTD: Detalhes completos registrados para BOVAR127 (Liquidez detectada)
src.infrastructure.providers.mercado_data_provider | DEBUG | RTD: Detalhes completos registrados para B3SAT184 (Liquidez detectada)
src.infrastructure.providers.mercado_data_provider | DEBUG | RTD: Detalhes completos registrados para AXIAT544 (Liquidez detectada)
src.infrastructure.providers.mercado_data_provider | DEBUG | RTD: Detalhes completos registrados para BBSEV355 (Liquidez detectada)
src.infrastructure.providers.mercado_data_provider | DEBUG | RTD: Detalhes completos registrados para AXIAR575 (Liquidez detectada)
src.infrastructure.providers.mercado_data_provider | DEBUG | RTD: Detalhes completos registrados para AXIAW570 (Liquidez detectada)
src.infrastructure.providers.mercado_data_provider | DEBUG | RTD: Detalhes completos registrados para BHIAR350 (Liquidez detectada)
src.infrastructure.providers.mercado_data_provider | DEBUG | RTD: Detalhes completos registrados para ALOSU309 (Liquidez detectada)
src.infrastructure.providers.mercado_data_provider | DEBUG | RTD: Detalhes completos registrados para AXIAR700 (Liquidez detectada)
src.infrastructure.providers.mercado_data_provider | DEBUG | RTD: Detalhes completos registrados para BPACT435 (Liquidez detectada)
src.infrastructure.providers.mercado_data_provider | DEBUG | RTD: Detalhes completos registrados para AZZAR210 (Liquidez detectada)
src.infrastructure.providers.mercado_data_provider | DEBUG | RTD: Detalhes completos registrados para B3SAR170 (Liquidez detectada)
src.infrastructure.providers.mercado_data_provider | DEBUG | RTD: Detalhes completos registrados para B3SAR190 (Liquidez detectada)
src.infrastructure.providers.mercado_data_provider | DEBUG | RTD: Detalhes completos registrados para AGROR187 (Liquidez detectada)
src.infrastructure.providers.mercado_data_provider | DEBUG | RTD: Detalhes completos registrados para ALOSS268 (Liquidez detectada)
src.infrastructure.providers.mercado_data_provider | DEBUG | RTD: Detalhes completos registrados para BOVAR835 (Liquidez detectada)
src.infrastructure.providers.mercado_data_provider | DEBUG | RTD: Detalhes completos registrados para AXIAW550 (Liquidez detectada)
src.infrastructure.providers.mercado_data_provider | DEBUG | RTD: Detalhes completos registrados para AXIAR447 (Liquidez detectada)
src.infrastructure.providers.mercado_data_provider | DEBUG | RTD: Detalhes completos registrados para BEEFV449 (Liquidez detectada)
src.infrastructure.providers.mercado_data_provider | DEBUG | RTD: Detalhes completos registrados para ALOSU145 (Liquidez detectada)
src.infrastructure.providers.mercado_data_provider | DEBUG | RTD: Detalhes completos registrados para B3SAR115 (Liquidez detectada)
src.infrastructure.providers.mercado_data_provider | DEBUG | RTD: Detalhes completos registrados para ALOSS336 (Liquidez detectada)
src.infrastructure.providers.mercado_data_provider | DEBUG | RTD: Detalhes completos registrados para BBSEW515 (Liquidez detectada)
src.infrastructure.providers.mercado_data_provider | DEBUG | RTD: Detalhes completos registrados para BEEFV389 (Liquidez detectada)
src.infrastructure.providers.mercado_data_provider | DEBUG | RTD: Detalhes completos registrados para ALOSR322 (Liquidez detectada)
src.infrastructure.providers.mercado_data_provider | DEBUG | RTD: Detalhes completos registrados para BEEFS366 (Liquidez detectada)
src.infrastructure.providers.mercado_data_provider | DEBUG | RTD: Detalhes completos registrados para ALOSS269 (Liquidez detectada)
src.infrastructure.providers.mercado_data_provider | DEBUG | RTD: Detalhes completos registrados para ALPAS125 (Liquidez detectada)
src.infrastructure.providers.mercado_data_provider | DEBUG | RTD: Detalhes completos registrados para AUAUS405 (Liquidez detectada)
src.infrastructure.providers.mercado_data_provider | DEBUG | RTD: Detalhes completos registrados para AZZAR19 (Liquidez detectada)
src.infrastructure.providers.mercado_data_provider | DEBUG | RTD: Detalhes completos registrados para BEEFS394 (Liquidez detectada)
src.infrastructure.providers.mercado_data_provider | DEBUG | RTD: Detalhes completos registrados para B3SAW15 (Liquidez detectada)
src.infrastructure.providers.mercado_data_provider | DEBUG | RTD: Detalhes completos registrados para BBSES356 (Liquidez detectada)
src.infrastructure.providers.mercado_data_provider | DEBUG | RTD: Detalhes completos registrados para ALPAS140 (Liquidez detectada)
src.infrastructure.providers.mercado_data_provider | DEBUG | RTD: Detalhes completos registrados para ASAIR112 (Liquidez detectada)
src.infrastructure.providers.mercado_data_provider | DEBUG | RTD: Detalhes completos registrados para B3SAW179 (Liquidez detectada)
src.infrastructure.providers.mercado_data_provider | DEBUG | RTD: Detalhes completos registrados para ALOSR392 (Liquidez detectada)
src.infrastructure.providers.mercado_data_provider | DEBUG | RTD: Detalhes completos registrados para ALOSR212 (Liquidez detectada)
src.infrastructure.providers.mercado_data_provider | DEBUG | RTD: Detalhes completos registrados para BBSEU319 (Liquidez detectada)
src.infrastructure.providers.mercado_data_provider | DEBUG | RTD: Detalhes completos registrados para BEEFS486 (Liquidez detectada)
src.infrastructure.providers.mercado_data_provider | DEBUG | RTD: Detalhes completos registrados para ALOSR329 (Liquidez detectada)
src.infrastructure.providers.mercado_data_provider | DEBUG | RTD: Detalhes completos registrados para AZZAS195 (Liquidez detectada)
src.infrastructure.providers.mercado_data_provider | DEBUG | RTD: Detalhes completos registrados para BBSEU291 (Liquidez detectada)
src.infrastructure.providers.mercado_data_provider | DEBUG | RTD: Detalhes completos registrados para ALOSR32 (Liquidez detectada)
src.infrastructure.providers.mercado_data_provider | DEBUG | RTD: Detalhes completos registrados para ALUPT384 (Liquidez detectada)
src.infrastructure.providers.mercado_data_provider | DEBUG | RTD: Detalhes completos registrados para AXIAR720 (Liquidez detectada)
src.infrastructure.providers.mercado_data_provider | DEBUG | RTD: Detalhes completos registrados para B3SAR212 (Liquidez detectada)
src.infrastructure.providers.mercado_data_provider | DEBUG | RTD: Detalhes completos registrados para BHIAR23 (Liquidez detectada)
src.infrastructure.providers.mercado_data_provider | DEBUG | RTD: Detalhes completos registrados para ABEVW161 (Liquidez detectada)
src.infrastructure.providers.mercado_data_provider | DEBUG | RTD: Detalhes completos registrados para AXIAR56 (Liquidez detectada)
src.infrastructure.providers.mercado_data_provider | DEBUG | RTD: Detalhes completos registrados para B3SAR172 (Liquidez detectada)
src.infrastructure.providers.mercado_data_provider | DEBUG | RTD: Detalhes completos registrados para BBSES310 (Liquidez detectada)
src.infrastructure.providers.mercado_data_provider | DEBUG | RTD: Detalhes completos registrados para ASAIS790 (Liquidez detectada)
src.infrastructure.providers.mercado_data_provider | DEBUG | RTD: Detalhes completos registrados para B3SAU259 (Liquidez detectada)
src.infrastructure.providers.mercado_data_provider | DEBUG | RTD: Detalhes completos registrados para AZZAR185 (Liquidez detectada)
src.infrastructure.providers.mercado_data_provider | DEBUG | RTD: Detalhes completos registrados para AURAR141 (Liquidez detectada)
src.infrastructure.providers.mercado_data_provider | DEBUG | RTD: Detalhes completos registrados para B3SAS262 (Liquidez detectada)
src.infrastructure.providers.mercado_data_provider | DEBUG | RTD: Detalhes completos registrados para BBSES339 (Liquidez detectada)
src.infrastructure.providers.mercado_data_provider | DEBUG | RTD: Detalhes completos registrados para AXIAR590 (Liquidez detectada)
src.infrastructure.providers.mercado_data_provider | DEBUG | RTD: Detalhes completos registrados para AMZOR540 (Liquidez detectada)
src.infrastructure.providers.mercado_data_provider | DEBUG | RTD: Detalhes completos registrados para AXIAR644 (Liquidez detectada)
src.infrastructure.providers.mercado_data_provider | DEBUG | RTD: Detalhes completos registrados para AXIAR450 (Liquidez detectada)
src.infrastructure.providers.mercado_data_provider | DEBUG | RTD: Detalhes completos registrados para AZZAR250 (Liquidez detectada)
src.infrastructure.providers.mercado_data_provider | DEBUG | RTD: Detalhes completos registrados para BBSEW404 (Liquidez detectada)
src.infrastructure.providers.mercado_data_provider | DEBUG | RTD: Detalhes completos registrados para ALOSR31 (Liquidez detectada)
src.infrastructure.providers.mercado_data_provider | DEBUG | RTD: Detalhes completos registrados para BBSEU341 (Liquidez detectada)
src.infrastructure.providers.mercado_data_provider | DEBUG | RTD: Detalhes completos registrados para ALUPR376 (Liquidez detectada)
src.infrastructure.providers.mercado_data_provider | DEBUG | RTD: Detalhes completos registrados para ALOSR23 (Liquidez detectada)
src.infrastructure.providers.mercado_data_provider | DEBUG | RTD: Detalhes completos registrados para AZZAR322 (Liquidez detectada)
src.infrastructure.providers.mercado_data_provider | DEBUG | RTD: Detalhes completos registrados para B3SAS105 (Liquidez detectada)
src.infrastructure.providers.mercado_data_provider | DEBUG | RTD: Detalhes completos registrados para AZZAV390 (Liquidez detectada)
src.infrastructure.providers.mercado_data_provider | DEBUG | RTD: Detalhes completos registrados para ASAIS105 (Liquidez detectada)
src.infrastructure.providers.mercado_data_provider | DEBUG | RTD: Detalhes completos registrados para AXIAR472 (Liquidez detectada)
src.infrastructure.providers.mercado_data_provider | DEBUG | RTD: Detalhes completos registrados para AZZAR270 (Liquidez detectada)
src.infrastructure.providers.mercado_data_provider | DEBUG | RTD: Detalhes completos registrados para BOVAR870 (Liquidez detectada)
src.infrastructure.providers.mercado_data_provider | DEBUG | RTD: Detalhes completos registrados para B3SAU120 (Liquidez detectada)
src.infrastructure.providers.mercado_data_provider | DEBUG | RTD: Detalhes completos registrados para B3SAS12 (Liquidez detectada)
src.infrastructure.providers.mercado_data_provider | DEBUG | RTD: Detalhes completos registrados para BBSER343 (Liquidez detectada)
src.infrastructure.providers.mercado_data_provider | DEBUG | RTD: Detalhes completos registrados para ALOSR248 (Liquidez detectada)
src.infrastructure.providers.mercado_data_provider | DEBUG | RTD: Detalhes completos registrados para ASAIW107 (Liquidez detectada)
src.infrastructure.providers.mercado_data_provider | DEBUG | RTD: Detalhes completos registrados para AURAS171 (Liquidez detectada)
src.infrastructure.providers.mercado_data_provider | DEBUG | RTD: Detalhes completos registrados para AXIAT50 (Liquidez detectada)
src.infrastructure.providers.mercado_data_provider | DEBUG | RTD: Detalhes completos registrados para AXIAT735 (Liquidez detectada)
src.infrastructure.providers.mercado_data_provider | DEBUG | RTD: Detalhes completos registrados para AZZAU485 (Liquidez detectada)
src.infrastructure.providers.mercado_data_provider | DEBUG | RTD: Detalhes completos registrados para ALOSS217 (Liquidez detectada)
src.infrastructure.providers.mercado_data_provider | DEBUG | RTD: Detalhes completos registrados para ASAIT830 (Liquidez detectada)
src.infrastructure.providers.mercado_data_provider | DEBUG | RTD: Detalhes completos registrados para AMARR800 (Liquidez detectada)
src.infrastructure.providers.mercado_data_provider | DEBUG | RTD: Detalhes completos registrados para AXIAT514 (Liquidez detectada)
src.infrastructure.providers.mercado_data_provider | DEBUG | RTD: Detalhes completos registrados para AXIAT600 (Liquidez detectada)
src.infrastructure.providers.mercado_data_provider | DEBUG | RTD: Detalhes completos registrados para AXIAR452 (Liquidez detectada)
src.infrastructure.providers.mercado_data_provider | DEBUG | RTD: Detalhes completos registrados para ARMLS50 (Liquidez detectada)
src.infrastructure.providers.mercado_data_provider | DEBUG | RTD: Detalhes completos registrados para AZZAT252 (Liquidez detectada)
src.infrastructure.providers.mercado_data_provider | DEBUG | RTD: Detalhes completos registrados para B3SAU257 (Liquidez detectada)
src.infrastructure.providers.mercado_data_provider | DEBUG | RTD: Detalhes completos registrados para BHIAR11 (Liquidez detectada)
src.infrastructure.providers.mercado_data_provider | DEBUG | RTD: Detalhes completos registrados para ALOSS209 (Liquidez detectada)
src.infrastructure.providers.mercado_data_provider | DEBUG | RTD: Detalhes completos registrados para ALOSS342 (Liquidez detectada)
src.infrastructure.providers.mercado_data_provider | DEBUG | RTD: Detalhes completos registrados para B3SAS126 (Liquidez detectada)
src.infrastructure.providers.mercado_data_provider | DEBUG | RTD: Detalhes completos registrados para AXIAS630 (Liquidez detectada)
src.infrastructure.providers.mercado_data_provider | DEBUG | RTD: Detalhes completos registrados para BBSET267 (Liquidez detectada)
src.infrastructure.providers.mercado_data_provider | DEBUG | RTD: Detalhes completos registrados para ALUPS349 (Liquidez detectada)
src.infrastructure.providers.mercado_data_provider | DEBUG | RTD: Detalhes completos registrados para AXIAR545 (Liquidez detectada)
src.infrastructure.providers.mercado_data_provider | DEBUG | RTD: Detalhes completos registrados para BBSEU380 (Liquidez detectada)
src.infrastructure.providers.mercado_data_provider | DEBUG | RTD: Detalhes completos registrados para BBSEU351 (Liquidez detectada)
src.infrastructure.providers.mercado_data_provider | DEBUG | RTD: Detalhes completos registrados para BBSES286 (Liquidez detectada)
src.infrastructure.providers.mercado_data_provider | DEBUG | RTD: Detalhes completos registrados para AUAUS310 (Liquidez detectada)
src.infrastructure.providers.mercado_data_provider | DEBUG | RTD: Detalhes completos registrados para BEEFS900 (Liquidez detectada)
src.infrastructure.providers.mercado_data_provider | DEBUG | RTD: Detalhes completos registrados para ALPAR117 (Liquidez detectada)
src.infrastructure.providers.mercado_data_provider | DEBUG | RTD: Detalhes completos registrados para BEEFS256 (Liquidez detectada)
src.infrastructure.providers.mercado_data_provider | DEBUG | RTD: Detalhes completos registrados para BHIAU310 (Liquidez detectada)
src.infrastructure.providers.mercado_data_provider | DEBUG | RTD: Detalhes completos registrados para BEEFS584 (Liquidez detectada)
src.infrastructure.providers.mercado_data_provider | DEBUG | RTD: Detalhes completos registrados para BEEFS296 (Liquidez detectada)
src.infrastructure.providers.mercado_data_provider | DEBUG | RTD: Detalhes completos registrados para AXIAU670 (Liquidez detectada)
src.infrastructure.providers.mercado_data_provider | DEBUG | RTD: Detalhes completos registrados para ANIMW20 (Liquidez detectada)
src.infrastructure.providers.mercado_data_provider | DEBUG | RTD: Detalhes completos registrados para ALPAR984 (Liquidez detectada)
src.infrastructure.providers.mercado_data_provider | DEBUG | RTD: Detalhes completos registrados para AUAUR370 (Liquidez detectada)
src.infrastructure.providers.mercado_data_provider | DEBUG | RTD: Detalhes completos registrados para BEEFS168 (Liquidez detectada)
src.infrastructure.providers.mercado_data_provider | DEBUG | RTD: Detalhes completos registrados para AUAUS440 (Liquidez detectada)
src.infrastructure.providers.mercado_data_provider | DEBUG | RTD: Detalhes completos registrados para AUREW80 (Liquidez detectada)
src.infrastructure.providers.mercado_data_provider | DEBUG | RTD: Detalhes completos registrados para ANIMS347 (Liquidez detectada)
src.infrastructure.providers.mercado_data_provider | DEBUG | RTD: Detalhes completos registrados para ALUPS339 (Liquidez detectada)
src.infrastructure.providers.mercado_data_provider | DEBUG | RTD: Detalhes completos registrados para BEEFT801 (Liquidez detectada)
src.infrastructure.providers.mercado_data_provider | DEBUG | RTD: Detalhes completos registrados para ALUPR346 (Liquidez detectada)
src.infrastructure.providers.mercado_data_provider | DEBUG | RTD: Detalhes completos registrados para BOVAS186 (Liquidez detectada)
src.infrastructure.providers.mercado_data_provider | DEBUG | RTD: Detalhes completos registrados para AZZAT212 (Liquidez detectada)
src.infrastructure.providers.mercado_data_provider | DEBUG | RTD: Detalhes completos registrados para ALPAS120 (Liquidez detectada)
src.infrastructure.providers.mercado_data_provider | DEBUG | RTD: Detalhes completos registrados para AXIAU480 (Liquidez detectada)
src.infrastructure.providers.mercado_data_provider | DEBUG | RTD: Detalhes completos registrados para ASAIS730 (Liquidez detectada)
src.infrastructure.providers.mercado_data_provider | DEBUG | RTD: Detalhes completos registrados para BEEFW551 (Liquidez detectada)
src.infrastructure.providers.mercado_data_provider | DEBUG | RTD: Detalhes completos registrados para ANIMR415 (Liquidez detectada)
src.infrastructure.providers.mercado_data_provider | DEBUG | RTD: Detalhes completos registrados para AXIAR520 (Liquidez detectada)
src.infrastructure.providers.mercado_data_provider | DEBUG | RTD: Detalhes completos registrados para AXIAR695 (Liquidez detectada)
src.infrastructure.providers.mercado_data_provider | DEBUG | RTD: Detalhes completos registrados para AXIAR48 (Liquidez detectada)
src.infrastructure.providers.mercado_data_provider | DEBUG | RTD: Detalhes completos registrados para ASAIR970 (Liquidez detectada)
src.infrastructure.providers.mercado_data_provider | DEBUG | RTD: Detalhes completos registrados para AXIAV54 (Liquidez detectada)
src.infrastructure.providers.mercado_data_provider | DEBUG | RTD: Detalhes completos registrados para BBSES349 (Liquidez detectada)
src.infrastructure.providers.mercado_data_provider | DEBUG | RTD: Detalhes completos registrados para AXIAR280 (Liquidez detectada)
src.infrastructure.providers.mercado_data_provider | DEBUG | RTD: Detalhes completos registrados para ABEVS146 (Liquidez detectada)
src.infrastructure.providers.mercado_data_provider | DEBUG | RTD: Detalhes completos registrados para BHIAR720 (Liquidez detectada)
src.infrastructure.providers.mercado_data_provider | DEBUG | RTD: Detalhes completos registrados para BOVAR191 (Liquidez detectada)
src.infrastructure.providers.mercado_data_provider | DEBUG | RTD: Detalhes completos registrados para ASAIS970 (Liquidez detectada)
src.infrastructure.providers.mercado_data_provider | DEBUG | RTD: Detalhes completos registrados para ALPAW724 (Liquidez detectada)
src.infrastructure.providers.mercado_data_provider | DEBUG | RTD: Detalhes completos registrados para AXIAS594 (Liquidez detectada)
src.infrastructure.providers.mercado_data_provider | DEBUG | RTD: Detalhes completos registrados para BEEFT422 (Liquidez detectada)
src.infrastructure.providers.mercado_data_provider | DEBUG | RTD: Detalhes completos registrados para ASAIS830 (Liquidez detectada)
src.infrastructure.providers.mercado_data_provider | DEBUG | RTD: Detalhes completos registrados para BHIAS550 (Liquidez detectada)
src.infrastructure.providers.mercado_data_provider | DEBUG | RTD: Detalhes completos registrados para BLAUS115 (Liquidez detectada)
src.infrastructure.providers.mercado_data_provider | DEBUG | RTD: Detalhes completos registrados para AGROS192 (Liquidez detectada)
src.infrastructure.providers.mercado_data_provider | DEBUG | RTD: Detalhes completos registrados para AXIAW560 (Liquidez detectada)
src.infrastructure.providers.mercado_data_provider | DEBUG | RTD: Detalhes completos registrados para B3SAR154 (Liquidez detectada)
src.infrastructure.providers.mercado_data_provider | DEBUG | RTD: Detalhes completos registrados para BHIAR25 (Liquidez detectada)
src.infrastructure.providers.mercado_data_provider | DEBUG | RTD: Detalhes completos registrados para ASAIS710 (Liquidez detectada)
src.infrastructure.providers.mercado_data_provider | DEBUG | RTD: Detalhes completos registrados para AMBPT138 (Liquidez detectada)
src.infrastructure.providers.mercado_data_provider | DEBUG | RTD: Detalhes completos registrados para AZZAS220 (Liquidez detectada)
src.infrastructure.providers.mercado_data_provider | DEBUG | RTD: Detalhes completos registrados para B3SAT217 (Liquidez detectada)
src.infrastructure.providers.mercado_data_provider | DEBUG | RTD: Detalhes completos registrados para ABEVW154 (Liquidez detectada)
src.infrastructure.providers.mercado_data_provider | DEBUG | RTD: Detalhes completos registrados para BEEFS384 (Liquidez detectada)
src.infrastructure.providers.mercado_data_provider | DEBUG | RTD: Detalhes completos registrados para B3SAR111 (Liquidez detectada)
src.infrastructure.providers.mercado_data_provider | DEBUG | RTD: Detalhes completos registrados para BOVAV197 (Liquidez detectada)
src.infrastructure.providers.mercado_data_provider | DEBUG | RTD: Detalhes completos registrados para ALUPT389 (Liquidez detectada)
src.infrastructure.providers.mercado_data_provider | DEBUG | RTD: Detalhes completos registrados para BEEFU532 (Liquidez detectada)
src.infrastructure.providers.mercado_data_provider | DEBUG | RTD: Detalhes completos registrados para BBSER353 (Liquidez detectada)
src.infrastructure.providers.mercado_data_provider | DEBUG | RTD: Detalhes completos registrados para ALOSS18 (Liquidez detectada)
src.infrastructure.providers.mercado_data_provider | DEBUG | RTD: Detalhes completos registrados para BOVAS800 (Liquidez detectada)
src.infrastructure.providers.mercado_data_provider | DEBUG | RTD: Detalhes completos registrados para AXIAS454 (Liquidez detectada)
src.infrastructure.providers.mercado_data_provider | DEBUG | RTD: Detalhes completos registrados para AZZAT145 (Liquidez detectada)
src.infrastructure.providers.mercado_data_provider | DEBUG | RTD: Detalhes completos registrados para AXIAT355 (Liquidez detectada)
src.infrastructure.providers.mercado_data_provider | DEBUG | RTD: Detalhes completos registrados para BPACV449 (Liquidez detectada)
src.infrastructure.providers.mercado_data_provider | DEBUG | RTD: Detalhes completos registrados para BBSEV349 (Liquidez detectada)
src.infrastructure.providers.mercado_data_provider | DEBUG | RTD: Detalhes completos registrados para BEEFS594 (Liquidez detectada)
src.infrastructure.providers.mercado_data_provider | DEBUG | RTD: Detalhes completos registrados para ASAIR790 (Liquidez detectada)
src.infrastructure.providers.mercado_data_provider | DEBUG | RTD: Detalhes completos registrados para B3SAT141 (Liquidez detectada)
src.infrastructure.providers.mercado_data_provider | DEBUG | RTD: Detalhes completos registrados para ASAIR870 (Liquidez detectada)
src.infrastructure.providers.mercado_data_provider | DEBUG | RTD: Detalhes completos registrados para ALOSR22 (Liquidez detectada)
src.infrastructure.providers.mercado_data_provider | DEBUG | RTD: Detalhes completos registrados para AXIAR654 (Liquidez detectada)
src.infrastructure.providers.mercado_data_provider | DEBUG | RTD: Detalhes completos registrados para ALOSS31 (Liquidez detectada)
src.infrastructure.providers.mercado_data_provider | DEBUG | RTD: Detalhes completos registrados para BBSER405 (Liquidez detectada)
src.infrastructure.providers.mercado_data_provider | DEBUG | RTD: Detalhes completos registrados para ABEVT140 (Liquidez detectada)
src.infrastructure.providers.mercado_data_provider | DEBUG | RTD: Detalhes completos registrados para AURAW196 (Liquidez detectada)
src.infrastructure.providers.mercado_data_provider | DEBUG | RTD: Detalhes completos registrados para BEEFW170 (Liquidez detectada)
src.infrastructure.providers.mercado_data_provider | DEBUG | RTD: Detalhes completos registrados para ALOST173 (Liquidez detectada)
src.infrastructure.providers.mercado_data_provider | DEBUG | RTD: Detalhes completos registrados para AXIAS655 (Liquidez detectada)
src.infrastructure.providers.mercado_data_provider | DEBUG | RTD: Detalhes completos registrados para BBSET339 (Liquidez detectada)
src.infrastructure.providers.mercado_data_provider | DEBUG | RTD: Detalhes completos registrados para AZZAR255 (Liquidez detectada)
src.infrastructure.providers.mercado_data_provider | DEBUG | RTD: Detalhes completos registrados para AXIAT325 (Liquidez detectada)
src.infrastructure.providers.mercado_data_provider | DEBUG | RTD: Detalhes completos registrados para AXIAT590 (Liquidez detectada)
src.infrastructure.providers.mercado_data_provider | DEBUG | RTD: Detalhes completos registrados para BBSER275 (Liquidez detectada)
src.infrastructure.providers.mercado_data_provider | DEBUG | RTD: Detalhes completos registrados para BBSEU321 (Liquidez detectada)
src.infrastructure.providers.mercado_data_provider | DEBUG | RTD: Detalhes completos registrados para AZZAR237 (Liquidez detectada)
src.infrastructure.providers.mercado_data_provider | DEBUG | RTD: Detalhes completos registrados para B3SAS218 (Liquidez detectada)
src.infrastructure.providers.mercado_data_provider | DEBUG | RTD: Detalhes completos registrados para BBSEV336 (Liquidez detectada)
src.infrastructure.providers.mercado_data_provider | DEBUG | RTD: Detalhes completos registrados para ALOST28 (Liquidez detectada)
src.infrastructure.providers.mercado_data_provider | DEBUG | RTD: Detalhes completos registrados para AZZAR21 (Liquidez detectada)
src.infrastructure.providers.mercado_data_provider | DEBUG | RTD: Detalhes completos registrados para AURAS120 (Liquidez detectada)
src.infrastructure.providers.mercado_data_provider | DEBUG | RTD: Detalhes completos registrados para BOVAT127 (Liquidez detectada)
src.infrastructure.providers.mercado_data_provider | DEBUG | RTD: Detalhes completos registrados para AXIAT595 (Liquidez detectada)
src.infrastructure.providers.mercado_data_provider | DEBUG | RTD: Detalhes completos registrados para AZZAR205 (Liquidez detectada)
src.infrastructure.providers.mercado_data_provider | DEBUG | RTD: Detalhes completos registrados para BOVAR990 (Liquidez detectada)
src.infrastructure.providers.mercado_data_provider | DEBUG | RTD: Detalhes completos registrados para ANIMS410 (Liquidez detectada)
src.infrastructure.providers.mercado_data_provider | DEBUG | RTD: Detalhes completos registrados para AXIAS760 (Liquidez detectada)
src.infrastructure.providers.mercado_data_provider | DEBUG | RTD: Detalhes completos registrados para BOVAS192 (Liquidez detectada)
src.infrastructure.providers.mercado_data_provider | DEBUG | RTD: Detalhes completos registrados para AZZAS285 (Liquidez detectada)
src.infrastructure.providers.mercado_data_provider | DEBUG | RTD: Detalhes completos registrados para AURER120 (Liquidez detectada)
src.infrastructure.providers.mercado_data_provider | DEBUG | RTD: Detalhes completos registrados para AUAUR104 (Liquidez detectada)
src.infrastructure.providers.mercado_data_provider | DEBUG | RTD: Detalhes completos registrados para BEEFR391 (Liquidez detectada)
src.infrastructure.providers.mercado_data_provider | DEBUG | RTD: Detalhes completos registrados para AXIAS46 (Liquidez detectada)
src.infrastructure.providers.mercado_data_provider | DEBUG | RTD: Detalhes completos registrados para AXIAS635 (Liquidez detectada)
src.infrastructure.providers.mercado_data_provider | DEBUG | RTD: Detalhes completos registrados para AURAW119 (Liquidez detectada)
src.infrastructure.providers.mercado_data_provider | DEBUG | RTD: Detalhes completos registrados para B3SAW100 (Liquidez detectada)
src.infrastructure.providers.mercado_data_provider | DEBUG | RTD: Detalhes completos registrados para AZZAT165 (Liquidez detectada)
src.infrastructure.providers.mercado_data_provider | DEBUG | RTD: Detalhes completos registrados para AZZAS270 (Liquidez detectada)
src.infrastructure.providers.mercado_data_provider | DEBUG | RTD: Detalhes completos registrados para BOVVR219 (Liquidez detectada)
src.infrastructure.providers.mercado_data_provider | DEBUG | RTD: Detalhes completos registrados para B3SAR205 (Liquidez detectada)
src.infrastructure.providers.mercado_data_provider | DEBUG | RTD: Detalhes completos registrados para BHIAR900 (Liquidez detectada)
src.infrastructure.providers.mercado_data_provider | DEBUG | RTD: Detalhes completos registrados para ANIMS337 (Liquidez detectada)
src.infrastructure.providers.mercado_data_provider | DEBUG | RTD: Detalhes completos registrados para BBSES38 (Liquidez detectada)
src.infrastructure.providers.mercado_data_provider | DEBUG | RTD: Detalhes completos registrados para BBSET356 (Liquidez detectada)
src.infrastructure.providers.mercado_data_provider | DEBUG | RTD: Detalhes completos registrados para ASAIW60 (Liquidez detectada)
src.infrastructure.providers.mercado_data_provider | DEBUG | RTD: Detalhes completos registrados para ALOST242 (Liquidez detectada)
src.infrastructure.providers.mercado_data_provider | DEBUG | RTD: Detalhes completos registrados para AXIAS48 (Liquidez detectada)
src.infrastructure.providers.mercado_data_provider | DEBUG | RTD: Detalhes completos registrados para AXIAR765 (Liquidez detectada)
src.infrastructure.providers.mercado_data_provider | DEBUG | RTD: Detalhes completos registrados para BMGBR485 (Liquidez detectada)
src.infrastructure.providers.mercado_data_provider | DEBUG | RTD: Detalhes completos registrados para ABEVV168 (Liquidez detectada)
src.infrastructure.providers.mercado_data_provider | DEBUG | RTD: Detalhes completos registrados para B3SAU197 (Liquidez detectada)
src.infrastructure.providers.mercado_data_provider | DEBUG | RTD: Detalhes completos registrados para ALPAS734 (Liquidez detectada)
src.infrastructure.providers.mercado_data_provider | DEBUG | RTD: Detalhes completos registrados para BEEFT325 (Liquidez detectada)
src.infrastructure.providers.mercado_data_provider | DEBUG | RTD: Detalhes completos registrados para ASAIS829 (Liquidez detectada)
src.infrastructure.providers.mercado_data_provider | DEBUG | RTD: Detalhes completos registrados para AZZAR437 (Liquidez detectada)
src.infrastructure.providers.mercado_data_provider | DEBUG | RTD: Detalhes completos registrados para BBSER326 (Liquidez detectada)
src.infrastructure.providers.mercado_data_provider | DEBUG | RTD: Detalhes completos registrados para BEEFR401 (Liquidez detectada)
src.infrastructure.providers.mercado_data_provider | DEBUG | RTD: Detalhes completos registrados para AXIAS554 (Liquidez detectada)
src.infrastructure.providers.mercado_data_provider | DEBUG | RTD: Detalhes completos registrados para BBSEW260 (Liquidez detectada)
src.infrastructure.providers.mercado_data_provider | DEBUG | RTD: Detalhes completos registrados para ALOST244 (Liquidez detectada)
src.infrastructure.providers.mercado_data_provider | DEBUG | RTD: Detalhes completos registrados para AURAR130 (Liquidez detectada)
src.infrastructure.providers.mercado_data_provider | DEBUG | RTD: Detalhes completos registrados para AUAUR500 (Liquidez detectada)
src.infrastructure.providers.mercado_data_provider | DEBUG | RTD: Detalhes completos registrados para BEEFR441 (Liquidez detectada)
src.infrastructure.providers.mercado_data_provider | DEBUG | RTD: Detalhes completos registrados para BBSEW400 (Liquidez detectada)
src.infrastructure.providers.mercado_data_provider | DEBUG | RTD: Detalhes completos registrados para AXIAR514 (Liquidez detectada)
src.infrastructure.providers.mercado_data_provider | DEBUG | RTD: Detalhes completos registrados para AXIAS595 (Liquidez detectada)
src.infrastructure.providers.mercado_data_provider | DEBUG | RTD: Detalhes completos registrados para AXIAS53 (Liquidez detectada)
src.infrastructure.providers.mercado_data_provider | DEBUG | RTD: Detalhes completos registrados para B3SAW120 (Liquidez detectada)
src.infrastructure.providers.mercado_data_provider | DEBUG | RTD: Detalhes completos registrados para ANIMR345 (Liquidez detectada)
src.infrastructure.providers.mercado_data_provider | DEBUG | RTD: Detalhes completos registrados para ASAIW610 (Liquidez detectada)
src.infrastructure.providers.mercado_data_provider | DEBUG | RTD: Detalhes completos registrados para BBSET406 (Liquidez detectada)
src.infrastructure.providers.mercado_data_provider | DEBUG | RTD: Detalhes completos registrados para BHIAV350 (Liquidez detectada)
src.infrastructure.providers.mercado_data_provider | DEBUG | RTD: Detalhes completos registrados para BMGBV40 (Liquidez detectada)
src.infrastructure.providers.mercado_data_provider | DEBUG | RTD: Detalhes completos registrados para AXIAS640 (Liquidez detectada)
src.infrastructure.providers.mercado_data_provider | DEBUG | RTD: Detalhes completos registrados para B3SAU247 (Liquidez detectada)
src.infrastructure.providers.mercado_data_provider | DEBUG | RTD: Detalhes completos registrados para B3SAS138 (Liquidez detectada)
src.infrastructure.providers.mercado_data_provider | DEBUG | RTD: Detalhes completos registrados para ALPAT110 (Liquidez detectada)
src.infrastructure.providers.mercado_data_provider | DEBUG | RTD: Detalhes completos registrados para BBSER318 (Liquidez detectada)
src.infrastructure.providers.mercado_data_provider | DEBUG | RTD: Detalhes completos registrados para AUAUS285 (Liquidez detectada)
src.infrastructure.providers.mercado_data_provider | DEBUG | RTD: Detalhes completos registrados para BEEFS414 (Liquidez detectada)
src.infrastructure.providers.mercado_data_provider | DEBUG | RTD: Detalhes completos registrados para ALOSR249 (Liquidez detectada)
src.infrastructure.providers.mercado_data_provider | DEBUG | RTD: Detalhes completos registrados para BEEFS404 (Liquidez detectada)
src.infrastructure.providers.mercado_data_provider | DEBUG | RTD: Detalhes completos registrados para ALPAS105 (Liquidez detectada)
src.infrastructure.providers.mercado_data_provider | DEBUG | RTD: Detalhes completos registrados para BOVAV7 (Liquidez detectada)
src.infrastructure.providers.mercado_data_provider | DEBUG | RTD: Detalhes completos registrados para AZZAW220 (Liquidez detectada)
src.infrastructure.providers.mercado_data_provider | DEBUG | RTD: Detalhes completos registrados para AXIAR484 (Liquidez detectada)
src.infrastructure.providers.mercado_data_provider | DEBUG | RTD: Detalhes completos registrados para ASAIR610 (Liquidez detectada)
src.infrastructure.providers.mercado_data_provider | DEBUG | RTD: Detalhes completos registrados para AZZAR252 (Liquidez detectada)
src.infrastructure.providers.mercado_data_provider | DEBUG | RTD: Detalhes completos registrados para AXIAR655 (Liquidez detectada)
src.infrastructure.providers.mercado_data_provider | DEBUG | RTD: Detalhes completos registrados para BOVAT550 (Liquidez detectada)
src.infrastructure.providers.mercado_data_provider | DEBUG | RTD: Detalhes completos registrados para BEEFT771 (Liquidez detectada)
src.infrastructure.providers.mercado_data_provider | DEBUG | RTD: Detalhes completos registrados para AXIAS340 (Liquidez detectada)
src.infrastructure.providers.mercado_data_provider | DEBUG | RTD: Detalhes completos registrados para B3SAT16 (Liquidez detectada)
src.infrastructure.providers.mercado_data_provider | DEBUG | RTD: Detalhes completos registrados para BOVAR975 (Liquidez detectada)
src.infrastructure.providers.mercado_data_provider | DEBUG | RTD: Detalhes completos registrados para ALUPR27 (Liquidez detectada)
src.infrastructure.providers.mercado_data_provider | DEBUG | RTD: Detalhes completos registrados para B3SAR110 (Liquidez detectada)
src.infrastructure.providers.mercado_data_provider | DEBUG | RTD: Detalhes completos registrados para ASAIR990 (Liquidez detectada)
src.infrastructure.providers.mercado_data_provider | DEBUG | RTD: Detalhes completos registrados para AZZAR290 (Liquidez detectada)
src.infrastructure.providers.mercado_data_provider | DEBUG | RTD: Detalhes completos registrados para BBSER395 (Liquidez detectada)
src.infrastructure.providers.mercado_data_provider | DEBUG | RTD: Detalhes completos registrados para BEEFR481 (Liquidez detectada)
src.infrastructure.providers.mercado_data_provider | DEBUG | RTD: Detalhes completos registrados para AXIAT45 (Liquidez detectada)
src.infrastructure.providers.mercado_data_provider | DEBUG | RTD: Detalhes completos registrados para B3SAU272 (Liquidez detectada)
src.infrastructure.providers.mercado_data_provider | DEBUG | RTD: Detalhes completos registrados para AUAUS325 (Liquidez detectada)
src.infrastructure.providers.mercado_data_provider | DEBUG | RTD: Detalhes completos registrados para AZZAR440 (Liquidez detectada)
src.infrastructure.providers.mercado_data_provider | DEBUG | RTD: Detalhes completos registrados para AUAUV356 (Liquidez detectada)
src.infrastructure.providers.mercado_data_provider | DEBUG | RTD: Detalhes completos registrados para ALOST237 (Liquidez detectada)
src.infrastructure.providers.mercado_data_provider | DEBUG | RTD: Detalhes completos registrados para AXIAR510 (Liquidez detectada)
src.infrastructure.providers.mercado_data_provider | DEBUG | RTD: Detalhes completos registrados para BHIAR16 (Liquidez detectada)
src.infrastructure.providers.mercado_data_provider | DEBUG | RTD: Detalhes completos registrados para BHIAR100 (Liquidez detectada)
src.infrastructure.providers.mercado_data_provider | DEBUG | RTD: Detalhes completos registrados para AURES124 (Liquidez detectada)
src.infrastructure.providers.mercado_data_provider | DEBUG | RTD: Detalhes completos registrados para BOVAR123 (Liquidez detectada)
src.infrastructure.providers.mercado_data_provider | DEBUG | RTD: Detalhes completos registrados para B3SAS158 (Liquidez detectada)
src.infrastructure.providers.mercado_data_provider | DEBUG | RTD: Detalhes completos registrados para BHIAR440 (Liquidez detectada)
src.infrastructure.providers.mercado_data_provider | DEBUG | RTD: Detalhes completos registrados para AZZAR510 (Liquidez detectada)
src.infrastructure.providers.mercado_data_provider | DEBUG | RTD: Detalhes completos registrados para ALUPT27 (Liquidez detectada)
src.infrastructure.providers.mercado_data_provider | DEBUG | RTD: Detalhes completos registrados para AXIAR71 (Liquidez detectada)
src.infrastructure.providers.mercado_data_provider | DEBUG | RTD: Detalhes completos registrados para BBSER407 (Liquidez detectada)
src.infrastructure.providers.mercado_data_provider | DEBUG | RTD: Detalhes completos registrados para AXIAR600 (Liquidez detectada)
src.infrastructure.providers.mercado_data_provider | DEBUG | RTD: Detalhes completos registrados para B3SAU174 (Liquidez detectada)
src.infrastructure.providers.mercado_data_provider | DEBUG | RTD: Detalhes completos registrados para ANIMS400 (Liquidez detectada)
src.infrastructure.providers.mercado_data_provider | DEBUG | RTD: Detalhes completos registrados para AXIAW505 (Liquidez detectada)
src.infrastructure.providers.mercado_data_provider | DEBUG | RTD: Detalhes completos registrados para ASAIR830 (Liquidez detectada)
src.infrastructure.providers.mercado_data_provider | DEBUG | RTD: Detalhes completos registrados para BMGBR24 (Liquidez detectada)
src.infrastructure.providers.mercado_data_provider | DEBUG | RTD: Detalhes completos registrados para BBSER255 (Liquidez detectada)
src.infrastructure.providers.mercado_data_provider | DEBUG | RTD: Detalhes completos registrados para BEEFS286 (Liquidez detectada)
src.infrastructure.providers.mercado_data_provider | DEBUG | RTD: Detalhes completos registrados para ALUPS324 (Liquidez detectada)
src.infrastructure.providers.mercado_data_provider | DEBUG | RTD: Detalhes completos registrados para BEEFR411 (Liquidez detectada)
src.infrastructure.providers.mercado_data_provider | DEBUG | RTD: Detalhes completos registrados para AXIAR49 (Liquidez detectada)
src.infrastructure.providers.mercado_data_provider | DEBUG | RTD: Detalhes completos registrados para AZZAU205 (Liquidez detectada)
src.infrastructure.providers.mercado_data_provider | DEBUG | RTD: Detalhes completos registrados para AZZAU250 (Liquidez detectada)
src.infrastructure.providers.mercado_data_provider | DEBUG | RTD: Detalhes completos registrados para ALOST307 (Liquidez detectada)
src.infrastructure.providers.mercado_data_provider | DEBUG | RTD: Detalhes completos registrados para BEEFT350 (Liquidez detectada)
src.infrastructure.providers.mercado_data_provider | DEBUG | RTD: Detalhes completos registrados para BHIAS330 (Liquidez detectada)
src.infrastructure.providers.mercado_data_provider | DEBUG | RTD: Detalhes completos registrados para AUAUS295 (Liquidez detectada)
src.infrastructure.providers.mercado_data_provider | DEBUG | RTD: Detalhes completos registrados para BBSER328 (Liquidez detectada)
src.infrastructure.providers.mercado_data_provider | DEBUG | RTD: Detalhes completos registrados para AGROS207 (Liquidez detectada)
src.infrastructure.providers.mercado_data_provider | DEBUG | RTD: Detalhes completos registrados para AZZAW293 (Liquidez detectada)
src.infrastructure.providers.mercado_data_provider | DEBUG | RTD: Detalhes completos registrados para ANIMR455 (Liquidez detectada)
src.infrastructure.providers.mercado_data_provider | DEBUG | RTD: Detalhes completos registrados para B3SAW173 (Liquidez detectada)
src.infrastructure.providers.mercado_data_provider | DEBUG | RTD: Detalhes completos registrados para BBSER165 (Liquidez detectada)
src.infrastructure.providers.mercado_data_provider | DEBUG | RTD: Detalhes completos registrados para AXIAR535 (Liquidez detectada)
src.infrastructure.providers.mercado_data_provider | DEBUG | RTD: Detalhes completos registrados para ALUPR351 (Liquidez detectada)
src.infrastructure.providers.mercado_data_provider | DEBUG | RTD: Detalhes completos registrados para B3SAT279 (Liquidez detectada)
src.infrastructure.providers.mercado_data_provider | DEBUG | RTD: Detalhes completos registrados para B3SAR138 (Liquidez detectada)
src.infrastructure.providers.mercado_data_provider | DEBUG | RTD: Detalhes completos registrados para BEEFU405 (Liquidez detectada)
src.infrastructure.providers.mercado_data_provider | DEBUG | RTD: Detalhes completos registrados para BLAUR963 (Liquidez detectada)
src.infrastructure.providers.mercado_data_provider | DEBUG | RTD: Detalhes completos registrados para AXIAU545 (Liquidez detectada)
src.infrastructure.providers.mercado_data_provider | DEBUG | RTD: Detalhes completos registrados para AXIAT580 (Liquidez detectada)
src.infrastructure.providers.mercado_data_provider | DEBUG | RTD: Detalhes completos registrados para ASAIS780 (Liquidez detectada)
src.infrastructure.providers.mercado_data_provider | DEBUG | RTD: Detalhes completos registrados para BBSER287 (Liquidez detectada)
src.infrastructure.providers.mercado_data_provider | DEBUG | RTD: Detalhes completos registrados para AZZAR265 (Liquidez detectada)
src.infrastructure.providers.mercado_data_provider | DEBUG | RTD: Detalhes completos registrados para AXIAR810 (Liquidez detectada)
src.infrastructure.providers.mercado_data_provider | DEBUG | RTD: Detalhes completos registrados para ALOSR372 (Liquidez detectada)
src.infrastructure.providers.mercado_data_provider | DEBUG | RTD: Detalhes completos registrados para B3SAU264 (Liquidez detectada)
src.infrastructure.providers.mercado_data_provider | DEBUG | RTD: Detalhes completos registrados para ASAIT100 (Liquidez detectada)
src.infrastructure.providers.mercado_data_provider | DEBUG | RTD: Detalhes completos registrados para B3SAS121 (Liquidez detectada)
src.infrastructure.providers.mercado_data_provider | DEBUG | RTD: Detalhes completos registrados para B3SAR133 (Liquidez detectada)
src.infrastructure.providers.mercado_data_provider | DEBUG | RTD: Detalhes completos registrados para AXIAS57 (Liquidez detectada)
src.infrastructure.providers.mercado_data_provider | DEBUG | RTD: Detalhes completos registrados para BEEFS574 (Liquidez detectada)
src.infrastructure.providers.mercado_data_provider | DEBUG | RTD: Detalhes completos registrados para ASAIR740 (Liquidez detectada)
src.infrastructure.providers.mercado_data_provider | DEBUG | RTD: Detalhes completos registrados para B3SAT214 (Liquidez detectada)
src.infrastructure.providers.mercado_data_provider | DEBUG | RTD: Detalhes completos registrados para ASAIR820 (Liquidez detectada)
src.infrastructure.providers.mercado_data_provider | DEBUG | RTD: Detalhes completos registrados para BEEFR486 (Liquidez detectada)
src.infrastructure.providers.mercado_data_provider | DEBUG | RTD: Detalhes completos registrados para ANIMW550 (Liquidez detectada)
src.infrastructure.providers.mercado_data_provider | DEBUG | RTD: Detalhes completos registrados para AXIAT440 (Liquidez detectada)
src.infrastructure.providers.mercado_data_provider | DEBUG | RTD: Detalhes completos registrados para AZZAV282 (Liquidez detectada)
src.infrastructure.providers.mercado_data_provider | DEBUG | RTD: Detalhes completos registrados para ARMLR603 (Liquidez detectada)
src.infrastructure.providers.mercado_data_provider | DEBUG | RTD: Detalhes completos registrados para BLAUT105 (Liquidez detectada)
src.infrastructure.providers.mercado_data_provider | DEBUG | RTD: Detalhes completos registrados para BHIAR270 (Liquidez detectada)
src.infrastructure.providers.mercado_data_provider | DEBUG | RTD: Detalhes completos registrados para ASAIR147 (Liquidez detectada)
src.infrastructure.providers.mercado_data_provider | DEBUG | RTD: Detalhes completos registrados para ANIMS292 (Liquidez detectada)
src.infrastructure.providers.mercado_data_provider | DEBUG | RTD: Detalhes completos registrados para AURES114 (Liquidez detectada)
src.infrastructure.providers.mercado_data_provider | DEBUG | RTD: Detalhes completos registrados para B3SAT10 (Liquidez detectada)
src.infrastructure.providers.mercado_data_provider | DEBUG | RTD: Detalhes completos registrados para AXIAS575 (Liquidez detectada)
src.infrastructure.providers.mercado_data_provider | DEBUG | RTD: Detalhes completos registrados para AXIAW500 (Liquidez detectada)
src.infrastructure.providers.mercado_data_provider | DEBUG | RTD: Detalhes completos registrados para AXIAR474 (Liquidez detectada)
src.infrastructure.providers.mercado_data_provider | DEBUG | RTD: Detalhes completos registrados para ALPAS127 (Liquidez detectada)
src.infrastructure.providers.mercado_data_provider | DEBUG | RTD: Detalhes completos registrados para AXIAS491 (Liquidez detectada)
src.infrastructure.providers.mercado_data_provider | DEBUG | RTD: Detalhes completos registrados para AUAUR350 (Liquidez detectada)
src.infrastructure.providers.mercado_data_provider | DEBUG | RTD: Detalhes completos registrados para AZZAS280 (Liquidez detectada)
src.infrastructure.providers.mercado_data_provider | DEBUG | RTD: Detalhes completos registrados para AXIAT610 (Liquidez detectada)
src.infrastructure.providers.mercado_data_provider | DEBUG | RTD: Detalhes completos registrados para BBSES394 (Liquidez detectada)
src.infrastructure.providers.mercado_data_provider | DEBUG | RTD: Detalhes completos registrados para ASAIT207 (Liquidez detectada)
src.infrastructure.providers.mercado_data_provider | DEBUG | RTD: Detalhes completos registrados para AUAUS420 (Liquidez detectada)
src.infrastructure.providers.mercado_data_provider | DEBUG | RTD: Detalhes completos registrados para BEEFW611 (Liquidez detectada)
src.infrastructure.providers.mercado_data_provider | DEBUG | RTD: Detalhes completos registrados para AURET130 (Liquidez detectada)
src.infrastructure.providers.mercado_data_provider | DEBUG | RTD: Detalhes completos registrados para AZZAR305 (Liquidez detectada)
src.infrastructure.providers.mercado_data_provider | DEBUG | RTD: Detalhes completos registrados para AZZAU237 (Liquidez detectada)
src.infrastructure.providers.mercado_data_provider | DEBUG | RTD: Detalhes completos registrados para AXIAW495 (Liquidez detectada)
src.infrastructure.providers.mercado_data_provider | DEBUG | RTD: Detalhes completos registrados para AXIAS49 (Liquidez detectada)
src.infrastructure.providers.mercado_data_provider | DEBUG | RTD: Detalhes completos registrados para AURAR185 (Liquidez detectada)
src.infrastructure.providers.mercado_data_provider | DEBUG | RTD: Detalhes completos registrados para ANIMR530 (Liquidez detectada)
src.infrastructure.providers.mercado_data_provider | DEBUG | RTD: Detalhes completos registrados para B3SAT194 (Liquidez detectada)
src.infrastructure.providers.mercado_data_provider | DEBUG | RTD: Detalhes completos registrados para AXIAS550 (Liquidez detectada)
src.infrastructure.providers.mercado_data_provider | DEBUG | RTD: Detalhes completos registrados para AMARR250 (Liquidez detectada)
src.infrastructure.providers.mercado_data_provider | DEBUG | RTD: Detalhes completos registrados para B3SAR210 (Liquidez detectada)
src.infrastructure.providers.mercado_data_provider | DEBUG | RTD: Detalhes completos registrados para ALPAR864 (Liquidez detectada)
src.infrastructure.providers.mercado_data_provider | DEBUG | RTD: Detalhes completos registrados para AZZAS260 (Liquidez detectada)
src.infrastructure.providers.mercado_data_provider | DEBUG | RTD: Detalhes completos registrados para ALOSS237 (Liquidez detectada)
src.infrastructure.providers.mercado_data_provider | DEBUG | RTD: Detalhes completos registrados para B3SAT244 (Liquidez detectada)
src.infrastructure.providers.mercado_data_provider | DEBUG | RTD: Detalhes completos registrados para B3SAR230 (Liquidez detectada)
src.infrastructure.providers.mercado_data_provider | DEBUG | RTD: Detalhes completos registrados para BBSEV38 (Liquidez detectada)
src.infrastructure.providers.mercado_data_provider | DEBUG | RTD: Detalhes completos registrados para AXIAW510 (Liquidez detectada)
src.infrastructure.providers.mercado_data_provider | DEBUG | RTD: Detalhes completos registrados para B3SAT157 (Liquidez detectada)
src.infrastructure.providers.mercado_data_provider | DEBUG | RTD: Detalhes completos registrados para BEEFW581 (Liquidez detectada)
src.infrastructure.providers.mercado_data_provider | DEBUG | RTD: Detalhes completos registrados para AERIR220 (Liquidez detectada)
src.infrastructure.providers.mercado_data_provider | DEBUG | RTD: Detalhes completos registrados para AUAUS315 (Liquidez detectada)
src.infrastructure.providers.mercado_data_provider | DEBUG | RTD: Detalhes completos registrados para BBSER235 (Liquidez detectada)
src.infrastructure.providers.mercado_data_provider | DEBUG | RTD: Detalhes completos registrados para ANIMR375 (Liquidez detectada)
src.infrastructure.providers.mercado_data_provider | DEBUG | RTD: Detalhes completos registrados para AXIAR624 (Liquidez detectada)
src.infrastructure.providers.mercado_data_provider | DEBUG | RTD: Detalhes completos registrados para ASAIS910 (Liquidez detectada)
src.infrastructure.providers.mercado_data_provider | DEBUG | RTD: Detalhes completos registrados para BEEFS541 (Liquidez detectada)
src.infrastructure.providers.mercado_data_provider | DEBUG | RTD: Detalhes completos registrados para BOVAR805 (Liquidez detectada)
src.infrastructure.providers.mercado_data_provider | DEBUG | RTD: Detalhes completos registrados para B3SAS100 (Liquidez detectada)
src.infrastructure.providers.mercado_data_provider | DEBUG | RTD: Detalhes completos registrados para BEEFR361 (Liquidez detectada)
src.infrastructure.providers.mercado_data_provider | DEBUG | RTD: Detalhes completos registrados para B3SAW128 (Liquidez detectada)
src.infrastructure.providers.mercado_data_provider | DEBUG | RTD: Detalhes completos registrados para B3SAU164 (Liquidez detectada)
src.infrastructure.providers.mercado_data_provider | DEBUG | RTD: Detalhes completos registrados para AZZAS215 (Liquidez detectada)
src.infrastructure.providers.mercado_data_provider | DEBUG | RTD: Detalhes completos registrados para ABEVW146 (Liquidez detectada)
src.infrastructure.providers.mercado_data_provider | DEBUG | RTD: Detalhes completos registrados para B3SAU222 (Liquidez detectada)
src.infrastructure.providers.mercado_data_provider | DEBUG | RTD: Detalhes completos registrados para ANIMR385 (Liquidez detectada)
src.infrastructure.providers.mercado_data_provider | DEBUG | RTD: Detalhes completos registrados para AXIAR392 (Liquidez detectada)
src.infrastructure.providers.mercado_data_provider | DEBUG | RTD: Detalhes completos registrados para ANIMR365 (Liquidez detectada)
src.infrastructure.providers.mercado_data_provider | DEBUG | RTD: Detalhes completos registrados para BHIAR13 (Liquidez detectada)
src.infrastructure.providers.mercado_data_provider | DEBUG | RTD: Detalhes completos registrados para BBSER402 (Liquidez detectada)
src.infrastructure.providers.mercado_data_provider | DEBUG | RTD: Detalhes completos registrados para BEEFR686 (Liquidez detectada)
src.infrastructure.providers.mercado_data_provider | DEBUG | RTD: Detalhes completos registrados para BEEFS474 (Liquidez detectada)
src.infrastructure.providers.mercado_data_provider | DEBUG | RTD: Detalhes completos registrados para ANIMT332 (Liquidez detectada)
src.infrastructure.providers.mercado_data_provider | DEBUG | RTD: Detalhes completos registrados para B3SAT197 (Liquidez detectada)
src.infrastructure.providers.mercado_data_provider | DEBUG | RTD: Detalhes completos registrados para BLAUS110 (Liquidez detectada)
src.infrastructure.providers.mercado_data_provider | DEBUG | RTD: Detalhes completos registrados para BEEFR471 (Liquidez detectada)
src.infrastructure.providers.mercado_data_provider | DEBUG | RTD: Detalhes completos registrados para AXIAR850 (Liquidez detectada)
src.infrastructure.providers.mercado_data_provider | DEBUG | RTD: Detalhes completos registrados para BBSES369 (Liquidez detectada)
src.infrastructure.providers.mercado_data_provider | INFO | Varredura (Global): 11600 monitored, 100 with book in 3.86s
src.infrastructure.providers.mercado_data_provider | INFO | RTD: Lote Onda 1 12000/44976 (Registros: 1979) em 5.48s.
src.infrastructure.providers.mercado_data_provider | DEBUG | RTD: Detalhes completos registrados para AZZAR277 (Liquidez detectada)
src.infrastructure.providers.mercado_data_provider | DEBUG | RTD: Detalhes completos registrados para BMOBT233 (Liquidez detectada)
src.infrastructure.providers.mercado_data_provider | DEBUG | RTD: Detalhes completos registrados para ABEVS161 (Liquidez detectada)
src.infrastructure.providers.mercado_data_provider | DEBUG | RTD: Detalhes completos registrados para ABEVW149 (Liquidez detectada)
src.infrastructure.providers.mercado_data_provider | DEBUG | RTD: Detalhes completos registrados para AXIAS51 (Liquidez detectada)
src.infrastructure.providers.mercado_data_provider | DEBUG | RTD: Detalhes completos registrados para B3SAT125 (Liquidez detectada)
src.infrastructure.providers.mercado_data_provider | DEBUG | RTD: Detalhes completos registrados para ANIMR600 (Liquidez detectada)
src.infrastructure.providers.mercado_data_provider | DEBUG | RTD: Detalhes completos registrados para BMGBR400 (Liquidez detectada)
src.infrastructure.providers.mercado_data_provider | DEBUG | RTD: Detalhes completos registrados para ALUPS299 (Liquidez detectada)
src.infrastructure.providers.mercado_data_provider | DEBUG | RTD: Detalhes completos registrados para ALUPR326 (Liquidez detectada)
src.infrastructure.providers.mercado_data_provider | DEBUG | RTD: Detalhes completos registrados para ALOSR263 (Liquidez detectada)
src.infrastructure.providers.mercado_data_provider | DEBUG | RTD: Detalhes completos registrados para AUAUS355 (Liquidez detectada)
src.infrastructure.providers.mercado_data_provider | DEBUG | RTD: Detalhes completos registrados para AXIAR634 (Liquidez detectada)
src.infrastructure.providers.mercado_data_provider | DEBUG | RTD: Detalhes completos registrados para BHIAS740 (Liquidez detectada)
src.infrastructure.providers.mercado_data_provider | DEBUG | RTD: Detalhes completos registrados para BBSEU394 (Liquidez detectada)
src.infrastructure.providers.mercado_data_provider | DEBUG | RTD: Detalhes completos registrados para AXIAR540 (Liquidez detectada)
src.infrastructure.providers.mercado_data_provider | DEBUG | RTD: Detalhes completos registrados para B3SAU199 (Liquidez detectada)
src.infrastructure.providers.mercado_data_provider | DEBUG | RTD: Detalhes completos registrados para ALOST337 (Liquidez detectada)
src.infrastructure.providers.mercado_data_provider | DEBUG | RTD: Detalhes completos registrados para BPACR448 (Liquidez detectada)
src.infrastructure.providers.mercado_data_provider | DEBUG | RTD: Detalhes completos registrados para B3SAU177 (Liquidez detectada)
src.infrastructure.providers.mercado_data_provider | DEBUG | RTD: Detalhes completos registrados para BEEFW415 (Liquidez detectada)
src.infrastructure.providers.mercado_data_provider | DEBUG | RTD: Detalhes completos registrados para ANIMS367 (Liquidez detectada)
src.infrastructure.providers.mercado_data_provider | DEBUG | RTD: Detalhes completos registrados para AXIAU55 (Liquidez detectada)
src.infrastructure.providers.mercado_data_provider | DEBUG | RTD: Detalhes completos registrados para AXIAR60 (Liquidez detectada)
src.infrastructure.providers.mercado_data_provider | DEBUG | RTD: Detalhes completos registrados para ANIMU20 (Liquidez detectada)
src.infrastructure.providers.mercado_data_provider | DEBUG | RTD: Detalhes completos registrados para AUAUR390 (Liquidez detectada)
src.infrastructure.providers.mercado_data_provider | DEBUG | RTD: Detalhes completos registrados para AMZOR560 (Liquidez detectada)
src.infrastructure.providers.mercado_data_provider | DEBUG | RTD: Detalhes completos registrados para BEEFW40 (Liquidez detectada)
src.infrastructure.providers.mercado_data_provider | DEBUG | RTD: Detalhes completos registrados para BBSER373 (Liquidez detectada)
src.infrastructure.providers.mercado_data_provider | DEBUG | RTD: Detalhes completos registrados para ALOST302 (Liquidez detectada)
src.infrastructure.providers.mercado_data_provider | DEBUG | RTD: Detalhes completos registrados para B3SAT219 (Liquidez detectada)
src.infrastructure.providers.mercado_data_provider | DEBUG | RTD: Detalhes completos registrados para ANIMR305 (Liquidez detectada)
src.infrastructure.providers.mercado_data_provider | DEBUG | RTD: Detalhes completos registrados para ALOSR517 (Liquidez detectada)
src.infrastructure.providers.mercado_data_provider | DEBUG | RTD: Detalhes completos registrados para ALOSS27 (Liquidez detectada)
src.infrastructure.providers.mercado_data_provider | DEBUG | RTD: Detalhes completos registrados para ALOSS339 (Liquidez detectada)
src.infrastructure.providers.mercado_data_provider | DEBUG | RTD: Detalhes completos registrados para BHIAR740 (Liquidez detectada)
src.infrastructure.providers.mercado_data_provider | DEBUG | RTD: Detalhes completos registrados para AZZAR245 (Liquidez detectada)
src.infrastructure.providers.mercado_data_provider | DEBUG | RTD: Detalhes completos registrados para BHIAR20 (Liquidez detectada)
src.infrastructure.providers.mercado_data_provider | DEBUG | RTD: Detalhes completos registrados para B3SAS177 (Liquidez detectada)
src.infrastructure.providers.mercado_data_provider | DEBUG | RTD: Detalhes completos registrados para AXIAT455 (Liquidez detectada)
src.infrastructure.providers.mercado_data_provider | DEBUG | RTD: Detalhes completos registrados para BBSER282 (Liquidez detectada)
src.infrastructure.providers.mercado_data_provider | DEBUG | RTD: Detalhes completos registrados para ASAIU60 (Liquidez detectada)
src.infrastructure.providers.mercado_data_provider | DEBUG | RTD: Detalhes completos registrados para ALOSS224 (Liquidez detectada)
src.infrastructure.providers.mercado_data_provider | DEBUG | RTD: Detalhes completos registrados para AXIAS47 (Liquidez detectada)
src.infrastructure.providers.mercado_data_provider | DEBUG | RTD: Detalhes completos registrados para ALOSW231 (Liquidez detectada)
src.infrastructure.providers.mercado_data_provider | DEBUG | RTD: Detalhes completos registrados para BOVAS154 (Liquidez detectada)
src.infrastructure.providers.mercado_data_provider | DEBUG | RTD: Detalhes completos registrados para B3SAT254 (Liquidez detectada)
src.infrastructure.providers.mercado_data_provider | DEBUG | RTD: Detalhes completos registrados para AZZAR160 (Liquidez detectada)
src.infrastructure.providers.mercado_data_provider | DEBUG | RTD: Detalhes completos registrados para BEEFS324 (Liquidez detectada)
src.infrastructure.providers.mercado_data_provider | DEBUG | RTD: Detalhes completos registrados para ABEVS169 (Liquidez detectada)
src.infrastructure.providers.mercado_data_provider | DEBUG | RTD: Detalhes completos registrados para BBSES344 (Liquidez detectada)
src.infrastructure.providers.mercado_data_provider | DEBUG | RTD: Detalhes completos registrados para ALOSU349 (Liquidez detectada)
src.infrastructure.providers.mercado_data_provider | DEBUG | RTD: Detalhes completos registrados para AXIAS560 (Liquidez detectada)
src.infrastructure.providers.mercado_data_provider | DEBUG | RTD: Detalhes completos registrados para ALPAR127 (Liquidez detectada)
src.infrastructure.providers.mercado_data_provider | DEBUG | RTD: Detalhes completos registrados para AXIAS735 (Liquidez detectada)
src.infrastructure.providers.mercado_data_provider | DEBUG | RTD: Detalhes completos registrados para BHIAS380 (Liquidez detectada)
src.infrastructure.providers.mercado_data_provider | DEBUG | RTD: Detalhes completos registrados para AXIAU620 (Liquidez detectada)
src.infrastructure.providers.mercado_data_provider | DEBUG | RTD: Detalhes completos registrados para ASAIR910 (Liquidez detectada)
src.infrastructure.providers.mercado_data_provider | DEBUG | RTD: Detalhes completos registrados para AXIAU945 (Liquidez detectada)
src.infrastructure.providers.mercado_data_provider | DEBUG | RTD: Detalhes completos registrados para ALPAR145 (Liquidez detectada)
src.infrastructure.providers.mercado_data_provider | DEBUG | RTD: Detalhes completos registrados para ALOSS299 (Liquidez detectada)
src.infrastructure.providers.mercado_data_provider | DEBUG | RTD: Detalhes completos registrados para AXIAR77 (Liquidez detectada)
src.infrastructure.providers.mercado_data_provider | DEBUG | RTD: Detalhes completos registrados para ASAIS110 (Liquidez detectada)
src.infrastructure.providers.mercado_data_provider | DEBUG | RTD: Detalhes completos registrados para AUAUR405 (Liquidez detectada)
src.infrastructure.providers.mercado_data_provider | DEBUG | RTD: Detalhes completos registrados para AMBPS110 (Liquidez detectada)
src.infrastructure.providers.mercado_data_provider | DEBUG | RTD: Detalhes completos registrados para AXIAR555 (Liquidez detectada)
src.infrastructure.providers.mercado_data_provider | DEBUG | RTD: Detalhes completos registrados para ALOSR215 (Liquidez detectada)
src.infrastructure.providers.mercado_data_provider | DEBUG | RTD: Detalhes completos registrados para AXIAR465 (Liquidez detectada)
src.infrastructure.providers.mercado_data_provider | DEBUG | RTD: Detalhes completos registrados para ALOSR342 (Liquidez detectada)
src.infrastructure.providers.mercado_data_provider | DEBUG | RTD: Detalhes completos registrados para ALPAR122 (Liquidez detectada)
src.infrastructure.providers.mercado_data_provider | DEBUG | RTD: Detalhes completos registrados para AUAUS395 (Liquidez detectada)
src.infrastructure.providers.mercado_data_provider | DEBUG | RTD: Detalhes completos registrados para B3SAR141 (Liquidez detectada)
src.infrastructure.providers.mercado_data_provider | DEBUG | RTD: Detalhes completos registrados para AXIAR430 (Liquidez detectada)
src.infrastructure.providers.mercado_data_provider | DEBUG | RTD: Detalhes completos registrados para B3SAS163 (Liquidez detectada)
src.infrastructure.providers.mercado_data_provider | DEBUG | RTD: Detalhes completos registrados para AUAUR410 (Liquidez detectada)
src.infrastructure.providers.mercado_data_provider | DEBUG | RTD: Detalhes completos registrados para BBSEU331 (Liquidez detectada)
src.infrastructure.providers.mercado_data_provider | DEBUG | RTD: Detalhes completos registrados para AZZAR157 (Liquidez detectada)
src.infrastructure.providers.mercado_data_provider | DEBUG | RTD: Detalhes completos registrados para ABEVV128 (Liquidez detectada)
src.infrastructure.providers.mercado_data_provider | DEBUG | RTD: Detalhes completos registrados para AUAUS435 (Liquidez detectada)
src.infrastructure.providers.mercado_data_provider | DEBUG | RTD: Detalhes completos registrados para BBSET336 (Liquidez detectada)
src.infrastructure.providers.mercado_data_provider | DEBUG | RTD: Detalhes completos registrados para B3SAT204 (Liquidez detectada)
src.infrastructure.providers.mercado_data_provider | DEBUG | RTD: Detalhes completos registrados para BHIAT900 (Liquidez detectada)
src.infrastructure.providers.mercado_data_provider | DEBUG | RTD: Detalhes completos registrados para BHIAR24 (Liquidez detectada)
src.infrastructure.providers.mercado_data_provider | DEBUG | RTD: Detalhes completos registrados para BHIAW350 (Liquidez detectada)
src.infrastructure.providers.mercado_data_provider | DEBUG | RTD: Detalhes completos registrados para B3SAU192 (Liquidez detectada)
src.infrastructure.providers.mercado_data_provider | DEBUG | RTD: Detalhes completos registrados para BBSEV321 (Liquidez detectada)
src.infrastructure.providers.mercado_data_provider | DEBUG | RTD: Detalhes completos registrados para BHIAR430 (Liquidez detectada)
src.infrastructure.providers.mercado_data_provider | DEBUG | RTD: Detalhes completos registrados para B3SAT202 (Liquidez detectada)
src.infrastructure.providers.mercado_data_provider | DEBUG | RTD: Detalhes completos registrados para B3SAT199 (Liquidez detectada)
src.infrastructure.providers.mercado_data_provider | DEBUG | RTD: Detalhes completos registrados para AZZAR195 (Liquidez detectada)
src.infrastructure.providers.mercado_data_provider | DEBUG | RTD: Detalhes completos registrados para ARMLS313 (Liquidez detectada)
src.infrastructure.providers.mercado_data_provider | DEBUG | RTD: Detalhes completos registrados para ASAIR980 (Liquidez detectada)
src.infrastructure.providers.mercado_data_provider | DEBUG | RTD: Detalhes completos registrados para AZZAR302 (Liquidez detectada)
src.infrastructure.providers.mercado_data_provider | DEBUG | RTD: Detalhes completos registrados para BBSER440 (Liquidez detectada)
src.infrastructure.providers.mercado_data_provider | DEBUG | RTD: Detalhes completos registrados para AUAUR340 (Liquidez detectada)
src.infrastructure.providers.mercado_data_provider | DEBUG | RTD: Detalhes completos registrados para BBSES331 (Liquidez detectada)
src.infrastructure.providers.mercado_data_provider | DEBUG | RTD: Detalhes completos registrados para ASAIS810 (Liquidez detectada)
src.infrastructure.providers.mercado_data_provider | DEBUG | RTD: Detalhes completos registrados para AXIAT560 (Liquidez detectada)
src.infrastructure.providers.mercado_data_provider | DEBUG | RTD: Detalhes completos registrados para BMGBT40 (Liquidez detectada)
src.infrastructure.providers.mercado_data_provider | DEBUG | RTD: Detalhes completos registrados para B3SAR14 (Liquidez detectada)
src.infrastructure.providers.mercado_data_provider | DEBUG | RTD: Detalhes completos registrados para AURET117 (Liquidez detectada)
src.infrastructure.providers.mercado_data_provider | DEBUG | RTD: Detalhes completos registrados para BEEFT287 (Liquidez detectada)
src.infrastructure.providers.mercado_data_provider | DEBUG | RTD: Detalhes completos registrados para ARMLR713 (Liquidez detectada)
src.infrastructure.providers.mercado_data_provider | DEBUG | RTD: Detalhes completos registrados para AXIAR815 (Liquidez detectada)
src.infrastructure.providers.mercado_data_provider | DEBUG | RTD: Detalhes completos registrados para B3SAW16 (Liquidez detectada)
src.infrastructure.providers.mercado_data_provider | DEBUG | RTD: Detalhes completos registrados para AXIAS330 (Liquidez detectada)
src.infrastructure.providers.mercado_data_provider | DEBUG | RTD: Detalhes completos registrados para BHIAR700 (Liquidez detectada)
src.infrastructure.providers.mercado_data_provider | DEBUG | RTD: Detalhes completos registrados para B3SAR144 (Liquidez detectada)
src.infrastructure.providers.mercado_data_provider | DEBUG | RTD: Detalhes completos registrados para ALUPT309 (Liquidez detectada)
src.infrastructure.providers.mercado_data_provider | DEBUG | RTD: Detalhes completos registrados para B3SAR162 (Liquidez detectada)
src.infrastructure.providers.mercado_data_provider | DEBUG | RTD: Detalhes completos registrados para ALUPS309 (Liquidez detectada)
src.infrastructure.providers.mercado_data_provider | DEBUG | RTD: Detalhes completos registrados para AXIAV51 (Liquidez detectada)
src.infrastructure.providers.mercado_data_provider | DEBUG | RTD: Detalhes completos registrados para B3SAW172 (Liquidez detectada)
src.infrastructure.providers.mercado_data_provider | DEBUG | RTD: Detalhes completos registrados para BHIAR15 (Liquidez detectada)
src.infrastructure.providers.mercado_data_provider | DEBUG | RTD: Detalhes completos registrados para AXIAS50 (Liquidez detectada)
src.infrastructure.providers.mercado_data_provider | DEBUG | RTD: Detalhes completos registrados para ALPAV60 (Liquidez detectada)
src.infrastructure.providers.mercado_data_provider | DEBUG | RTD: Detalhes completos registrados para BOVAR105 (Liquidez detectada)
src.infrastructure.providers.mercado_data_provider | DEBUG | RTD: Detalhes completos registrados para AXIAT464 (Liquidez detectada)
src.infrastructure.providers.mercado_data_provider | DEBUG | RTD: Detalhes completos registrados para ALOST289 (Liquidez detectada)
src.infrastructure.providers.mercado_data_provider | DEBUG | RTD: Detalhes completos registrados para BMGBS561 (Liquidez detectada)
src.infrastructure.providers.mercado_data_provider | DEBUG | RTD: Detalhes completos registrados para AXIAS645 (Liquidez detectada)
src.infrastructure.providers.mercado_data_provider | DEBUG | RTD: Detalhes completos registrados para AXIAR456 (Liquidez detectada)
src.infrastructure.providers.mercado_data_provider | DEBUG | RTD: Detalhes completos registrados para ALOST234 (Liquidez detectada)
src.infrastructure.providers.mercado_data_provider | DEBUG | RTD: Detalhes completos registrados para AXIAU853 (Liquidez detectada)
src.infrastructure.providers.mercado_data_provider | DEBUG | RTD: Detalhes completos registrados para BHIAV1 (Liquidez detectada)
src.infrastructure.providers.mercado_data_provider | DEBUG | RTD: Detalhes completos registrados para BOVAU205 (Liquidez detectada)
src.infrastructure.providers.mercado_data_provider | DEBUG | RTD: Detalhes completos registrados para AURAW120 (Liquidez detectada)
src.infrastructure.providers.mercado_data_provider | DEBUG | RTD: Detalhes completos registrados para ASAIT930 (Liquidez detectada)
src.infrastructure.providers.mercado_data_provider | DEBUG | RTD: Detalhes completos registrados para AXIAS486 (Liquidez detectada)
src.infrastructure.providers.mercado_data_provider | DEBUG | RTD: Detalhes completos registrados para AXIAR435 (Liquidez detectada)
src.infrastructure.providers.mercado_data_provider | DEBUG | RTD: Detalhes completos registrados para B3SAU146 (Liquidez detectada)
src.infrastructure.providers.mercado_data_provider | DEBUG | RTD: Detalhes completos registrados para BBSES476 (Liquidez detectada)
src.infrastructure.providers.mercado_data_provider | DEBUG | RTD: Detalhes completos registrados para AZZAW275 (Liquidez detectada)
src.infrastructure.providers.mercado_data_provider | DEBUG | RTD: Detalhes completos registrados para BEEFT477 (Liquidez detectada)
src.infrastructure.providers.mercado_data_provider | DEBUG | RTD: Detalhes completos registrados para AXIAS525 (Liquidez detectada)
src.infrastructure.providers.mercado_data_provider | DEBUG | RTD: Detalhes completos registrados para AZZAT885 (Liquidez detectada)
src.infrastructure.providers.mercado_data_provider | DEBUG | RTD: Detalhes completos registrados para AXIAS725 (Liquidez detectada)
src.infrastructure.providers.mercado_data_provider | DEBUG | RTD: Detalhes completos registrados para AXIAU52 (Liquidez detectada)
src.infrastructure.providers.mercado_data_provider | DEBUG | RTD: Detalhes completos registrados para BOVAW98 (Liquidez detectada)
src.infrastructure.providers.mercado_data_provider | DEBUG | RTD: Detalhes completos registrados para AXIAS59 (Liquidez detectada)
src.infrastructure.providers.mercado_data_provider | DEBUG | RTD: Detalhes completos registrados para BHIAR780 (Liquidez detectada)
src.infrastructure.providers.mercado_data_provider | DEBUG | RTD: Detalhes completos registrados para ALUPU303 (Liquidez detectada)
src.infrastructure.providers.mercado_data_provider | DEBUG | RTD: Detalhes completos registrados para AXIAS55 (Liquidez detectada)
src.infrastructure.providers.mercado_data_provider | DEBUG | RTD: Detalhes completos registrados para AUAUS360 (Liquidez detectada)
src.infrastructure.providers.mercado_data_provider | DEBUG | RTD: Detalhes completos registrados para BEEFS700 (Liquidez detectada)
src.infrastructure.providers.mercado_data_provider | DEBUG | RTD: Detalhes completos registrados para BEEFR376 (Liquidez detectada)
src.infrastructure.providers.mercado_data_provider | DEBUG | RTD: Detalhes completos registrados para AUAUR290 (Liquidez detectada)
src.infrastructure.providers.mercado_data_provider | DEBUG | RTD: Detalhes completos registrados para ASAIS940 (Liquidez detectada)
src.infrastructure.providers.mercado_data_provider | DEBUG | RTD: Detalhes completos registrados para AXIAR615 (Liquidez detectada)
src.infrastructure.providers.mercado_data_provider | DEBUG | RTD: Detalhes completos registrados para ARMLU50 (Liquidez detectada)
src.infrastructure.providers.mercado_data_provider | DEBUG | RTD: Detalhes completos registrados para AXIAS514 (Liquidez detectada)
src.infrastructure.providers.mercado_data_provider | DEBUG | RTD: Detalhes completos registrados para BEEFS140 (Liquidez detectada)
src.infrastructure.providers.mercado_data_provider | DEBUG | RTD: Detalhes completos registrados para AURET125 (Liquidez detectada)
src.infrastructure.providers.mercado_data_provider | DEBUG | RTD: Detalhes completos registrados para BBSEU299 (Liquidez detectada)
src.infrastructure.providers.mercado_data_provider | DEBUG | RTD: Detalhes completos registrados para BBSER376 (Liquidez detectada)
src.infrastructure.providers.mercado_data_provider | DEBUG | RTD: Detalhes completos registrados para AZZAT217 (Liquidez detectada)
src.infrastructure.providers.mercado_data_provider | DEBUG | RTD: Detalhes completos registrados para ABEVS186 (Liquidez detectada)
src.infrastructure.providers.mercado_data_provider | DEBUG | RTD: Detalhes completos registrados para BHIAR90 (Liquidez detectada)
src.infrastructure.providers.mercado_data_provider | DEBUG | RTD: Detalhes completos registrados para ANIMT417 (Liquidez detectada)
src.infrastructure.providers.mercado_data_provider | DEBUG | RTD: Detalhes completos registrados para AGROR192 (Liquidez detectada)
src.infrastructure.providers.mercado_data_provider | DEBUG | RTD: Detalhes completos registrados para BBSEU334 (Liquidez detectada)
src.infrastructure.providers.mercado_data_provider | DEBUG | RTD: Detalhes completos registrados para ALOSR324 (Liquidez detectada)
src.infrastructure.providers.mercado_data_provider | DEBUG | RTD: Detalhes completos registrados para B3SAU170 (Liquidez detectada)
src.infrastructure.providers.mercado_data_provider | DEBUG | RTD: Detalhes completos registrados para ALOSV295 (Liquidez detectada)
src.infrastructure.providers.mercado_data_provider | DEBUG | RTD: Detalhes completos registrados para B3SAS223 (Liquidez detectada)
src.infrastructure.providers.mercado_data_provider | DEBUG | RTD: Detalhes completos registrados para ALOSR239 (Liquidez detectada)
src.infrastructure.providers.mercado_data_provider | DEBUG | RTD: Detalhes completos registrados para AZZAR297 (Liquidez detectada)
src.infrastructure.providers.mercado_data_provider | DEBUG | RTD: Detalhes completos registrados para AXIAS620 (Liquidez detectada)
src.infrastructure.providers.mercado_data_provider | DEBUG | RTD: Detalhes completos registrados para AXIAR625 (Liquidez detectada)
src.infrastructure.providers.mercado_data_provider | DEBUG | RTD: Detalhes completos registrados para BBSER378 (Liquidez detectada)
src.infrastructure.providers.mercado_data_provider | DEBUG | RTD: Detalhes completos registrados para BBSEU396 (Liquidez detectada)
src.infrastructure.providers.mercado_data_provider | DEBUG | RTD: Detalhes completos registrados para AURET145 (Liquidez detectada)
src.infrastructure.providers.mercado_data_provider | DEBUG | RTD: Detalhes completos registrados para BEEFW621 (Liquidez detectada)
src.infrastructure.providers.mercado_data_provider | DEBUG | RTD: Detalhes completos registrados para AUAUT260 (Liquidez detectada)
src.infrastructure.providers.mercado_data_provider | DEBUG | RTD: Detalhes completos registrados para BHIAV399 (Liquidez detectada)
src.infrastructure.providers.mercado_data_provider | DEBUG | RTD: Detalhes completos registrados para BBSEV406 (Liquidez detectada)
src.infrastructure.providers.mercado_data_provider | DEBUG | RTD: Detalhes completos registrados para BMGBU502 (Liquidez detectada)
src.infrastructure.providers.mercado_data_provider | DEBUG | RTD: Detalhes completos registrados para BBSEU346 (Liquidez detectada)
src.infrastructure.providers.mercado_data_provider | DEBUG | RTD: Detalhes completos registrados para BHIAS12 (Liquidez detectada)
src.infrastructure.providers.mercado_data_provider | DEBUG | RTD: Detalhes completos registrados para BEEFS484 (Liquidez detectada)
src.infrastructure.providers.mercado_data_provider | DEBUG | RTD: Detalhes completos registrados para BBSEW346 (Liquidez detectada)
src.infrastructure.providers.mercado_data_provider | DEBUG | RTD: Detalhes completos registrados para BBSER230 (Liquidez detectada)
src.infrastructure.providers.mercado_data_provider | DEBUG | RTD: Detalhes completos registrados para AUAUS370 (Liquidez detectada)
src.infrastructure.providers.mercado_data_provider | DEBUG | RTD: Detalhes completos registrados para BHIAU22 (Liquidez detectada)
src.infrastructure.providers.mercado_data_provider | DEBUG | RTD: Detalhes completos registrados para BBSEU352 (Liquidez detectada)
src.infrastructure.providers.mercado_data_provider | DEBUG | RTD: Detalhes completos registrados para AURES156 (Liquidez detectada)
src.infrastructure.providers.mercado_data_provider | DEBUG | RTD: Detalhes completos registrados para BOVAT187 (Liquidez detectada)
src.infrastructure.providers.mercado_data_provider | DEBUG | RTD: Detalhes completos registrados para AXIAS45 (Liquidez detectada)
src.infrastructure.providers.mercado_data_provider | DEBUG | RTD: Detalhes completos registrados para BEEFR363 (Liquidez detectada)
src.infrastructure.providers.mercado_data_provider | DEBUG | RTD: Detalhes completos registrados para B3SAW161 (Liquidez detectada)
src.infrastructure.providers.mercado_data_provider | DEBUG | RTD: Detalhes completos registrados para BEEFS396 (Liquidez detectada)
src.infrastructure.providers.mercado_data_provider | DEBUG | RTD: Detalhes completos registrados para B3SAW17 (Liquidez detectada)
src.infrastructure.providers.mercado_data_provider | DEBUG | RTD: Detalhes completos registrados para B3SAT149 (Liquidez detectada)
src.infrastructure.providers.mercado_data_provider | DEBUG | RTD: Detalhes completos registrados para ANIMS390 (Liquidez detectada)
src.infrastructure.providers.mercado_data_provider | DEBUG | RTD: Detalhes completos registrados para BOVAR825 (Liquidez detectada)
src.infrastructure.providers.mercado_data_provider | DEBUG | RTD: Detalhes completos registrados para AUREU111 (Liquidez detectada)
src.infrastructure.providers.mercado_data_provider | DEBUG | RTD: Detalhes completos registrados para AXIAS460 (Liquidez detectada)
src.infrastructure.providers.mercado_data_provider | DEBUG | RTD: Detalhes completos registrados para BBSER363 (Liquidez detectada)
src.infrastructure.providers.mercado_data_provider | DEBUG | RTD: Detalhes completos registrados para AZZAR217 (Liquidez detectada)
src.infrastructure.providers.mercado_data_provider | DEBUG | RTD: Detalhes completos registrados para AXIAU477 (Liquidez detectada)
src.infrastructure.providers.mercado_data_provider | DEBUG | RTD: Detalhes completos registrados para AZZAS325 (Liquidez detectada)
src.infrastructure.providers.mercado_data_provider | DEBUG | RTD: Detalhes completos registrados para ABEVW156 (Liquidez detectada)
src.infrastructure.providers.mercado_data_provider | DEBUG | RTD: Detalhes completos registrados para ALOSS332 (Liquidez detectada)
src.infrastructure.providers.mercado_data_provider | DEBUG | RTD: Detalhes completos registrados para AXIAR585 (Liquidez detectada)
src.infrastructure.providers.mercado_data_provider | DEBUG | RTD: Detalhes completos registrados para ALUPT294 (Liquidez detectada)
src.infrastructure.providers.mercado_data_provider | DEBUG | RTD: Detalhes completos registrados para BEEFW641 (Liquidez detectada)
src.infrastructure.providers.mercado_data_provider | DEBUG | RTD: Detalhes completos registrados para AXIAR550 (Liquidez detectada)
src.infrastructure.providers.mercado_data_provider | DEBUG | RTD: Detalhes completos registrados para B3SAR908 (Liquidez detectada)
src.infrastructure.providers.mercado_data_provider | DEBUG | RTD: Detalhes completos registrados para AZZAU235 (Liquidez detectada)
src.infrastructure.providers.mercado_data_provider | DEBUG | RTD: Detalhes completos registrados para AZZAS277 (Liquidez detectada)
src.infrastructure.providers.mercado_data_provider | DEBUG | RTD: Detalhes completos registrados para B3SAT187 (Liquidez detectada)
src.infrastructure.providers.mercado_data_provider | DEBUG | RTD: Detalhes completos registrados para BOVAU191 (Liquidez detectada)
src.infrastructure.providers.mercado_data_provider | DEBUG | RTD: Detalhes completos registrados para ABEVU128 (Liquidez detectada)
src.infrastructure.providers.mercado_data_provider | DEBUG | RTD: Detalhes completos registrados para AURET994 (Liquidez detectada)
src.infrastructure.providers.mercado_data_provider | DEBUG | RTD: Detalhes completos registrados para AXIAT205 (Liquidez detectada)
src.infrastructure.providers.mercado_data_provider | DEBUG | RTD: Detalhes completos registrados para BEEFS386 (Liquidez detectada)
src.infrastructure.providers.mercado_data_provider | DEBUG | RTD: Detalhes completos registrados para AXIAW520 (Liquidez detectada)
src.infrastructure.providers.mercado_data_provider | DEBUG | RTD: Detalhes completos registrados para AZZAS225 (Liquidez detectada)
src.infrastructure.providers.mercado_data_provider | DEBUG | RTD: Detalhes completos registrados para B3SAS180 (Liquidez detectada)
src.infrastructure.providers.mercado_data_provider | DEBUG | RTD: Detalhes completos registrados para AZZAR18 (Liquidez detectada)
src.infrastructure.providers.mercado_data_provider | DEBUG | RTD: Detalhes completos registrados para BBSET386 (Liquidez detectada)
src.infrastructure.providers.mercado_data_provider | DEBUG | RTD: Detalhes completos registrados para BBSES259 (Liquidez detectada)
src.infrastructure.providers.mercado_data_provider | DEBUG | RTD: Detalhes completos registrados para BBSEW461 (Liquidez detectada)
src.infrastructure.providers.mercado_data_provider | DEBUG | RTD: Detalhes completos registrados para ALOSV341 (Liquidez detectada)
src.infrastructure.providers.mercado_data_provider | DEBUG | RTD: Detalhes completos registrados para AZZAT200 (Liquidez detectada)
src.infrastructure.providers.mercado_data_provider | DEBUG | RTD: Detalhes completos registrados para BHIAR31 (Liquidez detectada)
src.infrastructure.providers.mercado_data_provider | DEBUG | RTD: Detalhes completos registrados para AXIAT47 (Liquidez detectada)
src.infrastructure.providers.mercado_data_provider | DEBUG | RTD: Detalhes completos registrados para AMZOR570 (Liquidez detectada)
src.infrastructure.providers.mercado_data_provider | DEBUG | RTD: Detalhes completos registrados para ABEVS131 (Liquidez detectada)
src.infrastructure.providers.mercado_data_provider | DEBUG | RTD: Detalhes completos registrados para BHIAS21 (Liquidez detectada)
src.infrastructure.providers.mercado_data_provider | DEBUG | RTD: Detalhes completos registrados para BHIAV320 (Liquidez detectada)
src.infrastructure.providers.mercado_data_provider | DEBUG | RTD: Detalhes completos registrados para B3SAU960 (Liquidez detectada)
src.infrastructure.providers.mercado_data_provider | DEBUG | RTD: Detalhes completos registrados para BBSEW324 (Liquidez detectada)
src.infrastructure.providers.mercado_data_provider | DEBUG | RTD: Detalhes completos registrados para BEEFS426 (Liquidez detectada)
src.infrastructure.providers.mercado_data_provider | DEBUG | RTD: Detalhes completos registrados para AXIAS544 (Liquidez detectada)
src.infrastructure.providers.mercado_data_provider | DEBUG | RTD: Detalhes completos registrados para BEEFR606 (Liquidez detectada)
src.infrastructure.providers.mercado_data_provider | DEBUG | RTD: Detalhes completos registrados para BEEFR506 (Liquidez detectada)
src.infrastructure.providers.mercado_data_provider | DEBUG | RTD: Detalhes completos registrados para B3SAR968 (Liquidez detectada)
src.infrastructure.providers.mercado_data_provider | DEBUG | RTD: Detalhes completos registrados para AUAUS445 (Liquidez detectada)
src.infrastructure.providers.mercado_data_provider | DEBUG | RTD: Detalhes completos registrados para ANIMS370 (Liquidez detectada)
src.infrastructure.providers.mercado_data_provider | DEBUG | RTD: Detalhes completos registrados para ASAIS690 (Liquidez detectada)
src.infrastructure.providers.mercado_data_provider | DEBUG | RTD: Detalhes completos registrados para B3SAT150 (Liquidez detectada)
src.infrastructure.providers.mercado_data_provider | DEBUG | RTD: Detalhes completos registrados para ALPAS664 (Liquidez detectada)
src.infrastructure.providers.mercado_data_provider | DEBUG | RTD: Detalhes completos registrados para BEEFS316 (Liquidez detectada)
src.infrastructure.providers.mercado_data_provider | DEBUG | RTD: Detalhes completos registrados para BEEFU582 (Liquidez detectada)
src.infrastructure.providers.mercado_data_provider | DEBUG | RTD: Detalhes completos registrados para B3SAR262 (Liquidez detectada)
src.infrastructure.providers.mercado_data_provider | DEBUG | RTD: Detalhes completos registrados para ABEVW137 (Liquidez detectada)
src.infrastructure.providers.mercado_data_provider | DEBUG | RTD: Detalhes completos registrados para BBSEU324 (Liquidez detectada)
src.infrastructure.providers.mercado_data_provider | DEBUG | RTD: Detalhes completos registrados para BEEFR491 (Liquidez detectada)
src.infrastructure.providers.mercado_data_provider | DEBUG | RTD: Detalhes completos registrados para ANIMV20 (Liquidez detectada)
src.infrastructure.providers.mercado_data_provider | DEBUG | RTD: Detalhes completos registrados para BEEFS346 (Liquidez detectada)
src.infrastructure.providers.mercado_data_provider | DEBUG | RTD: Detalhes completos registrados para BBSET35 (Liquidez detectada)
src.infrastructure.providers.mercado_data_provider | DEBUG | RTD: Detalhes completos registrados para AXIAR544 (Liquidez detectada)
src.infrastructure.providers.mercado_data_provider | DEBUG | RTD: Detalhes completos registrados para ANIMR485 (Liquidez detectada)
src.infrastructure.providers.mercado_data_provider | DEBUG | RTD: Detalhes completos registrados para B3SAS211 (Liquidez detectada)
src.infrastructure.providers.mercado_data_provider | DEBUG | RTD: Detalhes completos registrados para BHIAR450 (Liquidez detectada)
src.infrastructure.providers.mercado_data_provider | DEBUG | RTD: Detalhes completos registrados para B3SAW184 (Liquidez detectada)
src.infrastructure.providers.mercado_data_provider | DEBUG | RTD: Detalhes completos registrados para AUAUS500 (Liquidez detectada)
src.infrastructure.providers.mercado_data_provider | DEBUG | RTD: Detalhes completos registrados para BBSER371 (Liquidez detectada)
src.infrastructure.providers.mercado_data_provider | DEBUG | RTD: Detalhes completos registrados para ALOSR232 (Liquidez detectada)
src.infrastructure.providers.mercado_data_provider | DEBUG | RTD: Detalhes completos registrados para AZZAU212 (Liquidez detectada)
src.infrastructure.providers.mercado_data_provider | DEBUG | RTD: Detalhes completos registrados para B3SAR167 (Liquidez detectada)
src.infrastructure.providers.mercado_data_provider | DEBUG | RTD: Detalhes completos registrados para AXIAT450 (Liquidez detectada)
src.infrastructure.providers.mercado_data_provider | DEBUG | RTD: Detalhes completos registrados para ALUPR386 (Liquidez detectada)
src.infrastructure.providers.mercado_data_provider | DEBUG | RTD: Detalhes completos registrados para AUAUS330 (Liquidez detectada)
src.infrastructure.providers.mercado_data_provider | DEBUG | RTD: Detalhes completos registrados para BBSES336 (Liquidez detectada)
src.infrastructure.providers.mercado_data_provider | DEBUG | RTD: Detalhes completos registrados para ARMLT633 (Liquidez detectada)
src.infrastructure.providers.mercado_data_provider | DEBUG | RTD: Detalhes completos registrados para B3SAU232 (Liquidez detectada)
src.infrastructure.providers.mercado_data_provider | DEBUG | RTD: Detalhes completos registrados para AURET135 (Liquidez detectada)
src.infrastructure.providers.mercado_data_provider | DEBUG | RTD: Detalhes completos registrados para B3SAV153 (Liquidez detectada)
src.infrastructure.providers.mercado_data_provider | DEBUG | RTD: Detalhes completos registrados para BHIAS100 (Liquidez detectada)
src.infrastructure.providers.mercado_data_provider | DEBUG | RTD: Detalhes completos registrados para BEEFR636 (Liquidez detectada)
src.infrastructure.providers.mercado_data_provider | DEBUG | RTD: Detalhes completos registrados para ALOSR27 (Liquidez detectada)
src.infrastructure.providers.mercado_data_provider | DEBUG | RTD: Detalhes completos registrados para B3SAV16 (Liquidez detectada)
src.infrastructure.providers.mercado_data_provider | DEBUG | RTD: Detalhes completos registrados para AZZAT312 (Liquidez detectada)
src.infrastructure.providers.mercado_data_provider | DEBUG | RTD: Detalhes completos registrados para ALOSR287 (Liquidez detectada)
src.infrastructure.providers.mercado_data_provider | DEBUG | RTD: Detalhes completos registrados para ALOSS454 (Liquidez detectada)
src.infrastructure.providers.mercado_data_provider | DEBUG | RTD: Detalhes completos registrados para ABCBT20 (Liquidez detectada)
src.infrastructure.providers.mercado_data_provider | DEBUG | RTD: Detalhes completos registrados para AXIAR486 (Liquidez detectada)
src.infrastructure.providers.mercado_data_provider | DEBUG | RTD: Detalhes completos registrados para BEEFT375 (Liquidez detectada)
src.infrastructure.providers.mercado_data_provider | DEBUG | RTD: Detalhes completos registrados para ALOSR291 (Liquidez detectada)
src.infrastructure.providers.mercado_data_provider | DEBUG | RTD: Detalhes completos registrados para ASAIR710 (Liquidez detectada)
src.infrastructure.providers.mercado_data_provider | DEBUG | RTD: Detalhes completos registrados para AURER102 (Liquidez detectada)
src.infrastructure.providers.mercado_data_provider | DEBUG | RTD: Detalhes completos registrados para BBSEV341 (Liquidez detectada)
src.infrastructure.providers.mercado_data_provider | DEBUG | RTD: Detalhes completos registrados para BHIAS17 (Liquidez detectada)
src.infrastructure.providers.mercado_data_provider | DEBUG | RTD: Detalhes completos registrados para BEEFT405 (Liquidez detectada)
src.infrastructure.providers.mercado_data_provider | DEBUG | RTD: Detalhes completos registrados para AURAS7 (Liquidez detectada)
src.infrastructure.providers.mercado_data_provider | DEBUG | RTD: Detalhes completos registrados para B3SAU140 (Liquidez detectada)
src.infrastructure.providers.mercado_data_provider | DEBUG | RTD: Detalhes completos registrados para B3SAW138 (Liquidez detectada)
src.infrastructure.providers.mercado_data_provider | DEBUG | RTD: Detalhes completos registrados para BBSEU369 (Liquidez detectada)
src.infrastructure.providers.mercado_data_provider | DEBUG | RTD: Detalhes completos registrados para AXIAR620 (Liquidez detectada)
src.infrastructure.providers.mercado_data_provider | DEBUG | RTD: Detalhes completos registrados para B3SAU202 (Liquidez detectada)
src.infrastructure.providers.mercado_data_provider | DEBUG | RTD: Detalhes completos registrados para ASAIR950 (Liquidez detectada)
src.infrastructure.providers.mercado_data_provider | DEBUG | RTD: Detalhes completos registrados para ABEVR119 (Liquidez detectada)
src.infrastructure.providers.mercado_data_provider | DEBUG | RTD: Detalhes completos registrados para ALOSS265 (Liquidez detectada)
src.infrastructure.providers.mercado_data_provider | DEBUG | RTD: Detalhes completos registrados para BEEFS331 (Liquidez detectada)
src.infrastructure.providers.mercado_data_provider | DEBUG | RTD: Detalhes completos registrados para AXIAR710 (Liquidez detectada)
src.infrastructure.providers.mercado_data_provider | DEBUG | RTD: Detalhes completos registrados para B3SAS196 (Liquidez detectada)
src.infrastructure.providers.mercado_data_provider | DEBUG | RTD: Detalhes completos registrados para ALOSR354 (Liquidez detectada)
src.infrastructure.providers.mercado_data_provider | DEBUG | RTD: Detalhes completos registrados para AXIAS615 (Liquidez detectada)
src.infrastructure.providers.mercado_data_provider | DEBUG | RTD: Detalhes completos registrados para AURES134 (Liquidez detectada)
src.infrastructure.providers.mercado_data_provider | DEBUG | RTD: Detalhes completos registrados para BBSES381 (Liquidez detectada)
src.infrastructure.providers.mercado_data_provider | DEBUG | RTD: Detalhes completos registrados para BEEFU460 (Liquidez detectada)
src.infrastructure.providers.mercado_data_provider | DEBUG | RTD: Detalhes completos registrados para BBSER372 (Liquidez detectada)
src.infrastructure.providers.mercado_data_provider | DEBUG | RTD: Detalhes completos registrados para AXIAS395 (Liquidez detectada)
src.infrastructure.providers.mercado_data_provider | DEBUG | RTD: Detalhes completos registrados para BHIAR21 (Liquidez detectada)
src.infrastructure.providers.mercado_data_provider | DEBUG | RTD: Detalhes completos registrados para ASAIU145 (Liquidez detectada)
src.infrastructure.providers.mercado_data_provider | DEBUG | RTD: Detalhes completos registrados para B3SAT247 (Liquidez detectada)
src.infrastructure.providers.mercado_data_provider | DEBUG | RTD: Detalhes completos registrados para BBSET326 (Liquidez detectada)
src.infrastructure.providers.mercado_data_provider | DEBUG | RTD: Detalhes completos registrados para B3SAR11 (Liquidez detectada)
src.infrastructure.providers.mercado_data_provider | DEBUG | RTD: Detalhes completos registrados para BHIAR600 (Liquidez detectada)
src.infrastructure.providers.mercado_data_provider | DEBUG | RTD: Detalhes completos registrados para BBSES411 (Liquidez detectada)
src.infrastructure.providers.mercado_data_provider | DEBUG | RTD: Detalhes completos registrados para BBSES341 (Liquidez detectada)
src.infrastructure.providers.mercado_data_provider | DEBUG | RTD: Detalhes completos registrados para ASAIS770 (Liquidez detectada)
src.infrastructure.providers.mercado_data_provider | DEBUG | RTD: Detalhes completos registrados para B3SAU249 (Liquidez detectada)
src.infrastructure.providers.mercado_data_provider | DEBUG | RTD: Detalhes completos registrados para AXIAT337 (Liquidez detectada)
src.infrastructure.providers.mercado_data_provider | DEBUG | RTD: Detalhes completos registrados para AGROT22 (Liquidez detectada)
src.infrastructure.providers.mercado_data_provider | DEBUG | RTD: Detalhes completos registrados para ALPAR844 (Liquidez detectada)
src.infrastructure.providers.mercado_data_provider | DEBUG | RTD: Detalhes completos registrados para AZZAW232 (Liquidez detectada)
src.infrastructure.providers.mercado_data_provider | DEBUG | RTD: Detalhes completos registrados para B3SAR15 (Liquidez detectada)
src.infrastructure.providers.mercado_data_provider | DEBUG | RTD: Detalhes completos registrados para BBSES321 (Liquidez detectada)
src.infrastructure.providers.mercado_data_provider | DEBUG | RTD: Detalhes completos registrados para AGROR177 (Liquidez detectada)
src.infrastructure.providers.mercado_data_provider | DEBUG | RTD: Detalhes completos registrados para AURES154 (Liquidez detectada)
src.infrastructure.providers.mercado_data_provider | DEBUG | RTD: Detalhes completos registrados para BOVAT108 (Liquidez detectada)
src.infrastructure.providers.mercado_data_provider | DEBUG | RTD: Detalhes completos registrados para BHIAU12 (Liquidez detectada)
src.infrastructure.providers.mercado_data_provider | DEBUG | RTD: Detalhes completos registrados para ALOST312 (Liquidez detectada)
src.infrastructure.providers.mercado_data_provider | DEBUG | RTD: Detalhes completos registrados para ANIMR435 (Liquidez detectada)
src.infrastructure.providers.mercado_data_provider | DEBUG | RTD: Detalhes completos registrados para ASAIR600 (Liquidez detectada)
src.infrastructure.providers.mercado_data_provider | DEBUG | RTD: Detalhes completos registrados para AXIAU600 (Liquidez detectada)
src.infrastructure.providers.mercado_data_provider | DEBUG | RTD: Detalhes completos registrados para B3SAT159 (Liquidez detectada)
src.infrastructure.providers.mercado_data_provider | DEBUG | RTD: Detalhes completos registrados para AURAR151 (Liquidez detectada)
src.infrastructure.providers.mercado_data_provider | DEBUG | RTD: Detalhes completos registrados para AXIAT52 (Liquidez detectada)
src.infrastructure.providers.mercado_data_provider | DEBUG | RTD: Detalhes completos registrados para ALPAR155 (Liquidez detectada)
src.infrastructure.providers.mercado_data_provider | DEBUG | RTD: Detalhes completos registrados para BBSER225 (Liquidez detectada)
src.infrastructure.providers.mercado_data_provider | DEBUG | RTD: Detalhes completos registrados para BOVAT182 (Liquidez detectada)
src.infrastructure.providers.mercado_data_provider | DEBUG | RTD: Detalhes completos registrados para AXIAR68 (Liquidez detectada)
src.infrastructure.providers.mercado_data_provider | DEBUG | RTD: Detalhes completos registrados para B3SAR240 (Liquidez detectada)
src.infrastructure.providers.mercado_data_provider | DEBUG | RTD: Detalhes completos registrados para AZZAT690 (Liquidez detectada)
src.infrastructure.providers.mercado_data_provider | DEBUG | RTD: Detalhes completos registrados para AXIAR262 (Liquidez detectada)
src.infrastructure.providers.mercado_data_provider | DEBUG | RTD: Detalhes completos registrados para BEEFW400 (Liquidez detectada)
src.infrastructure.providers.mercado_data_provider | DEBUG | RTD: Detalhes completos registrados para AXIAT26 (Liquidez detectada)
src.infrastructure.providers.mercado_data_provider | DEBUG | RTD: Detalhes completos registrados para AURET140 (Liquidez detectada)
src.infrastructure.providers.mercado_data_provider | DEBUG | RTD: Detalhes completos registrados para B3SAR158 (Liquidez detectada)
src.infrastructure.providers.mercado_data_provider | DEBUG | RTD: Detalhes completos registrados para ALUPR371 (Liquidez detectada)
src.infrastructure.providers.mercado_data_provider | DEBUG | RTD: Detalhes completos registrados para ALOSR271 (Liquidez detectada)
src.infrastructure.providers.mercado_data_provider | DEBUG | RTD: Detalhes completos registrados para ALPAW60 (Liquidez detectada)
src.infrastructure.providers.mercado_data_provider | DEBUG | RTD: Detalhes completos registrados para BEEFV800 (Liquidez detectada)
src.infrastructure.providers.mercado_data_provider | DEBUG | RTD: Detalhes completos registrados para BEEFR421 (Liquidez detectada)
src.infrastructure.providers.mercado_data_provider | DEBUG | RTD: Detalhes completos registrados para B3SAS175 (Liquidez detectada)
src.infrastructure.providers.mercado_data_provider | DEBUG | RTD: Detalhes completos registrados para BMGBU452 (Liquidez detectada)
src.infrastructure.providers.mercado_data_provider | DEBUG | RTD: Detalhes completos registrados para ALOSS289 (Liquidez detectada)
src.infrastructure.providers.mercado_data_provider | DEBUG | RTD: Detalhes completos registrados para AURES144 (Liquidez detectada)
src.infrastructure.providers.mercado_data_provider | DEBUG | RTD: Detalhes completos registrados para BHIAS11 (Liquidez detectada)
src.infrastructure.providers.mercado_data_provider | DEBUG | RTD: Detalhes completos registrados para AXIAR730 (Liquidez detectada)
src.infrastructure.providers.mercado_data_provider | DEBUG | RTD: Detalhes completos registrados para BOVAT142 (Liquidez detectada)
src.infrastructure.providers.mercado_data_provider | DEBUG | RTD: Detalhes completos registrados para ABCBR322 (Liquidez detectada)
src.infrastructure.providers.mercado_data_provider | DEBUG | RTD: Detalhes completos registrados para B3SAU10 (Liquidez detectada)
src.infrastructure.providers.mercado_data_provider | DEBUG | RTD: Detalhes completos registrados para BEEFW521 (Liquidez detectada)
src.infrastructure.providers.mercado_data_provider | DEBUG | RTD: Detalhes completos registrados para ANIMR550 (Liquidez detectada)
src.infrastructure.providers.mercado_data_provider | DEBUG | RTD: Detalhes completos registrados para BBSES301 (Liquidez detectada)
src.infrastructure.providers.mercado_data_provider | DEBUG | RTD: Detalhes completos registrados para BBSEU339 (Liquidez detectada)
src.infrastructure.providers.mercado_data_provider | DEBUG | RTD: Detalhes completos registrados para ALUPW27 (Liquidez detectada)
src.infrastructure.providers.mercado_data_provider | DEBUG | RTD: Detalhes completos registrados para ASAIS870 (Liquidez detectada)
src.infrastructure.providers.mercado_data_provider | DEBUG | RTD: Detalhes completos registrados para BHIAW290 (Liquidez detectada)
src.infrastructure.providers.mercado_data_provider | DEBUG | RTD: Detalhes completos registrados para BHIAR14 (Liquidez detectada)
src.infrastructure.providers.mercado_data_provider | DEBUG | RTD: Detalhes completos registrados para BBSES291 (Liquidez detectada)
src.infrastructure.providers.mercado_data_provider | DEBUG | RTD: Detalhes completos registrados para BEEFR160 (Liquidez detectada)
src.infrastructure.providers.mercado_data_provider | DEBUG | RTD: Detalhes completos registrados para AZZAV217 (Liquidez detectada)
src.infrastructure.providers.mercado_data_provider | DEBUG | RTD: Detalhes completos registrados para ARMLR50 (Liquidez detectada)
src.infrastructure.providers.mercado_data_provider | DEBUG | RTD: Detalhes completos registrados para BEEFW561 (Liquidez detectada)
src.infrastructure.providers.mercado_data_provider | DEBUG | RTD: Detalhes completos registrados para BEEFV396 (Liquidez detectada)
src.infrastructure.providers.mercado_data_provider | DEBUG | RTD: Detalhes completos registrados para BEEFT467 (Liquidez detectada)
src.infrastructure.providers.mercado_data_provider | DEBUG | RTD: Detalhes completos registrados para ALOSR307 (Liquidez detectada)
src.infrastructure.providers.mercado_data_provider | DEBUG | RTD: Detalhes completos registrados para AZZAS200 (Liquidez detectada)
src.infrastructure.providers.mercado_data_provider | DEBUG | RTD: Detalhes completos registrados para BEEFS614 (Liquidez detectada)
src.infrastructure.providers.mercado_data_provider | DEBUG | RTD: Detalhes completos registrados para BLAUR120 (Liquidez detectada)
src.infrastructure.providers.mercado_data_provider | DEBUG | RTD: Detalhes completos registrados para ANIMR237 (Liquidez detectada)
src.infrastructure.providers.mercado_data_provider | DEBUG | RTD: Detalhes completos registrados para AUAUT350 (Liquidez detectada)
src.infrastructure.providers.mercado_data_provider | DEBUG | RTD: Detalhes completos registrados para B3SAS148 (Liquidez detectada)
src.infrastructure.providers.mercado_data_provider | DEBUG | RTD: Detalhes completos registrados para BOVAR153 (Liquidez detectada)
src.infrastructure.providers.mercado_data_provider | DEBUG | RTD: Detalhes completos registrados para BHIAR540 (Liquidez detectada)
src.infrastructure.providers.mercado_data_provider | DEBUG | RTD: Detalhes completos registrados para ANIMR325 (Liquidez detectada)
src.infrastructure.providers.mercado_data_provider | DEBUG | RTD: Detalhes completos registrados para ALPAR105 (Liquidez detectada)
src.infrastructure.providers.mercado_data_provider | DEBUG | RTD: Detalhes completos registrados para AXIAS585 (Liquidez detectada)
src.infrastructure.providers.mercado_data_provider | DEBUG | RTD: Detalhes completos registrados para B3SAR129 (Liquidez detectada)
src.infrastructure.providers.mercado_data_provider | DEBUG | RTD: Detalhes completos registrados para ABEVT13 (Liquidez detectada)
src.infrastructure.providers.mercado_data_provider | DEBUG | RTD: Detalhes completos registrados para ALUPT379 (Liquidez detectada)
src.infrastructure.providers.mercado_data_provider | DEBUG | RTD: Detalhes completos registrados para ABEVT185 (Liquidez detectada)
src.infrastructure.providers.mercado_data_provider | DEBUG | RTD: Detalhes completos registrados para ALPAR944 (Liquidez detectada)
src.infrastructure.providers.mercado_data_provider | DEBUG | RTD: Detalhes completos registrados para B3SAU267 (Liquidez detectada)
src.infrastructure.providers.mercado_data_provider | DEBUG | RTD: Detalhes completos registrados para B3SAR242 (Liquidez detectada)
src.infrastructure.providers.mercado_data_provider | DEBUG | RTD: Detalhes completos registrados para AZZAV340 (Liquidez detectada)
src.infrastructure.providers.mercado_data_provider | DEBUG | RTD: Detalhes completos registrados para AZZAV320 (Liquidez detectada)
src.infrastructure.providers.mercado_data_provider | DEBUG | RTD: Detalhes completos registrados para ALPAS145 (Liquidez detectada)
src.infrastructure.providers.mercado_data_provider | DEBUG | RTD: Detalhes completos registrados para AZZAR490 (Liquidez detectada)
src.infrastructure.providers.mercado_data_provider | DEBUG | RTD: Detalhes completos registrados para AURER122 (Liquidez detectada)
src.infrastructure.providers.mercado_data_provider | DEBUG | RTD: Detalhes completos registrados para AZZAR260 (Liquidez detectada)
src.infrastructure.providers.mercado_data_provider | DEBUG | RTD: Detalhes completos registrados para ASAIS850 (Liquidez detectada)
src.infrastructure.providers.mercado_data_provider | DEBUG | RTD: Detalhes completos registrados para BOVAR99 (Liquidez detectada)
src.infrastructure.providers.mercado_data_provider | DEBUG | RTD: Detalhes completos registrados para AURES104 (Liquidez detectada)
src.infrastructure.providers.mercado_data_provider | DEBUG | RTD: Detalhes completos registrados para AURER150 (Liquidez detectada)
src.infrastructure.providers.mercado_data_provider | DEBUG | RTD: Detalhes completos registrados para BBSEV356 (Liquidez detectada)
src.infrastructure.providers.mercado_data_provider | DEBUG | RTD: Detalhes completos registrados para BHIAR80 (Liquidez detectada)
src.infrastructure.providers.mercado_data_provider | DEBUG | RTD: Detalhes completos registrados para ABEVR129 (Liquidez detectada)
src.infrastructure.providers.mercado_data_provider | DEBUG | RTD: Detalhes completos registrados para AXIAR466 (Liquidez detectada)
src.infrastructure.providers.mercado_data_provider | DEBUG | RTD: Detalhes completos registrados para AUAUR450 (Liquidez detectada)
src.infrastructure.providers.mercado_data_provider | DEBUG | RTD: Detalhes completos registrados para AMBPT103 (Liquidez detectada)
src.infrastructure.providers.mercado_data_provider | DEBUG | RTD: Detalhes completos registrados para BEEFS459 (Liquidez detectada)
src.infrastructure.providers.mercado_data_provider | DEBUG | RTD: Detalhes completos registrados para ALOSR382 (Liquidez detectada)
src.infrastructure.providers.mercado_data_provider | DEBUG | RTD: Detalhes completos registrados para ALOSR337 (Liquidez detectada)
src.infrastructure.providers.mercado_data_provider | DEBUG | RTD: Detalhes completos registrados para B3SAU159 (Liquidez detectada)
src.infrastructure.providers.mercado_data_provider | DEBUG | RTD: Detalhes completos registrados para AUAUW590 (Liquidez detectada)
src.infrastructure.providers.mercado_data_provider | DEBUG | RTD: Detalhes completos registrados para BBSER386 (Liquidez detectada)
src.infrastructure.providers.mercado_data_provider | DEBUG | RTD: Detalhes completos registrados para AXIAR574 (Liquidez detectada)
src.infrastructure.providers.mercado_data_provider | DEBUG | RTD: Detalhes completos registrados para BEEFR496 (Liquidez detectada)
src.infrastructure.providers.mercado_data_provider | DEBUG | RTD: Detalhes completos registrados para BHIAR620 (Liquidez detectada)
src.infrastructure.providers.mercado_data_provider | DEBUG | RTD: Detalhes completos registrados para B3SAR232 (Liquidez detectada)
src.infrastructure.providers.mercado_data_provider | DEBUG | RTD: Detalhes completos registrados para AXIAR491 (Liquidez detectada)
src.infrastructure.providers.mercado_data_provider | DEBUG | RTD: Detalhes completos registrados para BOVAW145 (Liquidez detectada)
src.infrastructure.providers.mercado_data_provider | DEBUG | RTD: Detalhes completos registrados para ALOST239 (Liquidez detectada)
src.infrastructure.providers.mercado_data_provider | DEBUG | RTD: Detalhes completos registrados para AXIAR760 (Liquidez detectada)
src.infrastructure.providers.mercado_data_provider | DEBUG | RTD: Detalhes completos registrados para AZZAR232 (Liquidez detectada)
src.infrastructure.providers.mercado_data_provider | DEBUG | RTD: Detalhes completos registrados para AXIAR580 (Liquidez detectada)
src.infrastructure.providers.mercado_data_provider | DEBUG | RTD: Detalhes completos registrados para ALPAR924 (Liquidez detectada)
src.infrastructure.providers.mercado_data_provider | DEBUG | RTD: Detalhes completos registrados para AURER145 (Liquidez detectada)
src.infrastructure.providers.mercado_data_provider | DEBUG | RTD: Detalhes completos registrados para ALOSV212 (Liquidez detectada)
src.infrastructure.providers.mercado_data_provider | DEBUG | RTD: Detalhes completos registrados para BEEFW791 (Liquidez detectada)
src.infrastructure.providers.mercado_data_provider | DEBUG | RTD: Detalhes completos registrados para AXIAR595 (Liquidez detectada)
src.infrastructure.providers.mercado_data_provider | DEBUG | RTD: Detalhes completos registrados para ASAIV760 (Liquidez detectada)
src.infrastructure.providers.mercado_data_provider | DEBUG | RTD: Detalhes completos registrados para AXIAR589 (Liquidez detectada)
src.infrastructure.providers.mercado_data_provider | DEBUG | RTD: Detalhes completos registrados para ALPAT120 (Liquidez detectada)
src.infrastructure.providers.mercado_data_provider | DEBUG | RTD: Detalhes completos registrados para B3SAR197 (Liquidez detectada)
src.infrastructure.providers.mercado_data_provider | DEBUG | RTD: Detalhes completos registrados para BEEFR346 (Liquidez detectada)
src.infrastructure.providers.mercado_data_provider | DEBUG | RTD: Detalhes completos registrados para ABEVS13 (Liquidez detectada)
src.infrastructure.providers.mercado_data_provider | DEBUG | RTD: Detalhes completos registrados para AXIAR750 (Liquidez detectada)
src.infrastructure.providers.mercado_data_provider | DEBUG | RTD: Detalhes completos registrados para BHIAR290 (Liquidez detectada)
src.infrastructure.providers.mercado_data_provider | DEBUG | RTD: Detalhes completos registrados para BBSEV481 (Liquidez detectada)
src.infrastructure.providers.mercado_data_provider | DEBUG | RTD: Detalhes completos registrados para AXIAT280 (Liquidez detectada)
src.infrastructure.providers.mercado_data_provider | DEBUG | RTD: Detalhes completos registrados para ALUPS356 (Liquidez detectada)
src.infrastructure.providers.mercado_data_provider | DEBUG | RTD: Detalhes completos registrados para BHIAT110 (Liquidez detectada)
src.infrastructure.providers.mercado_data_provider | DEBUG | RTD: Detalhes completos registrados para ASAIS107 (Liquidez detectada)
src.infrastructure.providers.mercado_data_provider | DEBUG | RTD: Detalhes completos registrados para ABEVR169 (Liquidez detectada)
src.infrastructure.providers.mercado_data_provider | DEBUG | RTD: Detalhes completos registrados para BHIAS860 (Liquidez detectada)
src.infrastructure.providers.mercado_data_provider | DEBUG | RTD: Detalhes completos registrados para BEEFT831 (Liquidez detectada)
src.infrastructure.providers.mercado_data_provider | DEBUG | RTD: Detalhes completos registrados para BOVAU186 (Liquidez detectada)
src.infrastructure.providers.mercado_data_provider | DEBUG | RTD: Detalhes completos registrados para B3SAR100 (Liquidez detectada)
src.infrastructure.providers.mercado_data_provider | DEBUG | RTD: Detalhes completos registrados para ASAIV600 (Liquidez detectada)
src.infrastructure.providers.mercado_data_provider | DEBUG | RTD: Detalhes completos registrados para AURAR155 (Liquidez detectada)
src.infrastructure.providers.mercado_data_provider | DEBUG | RTD: Detalhes completos registrados para ALOSR339 (Liquidez detectada)
src.infrastructure.providers.mercado_data_provider | DEBUG | RTD: Detalhes completos registrados para AXIAR505 (Liquidez detectada)
src.infrastructure.providers.mercado_data_provider | DEBUG | RTD: Detalhes completos registrados para BHIAS10 (Liquidez detectada)
src.infrastructure.providers.mercado_data_provider | DEBUG | RTD: Detalhes completos registrados para B3SAV204 (Liquidez detectada)
src.infrastructure.providers.mercado_data_provider | DEBUG | RTD: Detalhes completos registrados para ALOSR332 (Liquidez detectada)
src.infrastructure.providers.mercado_data_provider | DEBUG | RTD: Detalhes completos registrados para B3SAU179 (Liquidez detectada)
src.infrastructure.providers.mercado_data_provider | DEBUG | RTD: Detalhes completos registrados para BOVAT340 (Liquidez detectada)
src.infrastructure.providers.mercado_data_provider | DEBUG | RTD: Detalhes completos registrados para B3SAT229 (Liquidez detectada)
src.infrastructure.providers.mercado_data_provider | DEBUG | RTD: Detalhes completos registrados para AZZAR432 (Liquidez detectada)
src.infrastructure.providers.mercado_data_provider | DEBUG | RTD: Detalhes completos registrados para ASAIW760 (Liquidez detectada)
src.infrastructure.providers.mercado_data_provider | DEBUG | RTD: Detalhes completos registrados para ASAIR500 (Liquidez detectada)
src.infrastructure.providers.mercado_data_provider | DEBUG | RTD: Detalhes completos registrados para AXIAT51 (Liquidez detectada)
src.infrastructure.providers.mercado_data_provider | DEBUG | RTD: Detalhes completos registrados para ALPAR964 (Liquidez detectada)
src.infrastructure.providers.mercado_data_provider | DEBUG | RTD: Detalhes completos registrados para AXIAS515 (Liquidez detectada)
src.infrastructure.providers.mercado_data_provider | DEBUG | RTD: Detalhes completos registrados para ASAIR750 (Liquidez detectada)
src.infrastructure.providers.mercado_data_provider | DEBUG | RTD: Detalhes completos registrados para BBSET320 (Liquidez detectada)
src.infrastructure.providers.mercado_data_provider | DEBUG | RTD: Detalhes completos registrados para AXIAR427 (Liquidez detectada)
src.infrastructure.providers.mercado_data_provider | DEBUG | RTD: Detalhes completos registrados para ANIMW450 (Liquidez detectada)
src.infrastructure.providers.mercado_data_provider | DEBUG | RTD: Detalhes completos registrados para AXIAR872 (Liquidez detectada)
src.infrastructure.providers.mercado_data_provider | DEBUG | RTD: Detalhes completos registrados para B3SAR163 (Liquidez detectada)
src.infrastructure.providers.mercado_data_provider | DEBUG | RTD: Detalhes completos registrados para ALOST279 (Liquidez detectada)
src.infrastructure.providers.mercado_data_provider | DEBUG | RTD: Detalhes completos registrados para ALUPR321 (Liquidez detectada)
src.infrastructure.providers.mercado_data_provider | DEBUG | RTD: Detalhes completos registrados para B3SAS166 (Liquidez detectada)
src.infrastructure.providers.mercado_data_provider | DEBUG | RTD: Detalhes completos registrados para AXIAR805 (Liquidez detectada)
src.infrastructure.providers.mercado_data_provider | DEBUG | RTD: Detalhes completos registrados para AXIAR57 (Liquidez detectada)
src.infrastructure.providers.mercado_data_provider | DEBUG | RTD: Detalhes completos registrados para AGROS197 (Liquidez detectada)
src.infrastructure.providers.mercado_data_provider | DEBUG | RTD: Detalhes completos registrados para ALOSR200 (Liquidez detectada)
src.infrastructure.providers.mercado_data_provider | DEBUG | RTD: Detalhes completos registrados para AXIAS565 (Liquidez detectada)
src.infrastructure.providers.mercado_data_provider | DEBUG | RTD: Detalhes completos registrados para ASAIW100 (Liquidez detectada)
src.infrastructure.providers.mercado_data_provider | DEBUG | RTD: Detalhes completos registrados para AZZAT205 (Liquidez detectada)
src.infrastructure.providers.mercado_data_provider | DEBUG | RTD: Detalhes completos registrados para BLAUS12 (Liquidez detectada)
src.infrastructure.providers.mercado_data_provider | DEBUG | RTD: Detalhes completos registrados para AXIAS570 (Liquidez detectada)
src.infrastructure.providers.mercado_data_provider | DEBUG | RTD: Detalhes completos registrados para AUAUV336 (Liquidez detectada)
src.infrastructure.providers.mercado_data_provider | DEBUG | RTD: Detalhes completos registrados para B3SAS146 (Liquidez detectada)
src.infrastructure.providers.mercado_data_provider | DEBUG | RTD: Detalhes completos registrados para ALOSU287 (Liquidez detectada)
src.infrastructure.providers.mercado_data_provider | DEBUG | RTD: Detalhes completos registrados para ANIMR425 (Liquidez detectada)
src.infrastructure.providers.mercado_data_provider | DEBUG | RTD: Detalhes completos registrados para BBSEU391 (Liquidez detectada)
src.infrastructure.providers.mercado_data_provider | DEBUG | RTD: Detalhes completos registrados para AZZAW302 (Liquidez detectada)
src.infrastructure.providers.mercado_data_provider | DEBUG | RTD: Detalhes completos registrados para ANIMR540 (Liquidez detectada)
src.infrastructure.providers.mercado_data_provider | DEBUG | RTD: Detalhes completos registrados para BHIAR420 (Liquidez detectada)
src.infrastructure.providers.mercado_data_provider | DEBUG | RTD: Detalhes completos registrados para AUAUR485 (Liquidez detectada)
src.infrastructure.providers.mercado_data_provider | DEBUG | RTD: Detalhes completos registrados para AXIAT555 (Liquidez detectada)
src.infrastructure.providers.mercado_data_provider | DEBUG | RTD: Detalhes completos registrados para ALUPT359 (Liquidez detectada)
src.infrastructure.providers.mercado_data_provider | DEBUG | RTD: Detalhes completos registrados para ABEVT155 (Liquidez detectada)
src.infrastructure.providers.mercado_data_provider | DEBUG | RTD: Detalhes completos registrados para AURAR165 (Liquidez detectada)
src.infrastructure.providers.mercado_data_provider | DEBUG | RTD: Detalhes completos registrados para B3SAT207 (Liquidez detectada)
src.infrastructure.providers.mercado_data_provider | DEBUG | RTD: Detalhes completos registrados para BOVAR144 (Liquidez detectada)
src.infrastructure.providers.mercado_data_provider | DEBUG | RTD: Detalhes completos registrados para BHIAS25 (Liquidez detectada)
src.infrastructure.providers.mercado_data_provider | DEBUG | RTD: Detalhes completos registrados para ALPAT954 (Liquidez detectada)
src.infrastructure.providers.mercado_data_provider | DEBUG | RTD: Detalhes completos registrados para BBSES366 (Liquidez detectada)
src.infrastructure.providers.mercado_data_provider | DEBUG | RTD: Detalhes completos registrados para B3SAU169 (Liquidez detectada)
src.infrastructure.providers.mercado_data_provider | DEBUG | RTD: Detalhes completos registrados para ALOSR327 (Liquidez detectada)
src.infrastructure.providers.mercado_data_provider | INFO | Varredura (Fast): 13579 monitored, 165 with book in 4.37s
src.infrastructure.providers.mercado_data_provider | INFO | RTD: Lote Onda 1 14000/44976 (Registros: 1980) em 10.54s.
src.infrastructure.providers.mercado_data_provider | DEBUG | RTD: Detalhes completos registrados para AZZAS240 (Liquidez detectada)
src.infrastructure.providers.mercado_data_provider | DEBUG | RTD: Detalhes completos registrados para AZZAR285 (Liquidez detectada)
src.infrastructure.providers.mercado_data_provider | DEBUG | RTD: Detalhes completos registrados para B3SAW10 (Liquidez detectada)
src.infrastructure.providers.mercado_data_provider | DEBUG | RTD: Detalhes completos registrados para ABEVR139 (Liquidez detectada)
src.infrastructure.providers.mercado_data_provider | DEBUG | RTD: Detalhes completos registrados para AXIAT660 (Liquidez detectada)
src.infrastructure.providers.mercado_data_provider | DEBUG | RTD: Detalhes completos registrados para ALOSS329 (Liquidez detectada)
src.infrastructure.providers.mercado_data_provider | DEBUG | RTD: Detalhes completos registrados para BBSET358 (Liquidez detectada)
src.infrastructure.providers.mercado_data_provider | DEBUG | RTD: Detalhes completos registrados para AXIAU544 (Liquidez detectada)
src.infrastructure.providers.mercado_data_provider | DEBUG | RTD: Detalhes completos registrados para BOVAU60 (Liquidez detectada)
src.infrastructure.providers.mercado_data_provider | DEBUG | RTD: Detalhes completos registrados para AMZOS710 (Liquidez detectada)
src.infrastructure.providers.mercado_data_provider | DEBUG | RTD: Detalhes completos registrados para BMOBS239 (Liquidez detectada)
src.infrastructure.providers.mercado_data_provider | DEBUG | RTD: Detalhes completos registrados para AUAUS365 (Liquidez detectada)
src.infrastructure.providers.mercado_data_provider | DEBUG | RTD: Detalhes completos registrados para AURES141 (Liquidez detectada)
src.infrastructure.providers.mercado_data_provider | DEBUG | RTD: Detalhes completos registrados para ALOSS357 (Liquidez detectada)
src.infrastructure.providers.mercado_data_provider | DEBUG | RTD: Detalhes completos registrados para ANIMS522 (Liquidez detectada)
src.infrastructure.providers.mercado_data_provider | DEBUG | RTD: Detalhes completos registrados para AZZAS190 (Liquidez detectada)
src.infrastructure.providers.mercado_data_provider | DEBUG | RTD: Detalhes completos registrados para BBSET474 (Liquidez detectada)
src.infrastructure.providers.mercado_data_provider | DEBUG | RTD: Detalhes completos registrados para BMGBR17 (Liquidez detectada)
src.infrastructure.providers.mercado_data_provider | DEBUG | RTD: Detalhes completos registrados para B3SAV15 (Liquidez detectada)
src.infrastructure.providers.mercado_data_provider | DEBUG | RTD: Detalhes completos registrados para ALOSR300 (Liquidez detectada)
src.infrastructure.providers.mercado_data_provider | DEBUG | RTD: Detalhes completos registrados para AUAUW405 (Liquidez detectada)
src.infrastructure.providers.mercado_data_provider | DEBUG | RTD: Detalhes completos registrados para BBSET369 (Liquidez detectada)
src.infrastructure.providers.mercado_data_provider | DEBUG | RTD: Detalhes completos registrados para AZZAS237 (Liquidez detectada)
src.infrastructure.providers.mercado_data_provider | DEBUG | RTD: Detalhes completos registrados para ALOSU327 (Liquidez detectada)
src.infrastructure.providers.mercado_data_provider | DEBUG | RTD: Detalhes completos registrados para BEEFR416 (Liquidez detectada)
src.infrastructure.providers.mercado_data_provider | DEBUG | RTD: Detalhes completos registrados para AUAUR460 (Liquidez detectada)
src.infrastructure.providers.mercado_data_provider | DEBUG | RTD: Detalhes completos registrados para AUAUR280 (Liquidez detectada)
src.infrastructure.providers.mercado_data_provider | DEBUG | RTD: Detalhes completos registrados para BBSET321 (Liquidez detectada)
src.infrastructure.providers.mercado_data_provider | DEBUG | RTD: Detalhes completos registrados para AXIAW55 (Liquidez detectada)
src.infrastructure.providers.mercado_data_provider | DEBUG | RTD: Detalhes completos registrados para AZZAS160 (Liquidez detectada)
src.infrastructure.providers.mercado_data_provider | DEBUG | RTD: Detalhes completos registrados para AZZAS235 (Liquidez detectada)
src.infrastructure.providers.mercado_data_provider | DEBUG | RTD: Detalhes completos registrados para ALPAR884 (Liquidez detectada)
src.infrastructure.providers.mercado_data_provider | DEBUG | RTD: Detalhes completos registrados para B3SAU209 (Liquidez detectada)
src.infrastructure.providers.mercado_data_provider | DEBUG | RTD: Detalhes completos registrados para ALPAS60 (Liquidez detectada)
src.infrastructure.providers.mercado_data_provider | DEBUG | RTD: Detalhes completos registrados para AXIAS535 (Liquidez detectada)
src.infrastructure.providers.mercado_data_provider | DEBUG | RTD: Detalhes completos registrados para AXIAR775 (Liquidez detectada)
src.infrastructure.providers.mercado_data_provider | DEBUG | RTD: Detalhes completos registrados para BOVAU41 (Liquidez detectada)
src.infrastructure.providers.mercado_data_provider | DEBUG | RTD: Detalhes completos registrados para B3SAU252 (Liquidez detectada)
src.infrastructure.providers.mercado_data_provider | DEBUG | RTD: Detalhes completos registrados para ALOST33 (Liquidez detectada)
src.infrastructure.providers.mercado_data_provider | DEBUG | RTD: Detalhes completos registrados para BBSER385 (Liquidez detectada)
src.infrastructure.providers.mercado_data_provider | DEBUG | RTD: Detalhes completos registrados para AZZAS161 (Liquidez detectada)
src.infrastructure.providers.mercado_data_provider | DEBUG | RTD: Detalhes completos registrados para B3SAT155 (Liquidez detectada)
src.infrastructure.providers.mercado_data_provider | DEBUG | RTD: Detalhes completos registrados para ALPAR150 (Liquidez detectada)
src.infrastructure.providers.mercado_data_provider | DEBUG | RTD: Detalhes completos registrados para BEEFU747 (Liquidez detectada)
src.infrastructure.providers.mercado_data_provider | DEBUG | RTD: Detalhes completos registrados para ALPAR130 (Liquidez detectada)
src.infrastructure.providers.mercado_data_provider | DEBUG | RTD: Detalhes completos registrados para BHIAR30 (Liquidez detectada)
src.infrastructure.providers.mercado_data_provider | DEBUG | RTD: Detalhes completos registrados para BBSET391 (Liquidez detectada)
src.infrastructure.providers.mercado_data_provider | DEBUG | RTD: Detalhes completos registrados para AXIAT745 (Liquidez detectada)
src.infrastructure.providers.mercado_data_provider | DEBUG | RTD: Detalhes completos registrados para ALOSS419 (Liquidez detectada)
src.infrastructure.providers.mercado_data_provider | DEBUG | RTD: Detalhes completos registrados para ALOST352 (Liquidez detectada)
src.infrastructure.providers.mercado_data_provider | DEBUG | RTD: Detalhes completos registrados para AXIAR610 (Liquidez detectada)
src.infrastructure.providers.mercado_data_provider | DEBUG | RTD: Detalhes completos registrados para B3SAT21 (Liquidez detectada)
src.infrastructure.providers.mercado_data_provider | DEBUG | RTD: Detalhes completos registrados para B3SAS182 (Liquidez detectada)
src.infrastructure.providers.mercado_data_provider | DEBUG | RTD: Detalhes completos registrados para BOVAT530 (Liquidez detectada)
src.infrastructure.providers.mercado_data_provider | DEBUG | RTD: Detalhes completos registrados para BEEFS564 (Liquidez detectada)
src.infrastructure.providers.mercado_data_provider | DEBUG | RTD: Detalhes completos registrados para BLAUR115 (Liquidez detectada)
src.infrastructure.providers.mercado_data_provider | DEBUG | RTD: Detalhes completos registrados para AUAUR430 (Liquidez detectada)
src.infrastructure.providers.mercado_data_provider | DEBUG | RTD: Detalhes completos registrados para AURES994 (Liquidez detectada)
src.infrastructure.providers.mercado_data_provider | DEBUG | RTD: Detalhes completos registrados para ALPAR102 (Liquidez detectada)
src.infrastructure.providers.mercado_data_provider | DEBUG | RTD: Detalhes completos registrados para AXIAR504 (Liquidez detectada)
src.infrastructure.providers.mercado_data_provider | DEBUG | RTD: Detalhes completos registrados para B3SAS188 (Liquidez detectada)
src.infrastructure.providers.mercado_data_provider | DEBUG | RTD: Detalhes completos registrados para AGROR202 (Liquidez detectada)
src.infrastructure.providers.mercado_data_provider | DEBUG | RTD: Detalhes completos registrados para BEEFS406 (Liquidez detectada)
src.infrastructure.providers.mercado_data_provider | DEBUG | RTD: Detalhes completos registrados para ASAIR670 (Liquidez detectada)
src.infrastructure.providers.mercado_data_provider | DEBUG | RTD: Detalhes completos registrados para BEEFT437 (Liquidez detectada)
src.infrastructure.providers.mercado_data_provider | DEBUG | RTD: Detalhes completos registrados para BBSEV376 (Liquidez detectada)
src.infrastructure.providers.mercado_data_provider | DEBUG | RTD: Detalhes completos registrados para B3SAT262 (Liquidez detectada)
src.infrastructure.providers.mercado_data_provider | DEBUG | RTD: Detalhes completos registrados para BBSEU344 (Liquidez detectada)
src.infrastructure.providers.mercado_data_provider | DEBUG | RTD: Detalhes completos registrados para ALPAT165 (Liquidez detectada)
src.infrastructure.providers.mercado_data_provider | DEBUG | RTD: Detalhes completos registrados para AUAUS430 (Liquidez detectada)
src.infrastructure.providers.mercado_data_provider | DEBUG | RTD: Detalhes completos registrados para BHIAR370 (Liquidez detectada)
src.infrastructure.providers.mercado_data_provider | DEBUG | RTD: Detalhes completos registrados para AXIAR357 (Liquidez detectada)
src.infrastructure.providers.mercado_data_provider | DEBUG | RTD: Detalhes completos registrados para BOVAU146 (Liquidez detectada)
src.infrastructure.providers.mercado_data_provider | DEBUG | RTD: Detalhes completos registrados para BEEFS446 (Liquidez detectada)
src.infrastructure.providers.mercado_data_provider | DEBUG | RTD: Detalhes completos registrados para AXIAS476 (Liquidez detectada)
src.infrastructure.providers.mercado_data_provider | DEBUG | RTD: Detalhes completos registrados para BOVAT230 (Liquidez detectada)
src.infrastructure.providers.mercado_data_provider | DEBUG | RTD: Detalhes completos registrados para AXIAS474 (Liquidez detectada)
src.infrastructure.providers.mercado_data_provider | DEBUG | RTD: Detalhes completos registrados para B3SAU187 (Liquidez detectada)
src.infrastructure.providers.mercado_data_provider | DEBUG | RTD: Detalhes completos registrados para BOVAS990 (Liquidez detectada)
src.infrastructure.providers.mercado_data_provider | DEBUG | RTD: Detalhes completos registrados para ASAIS890 (Liquidez detectada)
src.infrastructure.providers.mercado_data_provider | DEBUG | RTD: Detalhes completos registrados para ABCBT320 (Liquidez detectada)
src.infrastructure.providers.mercado_data_provider | DEBUG | RTD: Detalhes completos registrados para ANIMS307 (Liquidez detectada)
src.infrastructure.providers.mercado_data_provider | DEBUG | RTD: Detalhes completos registrados para ABCBS265 (Liquidez detectada)
src.infrastructure.providers.mercado_data_provider | DEBUG | RTD: Detalhes completos registrados para AZZAS165 (Liquidez detectada)
src.infrastructure.providers.mercado_data_provider | DEBUG | RTD: Detalhes completos registrados para BBSER270 (Liquidez detectada)
src.infrastructure.providers.mercado_data_provider | DEBUG | RTD: Detalhes completos registrados para AXIAS545 (Liquidez detectada)
src.infrastructure.providers.mercado_data_provider | DEBUG | RTD: Detalhes completos registrados para ALOSR305 (Liquidez detectada)
src.infrastructure.providers.mercado_data_provider | DEBUG | RTD: Detalhes completos registrados para AZZAR20 (Liquidez detectada)
src.infrastructure.providers.mercado_data_provider | DEBUG | RTD: Detalhes completos registrados para BHIAT700 (Liquidez detectada)
src.infrastructure.providers.mercado_data_provider | DEBUG | RTD: Detalhes completos registrados para AZZAR267 (Liquidez detectada)
src.infrastructure.providers.mercado_data_provider | DEBUG | RTD: Detalhes completos registrados para BMOBR249 (Liquidez detectada)
src.infrastructure.providers.mercado_data_provider | DEBUG | RTD: Detalhes completos registrados para AUAUS350 (Liquidez detectada)
src.infrastructure.providers.mercado_data_provider | DEBUG | RTD: Detalhes completos registrados para BBSES386 (Liquidez detectada)
src.infrastructure.providers.mercado_data_provider | DEBUG | RTD: Detalhes completos registrados para ASAIR107 (Liquidez detectada)
src.infrastructure.providers.mercado_data_provider | DEBUG | RTD: Detalhes completos registrados para BOVAW154 (Liquidez detectada)
src.infrastructure.providers.mercado_data_provider | DEBUG | RTD: Detalhes completos registrados para AUAUR425 (Liquidez detectada)
src.infrastructure.providers.mercado_data_provider | DEBUG | RTD: Detalhes completos registrados para B3SAS145 (Liquidez detectada)
src.infrastructure.providers.mercado_data_provider | DEBUG | RTD: Detalhes completos registrados para ALUPT369 (Liquidez detectada)
src.infrastructure.providers.mercado_data_provider | DEBUG | RTD: Detalhes completos registrados para BBSES406 (Liquidez detectada)
src.infrastructure.providers.mercado_data_provider | DEBUG | RTD: Detalhes completos registrados para BOVAR172 (Liquidez detectada)
src.infrastructure.providers.mercado_data_provider | DEBUG | RTD: Detalhes completos registrados para ALPAT60 (Liquidez detectada)
src.infrastructure.providers.mercado_data_provider | DEBUG | RTD: Detalhes completos registrados para AUAUV511 (Liquidez detectada)
src.infrastructure.providers.mercado_data_provider | DEBUG | RTD: Detalhes completos registrados para AXIAS70 (Liquidez detectada)
src.infrastructure.providers.mercado_data_provider | DEBUG | RTD: Detalhes completos registrados para AMARV100 (Liquidez detectada)
src.infrastructure.providers.mercado_data_provider | DEBUG | RTD: Detalhes completos registrados para AXIAS665 (Liquidez detectada)
src.infrastructure.providers.mercado_data_provider | DEBUG | RTD: Detalhes completos registrados para AUAUR420 (Liquidez detectada)
src.infrastructure.providers.mercado_data_provider | DEBUG | RTD: Detalhes completos registrados para AXIAS58 (Liquidez detectada)
src.infrastructure.providers.mercado_data_provider | DEBUG | RTD: Detalhes completos registrados para BABAR251 (Liquidez detectada)
src.infrastructure.providers.mercado_data_provider | DEBUG | RTD: Detalhes completos registrados para AUAUS265 (Liquidez detectada)
src.infrastructure.providers.mercado_data_provider | DEBUG | RTD: Detalhes completos registrados para AXIAR530 (Liquidez detectada)
src.infrastructure.providers.mercado_data_provider | DEBUG | RTD: Detalhes completos registrados para B3SAR148 (Liquidez detectada)
src.infrastructure.providers.mercado_data_provider | DEBUG | RTD: Detalhes completos registrados para AXIAS590 (Liquidez detectada)
src.infrastructure.providers.mercado_data_provider | DEBUG | RTD: Detalhes completos registrados para B3SAU182 (Liquidez detectada)
src.infrastructure.providers.mercado_data_provider | DEBUG | RTD: Detalhes completos registrados para ALPAS150 (Liquidez detectada)
src.infrastructure.providers.mercado_data_provider | DEBUG | RTD: Detalhes completos registrados para B3SAS178 (Liquidez detectada)
src.infrastructure.providers.mercado_data_provider | DEBUG | RTD: Detalhes completos registrados para AXIAT570 (Liquidez detectada)
src.infrastructure.providers.mercado_data_provider | DEBUG | RTD: Detalhes completos registrados para ALOSR223 (Liquidez detectada)
src.infrastructure.providers.mercado_data_provider | DEBUG | RTD: Detalhes completos registrados para BBSER462 (Liquidez detectada)
src.infrastructure.providers.mercado_data_provider | DEBUG | RTD: Detalhes completos registrados para B3SAU100 (Liquidez detectada)
src.infrastructure.providers.mercado_data_provider | DEBUG | RTD: Detalhes completos registrados para BBSEV466 (Liquidez detectada)
src.infrastructure.providers.mercado_data_provider | DEBUG | RTD: Detalhes completos registrados para ALOST272 (Liquidez detectada)
src.infrastructure.providers.mercado_data_provider | DEBUG | RTD: Detalhes completos registrados para BEEFR433 (Liquidez detectada)
src.infrastructure.providers.mercado_data_provider | DEBUG | RTD: Detalhes completos registrados para AZZAT640 (Liquidez detectada)
src.infrastructure.providers.mercado_data_provider | DEBUG | RTD: Detalhes completos registrados para AXIAR740 (Liquidez detectada)
src.infrastructure.providers.mercado_data_provider | DEBUG | RTD: Detalhes completos registrados para ALOSS199 (Liquidez detectada)
src.infrastructure.providers.mercado_data_provider | DEBUG | RTD: Detalhes completos registrados para BBSET354 (Liquidez detectada)
src.infrastructure.providers.mercado_data_provider | DEBUG | RTD: Detalhes completos registrados para ALPAS594 (Liquidez detectada)
src.infrastructure.providers.mercado_data_provider | DEBUG | RTD: Detalhes completos registrados para B3SAS152 (Liquidez detectada)
src.infrastructure.providers.mercado_data_provider | DEBUG | RTD: Detalhes completos registrados para AZZAV152 (Liquidez detectada)
src.infrastructure.providers.mercado_data_provider | DEBUG | RTD: Detalhes completos registrados para AXIAS555 (Liquidez detectada)
src.infrastructure.providers.mercado_data_provider | DEBUG | RTD: Detalhes completos registrados para BBSES346 (Liquidez detectada)
src.infrastructure.providers.mercado_data_provider | DEBUG | RTD: Detalhes completos registrados para AZZAR200 (Liquidez detectada)
src.infrastructure.providers.mercado_data_provider | DEBUG | RTD: Detalhes completos registrados para AUAUR240 (Liquidez detectada)
src.infrastructure.providers.mercado_data_provider | DEBUG | RTD: Detalhes completos registrados para ARMLT50 (Liquidez detectada)
src.infrastructure.providers.mercado_data_provider | DEBUG | RTD: Detalhes completos registrados para BOVAR137 (Liquidez detectada)
src.infrastructure.providers.mercado_data_provider | DEBUG | RTD: Detalhes completos registrados para B3SAR157 (Liquidez detectada)
src.infrastructure.providers.mercado_data_provider | DEBUG | RTD: Detalhes completos registrados para ASAIV960 (Liquidez detectada)
src.infrastructure.providers.mercado_data_provider | DEBUG | RTD: Detalhes completos registrados para AXIAU495 (Liquidez detectada)
src.infrastructure.providers.mercado_data_provider | DEBUG | RTD: Detalhes completos registrados para AXIAR64 (Liquidez detectada)
src.infrastructure.providers.mercado_data_provider | DEBUG | RTD: Detalhes completos registrados para AXIAS524 (Liquidez detectada)
src.infrastructure.providers.mercado_data_provider | DEBUG | RTD: Detalhes completos registrados para ALOSS214 (Liquidez detectada)
src.infrastructure.providers.mercado_data_provider | DEBUG | RTD: Detalhes completos registrados para AGROS202 (Liquidez detectada)
src.infrastructure.providers.mercado_data_provider | DEBUG | RTD: Detalhes completos registrados para ALPAR135 (Liquidez detectada)
src.infrastructure.providers.mercado_data_provider | DEBUG | RTD: Detalhes completos registrados para BOVAS101 (Liquidez detectada)
src.infrastructure.providers.mercado_data_provider | DEBUG | RTD: Detalhes completos registrados para ANIMT312 (Liquidez detectada)
src.infrastructure.providers.mercado_data_provider | DEBUG | RTD: Detalhes completos registrados para AXIAT53 (Liquidez detectada)
src.infrastructure.providers.mercado_data_provider | DEBUG | RTD: Detalhes completos registrados para AGROT210 (Liquidez detectada)
src.infrastructure.providers.mercado_data_provider | DEBUG | RTD: Detalhes completos registrados para AZZAS232 (Liquidez detectada)
src.infrastructure.providers.mercado_data_provider | DEBUG | RTD: Detalhes completos registrados para BOVAT101 (Liquidez detectada)
src.infrastructure.providers.mercado_data_provider | DEBUG | RTD: Detalhes completos registrados para ALOSR384 (Liquidez detectada)
src.infrastructure.providers.mercado_data_provider | DEBUG | RTD: Detalhes completos registrados para AZZAR1 (Liquidez detectada)
src.infrastructure.providers.mercado_data_provider | DEBUG | RTD: Detalhes completos registrados para BMGBR450 (Liquidez detectada)
src.infrastructure.providers.mercado_data_provider | DEBUG | RTD: Detalhes completos registrados para AXIAR645 (Liquidez detectada)
src.infrastructure.providers.mercado_data_provider | DEBUG | RTD: Detalhes completos registrados para ASAIU820 (Liquidez detectada)
src.infrastructure.providers.mercado_data_provider | DEBUG | RTD: Detalhes completos registrados para AMZOS69 (Liquidez detectada)
src.infrastructure.providers.mercado_data_provider | DEBUG | RTD: Detalhes completos registrados para AZZAW205 (Liquidez detectada)
src.infrastructure.providers.mercado_data_provider | DEBUG | RTD: Detalhes completos registrados para BEEFS814 (Liquidez detectada)
src.infrastructure.providers.mercado_data_provider | DEBUG | RTD: Detalhes completos registrados para AXIAR464 (Liquidez detectada)
src.infrastructure.providers.mercado_data_provider | DEBUG | RTD: Detalhes completos registrados para ALOST264 (Liquidez detectada)
src.infrastructure.providers.mercado_data_provider | DEBUG | RTD: Detalhes completos registrados para AXIAT55 (Liquidez detectada)
src.infrastructure.providers.mercado_data_provider | DEBUG | RTD: Detalhes completos registrados para AZZAW298 (Liquidez detectada)
src.infrastructure.providers.mercado_data_provider | DEBUG | RTD: Detalhes completos registrados para AZZAR222 (Liquidez detectada)
src.infrastructure.providers.mercado_data_provider | DEBUG | RTD: Detalhes completos registrados para B3SAT257 (Liquidez detectada)
src.infrastructure.providers.mercado_data_provider | DEBUG | RTD: Detalhes completos registrados para ALOSV282 (Liquidez detectada)
src.infrastructure.providers.mercado_data_provider | DEBUG | RTD: Detalhes completos registrados para B3SAT154 (Liquidez detectada)
src.infrastructure.providers.mercado_data_provider | DEBUG | RTD: Detalhes completos registrados para AXIAR795 (Liquidez detectada)
src.infrastructure.providers.mercado_data_provider | DEBUG | RTD: Detalhes completos registrados para ALOSR352 (Liquidez detectada)
src.infrastructure.providers.mercado_data_provider | DEBUG | RTD: Detalhes completos registrados para BOVAW141 (Liquidez detectada)
src.infrastructure.providers.mercado_data_provider | DEBUG | RTD: Detalhes completos registrados para BBSER375 (Liquidez detectada)
src.infrastructure.providers.mercado_data_provider | DEBUG | RTD: Detalhes completos registrados para AZZAT306 (Liquidez detectada)
src.infrastructure.providers.mercado_data_provider | DEBUG | RTD: Detalhes completos registrados para B3SAS183 (Liquidez detectada)
src.infrastructure.providers.mercado_data_provider | DEBUG | RTD: Detalhes completos registrados para BBSER361 (Liquidez detectada)
src.infrastructure.providers.mercado_data_provider | DEBUG | RTD: Detalhes completos registrados para BEEFR451 (Liquidez detectada)
src.infrastructure.providers.mercado_data_provider | DEBUG | RTD: Detalhes completos registrados para AZZAR180 (Liquidez detectada)
src.infrastructure.providers.mercado_data_provider | DEBUG | RTD: Detalhes completos registrados para AERIR230 (Liquidez detectada)
src.infrastructure.providers.mercado_data_provider | DEBUG | RTD: Detalhes completos registrados para BHIAS22 (Liquidez detectada)
src.infrastructure.providers.mercado_data_provider | DEBUG | RTD: Detalhes completos registrados para BBSEU566 (Liquidez detectada)
src.infrastructure.providers.mercado_data_provider | DEBUG | RTD: Detalhes completos registrados para BHIAR400 (Liquidez detectada)
src.infrastructure.providers.mercado_data_provider | DEBUG | RTD: Detalhes completos registrados para BBSET371 (Liquidez detectada)
src.infrastructure.providers.mercado_data_provider | DEBUG | RTD: Detalhes completos registrados para ALOSS222 (Liquidez detectada)
src.infrastructure.providers.mercado_data_provider | DEBUG | RTD: Detalhes completos registrados para AXIAR445 (Liquidez detectada)
src.infrastructure.providers.mercado_data_provider | DEBUG | RTD: Detalhes completos registrados para BMGBU270 (Liquidez detectada)
src.infrastructure.providers.mercado_data_provider | DEBUG | RTD: Detalhes completos registrados para BHIAR410 (Liquidez detectada)
src.infrastructure.providers.mercado_data_provider | DEBUG | RTD: Detalhes completos registrados para BEEFS416 (Liquidez detectada)
src.infrastructure.providers.mercado_data_provider | DEBUG | RTD: Detalhes completos registrados para BBSEV302 (Liquidez detectada)
src.infrastructure.providers.mercado_data_provider | DEBUG | RTD: Detalhes completos registrados para AUAUR480 (Liquidez detectada)
src.infrastructure.providers.mercado_data_provider | DEBUG | RTD: Detalhes completos registrados para B3SAR187 (Liquidez detectada)
src.infrastructure.providers.mercado_data_provider | DEBUG | RTD: Detalhes completos registrados para AURAS745 (Liquidez detectada)
src.infrastructure.providers.mercado_data_provider | DEBUG | RTD: Detalhes completos registrados para BBSES324 (Liquidez detectada)
src.infrastructure.providers.mercado_data_provider | DEBUG | RTD: Detalhes completos registrados para B3SAW150 (Liquidez detectada)
src.infrastructure.providers.mercado_data_provider | DEBUG | RTD: Detalhes completos registrados para B3SAT249 (Liquidez detectada)
src.infrastructure.providers.mercado_data_provider | DEBUG | RTD: Detalhes completos registrados para BBSER321 (Liquidez detectada)
src.infrastructure.providers.mercado_data_provider | DEBUG | RTD: Detalhes completos registrados para AMZOR550 (Liquidez detectada)
src.infrastructure.providers.mercado_data_provider | DEBUG | RTD: Detalhes completos registrados para BBSES376 (Liquidez detectada)
src.infrastructure.providers.mercado_data_provider | DEBUG | RTD: Detalhes completos registrados para BBSEU386 (Liquidez detectada)
src.infrastructure.providers.mercado_data_provider | DEBUG | RTD: Detalhes completos registrados para B3SAT177 (Liquidez detectada)
src.infrastructure.providers.mercado_data_provider | DEBUG | RTD: Detalhes completos registrados para ANIMT20 (Liquidez detectada)
src.infrastructure.providers.mercado_data_provider | DEBUG | RTD: Detalhes completos registrados para ALUPS314 (Liquidez detectada)
src.infrastructure.providers.mercado_data_provider | DEBUG | RTD: Detalhes completos registrados para AXIAR755 (Liquidez detectada)
src.infrastructure.providers.mercado_data_provider | DEBUG | RTD: Detalhes completos registrados para ALUPS346 (Liquidez detectada)
src.infrastructure.providers.mercado_data_provider | DEBUG | RTD: Detalhes completos registrados para BEEFW691 (Liquidez detectada)
src.infrastructure.providers.mercado_data_provider | DEBUG | RTD: Detalhes completos registrados para ANIMR495 (Liquidez detectada)
src.infrastructure.providers.mercado_data_provider | DEBUG | RTD: Detalhes completos registrados para AUAUS410 (Liquidez detectada)
src.infrastructure.providers.mercado_data_provider | DEBUG | RTD: Detalhes completos registrados para AXIAW650 (Liquidez detectada)
src.infrastructure.providers.mercado_data_provider | DEBUG | RTD: Detalhes completos registrados para BBSER377 (Liquidez detectada)
src.infrastructure.providers.mercado_data_provider | DEBUG | RTD: Detalhes completos registrados para BHIAS620 (Liquidez detectada)
src.infrastructure.providers.mercado_data_provider | DEBUG | RTD: Detalhes completos registrados para ASAIR810 (Liquidez detectada)
src.infrastructure.providers.mercado_data_provider | DEBUG | RTD: Detalhes completos registrados para ABEVU188 (Liquidez detectada)
src.infrastructure.providers.mercado_data_provider | DEBUG | RTD: Detalhes completos registrados para ANIMS277 (Liquidez detectada)
src.infrastructure.providers.mercado_data_provider | DEBUG | RTD: Detalhes completos registrados para AXIAS605 (Liquidez detectada)
src.infrastructure.providers.mercado_data_provider | DEBUG | RTD: Detalhes completos registrados para AXIAR630 (Liquidez detectada)
src.infrastructure.providers.mercado_data_provider | DEBUG | RTD: Detalhes completos registrados para AXIAT454 (Liquidez detectada)
src.infrastructure.providers.mercado_data_provider | DEBUG | RTD: Detalhes completos registrados para B3SAT144 (Liquidez detectada)
src.infrastructure.providers.mercado_data_provider | DEBUG | RTD: Detalhes completos registrados para AXIAR665 (Liquidez detectada)
src.infrastructure.providers.mercado_data_provider | DEBUG | RTD: Detalhes completos registrados para BHIAV300 (Liquidez detectada)
src.infrastructure.providers.mercado_data_provider | DEBUG | RTD: Detalhes completos registrados para BOVVV161 (Liquidez detectada)
src.infrastructure.providers.mercado_data_provider | DEBUG | RTD: Detalhes completos registrados para B3SAU154 (Liquidez detectada)
src.infrastructure.providers.mercado_data_provider | DEBUG | RTD: Detalhes completos registrados para BEEFR466 (Liquidez detectada)
src.infrastructure.providers.mercado_data_provider | DEBUG | RTD: Detalhes completos registrados para AXIAR605 (Liquidez detectada)
src.infrastructure.providers.mercado_data_provider | DEBUG | RTD: Detalhes completos registrados para AXIAR496 (Liquidez detectada)
src.infrastructure.providers.mercado_data_provider | DEBUG | RTD: Detalhes completos registrados para AUAUR320 (Liquidez detectada)
src.infrastructure.providers.mercado_data_provider | DEBUG | RTD: Detalhes completos registrados para BEEFT701 (Liquidez detectada)
src.infrastructure.providers.mercado_data_provider | DEBUG | RTD: Detalhes completos registrados para BBSER431 (Liquidez detectada)
src.infrastructure.providers.mercado_data_provider | DEBUG | RTD: Detalhes completos registrados para ALOSS359 (Liquidez detectada)
src.infrastructure.providers.mercado_data_provider | DEBUG | RTD: Detalhes completos registrados para B3SAR182 (Liquidez detectada)
src.infrastructure.providers.mercado_data_provider | DEBUG | RTD: Detalhes completos registrados para B3SAU149 (Liquidez detectada)
src.infrastructure.providers.mercado_data_provider | DEBUG | RTD: Detalhes completos registrados para B3SAS156 (Liquidez detectada)
src.infrastructure.providers.mercado_data_provider | DEBUG | RTD: Detalhes completos registrados para ALUPT299 (Liquidez detectada)
src.infrastructure.providers.mercado_data_provider | DEBUG | RTD: Detalhes completos registrados para AZZAT220 (Liquidez detectada)
src.infrastructure.providers.mercado_data_provider | DEBUG | RTD: Detalhes completos registrados para AZZAS250 (Liquidez detectada)
src.infrastructure.providers.mercado_data_provider | DEBUG | RTD: Detalhes completos registrados para BOVAW195 (Liquidez detectada)
src.infrastructure.providers.mercado_data_provider | DEBUG | RTD: Detalhes completos registrados para ALPAS674 (Liquidez detectada)
src.infrastructure.providers.mercado_data_provider | DEBUG | RTD: Detalhes completos registrados para AURAW185 (Liquidez detectada)
src.infrastructure.providers.mercado_data_provider | DEBUG | RTD: Detalhes completos registrados para AXIAU505 (Liquidez detectada)
src.infrastructure.providers.mercado_data_provider | DEBUG | RTD: Detalhes completos registrados para ALOSW215 (Liquidez detectada)
src.infrastructure.providers.mercado_data_provider | DEBUG | RTD: Detalhes completos registrados para BEEFS524 (Liquidez detectada)
src.infrastructure.providers.mercado_data_provider | DEBUG | RTD: Detalhes completos registrados para ABEVS164 (Liquidez detectada)
src.infrastructure.providers.mercado_data_provider | DEBUG | RTD: Detalhes completos registrados para ALOSU324 (Liquidez detectada)
src.infrastructure.providers.mercado_data_provider | DEBUG | RTD: Detalhes completos registrados para BBSER280 (Liquidez detectada)
src.infrastructure.providers.mercado_data_provider | DEBUG | RTD: Detalhes completos registrados para ALUPR381 (Liquidez detectada)
src.infrastructure.providers.mercado_data_provider | DEBUG | RTD: Detalhes completos registrados para BMOBR234 (Liquidez detectada)
src.infrastructure.providers.mercado_data_provider | DEBUG | RTD: Detalhes completos registrados para AXIAR52 (Liquidez detectada)
src.infrastructure.providers.mercado_data_provider | DEBUG | RTD: Detalhes completos registrados para AZZAU165 (Liquidez detectada)
src.infrastructure.providers.mercado_data_provider | DEBUG | RTD: Detalhes completos registrados para ALUPR341 (Liquidez detectada)
src.infrastructure.providers.mercado_data_provider | DEBUG | RTD: Detalhes completos registrados para BBSES342 (Liquidez detectada)
src.infrastructure.providers.mercado_data_provider | DEBUG | RTD: Detalhes completos registrados para AXIAS69 (Liquidez detectada)
src.infrastructure.providers.mercado_data_provider | DEBUG | RTD: Detalhes completos registrados para ALUPR366 (Liquidez detectada)
src.infrastructure.providers.mercado_data_provider | DEBUG | RTD: Detalhes completos registrados para BHIAR340 (Liquidez detectada)
src.infrastructure.providers.mercado_data_provider | DEBUG | RTD: Detalhes completos registrados para ALOSR282 (Liquidez detectada)
src.infrastructure.providers.mercado_data_provider | DEBUG | RTD: Detalhes completos registrados para ALOSS254 (Liquidez detectada)
src.infrastructure.providers.mercado_data_provider | DEBUG | RTD: Detalhes completos registrados para ALOSR264 (Liquidez detectada)
src.infrastructure.providers.mercado_data_provider | DEBUG | RTD: Detalhes completos registrados para ALPAS115 (Liquidez detectada)
src.infrastructure.providers.mercado_data_provider | DEBUG | RTD: Detalhes completos registrados para AZZAW320 (Liquidez detectada)
src.infrastructure.providers.mercado_data_provider | DEBUG | RTD: Detalhes completos registrados para B3SAS226 (Liquidez detectada)
src.infrastructure.providers.mercado_data_provider | DEBUG | RTD: Detalhes completos registrados para AXIAR73 (Liquidez detectada)
src.infrastructure.providers.mercado_data_provider | DEBUG | RTD: Detalhes completos registrados para AXIAR75 (Liquidez detectada)
src.infrastructure.providers.mercado_data_provider | DEBUG | RTD: Detalhes completos registrados para B3SAV139 (Liquidez detectada)
src.infrastructure.providers.mercado_data_provider | DEBUG | RTD: Detalhes completos registrados para AXIAU53 (Liquidez detectada)
src.infrastructure.providers.mercado_data_provider | DEBUG | RTD: Detalhes completos registrados para AZZAU320 (Liquidez detectada)
src.infrastructure.providers.mercado_data_provider | DEBUG | RTD: Detalhes completos registrados para B3SAU137 (Liquidez detectada)
src.infrastructure.providers.mercado_data_provider | DEBUG | RTD: Detalhes completos registrados para BBSET416 (Liquidez detectada)
src.infrastructure.providers.mercado_data_provider | DEBUG | RTD: Detalhes completos registrados para BOVAS145 (Liquidez detectada)
src.infrastructure.providers.mercado_data_provider | DEBUG | RTD: Detalhes completos registrados para ALUPU288 (Liquidez detectada)
src.infrastructure.providers.mercado_data_provider | DEBUG | RTD: Detalhes completos registrados para AZZAU262 (Liquidez detectada)
src.infrastructure.providers.mercado_data_provider | DEBUG | RTD: Detalhes completos registrados para AXIAR770 (Liquidez detectada)
src.infrastructure.providers.mercado_data_provider | DEBUG | RTD: Detalhes completos registrados para BBSEU329 (Liquidez detectada)
src.infrastructure.providers.mercado_data_provider | DEBUG | RTD: Detalhes completos registrados para BBSER368 (Liquidez detectada)
src.infrastructure.providers.mercado_data_provider | DEBUG | RTD: Detalhes completos registrados para ALOSR24 (Liquidez detectada)
src.infrastructure.providers.mercado_data_provider | DEBUG | RTD: Detalhes completos registrados para AURET112 (Liquidez detectada)
src.infrastructure.providers.mercado_data_provider | DEBUG | RTD: Detalhes completos registrados para AXIAR51 (Liquidez detectada)
src.infrastructure.providers.mercado_data_provider | DEBUG | RTD: Detalhes completos registrados para B3SAU155 (Liquidez detectada)
src.infrastructure.providers.mercado_data_provider | DEBUG | RTD: Detalhes completos registrados para B3SAT162 (Liquidez detectada)
src.infrastructure.providers.mercado_data_provider | DEBUG | RTD: Detalhes completos registrados para BBSEU364 (Liquidez detectada)
src.infrastructure.providers.mercado_data_provider | DEBUG | RTD: Detalhes completos registrados para AZZAU202 (Liquidez detectada)
src.infrastructure.providers.mercado_data_provider | DEBUG | RTD: Detalhes completos registrados para ABEVT137 (Liquidez detectada)
src.infrastructure.providers.mercado_data_provider | DEBUG | RTD: Detalhes completos registrados para BEEFT415 (Liquidez detectada)
src.infrastructure.providers.mercado_data_provider | DEBUG | RTD: Detalhes completos registrados para B3SAT1 (Liquidez detectada)
src.infrastructure.providers.mercado_data_provider | DEBUG | RTD: Detalhes completos registrados para ALPAS954 (Liquidez detectada)
src.infrastructure.providers.mercado_data_provider | DEBUG | RTD: Detalhes completos registrados para BMGBS451 (Liquidez detectada)
src.infrastructure.providers.mercado_data_provider | DEBUG | RTD: Detalhes completos registrados para AXIAU735 (Liquidez detectada)
src.infrastructure.providers.mercado_data_provider | DEBUG | RTD: Detalhes completos registrados para AZZAS205 (Liquidez detectada)
src.infrastructure.providers.mercado_data_provider | DEBUG | RTD: Detalhes completos registrados para B3SAS169 (Liquidez detectada)
src.infrastructure.providers.mercado_data_provider | DEBUG | RTD: Detalhes completos registrados para AURES139 (Liquidez detectada)
src.infrastructure.providers.mercado_data_provider | DEBUG | RTD: Detalhes completos registrados para ASAIT980 (Liquidez detectada)
src.infrastructure.providers.mercado_data_provider | DEBUG | RTD: Detalhes completos registrados para B3SAR120 (Liquidez detectada)
src.infrastructure.providers.mercado_data_provider | DEBUG | RTD: Detalhes completos registrados para AXIAR525 (Liquidez detectada)
src.infrastructure.providers.mercado_data_provider | DEBUG | RTD: Detalhes completos registrados para BOVAT2 (Liquidez detectada)
src.infrastructure.providers.mercado_data_provider | DEBUG | RTD: Detalhes completos registrados para B3SAW182 (Liquidez detectada)
src.infrastructure.providers.mercado_data_provider | DEBUG | RTD: Detalhes completos registrados para BMOBS243 (Liquidez detectada)
src.infrastructure.providers.mercado_data_provider | DEBUG | RTD: Detalhes completos registrados para BBSET389 (Liquidez detectada)
src.infrastructure.providers.mercado_data_provider | DEBUG | RTD: Detalhes completos registrados para B3SAT189 (Liquidez detectada)
src.infrastructure.providers.mercado_data_provider | DEBUG | RTD: Detalhes completos registrados para AXIAR650 (Liquidez detectada)
src.infrastructure.providers.mercado_data_provider | DEBUG | RTD: Detalhes completos registrados para B3SAV14 (Liquidez detectada)
src.infrastructure.providers.mercado_data_provider | DEBUG | RTD: Detalhes completos registrados para BHIAS26 (Liquidez detectada)
src.infrastructure.providers.mercado_data_provider | DEBUG | RTD: Detalhes completos registrados para BHIAT80 (Liquidez detectada)
src.infrastructure.providers.mercado_data_provider | DEBUG | RTD: Detalhes completos registrados para AUAUS300 (Liquidez detectada)
src.infrastructure.providers.mercado_data_provider | DEBUG | RTD: Detalhes completos registrados para ABEVW120 (Liquidez detectada)
src.infrastructure.providers.mercado_data_provider | DEBUG | RTD: Detalhes completos registrados para AURAR136 (Liquidez detectada)
src.infrastructure.providers.mercado_data_provider | DEBUG | RTD: Detalhes completos registrados para BOVAT970 (Liquidez detectada)
src.infrastructure.providers.mercado_data_provider | DEBUG | RTD: Detalhes completos registrados para BEEFR676 (Liquidez detectada)
src.infrastructure.providers.mercado_data_provider | DEBUG | RTD: Detalhes completos registrados para AXIAT565 (Liquidez detectada)
src.infrastructure.providers.mercado_data_provider | DEBUG | RTD: Detalhes completos registrados para AXIAR63 (Liquidez detectada)
src.infrastructure.providers.mercado_data_provider | DEBUG | RTD: Detalhes completos registrados para BBSET361 (Liquidez detectada)
src.infrastructure.providers.mercado_data_provider | DEBUG | RTD: Detalhes completos registrados para AXIAR670 (Liquidez detectada)
src.infrastructure.providers.mercado_data_provider | DEBUG | RTD: Detalhes completos registrados para B3SAW217 (Liquidez detectada)
src.infrastructure.providers.mercado_data_provider | DEBUG | RTD: Detalhes completos registrados para AXIAR604 (Liquidez detectada)
src.infrastructure.providers.mercado_data_provider | DEBUG | RTD: Detalhes completos registrados para ALOSS204 (Liquidez detectada)
src.infrastructure.providers.mercado_data_provider | DEBUG | RTD: Detalhes completos registrados para AZZAR225 (Liquidez detectada)
src.infrastructure.providers.mercado_data_provider | DEBUG | RTD: Detalhes completos registrados para AXIAR72 (Liquidez detectada)
src.infrastructure.providers.mercado_data_provider | DEBUG | RTD: Detalhes completos registrados para BBSEU361 (Liquidez detectada)
src.infrastructure.providers.mercado_data_provider | DEBUG | RTD: Detalhes completos registrados para AXIAS52 (Liquidez detectada)
src.infrastructure.providers.mercado_data_provider | DEBUG | RTD: Detalhes completos registrados para AXIAR59 (Liquidez detectada)
src.infrastructure.providers.mercado_data_provider | DEBUG | RTD: Detalhes completos registrados para AUAUR325 (Liquidez detectada)
src.infrastructure.providers.mercado_data_provider | DEBUG | RTD: Detalhes completos registrados para AXIAW610 (Liquidez detectada)
src.infrastructure.providers.mercado_data_provider | DEBUG | RTD: Detalhes completos registrados para ABCBW20 (Liquidez detectada)
src.infrastructure.providers.mercado_data_provider | DEBUG | RTD: Detalhes completos registrados para BHIAR490 (Liquidez detectada)
src.infrastructure.providers.mercado_data_provider | DEBUG | RTD: Detalhes completos registrados para ALOSR276 (Liquidez detectada)
src.infrastructure.providers.mercado_data_provider | DEBUG | RTD: Detalhes completos registrados para BOVAV230 (Liquidez detectada)
src.infrastructure.providers.mercado_data_provider | DEBUG | RTD: Detalhes completos registrados para BBSER323 (Liquidez detectada)
src.infrastructure.providers.mercado_data_provider | DEBUG | RTD: Detalhes completos registrados para AXIAR417 (Liquidez detectada)
src.infrastructure.providers.mercado_data_provider | DEBUG | RTD: Detalhes completos registrados para BMGBR500 (Liquidez detectada)
src.infrastructure.providers.mercado_data_provider | DEBUG | RTD: Detalhes completos registrados para AZZAV200 (Liquidez detectada)
src.infrastructure.providers.mercado_data_provider | DEBUG | RTD: Detalhes completos registrados para ALOSR303 (Liquidez detectada)
src.infrastructure.providers.mercado_data_provider | DEBUG | RTD: Detalhes completos registrados para BBSET380 (Liquidez detectada)
src.infrastructure.providers.mercado_data_provider | DEBUG | RTD: Detalhes completos registrados para BHIAR460 (Liquidez detectada)
src.infrastructure.providers.mercado_data_provider | DEBUG | RTD: Detalhes completos registrados para B3SAS143 (Liquidez detectada)
src.infrastructure.providers.mercado_data_provider | DEBUG | RTD: Detalhes completos registrados para BOVAT181 (Liquidez detectada)
src.infrastructure.providers.mercado_data_provider | DEBUG | RTD: Detalhes completos registrados para BHIAS20 (Liquidez detectada)
src.infrastructure.providers.mercado_data_provider | DEBUG | RTD: Detalhes completos registrados para ANIMR405 (Liquidez detectada)
src.infrastructure.providers.mercado_data_provider | DEBUG | RTD: Detalhes completos registrados para AXIAR500 (Liquidez detectada)
src.infrastructure.providers.mercado_data_provider | DEBUG | RTD: Detalhes completos registrados para ALOSR286 (Liquidez detectada)
src.infrastructure.providers.mercado_data_provider | DEBUG | RTD: Detalhes completos registrados para BEEFS476 (Liquidez detectada)
src.infrastructure.providers.mercado_data_provider | DEBUG | RTD: Detalhes completos registrados para BHIAR500 (Liquidez detectada)
src.infrastructure.providers.mercado_data_provider | DEBUG | RTD: Detalhes completos registrados para AUAUS305 (Liquidez detectada)
src.infrastructure.providers.mercado_data_provider | DEBUG | RTD: Detalhes completos registrados para AURER142 (Liquidez detectada)
src.infrastructure.providers.mercado_data_provider | DEBUG | RTD: Detalhes completos registrados para AXIAR515 (Liquidez detectada)
src.infrastructure.providers.mercado_data_provider | DEBUG | RTD: Detalhes completos registrados para AURAR171 (Liquidez detectada)
src.infrastructure.providers.mercado_data_provider | DEBUG | RTD: Detalhes completos registrados para ANIMS317 (Liquidez detectada)
src.infrastructure.providers.mercado_data_provider | DEBUG | RTD: Detalhes completos registrados para B3SAR122 (Liquidez detectada)
src.infrastructure.providers.mercado_data_provider | DEBUG | RTD: Detalhes completos registrados para BBSER358 (Liquidez detectada)
src.infrastructure.providers.mercado_data_provider | DEBUG | RTD: Detalhes completos registrados para ALOSW284 (Liquidez detectada)
src.infrastructure.providers.mercado_data_provider | DEBUG | RTD: Detalhes completos registrados para AXIAU51 (Liquidez detectada)
src.infrastructure.providers.mercado_data_provider | DEBUG | RTD: Detalhes completos registrados para AXIAR490 (Liquidez detectada)
src.infrastructure.providers.mercado_data_provider | DEBUG | RTD: Detalhes completos registrados para AZZAS172 (Liquidez detectada)
src.infrastructure.providers.mercado_data_provider | DEBUG | RTD: Detalhes completos registrados para AXIAU700 (Liquidez detectada)
src.infrastructure.providers.mercado_data_provider | DEBUG | RTD: Detalhes completos registrados para AZZAR295 (Liquidez detectada)
src.infrastructure.providers.mercado_data_provider | DEBUG | RTD: Detalhes completos registrados para AXIAV625 (Liquidez detectada)
src.infrastructure.providers.mercado_data_provider | DEBUG | RTD: Detalhes completos registrados para AGROS177 (Liquidez detectada)
src.infrastructure.providers.mercado_data_provider | DEBUG | RTD: Detalhes completos registrados para AXIAW56 (Liquidez detectada)
src.infrastructure.providers.mercado_data_provider | DEBUG | RTD: Detalhes completos registrados para BOVAS210 (Liquidez detectada)
src.infrastructure.providers.mercado_data_provider | DEBUG | RTD: Detalhes completos registrados para AXIAT605 (Liquidez detectada)
src.infrastructure.providers.mercado_data_provider | DEBUG | RTD: Detalhes completos registrados para BEEFR533 (Liquidez detectada)
src.infrastructure.providers.mercado_data_provider | DEBUG | RTD: Detalhes completos registrados para AURAW198 (Liquidez detectada)
src.infrastructure.providers.mercado_data_provider | DEBUG | RTD: Detalhes completos registrados para ABEVT177 (Liquidez detectada)
src.infrastructure.providers.mercado_data_provider | DEBUG | RTD: Detalhes completos registrados para B3SAR247 (Liquidez detectada)
src.infrastructure.providers.mercado_data_provider | DEBUG | RTD: Detalhes completos registrados para ANIMR445 (Liquidez detectada)
src.infrastructure.providers.mercado_data_provider | DEBUG | RTD: Detalhes completos registrados para BLAUR983 (Liquidez detectada)
src.infrastructure.providers.mercado_data_provider | DEBUG | RTD: Detalhes completos registrados para AUAUS320 (Liquidez detectada)
src.infrastructure.providers.mercado_data_provider | DEBUG | RTD: Detalhes completos registrados para AURES146 (Liquidez detectada)
src.infrastructure.providers.mercado_data_provider | DEBUG | RTD: Detalhes completos registrados para ABEVS15 (Liquidez detectada)
src.infrastructure.providers.mercado_data_provider | DEBUG | RTD: Detalhes completos registrados para AXIAU862 (Liquidez detectada)
src.infrastructure.providers.mercado_data_provider | DEBUG | RTD: Detalhes completos registrados para ALPAS155 (Liquidez detectada)
src.infrastructure.providers.mercado_data_provider | DEBUG | RTD: Detalhes completos registrados para AZZAS167 (Liquidez detectada)
src.infrastructure.providers.mercado_data_provider | DEBUG | RTD: Detalhes completos registrados para AXIAS240 (Liquidez detectada)
src.infrastructure.providers.mercado_data_provider | DEBUG | RTD: Detalhes completos registrados para BBSEV351 (Liquidez detectada)
src.infrastructure.providers.mercado_data_provider | DEBUG | RTD: Detalhes completos registrados para ALOST271 (Liquidez detectada)
src.infrastructure.providers.mercado_data_provider | DEBUG | RTD: Detalhes completos registrados para BHIAS190 (Liquidez detectada)
src.infrastructure.providers.mercado_data_provider | DEBUG | RTD: Detalhes completos registrados para AZZAR282 (Liquidez detectada)
src.infrastructure.providers.mercado_data_provider | DEBUG | RTD: Detalhes completos registrados para B3SAU172 (Liquidez detectada)
src.infrastructure.providers.mercado_data_provider | DEBUG | RTD: Detalhes completos registrados para BBSES351 (Liquidez detectada)
src.infrastructure.providers.mercado_data_provider | DEBUG | RTD: Detalhes completos registrados para AUAUS340 (Liquidez detectada)
src.infrastructure.providers.mercado_data_provider | DEBUG | RTD: Detalhes completos registrados para B3SAR257 (Liquidez detectada)
src.infrastructure.providers.mercado_data_provider | DEBUG | RTD: Detalhes completos registrados para B3SAR112 (Liquidez detectada)
src.infrastructure.providers.mercado_data_provider | DEBUG | RTD: Detalhes completos registrados para B3SAR220 (Liquidez detectada)
src.infrastructure.providers.mercado_data_provider | DEBUG | RTD: Detalhes completos registrados para AXIAR735 (Liquidez detectada)
src.infrastructure.providers.mercado_data_provider | DEBUG | RTD: Detalhes completos registrados para ABEVW209 (Liquidez detectada)
src.infrastructure.providers.mercado_data_provider | DEBUG | RTD: Detalhes completos registrados para ASAIS950 (Liquidez detectada)
src.infrastructure.providers.mercado_data_provider | DEBUG | RTD: Detalhes completos registrados para BMGBS501 (Liquidez detectada)
src.infrastructure.providers.mercado_data_provider | DEBUG | RTD: Detalhes completos registrados para BEEFS306 (Liquidez detectada)
src.infrastructure.providers.mercado_data_provider | DEBUG | RTD: Detalhes completos registrados para BHIAV330 (Liquidez detectada)
src.infrastructure.providers.mercado_data_provider | DEBUG | RTD: Detalhes completos registrados para AXIAT695 (Liquidez detectada)
src.infrastructure.providers.mercado_data_provider | DEBUG | RTD: Detalhes completos registrados para AXIAR476 (Liquidez detectada)
src.infrastructure.providers.mercado_data_provider | DEBUG | RTD: Detalhes completos registrados para AXIAT49 (Liquidez detectada)
src.infrastructure.providers.mercado_data_provider | DEBUG | RTD: Detalhes completos registrados para AGROV20 (Liquidez detectada)
src.infrastructure.providers.mercado_data_provider | DEBUG | RTD: Detalhes completos registrados para BMGBS581 (Liquidez detectada)
src.infrastructure.providers.mercado_data_provider | DEBUG | RTD: Detalhes completos registrados para BMGBR575 (Liquidez detectada)
src.infrastructure.providers.mercado_data_provider | DEBUG | RTD: Detalhes completos registrados para BEEFR341 (Liquidez detectada)
src.infrastructure.providers.mercado_data_provider | DEBUG | RTD: Detalhes completos registrados para AUAUU340 (Liquidez detectada)
src.infrastructure.providers.mercado_data_provider | DEBUG | RTD: Detalhes completos registrados para ALPAR110 (Liquidez detectada)
src.infrastructure.providers.mercado_data_provider | DEBUG | RTD: Detalhes completos registrados para BOVAR390 (Liquidez detectada)
src.infrastructure.providers.mercado_data_provider | DEBUG | RTD: Detalhes completos registrados para ALPAR167 (Liquidez detectada)
src.infrastructure.providers.mercado_data_provider | DEBUG | RTD: Detalhes completos registrados para BEEFS441 (Liquidez detectada)
src.infrastructure.providers.mercado_data_provider | DEBUG | RTD: Detalhes completos registrados para B3SAS204 (Liquidez detectada)
src.infrastructure.providers.mercado_data_provider | DEBUG | RTD: Detalhes completos registrados para AXIAR481 (Liquidez detectada)
src.infrastructure.providers.mercado_data_provider | DEBUG | RTD: Detalhes completos registrados para BBSET341 (Liquidez detectada)
src.infrastructure.providers.mercado_data_provider | DEBUG | RTD: Detalhes completos registrados para BOVAW37 (Liquidez detectada)
src.infrastructure.providers.mercado_data_provider | DEBUG | RTD: Detalhes completos registrados para ASAIR117 (Liquidez detectada)
src.infrastructure.providers.mercado_data_provider | DEBUG | RTD: Detalhes completos registrados para BEEFW501 (Liquidez detectada)
src.infrastructure.providers.mercado_data_provider | DEBUG | RTD: Detalhes completos registrados para AXIAT535 (Liquidez detectada)
src.infrastructure.providers.mercado_data_provider | DEBUG | RTD: Detalhes completos registrados para ALOST232 (Liquidez detectada)
src.infrastructure.providers.mercado_data_provider | DEBUG | RTD: Detalhes completos registrados para B3SAR322 (Liquidez detectada)
src.infrastructure.providers.mercado_data_provider | DEBUG | RTD: Detalhes completos registrados para ALOSR347 (Liquidez detectada)
src.infrastructure.providers.mercado_data_provider | DEBUG | RTD: Detalhes completos registrados para BBSES334 (Liquidez detectada)
src.infrastructure.providers.mercado_data_provider | DEBUG | RTD: Detalhes completos registrados para AXIAU485 (Liquidez detectada)
src.infrastructure.providers.mercado_data_provider | DEBUG | RTD: Detalhes completos registrados para B3SAR225 (Liquidez detectada)
src.infrastructure.providers.mercado_data_provider | DEBUG | RTD: Detalhes completos registrados para ALOSR289 (Liquidez detectada)
src.infrastructure.providers.mercado_data_provider | DEBUG | RTD: Detalhes completos registrados para B3SAW311 (Liquidez detectada)
src.infrastructure.providers.mercado_data_provider | DEBUG | RTD: Detalhes completos registrados para AURAW147 (Liquidez detectada)
src.infrastructure.providers.mercado_data_provider | DEBUG | RTD: Detalhes completos registrados para BABAR676 (Liquidez detectada)
src.infrastructure.providers.mercado_data_provider | DEBUG | RTD: Detalhes completos registrados para BEEFR566 (Liquidez detectada)
src.infrastructure.providers.mercado_data_provider | DEBUG | RTD: Detalhes completos registrados para AUAUS390 (Liquidez detectada)
src.infrastructure.providers.mercado_data_provider | DEBUG | RTD: Detalhes completos registrados para ASAIR840 (Liquidez detectada)
src.infrastructure.providers.mercado_data_provider | DEBUG | RTD: Detalhes completos registrados para AXIAT665 (Liquidez detectada)
src.infrastructure.providers.mercado_data_provider | DEBUG | RTD: Detalhes completos registrados para AXIAS462 (Liquidez detectada)
src.infrastructure.providers.mercado_data_provider | DEBUG | RTD: Detalhes completos registrados para BBSER410 (Liquidez detectada)
src.infrastructure.providers.mercado_data_provider | DEBUG | RTD: Detalhes completos registrados para ABEVW184 (Liquidez detectada)
src.infrastructure.providers.mercado_data_provider | DEBUG | RTD: Detalhes completos registrados para B3SAU184 (Liquidez detectada)
src.infrastructure.providers.mercado_data_provider | DEBUG | RTD: Detalhes completos registrados para ALOSU329 (Liquidez detectada)
src.infrastructure.providers.mercado_data_provider | DEBUG | RTD: Detalhes completos registrados para AURAR126 (Liquidez detectada)
src.infrastructure.providers.mercado_data_provider | DEBUG | RTD: Detalhes completos registrados para ALOSS242 (Liquidez detectada)
src.infrastructure.providers.mercado_data_provider | DEBUG | RTD: Detalhes completos registrados para AZZAU323 (Liquidez detectada)
src.infrastructure.providers.mercado_data_provider | DEBUG | RTD: Detalhes completos registrados para ALOSR273 (Liquidez detectada)
src.infrastructure.providers.mercado_data_provider | DEBUG | RTD: Detalhes completos registrados para AZZAS275 (Liquidez detectada)
src.infrastructure.providers.mercado_data_provider | DEBUG | RTD: Detalhes completos registrados para AXIAR461 (Liquidez detectada)
src.infrastructure.providers.mercado_data_provider | DEBUG | RTD: Detalhes completos registrados para B3SAS216 (Liquidez detectada)
src.infrastructure.providers.mercado_data_provider | DEBUG | RTD: Detalhes completos registrados para ASAIT780 (Liquidez detectada)
src.infrastructure.providers.mercado_data_provider | DEBUG | RTD: Detalhes completos registrados para AXIAT100 (Liquidez detectada)
src.infrastructure.providers.mercado_data_provider | DEBUG | RTD: Detalhes completos registrados para BBSES364 (Liquidez detectada)
src.infrastructure.providers.mercado_data_provider | DEBUG | RTD: Detalhes completos registrados para AURER137 (Liquidez detectada)
src.infrastructure.providers.mercado_data_provider | DEBUG | RTD: Detalhes completos registrados para B3SAR131 (Liquidez detectada)
src.infrastructure.providers.mercado_data_provider | DEBUG | RTD: Detalhes completos registrados para B3SAR160 (Liquidez detectada)
src.infrastructure.providers.mercado_data_provider | DEBUG | RTD: Detalhes completos registrados para BBSET281 (Liquidez detectada)
src.infrastructure.providers.mercado_data_provider | DEBUG | RTD: Detalhes completos registrados para ABEVT12 (Liquidez detectada)
src.infrastructure.providers.mercado_data_provider | DEBUG | RTD: Detalhes completos registrados para BHIAR190 (Liquidez detectada)
src.infrastructure.providers.mercado_data_provider | DEBUG | RTD: Detalhes completos registrados para AZZAS185 (Liquidez detectada)
src.infrastructure.providers.mercado_data_provider | DEBUG | RTD: Detalhes completos registrados para ANIMR335 (Liquidez detectada)
src.infrastructure.providers.mercado_data_provider | DEBUG | RTD: Detalhes completos registrados para AUAUR380 (Liquidez detectada)
src.infrastructure.providers.mercado_data_provider | DEBUG | RTD: Detalhes completos registrados para AXIAS450 (Liquidez detectada)
src.infrastructure.providers.mercado_data_provider | DEBUG | RTD: Detalhes completos registrados para B3SAS198 (Liquidez detectada)
src.infrastructure.providers.mercado_data_provider | DEBUG | RTD: Detalhes completos registrados para AXIAT46 (Liquidez detectada)
src.infrastructure.providers.mercado_data_provider | DEBUG | RTD: Detalhes completos registrados para ABEVT182 (Liquidez detectada)
src.infrastructure.providers.mercado_data_provider | DEBUG | RTD: Detalhes completos registrados para AURAS106 (Liquidez detectada)
src.infrastructure.providers.mercado_data_provider | DEBUG | RTD: Detalhes completos registrados para AXIAR451 (Liquidez detectada)
src.infrastructure.providers.mercado_data_provider | DEBUG | RTD: Detalhes completos registrados para BHIAU30 (Liquidez detectada)
src.infrastructure.providers.mercado_data_provider | DEBUG | RTD: Detalhes completos registrados para BOVAR135 (Liquidez detectada)
src.infrastructure.providers.mercado_data_provider | DEBUG | RTD: Detalhes completos registrados para ABEVU118 (Liquidez detectada)
src.infrastructure.providers.mercado_data_provider | DEBUG | RTD: Detalhes completos registrados para ASAIT110 (Liquidez detectada)
src.infrastructure.providers.mercado_data_provider | DEBUG | RTD: Detalhes completos registrados para AZZAW140 (Liquidez detectada)
src.infrastructure.providers.mercado_data_provider | DEBUG | RTD: Detalhes completos registrados para AXIAR584 (Liquidez detectada)
src.infrastructure.providers.mercado_data_provider | DEBUG | RTD: Detalhes completos registrados para BEEFR381 (Liquidez detectada)
src.infrastructure.providers.mercado_data_provider | DEBUG | RTD: Detalhes completos registrados para B3SAT178 (Liquidez detectada)
src.infrastructure.providers.mercado_data_provider | DEBUG | RTD: Detalhes completos registrados para BERKR127 (Liquidez detectada)
src.infrastructure.providers.mercado_data_provider | DEBUG | RTD: Detalhes completos registrados para ASAIT650 (Liquidez detectada)
src.infrastructure.providers.mercado_data_provider | DEBUG | RTD: Detalhes completos registrados para BHIAS700 (Liquidez detectada)
src.infrastructure.providers.mercado_data_provider | DEBUG | RTD: Detalhes completos registrados para BHIAT280 (Liquidez detectada)
src.infrastructure.providers.mercado_data_provider | DEBUG | RTD: Detalhes completos registrados para AUAUW430 (Liquidez detectada)
src.infrastructure.providers.mercado_data_provider | DEBUG | RTD: Detalhes completos registrados para BEEFS454 (Liquidez detectada)
src.infrastructure.providers.mercado_data_provider | DEBUG | RTD: Detalhes completos registrados para B3SAR245 (Liquidez detectada)
src.infrastructure.providers.mercado_data_provider | DEBUG | RTD: Detalhes completos registrados para BEEFW601 (Liquidez detectada)
src.infrastructure.providers.mercado_data_provider | DEBUG | RTD: Detalhes completos registrados para AUAUU385 (Liquidez detectada)
src.infrastructure.providers.mercado_data_provider | DEBUG | RTD: Detalhes completos registrados para BBSES371 (Liquidez detectada)
src.infrastructure.providers.mercado_data_provider | DEBUG | RTD: Detalhes completos registrados para BEEFT395 (Liquidez detectada)
src.infrastructure.providers.mercado_data_provider | DEBUG | RTD: Detalhes completos registrados para B3SAW134 (Liquidez detectada)
src.infrastructure.providers.mercado_data_provider | DEBUG | RTD: Detalhes completos registrados para B3SAU274 (Liquidez detectada)
src.infrastructure.providers.mercado_data_provider | DEBUG | RTD: Detalhes completos registrados para AXIAW530 (Liquidez detectada)
src.infrastructure.providers.mercado_data_provider | DEBUG | RTD: Detalhes completos registrados para AXIAS504 (Liquidez detectada)
src.infrastructure.providers.mercado_data_provider | DEBUG | RTD: Detalhes completos registrados para ALUPS319 (Liquidez detectada)
src.infrastructure.providers.mercado_data_provider | DEBUG | RTD: Detalhes completos registrados para B3SAW177 (Liquidez detectada)
src.infrastructure.providers.mercado_data_provider | DEBUG | RTD: Detalhes completos registrados para BBSER333 (Liquidez detectada)
src.infrastructure.providers.mercado_data_provider | DEBUG | RTD: Detalhes completos registrados para BOVAU145 (Liquidez detectada)
src.infrastructure.providers.mercado_data_provider | DEBUG | RTD: Detalhes completos registrados para B3SAU292 (Liquidez detectada)
src.infrastructure.providers.mercado_data_provider | DEBUG | RTD: Detalhes completos registrados para AXIAV52 (Liquidez detectada)
src.infrastructure.providers.mercado_data_provider | DEBUG | RTD: Detalhes completos registrados para AGROR237 (Liquidez detectada)
src.infrastructure.providers.mercado_data_provider | DEBUG | RTD: Detalhes completos registrados para BOVAU127 (Liquidez detectada)
src.infrastructure.providers.mercado_data_provider | DEBUG | RTD: Detalhes completos registrados para AXIAR635 (Liquidez detectada)
src.infrastructure.providers.mercado_data_provider | DEBUG | RTD: Detalhes completos registrados para BBSEU366 (Liquidez detectada)
src.infrastructure.providers.mercado_data_provider | DEBUG | RTD: Detalhes completos registrados para AXIAR705 (Liquidez detectada)
src.infrastructure.providers.mercado_data_provider | DEBUG | RTD: Detalhes completos registrados para AXIAT430 (Liquidez detectada)
src.infrastructure.providers.mercado_data_provider | DEBUG | RTD: Detalhes completos registrados para AXIAR440 (Liquidez detectada)
src.infrastructure.providers.mercado_data_provider | DEBUG | RTD: Detalhes completos registrados para BHIAR325 (Liquidez detectada)
src.infrastructure.providers.mercado_data_provider | DEBUG | RTD: Detalhes completos registrados para BBSEW295 (Liquidez detectada)
src.infrastructure.providers.mercado_data_provider | DEBUG | RTD: Detalhes completos registrados para BEEFR586 (Liquidez detectada)
src.infrastructure.providers.mercado_data_provider | DEBUG | RTD: Detalhes completos registrados para B3SAR305 (Liquidez detectada)
src.infrastructure.providers.mercado_data_provider | DEBUG | RTD: Detalhes completos registrados para ANIMS380 (Liquidez detectada)
src.infrastructure.providers.mercado_data_provider | DEBUG | RTD: Detalhes completos registrados para AXIAR640 (Liquidez detectada)
src.infrastructure.providers.mercado_data_provider | DEBUG | RTD: Detalhes completos registrados para ABCBR245 (Liquidez detectada)
src.infrastructure.providers.mercado_data_provider | DEBUG | RTD: Detalhes completos registrados para ASAIS650 (Liquidez detectada)
src.infrastructure.providers.mercado_data_provider | DEBUG | RTD: Detalhes completos registrados para ASAIS102 (Liquidez detectada)
src.infrastructure.providers.mercado_data_provider | DEBUG | RTD: Detalhes completos registrados para BEEFS654 (Liquidez detectada)
src.infrastructure.providers.mercado_data_provider | DEBUG | RTD: Detalhes completos registrados para BHIAR10 (Liquidez detectada)
src.infrastructure.providers.mercado_data_provider | DEBUG | RTD: Detalhes completos registrados para AZZAR147 (Liquidez detectada)
src.infrastructure.providers.mercado_data_provider | DEBUG | RTD: Detalhes completos registrados para BEEFT901 (Liquidez detectada)
src.infrastructure.providers.mercado_data_provider | DEBUG | RTD: Detalhes completos registrados para AZZAR292 (Liquidez detectada)
src.infrastructure.providers.mercado_data_provider | DEBUG | RTD: Detalhes completos registrados para BHIAS28 (Liquidez detectada)
src.infrastructure.providers.mercado_data_provider | DEBUG | RTD: Detalhes completos registrados para ALPAR115 (Liquidez detectada)
src.infrastructure.providers.mercado_data_provider | DEBUG | RTD: Detalhes completos registrados para AZZAS207 (Liquidez detectada)
src.infrastructure.providers.mercado_data_provider | DEBUG | RTD: Detalhes completos registrados para ALUPR331 (Liquidez detectada)
src.infrastructure.providers.mercado_data_provider | DEBUG | RTD: Detalhes completos registrados para AXIAR66 (Liquidez detectada)
src.infrastructure.providers.mercado_data_provider | DEBUG | RTD: Detalhes completos registrados para B3SAW895 (Liquidez detectada)
src.infrastructure.providers.mercado_data_provider | DEBUG | RTD: Detalhes completos registrados para B3SAR200 (Liquidez detectada)
src.infrastructure.providers.mercado_data_provider | INFO | Varredura (Fast): 15559 monitored, 244 with book in 6.58s
src.infrastructure.providers.mercado_data_provider | INFO | RTD: Lote Onda 1 16000/44976 (Registros: 1932) em 8.21s.
src.infrastructure.providers.mercado_data_provider | DEBUG | RTD: Detalhes completos registrados para ALPAS744 (Liquidez detectada)
src.infrastructure.providers.mercado_data_provider | DEBUG | RTD: Detalhes completos registrados para BHIAS400 (Liquidez detectada)
src.infrastructure.providers.mercado_data_provider | DEBUG | RTD: Detalhes completos registrados para BBSET381 (Liquidez detectada)
src.infrastructure.providers.mercado_data_provider | DEBUG | RTD: Detalhes completos registrados para ASAIR102 (Liquidez detectada)
src.infrastructure.providers.mercado_data_provider | DEBUG | RTD: Detalhes completos registrados para BMOBR289 (Liquidez detectada)
src.infrastructure.providers.mercado_data_provider | DEBUG | RTD: Detalhes completos registrados para BMGBU572 (Liquidez detectada)
src.infrastructure.providers.mercado_data_provider | DEBUG | RTD: Detalhes completos registrados para ALPAT130 (Liquidez detectada)
src.infrastructure.providers.mercado_data_provider | DEBUG | RTD: Detalhes completos registrados para AXIAS489 (Liquidez detectada)
src.infrastructure.providers.mercado_data_provider | DEBUG | RTD: Detalhes completos registrados para AXIAW620 (Liquidez detectada)
src.infrastructure.providers.mercado_data_provider | DEBUG | RTD: Detalhes completos registrados para BEEFR456 (Liquidez detectada)
src.infrastructure.providers.mercado_data_provider | DEBUG | RTD: Detalhes completos registrados para AXIAU490 (Liquidez detectada)
src.infrastructure.providers.mercado_data_provider | DEBUG | RTD: Detalhes completos registrados para AUAUS275 (Liquidez detectada)
src.infrastructure.providers.mercado_data_provider | DEBUG | RTD: Detalhes completos registrados para BBSER346 (Liquidez detectada)
src.infrastructure.providers.mercado_data_provider | DEBUG | RTD: Detalhes completos registrados para BEEFV429 (Liquidez detectada)
src.infrastructure.providers.mercado_data_provider | DEBUG | RTD: Detalhes completos registrados para BEEFS604 (Liquidez detectada)
src.infrastructure.providers.mercado_data_provider | DEBUG | RTD: Detalhes completos registrados para AXIAW54 (Liquidez detectada)
src.infrastructure.providers.mercado_data_provider | DEBUG | RTD: Detalhes completos registrados para B3SAR185 (Liquidez detectada)
src.infrastructure.providers.mercado_data_provider | DEBUG | RTD: Detalhes completos registrados para ALPAS724 (Liquidez detectada)
src.infrastructure.providers.mercado_data_provider | DEBUG | RTD: Detalhes completos registrados para ALPAS884 (Liquidez detectada)
src.infrastructure.providers.mercado_data_provider | DEBUG | RTD: Detalhes completos registrados para BHIAR260 (Liquidez detectada)
src.infrastructure.providers.mercado_data_provider | DEBUG | RTD: Detalhes completos registrados para ALOSW312 (Liquidez detectada)
src.infrastructure.providers.mercado_data_provider | DEBUG | RTD: Detalhes completos registrados para AXIAS447 (Liquidez detectada)
src.infrastructure.providers.mercado_data_provider | DEBUG | RTD: Detalhes completos registrados para BBSET426 (Liquidez detectada)
src.infrastructure.providers.mercado_data_provider | DEBUG | RTD: Detalhes completos registrados para AURAV740 (Liquidez detectada)
src.infrastructure.providers.mercado_data_provider | DEBUG | RTD: Detalhes completos registrados para AXIAS464 (Liquidez detectada)
src.infrastructure.providers.mercado_data_provider | DEBUG | RTD: Detalhes completos registrados para AXIAR46 (Liquidez detectada)
src.infrastructure.providers.mercado_data_provider | DEBUG | RTD: Detalhes completos registrados para AZZAW800 (Liquidez detectada)
src.infrastructure.providers.mercado_data_provider | DEBUG | RTD: Detalhes completos registrados para BBSER303 (Liquidez detectada)
src.infrastructure.providers.mercado_data_provider | DEBUG | RTD: Detalhes completos registrados para ALPAU60 (Liquidez detectada)
src.infrastructure.providers.mercado_data_provider | DEBUG | RTD: Detalhes completos registrados para ALOSR225 (Liquidez detectada)
src.infrastructure.providers.mercado_data_provider | DEBUG | RTD: Detalhes completos registrados para BMOBR244 (Liquidez detectada)
src.infrastructure.providers.mercado_data_provider | DEBUG | RTD: Detalhes completos registrados para AZZAS127 (Liquidez detectada)
src.infrastructure.providers.mercado_data_provider | DEBUG | RTD: Detalhes completos registrados para BOVAT8 (Liquidez detectada)
src.infrastructure.providers.mercado_data_provider | DEBUG | RTD: Detalhes completos registrados para BBSER381 (Liquidez detectada)
src.infrastructure.providers.mercado_data_provider | DEBUG | RTD: Detalhes completos registrados para AURER80 (Liquidez detectada)
src.infrastructure.providers.mercado_data_provider | DEBUG | RTD: Detalhes completos registrados para AXIAT48 (Liquidez detectada)
src.infrastructure.providers.mercado_data_provider | DEBUG | RTD: Detalhes completos registrados para BHIAR70 (Liquidez detectada)
src.infrastructure.providers.mercado_data_provider | DEBUG | RTD: Detalhes completos registrados para ALOSS352 (Liquidez detectada)
src.infrastructure.providers.mercado_data_provider | DEBUG | RTD: Detalhes completos registrados para AXIAS63 (Liquidez detectada)
src.infrastructure.providers.mercado_data_provider | DEBUG | RTD: Detalhes completos registrados para BMGBS481 (Liquidez detectada)
src.infrastructure.providers.mercado_data_provider | DEBUG | RTD: Detalhes completos registrados para BOVAT128 (Liquidez detectada)
src.infrastructure.providers.mercado_data_provider | DEBUG | RTD: Detalhes completos registrados para BEEFR371 (Liquidez detectada)
src.infrastructure.providers.mercado_data_provider | DEBUG | RTD: Detalhes completos registrados para ASAIR920 (Liquidez detectada)
src.infrastructure.providers.mercado_data_provider | DEBUG | RTD: Detalhes completos registrados para AXIAS765 (Liquidez detectada)
src.infrastructure.providers.mercado_data_provider | DEBUG | RTD: Detalhes completos registrados para AURER132 (Liquidez detectada)
src.infrastructure.providers.mercado_data_provider | DEBUG | RTD: Detalhes completos registrados para BMGBS541 (Liquidez detectada)
src.infrastructure.providers.mercado_data_provider | DEBUG | RTD: Detalhes completos registrados para AXIAR67 (Liquidez detectada)
src.infrastructure.providers.mercado_data_provider | DEBUG | RTD: Detalhes completos registrados para BOVAR855 (Liquidez detectada)
src.infrastructure.providers.mercado_data_provider | DEBUG | RTD: Detalhes completos registrados para AXIAR454 (Liquidez detectada)
src.infrastructure.providers.mercado_data_provider | DEBUG | RTD: Detalhes completos registrados para ALOSS312 (Liquidez detectada)
src.infrastructure.providers.mercado_data_provider | DEBUG | RTD: Detalhes completos registrados para ALOSR224 (Liquidez detectada)
src.infrastructure.providers.mercado_data_provider | DEBUG | RTD: Detalhes completos registrados para ASAIR105 (Liquidez detectada)
src.infrastructure.providers.mercado_data_provider | DEBUG | RTD: Detalhes completos registrados para ALOSS30 (Liquidez detectada)
src.infrastructure.providers.mercado_data_provider | DEBUG | RTD: Detalhes completos registrados para ALOSS264 (Liquidez detectada)
src.infrastructure.providers.mercado_data_provider | DEBUG | RTD: Detalhes completos registrados para AURAW990 (Liquidez detectada)
src.infrastructure.providers.mercado_data_provider | DEBUG | RTD: Detalhes completos registrados para AXIAR471 (Liquidez detectada)
src.infrastructure.providers.mercado_data_provider | DEBUG | RTD: Detalhes completos registrados para AUAUS400 (Liquidez detectada)
src.infrastructure.providers.mercado_data_provider | DEBUG | RTD: Detalhes completos registrados para BEEFS431 (Liquidez detectada)
src.infrastructure.providers.mercado_data_provider | DEBUG | RTD: Detalhes completos registrados para BBSER348 (Liquidez detectada)
src.infrastructure.providers.mercado_data_provider | DEBUG | RTD: Detalhes completos registrados para BBSER351 (Liquidez detectada)
src.infrastructure.providers.mercado_data_provider | DEBUG | RTD: Detalhes completos registrados para AZZAR317 (Liquidez detectada)
src.infrastructure.providers.mercado_data_provider | DEBUG | RTD: Detalhes completos registrados para BEEFR546 (Liquidez detectada)
src.infrastructure.providers.mercado_data_provider | DEBUG | RTD: Detalhes completos registrados para AURES129 (Liquidez detectada)
src.infrastructure.providers.mercado_data_provider | DEBUG | RTD: Detalhes completos registrados para AZZAR725 (Liquidez detectada)
src.infrastructure.providers.mercado_data_provider | DEBUG | RTD: Detalhes completos registrados para BHIAS15 (Liquidez detectada)
src.infrastructure.providers.mercado_data_provider | DEBUG | RTD: Detalhes completos registrados para BEEFW751 (Liquidez detectada)
src.infrastructure.providers.mercado_data_provider | DEBUG | RTD: Detalhes completos registrados para BEEFW531 (Liquidez detectada)
src.infrastructure.providers.mercado_data_provider | DEBUG | RTD: Detalhes completos registrados para ALOSR315 (Liquidez detectada)
src.infrastructure.providers.mercado_data_provider | DEBUG | RTD: Detalhes completos registrados para ALOSU346 (Liquidez detectada)
src.infrastructure.providers.mercado_data_provider | DEBUG | RTD: Detalhes completos registrados para AZZAS245 (Liquidez detectada)
src.infrastructure.providers.mercado_data_provider | DEBUG | RTD: Detalhes completos registrados para BHIAR19 (Liquidez detectada)
src.infrastructure.providers.mercado_data_provider | DEBUG | RTD: Detalhes completos registrados para ASAIT600 (Liquidez detectada)
src.infrastructure.providers.mercado_data_provider | DEBUG | RTD: Detalhes completos registrados para ALPAS100 (Liquidez detectada)
src.infrastructure.providers.mercado_data_provider | DEBUG | RTD: Detalhes completos registrados para ABEVV203 (Liquidez detectada)
src.infrastructure.providers.mercado_data_provider | DEBUG | RTD: Detalhes completos registrados para AZZAS212 (Liquidez detectada)
src.infrastructure.providers.mercado_data_provider | DEBUG | RTD: Detalhes completos registrados para BEEFS326 (Liquidez detectada)
src.infrastructure.providers.mercado_data_provider | DEBUG | RTD: Detalhes completos registrados para ALOSR234 (Liquidez detectada)
src.infrastructure.providers.mercado_data_provider | DEBUG | RTD: Detalhes completos registrados para B3SAV319 (Liquidez detectada)
src.infrastructure.providers.mercado_data_provider | DEBUG | RTD: Detalhes completos registrados para AXIAU475 (Liquidez detectada)
src.infrastructure.providers.mercado_data_provider | DEBUG | RTD: Detalhes completos registrados para B3SAT169 (Liquidez detectada)
src.infrastructure.providers.mercado_data_provider | DEBUG | RTD: Detalhes completos registrados para BHIAW240 (Liquidez detectada)
src.infrastructure.providers.mercado_data_provider | DEBUG | RTD: Detalhes completos registrados para AXIAR494 (Liquidez detectada)
src.infrastructure.providers.mercado_data_provider | DEBUG | RTD: Detalhes completos registrados para AURES119 (Liquidez detectada)
src.infrastructure.providers.mercado_data_provider | DEBUG | RTD: Detalhes completos registrados para ALOSR242 (Liquidez detectada)
src.infrastructure.providers.mercado_data_provider | DEBUG | RTD: Detalhes completos registrados para AXIAT524 (Liquidez detectada)
src.infrastructure.providers.mercado_data_provider | DEBUG | RTD: Detalhes completos registrados para ALPAS864 (Liquidez detectada)
src.infrastructure.providers.mercado_data_provider | DEBUG | RTD: Detalhes completos registrados para BEEFS336 (Liquidez detectada)
src.infrastructure.providers.mercado_data_provider | DEBUG | RTD: Detalhes completos registrados para AXIAS481 (Liquidez detectada)
src.infrastructure.providers.mercado_data_provider | DEBUG | RTD: Detalhes completos registrados para BBSEV361 (Liquidez detectada)
src.infrastructure.providers.mercado_data_provider | DEBUG | RTD: Detalhes completos registrados para AXIAS705 (Liquidez detectada)
src.infrastructure.providers.mercado_data_provider | DEBUG | RTD: Detalhes completos registrados para ASAIS750 (Liquidez detectada)
src.infrastructure.providers.mercado_data_provider | DEBUG | RTD: Detalhes completos registrados para B3SAS191 (Liquidez detectada)
src.infrastructure.providers.mercado_data_provider | DEBUG | RTD: Detalhes completos registrados para ALUPT364 (Liquidez detectada)
src.infrastructure.providers.mercado_data_provider | DEBUG | RTD: Detalhes completos registrados para AXIAR54 (Liquidez detectada)
src.infrastructure.providers.mercado_data_provider | DEBUG | RTD: Detalhes completos registrados para ALUPU293 (Liquidez detectada)
src.infrastructure.providers.mercado_data_provider | DEBUG | RTD: Detalhes completos registrados para ARMLV50 (Liquidez detectada)
src.infrastructure.providers.mercado_data_provider | DEBUG | RTD: Detalhes completos registrados para AXIAR560 (Liquidez detectada)
src.infrastructure.providers.mercado_data_provider | DEBUG | RTD: Detalhes completos registrados para ALPAR600 (Liquidez detectada)
src.infrastructure.providers.mercado_data_provider | DEBUG | RTD: Detalhes completos registrados para ALPAS135 (Liquidez detectada)
src.infrastructure.providers.mercado_data_provider | DEBUG | RTD: Detalhes completos registrados para BMGBR465 (Liquidez detectada)
src.infrastructure.providers.mercado_data_provider | DEBUG | RTD: Detalhes completos registrados para ALUPR314 (Liquidez detectada)
src.infrastructure.providers.mercado_data_provider | DEBUG | RTD: Detalhes completos registrados para AXIAR675 (Liquidez detectada)
src.infrastructure.providers.mercado_data_provider | DEBUG | RTD: Detalhes completos registrados para BBSES309 (Liquidez detectada)
src.infrastructure.providers.mercado_data_provider | DEBUG | RTD: Detalhes completos registrados para AZZAT371 (Liquidez detectada)
src.infrastructure.providers.mercado_data_provider | DEBUG | RTD: Detalhes completos registrados para BOVAU40 (Liquidez detectada)
src.infrastructure.providers.mercado_data_provider | DEBUG | RTD: Detalhes completos registrados para B3SAR165 (Liquidez detectada)
src.infrastructure.providers.mercado_data_provider | DEBUG | RTD: Detalhes completos registrados para BHIAS180 (Liquidez detectada)
src.infrastructure.providers.mercado_data_provider | DEBUG | RTD: Detalhes completos registrados para ABEVS156 (Liquidez detectada)
src.infrastructure.providers.mercado_data_provider | DEBUG | RTD: Detalhes completos registrados para BBSES306 (Liquidez detectada)
src.infrastructure.providers.mercado_data_provider | DEBUG | RTD: Detalhes completos registrados para AURAR181 (Liquidez detectada)
src.infrastructure.providers.mercado_data_provider | DEBUG | RTD: Detalhes completos registrados para BBSER400 (Liquidez detectada)
src.infrastructure.providers.mercado_data_provider | DEBUG | RTD: Detalhes completos registrados para ASAIR890 (Liquidez detectada)
src.infrastructure.providers.mercado_data_provider | DEBUG | RTD: Detalhes completos registrados para ALUPR336 (Liquidez detectada)
src.infrastructure.providers.mercado_data_provider | DEBUG | RTD: Detalhes completos registrados para BBSET344 (Liquidez detectada)
src.infrastructure.providers.mercado_data_provider | DEBUG | RTD: Detalhes completos registrados para BEEFT497 (Liquidez detectada)
src.infrastructure.providers.mercado_data_provider | DEBUG | RTD: Detalhes completos registrados para B3SAS13 (Liquidez detectada)
src.infrastructure.providers.mercado_data_provider | DEBUG | RTD: Detalhes completos registrados para ALPAT155 (Liquidez detectada)
src.infrastructure.providers.mercado_data_provider | DEBUG | RTD: Detalhes completos registrados para ALUPR361 (Liquidez detectada)
src.infrastructure.providers.mercado_data_provider | DEBUG | RTD: Detalhes completos registrados para AZZAV286 (Liquidez detectada)
src.infrastructure.providers.mercado_data_provider | DEBUG | RTD: Detalhes completos registrados para BBSEU354 (Liquidez detectada)
src.infrastructure.providers.mercado_data_provider | DEBUG | RTD: Detalhes completos registrados para ASAIS60 (Liquidez detectada)
src.infrastructure.providers.mercado_data_provider | DEBUG | RTD: Detalhes completos registrados para ALPAS102 (Liquidez detectada)
src.infrastructure.providers.mercado_data_provider | DEBUG | RTD: Detalhes completos registrados para AXIAR65 (Liquidez detectada)
src.infrastructure.providers.mercado_data_provider | DEBUG | RTD: Detalhes completos registrados para BBSER338 (Liquidez detectada)
src.infrastructure.providers.mercado_data_provider | DEBUG | RTD: Detalhes completos registrados para BHIAR800 (Liquidez detectada)
src.infrastructure.providers.mercado_data_provider | DEBUG | RTD: Detalhes completos registrados para B3SAW130 (Liquidez detectada)
src.infrastructure.providers.mercado_data_provider | DEBUG | RTD: Detalhes completos registrados para ALPAT145 (Liquidez detectada)
src.infrastructure.providers.mercado_data_provider | DEBUG | RTD: Detalhes completos registrados para BHIAT180 (Liquidez detectada)
src.infrastructure.providers.mercado_data_provider | DEBUG | RTD: Detalhes completos registrados para B3SAU239 (Liquidez detectada)
src.infrastructure.providers.mercado_data_provider | DEBUG | RTD: Detalhes completos registrados para B3SAT324 (Liquidez detectada)
src.infrastructure.providers.mercado_data_provider | DEBUG | RTD: Detalhes completos registrados para BOVAU61 (Liquidez detectada)
src.infrastructure.providers.mercado_data_provider | DEBUG | RTD: Detalhes completos registrados para ASAIR110 (Liquidez detectada)
src.infrastructure.providers.mercado_data_provider | DEBUG | RTD: Detalhes completos registrados para BHIAS16 (Liquidez detectada)
src.infrastructure.providers.mercado_data_provider | DEBUG | RTD: Detalhes completos registrados para AXIAS479 (Liquidez detectada)
src.infrastructure.providers.mercado_data_provider | DEBUG | RTD: Detalhes completos registrados para B3SAT134 (Liquidez detectada)
src.infrastructure.providers.mercado_data_provider | DEBUG | RTD: Detalhes completos registrados para BOVAT132 (Liquidez detectada)
src.infrastructure.providers.mercado_data_provider | DEBUG | RTD: Detalhes completos registrados para ALUPS336 (Liquidez detectada)
src.infrastructure.providers.mercado_data_provider | DEBUG | RTD: Detalhes completos registrados para BHIAS299 (Liquidez detectada)
src.infrastructure.providers.mercado_data_provider | DEBUG | RTD: Detalhes completos registrados para ALOSS304 (Liquidez detectada)
src.infrastructure.providers.mercado_data_provider | DEBUG | RTD: Detalhes completos registrados para BMGBS551 (Liquidez detectada)
src.infrastructure.providers.mercado_data_provider | DEBUG | RTD: Detalhes completos registrados para AZZAS271 (Liquidez detectada)
src.infrastructure.providers.mercado_data_provider | DEBUG | RTD: Detalhes completos registrados para ALOSS239 (Liquidez detectada)
src.infrastructure.providers.mercado_data_provider | DEBUG | RTD: Detalhes completos registrados para ALPAS130 (Liquidez detectada)
src.infrastructure.providers.mercado_data_provider | DEBUG | RTD: Detalhes completos registrados para BEEFR626 (Liquidez detectada)
src.infrastructure.providers.mercado_data_provider | DEBUG | RTD: Detalhes completos registrados para AUAUR490 (Liquidez detectada)
src.infrastructure.providers.mercado_data_provider | DEBUG | RTD: Detalhes completos registrados para BOVAS49 (Liquidez detectada)
src.infrastructure.providers.mercado_data_provider | DEBUG | RTD: Detalhes completos registrados para BHIAS27 (Liquidez detectada)
src.infrastructure.providers.mercado_data_provider | DEBUG | RTD: Detalhes completos registrados para AURAW123 (Liquidez detectada)
src.infrastructure.providers.mercado_data_provider | DEBUG | RTD: Detalhes completos registrados para BEEFR616 (Liquidez detectada)
src.infrastructure.providers.mercado_data_provider | DEBUG | RTD: Detalhes completos registrados para AUAUR440 (Liquidez detectada)
src.infrastructure.providers.mercado_data_provider | DEBUG | RTD: Detalhes completos registrados para BMGBR445 (Liquidez detectada)
src.infrastructure.providers.mercado_data_provider | DEBUG | RTD: Detalhes completos registrados para BMGBS521 (Liquidez detectada)
src.infrastructure.providers.mercado_data_provider | DEBUG | RTD: Detalhes completos registrados para AXIAV55 (Liquidez detectada)
src.infrastructure.providers.mercado_data_provider | DEBUG | RTD: Detalhes completos registrados para BBSES361 (Liquidez detectada)
src.infrastructure.providers.mercado_data_provider | DEBUG | RTD: Detalhes completos registrados para BBSEV346 (Liquidez detectada)
src.infrastructure.providers.mercado_data_provider | DEBUG | RTD: Detalhes completos registrados para B3SAT172 (Liquidez detectada)
src.infrastructure.providers.mercado_data_provider | DEBUG | RTD: Detalhes completos registrados para BHIAR280 (Liquidez detectada)
src.infrastructure.providers.mercado_data_provider | DEBUG | RTD: Detalhes completos registrados para B3SAS137 (Liquidez detectada)
src.infrastructure.providers.mercado_data_provider | DEBUG | RTD: Detalhes completos registrados para B3SAT222 (Liquidez detectada)
src.infrastructure.providers.mercado_data_provider | DEBUG | RTD: Detalhes completos registrados para AZZAV137 (Liquidez detectada)
src.infrastructure.providers.mercado_data_provider | DEBUG | RTD: Detalhes completos registrados para AXIAR534 (Liquidez detectada)
src.infrastructure.providers.mercado_data_provider | DEBUG | RTD: Detalhes completos registrados para AXIAS600 (Liquidez detectada)
src.infrastructure.providers.mercado_data_provider | DEBUG | RTD: Detalhes completos registrados para AXIAR785 (Liquidez detectada)
src.infrastructure.providers.mercado_data_provider | DEBUG | RTD: Detalhes completos registrados para ANIMR20 (Liquidez detectada)
src.infrastructure.providers.mercado_data_provider | DEBUG | RTD: Detalhes completos registrados para BMGBU250 (Liquidez detectada)
src.infrastructure.providers.mercado_data_provider | DEBUG | RTD: Detalhes completos registrados para AXIAS250 (Liquidez detectada)
src.infrastructure.providers.mercado_data_provider | DEBUG | RTD: Detalhes completos registrados para ABEVR161 (Liquidez detectada)
src.infrastructure.providers.mercado_data_provider | DEBUG | RTD: Detalhes completos registrados para AMARS10 (Liquidez detectada)
src.infrastructure.providers.mercado_data_provider | DEBUG | RTD: Detalhes completos registrados para B3SAS209 (Liquidez detectada)
src.infrastructure.providers.mercado_data_provider | DEBUG | RTD: Detalhes completos registrados para B3SAT237 (Liquidez detectada)
src.infrastructure.providers.mercado_data_provider | DEBUG | RTD: Detalhes completos registrados para AXIAR715 (Liquidez detectada)
src.infrastructure.providers.mercado_data_provider | DEBUG | RTD: Detalhes completos registrados para BBSES359 (Liquidez detectada)
src.infrastructure.providers.mercado_data_provider | DEBUG | RTD: Detalhes completos registrados para BEEFR476 (Liquidez detectada)
src.infrastructure.providers.mercado_data_provider | DEBUG | RTD: Detalhes completos registrados para ASAIU170 (Liquidez detectada)
src.infrastructure.providers.mercado_data_provider | DEBUG | RTD: Detalhes completos registrados para ANIMR510 (Liquidez detectada)
src.infrastructure.providers.mercado_data_provider | DEBUG | RTD: Detalhes completos registrados para BEEFS494 (Liquidez detectada)
src.infrastructure.providers.mercado_data_provider | DEBUG | RTD: Detalhes completos registrados para B3SAU244 (Liquidez detectada)
src.infrastructure.providers.mercado_data_provider | DEBUG | RTD: Detalhes completos registrados para AXIAR495 (Liquidez detectada)
src.infrastructure.providers.mercado_data_provider | DEBUG | RTD: Detalhes completos registrados para ALPAS122 (Liquidez detectada)
src.infrastructure.providers.mercado_data_provider | DEBUG | RTD: Detalhes completos registrados para BHIAR870 (Liquidez detectada)
src.infrastructure.providers.mercado_data_provider | DEBUG | RTD: Detalhes completos registrados para AXIAS530 (Liquidez detectada)
src.infrastructure.providers.mercado_data_provider | DEBUG | RTD: Detalhes completos registrados para BEEFW591 (Liquidez detectada)
src.infrastructure.providers.mercado_data_provider | DEBUG | RTD: Detalhes completos registrados para B3SAT212 (Liquidez detectada)
src.infrastructure.providers.mercado_data_provider | DEBUG | RTD: Detalhes completos registrados para BEEFR526 (Liquidez detectada)
src.infrastructure.providers.mercado_data_provider | DEBUG | RTD: Detalhes completos registrados para BBSEU279 (Liquidez detectada)
src.infrastructure.providers.mercado_data_provider | DEBUG | RTD: Detalhes completos registrados para AZZAR212 (Liquidez detectada)
src.infrastructure.providers.mercado_data_provider | DEBUG | RTD: Detalhes completos registrados para AGROR197 (Liquidez detectada)
src.infrastructure.providers.mercado_data_provider | DEBUG | RTD: Detalhes completos registrados para AZZAT285 (Liquidez detectada)
src.infrastructure.providers.mercado_data_provider | DEBUG | RTD: Detalhes completos registrados para ANIMS427 (Liquidez detectada)
src.infrastructure.providers.mercado_data_provider | DEBUG | RTD: Detalhes completos registrados para AUAUS335 (Liquidez detectada)
src.infrastructure.providers.mercado_data_provider | DEBUG | RTD: Detalhes completos registrados para AUAUR10 (Liquidez detectada)
src.infrastructure.providers.mercado_data_provider | DEBUG | RTD: Detalhes completos registrados para ANIMS540 (Liquidez detectada)
src.infrastructure.providers.mercado_data_provider | DEBUG | RTD: Detalhes completos registrados para ASAIS670 (Liquidez detectada)
src.infrastructure.providers.mercado_data_provider | DEBUG | RTD: Detalhes completos registrados para BOVAU190 (Liquidez detectada)
src.infrastructure.providers.mercado_data_provider | DEBUG | RTD: Detalhes completos registrados para AZZAT487 (Liquidez detectada)
src.infrastructure.providers.mercado_data_provider | DEBUG | RTD: Detalhes completos registrados para BOVAR119 (Liquidez detectada)
src.infrastructure.providers.mercado_data_provider | DEBUG | RTD: Detalhes completos registrados para BOVAR177 (Liquidez detectada)
src.infrastructure.providers.mercado_data_provider | DEBUG | RTD: Detalhes completos registrados para BHIAS320 (Liquidez detectada)
src.infrastructure.providers.mercado_data_provider | DEBUG | RTD: Detalhes completos registrados para ALOSU282 (Liquidez detectada)
src.infrastructure.providers.mercado_data_provider | DEBUG | RTD: Detalhes completos registrados para BBSET331 (Liquidez detectada)
src.infrastructure.providers.mercado_data_provider | DEBUG | RTD: Detalhes completos registrados para AXIAT504 (Liquidez detectada)
src.infrastructure.providers.mercado_data_provider | DEBUG | RTD: Detalhes completos registrados para AXIAW540 (Liquidez detectada)
src.infrastructure.providers.mercado_data_provider | DEBUG | RTD: Detalhes completos registrados para AXIAS61 (Liquidez detectada)
src.infrastructure.providers.mercado_data_provider | DEBUG | RTD: Detalhes completos registrados para BMGBS491 (Liquidez detectada)
src.infrastructure.providers.mercado_data_provider | DEBUG | RTD: Detalhes completos registrados para BBSER356 (Liquidez detectada)
src.infrastructure.providers.mercado_data_provider | DEBUG | RTD: Detalhes completos registrados para B3SAW163 (Liquidez detectada)
src.infrastructure.providers.mercado_data_provider | DEBUG | RTD: Detalhes completos registrados para ALOSR367 (Liquidez detectada)
src.infrastructure.providers.mercado_data_provider | DEBUG | RTD: Detalhes completos registrados para BBSER382 (Liquidez detectada)
src.infrastructure.providers.mercado_data_provider | DEBUG | RTD: Detalhes completos registrados para AZZAU920 (Liquidez detectada)
src.infrastructure.providers.mercado_data_provider | DEBUG | RTD: Detalhes completos registrados para BMGBS40 (Liquidez detectada)
src.infrastructure.providers.mercado_data_provider | DEBUG | RTD: Detalhes completos registrados para AXIAT61 (Liquidez detectada)
src.infrastructure.providers.mercado_data_provider | DEBUG | RTD: Detalhes completos registrados para ALUPT304 (Liquidez detectada)
src.infrastructure.providers.mercado_data_provider | DEBUG | RTD: Detalhes completos registrados para AXIAS580 (Liquidez detectada)
src.infrastructure.providers.mercado_data_provider | DEBUG | RTD: Detalhes completos registrados para AUAUR260 (Liquidez detectada)
src.infrastructure.providers.mercado_data_provider | DEBUG | RTD: Detalhes completos registrados para ASAIV860 (Liquidez detectada)
src.infrastructure.providers.mercado_data_provider | DEBUG | RTD: Detalhes completos registrados para B3SAS128 (Liquidez detectada)
src.infrastructure.providers.mercado_data_provider | DEBUG | RTD: Detalhes completos registrados para ALOSR180 (Liquidez detectada)
src.infrastructure.providers.mercado_data_provider | DEBUG | RTD: Detalhes completos registrados para AZZAS150 (Liquidez detectada)
src.infrastructure.providers.mercado_data_provider | DEBUG | RTD: Detalhes completos registrados para AGROU230 (Liquidez detectada)
src.infrastructure.providers.mercado_data_provider | DEBUG | RTD: Detalhes completos registrados para ABEVT127 (Liquidez detectada)
src.infrastructure.providers.mercado_data_provider | DEBUG | RTD: Detalhes completos registrados para AUAUS415 (Liquidez detectada)
src.infrastructure.providers.mercado_data_provider | DEBUG | RTD: Detalhes completos registrados para AUAUS375 (Liquidez detectada)
src.infrastructure.providers.mercado_data_provider | DEBUG | RTD: Detalhes completos registrados para AZZAR227 (Liquidez detectada)
src.infrastructure.providers.mercado_data_provider | DEBUG | RTD: Detalhes completos registrados para BHIAW200 (Liquidez detectada)
src.infrastructure.providers.mercado_data_provider | DEBUG | RTD: Detalhes completos registrados para ASAIR122 (Liquidez detectada)
src.infrastructure.providers.mercado_data_provider | DEBUG | RTD: Detalhes completos registrados para B3SAR207 (Liquidez detectada)
src.infrastructure.providers.mercado_data_provider | DEBUG | RTD: Detalhes completos registrados para AUAUR165 (Liquidez detectada)
src.infrastructure.providers.mercado_data_provider | DEBUG | RTD: Detalhes completos registrados para AZZAT215 (Liquidez detectada)
src.infrastructure.providers.mercado_data_provider | DEBUG | RTD: Detalhes completos registrados para B3SAT167 (Liquidez detectada)
src.infrastructure.providers.mercado_data_provider | DEBUG | RTD: Detalhes completos registrados para AUAUR470 (Liquidez detectada)
src.infrastructure.providers.mercado_data_provider | DEBUG | RTD: Detalhes completos registrados para BOVAT99 (Liquidez detectada)
src.infrastructure.providers.mercado_data_provider | DEBUG | RTD: Detalhes completos registrados para BLAUS10 (Liquidez detectada)
src.infrastructure.providers.mercado_data_provider | DEBUG | RTD: Detalhes completos registrados para B3SAU212 (Liquidez detectada)
src.infrastructure.providers.mercado_data_provider | DEBUG | RTD: Detalhes completos registrados para BBSES299 (Liquidez detectada)
src.infrastructure.providers.mercado_data_provider | DEBUG | RTD: Detalhes completos registrados para AXIAS520 (Liquidez detectada)
src.infrastructure.providers.mercado_data_provider | DEBUG | RTD: Detalhes completos registrados para B3SAR222 (Liquidez detectada)
src.infrastructure.providers.mercado_data_provider | DEBUG | RTD: Detalhes completos registrados para ABEVR204 (Liquidez detectada)
src.infrastructure.providers.mercado_data_provider | DEBUG | RTD: Detalhes completos registrados para AZZAR257 (Liquidez detectada)
src.infrastructure.providers.mercado_data_provider | DEBUG | RTD: Detalhes completos registrados para ALOST292 (Liquidez detectada)
src.infrastructure.providers.mercado_data_provider | DEBUG | RTD: Detalhes completos registrados para AZZAR247 (Liquidez detectada)
src.infrastructure.providers.mercado_data_provider | DEBUG | RTD: Detalhes completos registrados para AZZAS227 (Liquidez detectada)
src.infrastructure.providers.mercado_data_provider | DEBUG | RTD: Detalhes completos registrados para ALOSR362 (Liquidez detectada)
src.infrastructure.providers.mercado_data_provider | DEBUG | RTD: Detalhes completos registrados para ANIMS125 (Liquidez detectada)
src.infrastructure.providers.mercado_data_provider | DEBUG | RTD: Detalhes completos registrados para AXIAR62 (Liquidez detectada)
src.infrastructure.providers.mercado_data_provider | DEBUG | RTD: Detalhes completos registrados para BHIAR310 (Liquidez detectada)
src.infrastructure.providers.mercado_data_provider | DEBUG | RTD: Detalhes completos registrados para BHIAR980 (Liquidez detectada)
src.infrastructure.providers.mercado_data_provider | DEBUG | RTD: Detalhes completos registrados para ABEVS254 (Liquidez detectada)
src.infrastructure.providers.mercado_data_provider | DEBUG | RTD: Detalhes completos registrados para B3SAR192 (Liquidez detectada)
src.infrastructure.providers.mercado_data_provider | DEBUG | RTD: Detalhes completos registrados para AZZAT120 (Liquidez detectada)
src.infrastructure.providers.mercado_data_provider | DEBUG | RTD: Detalhes completos registrados para ASAIT172 (Liquidez detectada)
src.infrastructure.providers.mercado_data_provider | DEBUG | RTD: Detalhes completos registrados para AMARW20 (Liquidez detectada)
src.infrastructure.providers.mercado_data_provider | DEBUG | RTD: Detalhes completos registrados para ASAIR940 (Liquidez detectada)
src.infrastructure.providers.mercado_data_provider | DEBUG | RTD: Detalhes completos registrados para AZZAR190 (Liquidez detectada)
src.infrastructure.providers.mercado_data_provider | DEBUG | RTD: Detalhes completos registrados para B3SAS193 (Liquidez detectada)
src.infrastructure.providers.mercado_data_provider | DEBUG | RTD: Detalhes completos registrados para ALOSV331 (Liquidez detectada)
src.infrastructure.providers.mercado_data_provider | DEBUG | RTD: Detalhes completos registrados para BEEFS644 (Liquidez detectada)
src.infrastructure.providers.mercado_data_provider | DEBUG | RTD: Detalhes completos registrados para B3SAR180 (Liquidez detectada)
src.infrastructure.providers.mercado_data_provider | DEBUG | RTD: Detalhes completos registrados para ALPAR125 (Liquidez detectada)
src.infrastructure.providers.mercado_data_provider | DEBUG | RTD: Detalhes completos registrados para B3SAV190 (Liquidez detectada)
src.infrastructure.providers.mercado_data_provider | DEBUG | RTD: Detalhes completos registrados para AZZAS155 (Liquidez detectada)
src.infrastructure.providers.mercado_data_provider | DEBUG | RTD: Detalhes completos registrados para AURER112 (Liquidez detectada)
src.infrastructure.providers.mercado_data_provider | DEBUG | RTD: Detalhes completos registrados para BBSET350 (Liquidez detectada)
src.infrastructure.providers.mercado_data_provider | DEBUG | RTD: Detalhes completos registrados para ASAIR730 (Liquidez detectada)
src.infrastructure.providers.mercado_data_provider | DEBUG | RTD: Detalhes completos registrados para AXIAR660 (Liquidez detectada)
src.infrastructure.providers.mercado_data_provider | DEBUG | RTD: Detalhes completos registrados para ASAIR690 (Liquidez detectada)
src.infrastructure.providers.mercado_data_provider | DEBUG | RTD: Detalhes completos registrados para ALUPT354 (Liquidez detectada)
src.infrastructure.providers.mercado_data_provider | DEBUG | RTD: Detalhes completos registrados para BBSES391 (Liquidez detectada)
src.infrastructure.providers.mercado_data_provider | DEBUG | RTD: Detalhes completos registrados para AXIAT670 (Liquidez detectada)
src.infrastructure.providers.mercado_data_provider | DEBUG | RTD: Detalhes completos registrados para B3SAS634 (Liquidez detectada)
src.infrastructure.providers.mercado_data_provider | DEBUG | RTD: Detalhes completos registrados para ANIMS20 (Liquidez detectada)
src.infrastructure.providers.mercado_data_provider | DEBUG | RTD: Detalhes completos registrados para ALOST273 (Liquidez detectada)
src.infrastructure.providers.mercado_data_provider | DEBUG | RTD: Detalhes completos registrados para AZZAR240 (Liquidez detectada)
src.infrastructure.providers.mercado_data_provider | DEBUG | RTD: Detalhes completos registrados para B3SAU254 (Liquidez detectada)
src.infrastructure.providers.mercado_data_provider | DEBUG | RTD: Detalhes completos registrados para ANIMR395 (Liquidez detectada)
src.infrastructure.providers.mercado_data_provider | DEBUG | RTD: Detalhes completos registrados para ALPAR100 (Liquidez detectada)
src.infrastructure.providers.mercado_data_provider | DEBUG | RTD: Detalhes completos registrados para BEEFS356 (Liquidez detectada)
src.infrastructure.providers.mercado_data_provider | DEBUG | RTD: Detalhes completos registrados para B3SAV945 (Liquidez detectada)
src.infrastructure.providers.mercado_data_provider | DEBUG | RTD: Detalhes completos registrados para AXIAT71 (Liquidez detectada)
src.infrastructure.providers.mercado_data_provider | DEBUG | RTD: Detalhes completos registrados para ABEVT180 (Liquidez detectada)
src.infrastructure.providers.mercado_data_provider | DEBUG | RTD: Detalhes completos registrados para ALPAS110 (Liquidez detectada)
src.infrastructure.providers.mercado_data_provider | DEBUG | RTD: Detalhes completos registrados para B3SAS221 (Liquidez detectada)
src.infrastructure.providers.mercado_data_provider | DEBUG | RTD: Detalhes completos registrados para AURAR160 (Liquidez detectada)
src.infrastructure.providers.mercado_data_provider | DEBUG | RTD: Detalhes completos registrados para ALOSR302 (Liquidez detectada)
src.infrastructure.providers.mercado_data_provider | DEBUG | RTD: Detalhes completos registrados para B3SAW197 (Liquidez detectada)
src.infrastructure.providers.mercado_data_provider | DEBUG | RTD: Detalhes completos registrados para BBSES384 (Liquidez detectada)
src.infrastructure.providers.mercado_data_provider | DEBUG | RTD: Detalhes completos registrados para BOVAS45 (Liquidez detectada)
src.infrastructure.providers.mercado_data_provider | DEBUG | RTD: Detalhes completos registrados para ALOSU304 (Liquidez detectada)
src.infrastructure.providers.mercado_data_provider | DEBUG | RTD: Detalhes completos registrados para ASAIS930 (Liquidez detectada)
src.infrastructure.providers.mercado_data_provider | DEBUG | RTD: Detalhes completos registrados para BBSER260 (Liquidez detectada)
src.infrastructure.providers.mercado_data_provider | DEBUG | RTD: Detalhes completos registrados para AZZAT610 (Liquidez detectada)
src.infrastructure.providers.mercado_data_provider | DEBUG | RTD: Detalhes completos registrados para B3SAS110 (Liquidez detectada)
src.infrastructure.providers.mercado_data_provider | DEBUG | RTD: Detalhes completos registrados para B3SAV160 (Liquidez detectada)
src.infrastructure.providers.mercado_data_provider | DEBUG | RTD: Detalhes completos registrados para BBSER415 (Liquidez detectada)
src.infrastructure.providers.mercado_data_provider | DEBUG | RTD: Detalhes completos registrados para ABEVS136 (Liquidez detectada)
src.infrastructure.providers.mercado_data_provider | DEBUG | RTD: Detalhes completos registrados para ANIMS287 (Liquidez detectada)
src.infrastructure.providers.mercado_data_provider | DEBUG | RTD: Detalhes completos registrados para ALUPS27 (Liquidez detectada)
src.infrastructure.providers.mercado_data_provider | DEBUG | RTD: Detalhes completos registrados para B3SAS153 (Liquidez detectada)
src.infrastructure.providers.mercado_data_provider | DEBUG | RTD: Detalhes completos registrados para BHIAR390 (Liquidez detectada)
src.infrastructure.providers.mercado_data_provider | DEBUG | RTD: Detalhes completos registrados para AZZAW489 (Liquidez detectada)
src.infrastructure.providers.mercado_data_provider | DEBUG | RTD: Detalhes completos registrados para B3SAU269 (Liquidez detectada)
src.infrastructure.providers.mercado_data_provider | DEBUG | RTD: Detalhes completos registrados para BHIAW310 (Liquidez detectada)
src.infrastructure.providers.mercado_data_provider | DEBUG | RTD: Detalhes completos registrados para BHIAS23 (Liquidez detectada)
src.infrastructure.providers.mercado_data_provider | DEBUG | RTD: Detalhes completos registrados para BEEFS624 (Liquidez detectada)
src.infrastructure.providers.mercado_data_provider | DEBUG | RTD: Detalhes completos registrados para BBSER228 (Liquidez detectada)
src.infrastructure.providers.mercado_data_provider | DEBUG | RTD: Detalhes completos registrados para ASAIR495 (Liquidez detectada)
src.infrastructure.providers.mercado_data_provider | DEBUG | RTD: Detalhes completos registrados para AURAS14 (Liquidez detectada)
src.infrastructure.providers.mercado_data_provider | DEBUG | RTD: Detalhes completos registrados para ALUPS304 (Liquidez detectada)
src.infrastructure.providers.mercado_data_provider | DEBUG | RTD: Detalhes completos registrados para AXIAR820 (Liquidez detectada)
src.infrastructure.providers.mercado_data_provider | DEBUG | RTD: Detalhes completos registrados para AMZOR640 (Liquidez detectada)
src.infrastructure.providers.mercado_data_provider | DEBUG | RTD: Detalhes completos registrados para BHIAT300 (Liquidez detectada)
src.infrastructure.providers.mercado_data_provider | DEBUG | RTD: Detalhes completos registrados para ALOSS328 (Liquidez detectada)
src.infrastructure.providers.mercado_data_provider | DEBUG | RTD: Detalhes completos registrados para BHIAR360 (Liquidez detectada)
src.infrastructure.providers.mercado_data_provider | DEBUG | RTD: Detalhes completos registrados para BEEFR351 (Liquidez detectada)
src.infrastructure.providers.mercado_data_provider | DEBUG | RTD: Detalhes completos registrados para BOVAU182 (Liquidez detectada)
src.infrastructure.providers.mercado_data_provider | DEBUG | RTD: Detalhes completos registrados para BERKT115 (Liquidez detectada)
src.infrastructure.providers.mercado_data_provider | DEBUG | RTD: Detalhes completos registrados para BHIAS360 (Liquidez detectada)
src.infrastructure.providers.mercado_data_provider | DEBUG | RTD: Detalhes completos registrados para ALOST282 (Liquidez detectada)
src.infrastructure.providers.mercado_data_provider | DEBUG | RTD: Detalhes completos registrados para ASAIR850 (Liquidez detectada)
src.infrastructure.providers.mercado_data_provider | DEBUG | RTD: Detalhes completos registrados para ASAIR930 (Liquidez detectada)
src.infrastructure.providers.mercado_data_provider | DEBUG | RTD: Detalhes completos registrados para BBSER290 (Liquidez detectada)
src.infrastructure.providers.mercado_data_provider | DEBUG | RTD: Detalhes completos registrados para ALOSU312 (Liquidez detectada)
src.infrastructure.providers.mercado_data_provider | DEBUG | RTD: Detalhes completos registrados para AGROR22 (Liquidez detectada)
src.infrastructure.providers.mercado_data_provider | DEBUG | RTD: Detalhes completos registrados para BHIAS310 (Liquidez detectada)
src.infrastructure.providers.mercado_data_provider | DEBUG | RTD: Detalhes completos registrados para AZZAS170 (Liquidez detectada)
src.infrastructure.providers.mercado_data_provider | DEBUG | RTD: Detalhes completos registrados para ANIMS467 (Liquidez detectada)
src.infrastructure.providers.mercado_data_provider | DEBUG | RTD: Detalhes completos registrados para AZZAS320 (Liquidez detectada)
src.infrastructure.providers.mercado_data_provider | DEBUG | RTD: Detalhes completos registrados para AXIAT520 (Liquidez detectada)
src.infrastructure.providers.mercado_data_provider | DEBUG | RTD: Detalhes completos registrados para B3SAU262 (Liquidez detectada)
src.infrastructure.providers.mercado_data_provider | DEBUG | RTD: Detalhes completos registrados para AZZAS230 (Liquidez detectada)
src.infrastructure.providers.mercado_data_provider | DEBUG | RTD: Detalhes completos registrados para AXIAS670 (Liquidez detectada)
src.infrastructure.providers.mercado_data_provider | DEBUG | RTD: Detalhes completos registrados para BHIAT12 (Liquidez detectada)
src.infrastructure.providers.mercado_data_provider | DEBUG | RTD: Detalhes completos registrados para AZZAR350 (Liquidez detectada)
src.infrastructure.providers.mercado_data_provider | DEBUG | RTD: Detalhes completos registrados para BHIAW28 (Liquidez detectada)
src.infrastructure.providers.mercado_data_provider | DEBUG | RTD: Detalhes completos registrados para AZZAR620 (Liquidez detectada)
src.infrastructure.providers.mercado_data_provider | DEBUG | RTD: Detalhes completos registrados para AZZAT255 (Liquidez detectada)
src.infrastructure.providers.mercado_data_provider | DEBUG | RTD: Detalhes completos registrados para BEEFS674 (Liquidez detectada)
src.infrastructure.providers.mercado_data_provider | DEBUG | RTD: Detalhes completos registrados para AZZAV187 (Liquidez detectada)
src.infrastructure.providers.mercado_data_provider | DEBUG | RTD: Detalhes completos registrados para B3SAT117 (Liquidez detectada)
src.infrastructure.providers.mercado_data_provider | DEBUG | RTD: Detalhes completos registrados para ASAIT880 (Liquidez detectada)
src.infrastructure.providers.mercado_data_provider | DEBUG | RTD: Detalhes completos registrados para AXIAR680 (Liquidez detectada)
src.infrastructure.providers.mercado_data_provider | DEBUG | RTD: Detalhes completos registrados para BHIAS14 (Liquidez detectada)
src.infrastructure.providers.mercado_data_provider | DEBUG | RTD: Detalhes completos registrados para ALUPU343 (Liquidez detectada)
src.infrastructure.providers.mercado_data_provider | DEBUG | RTD: Detalhes completos registrados para BHIAS24 (Liquidez detectada)
src.infrastructure.providers.mercado_data_provider | DEBUG | RTD: Detalhes completos registrados para ABEVW169 (Liquidez detectada)
src.infrastructure.providers.mercado_data_provider | DEBUG | RTD: Detalhes completos registrados para AURAW146 (Liquidez detectada)
src.infrastructure.providers.mercado_data_provider | DEBUG | RTD: Detalhes completos registrados para BHIAR560 (Liquidez detectada)
src.infrastructure.providers.mercado_data_provider | DEBUG | RTD: Detalhes completos registrados para ALOSS294 (Liquidez detectada)
src.infrastructure.providers.mercado_data_provider | DEBUG | RTD: Detalhes completos registrados para AXIAS534 (Liquidez detectada)
src.infrastructure.providers.mercado_data_provider | DEBUG | RTD: Detalhes completos registrados para BBSEU269 (Liquidez detectada)
src.infrastructure.providers.mercado_data_provider | DEBUG | RTD: Detalhes completos registrados para AXIAR690 (Liquidez detectada)
src.infrastructure.providers.mercado_data_provider | DEBUG | RTD: Detalhes completos registrados para BEEFR396 (Liquidez detectada)
src.infrastructure.providers.mercado_data_provider | DEBUG | RTD: Detalhes completos registrados para ARMLR373 (Liquidez detectada)
src.infrastructure.providers.mercado_data_provider | DEBUG | RTD: Detalhes completos registrados para AXIAW53 (Liquidez detectada)
src.infrastructure.providers.mercado_data_provider | DEBUG | RTD: Detalhes completos registrados para ALOSR317 (Liquidez detectada)
src.infrastructure.providers.mercado_data_provider | DEBUG | RTD: Detalhes completos registrados para BEEFR556 (Liquidez detectada)
src.infrastructure.providers.mercado_data_provider | DEBUG | RTD: Detalhes completos registrados para BPACR443 (Liquidez detectada)
src.infrastructure.providers.mercado_data_provider | DEBUG | RTD: Detalhes completos registrados para B3SAU224 (Liquidez detectada)
src.infrastructure.providers.mercado_data_provider | DEBUG | RTD: Detalhes completos registrados para B3SAR217 (Liquidez detectada)
src.infrastructure.providers.mercado_data_provider | DEBUG | RTD: Detalhes completos registrados para BHIAR380 (Liquidez detectada)
src.infrastructure.providers.mercado_data_provider | DEBUG | RTD: Detalhes completos registrados para BHIAR22 (Liquidez detectada)
src.infrastructure.providers.mercado_data_provider | DEBUG | RTD: Detalhes completos registrados para AXIAR47 (Liquidez detectada)
src.infrastructure.providers.mercado_data_provider | DEBUG | RTD: Detalhes completos registrados para BEEFS501 (Liquidez detectada)
src.infrastructure.providers.mercado_data_provider | DEBUG | RTD: Detalhes completos registrados para BBSEW307 (Liquidez detectada)
src.infrastructure.providers.mercado_data_provider | DEBUG | RTD: Detalhes completos registrados para ALPAS654 (Liquidez detectada)
src.infrastructure.providers.mercado_data_provider | DEBUG | RTD: Detalhes completos registrados para ALOSW298 (Liquidez detectada)
src.infrastructure.providers.mercado_data_provider | DEBUG | RTD: Detalhes completos registrados para BEEFS376 (Liquidez detectada)
src.infrastructure.providers.mercado_data_provider | DEBUG | RTD: Detalhes completos registrados para BBSEV470 (Liquidez detectada)
src.infrastructure.providers.mercado_data_provider | DEBUG | RTD: Detalhes completos registrados para B3SAU162 (Liquidez detectada)
src.infrastructure.providers.mercado_data_provider | DEBUG | RTD: Detalhes completos registrados para ABEVU168 (Liquidez detectada)
src.infrastructure.providers.mercado_data_provider | DEBUG | RTD: Detalhes completos registrados para ALOSS259 (Liquidez detectada)
src.infrastructure.providers.mercado_data_provider | DEBUG | RTD: Detalhes completos registrados para AXIAW490 (Liquidez detectada)
src.infrastructure.providers.mercado_data_provider | DEBUG | RTD: Detalhes completos registrados para AUAUR920 (Liquidez detectada)
src.infrastructure.providers.mercado_data_provider | DEBUG | RTD: Detalhes completos registrados para AURAS161 (Liquidez detectada)
src.infrastructure.providers.mercado_data_provider | DEBUG | RTD: Detalhes completos registrados para AURAU660 (Liquidez detectada)
src.infrastructure.providers.mercado_data_provider | DEBUG | RTD: Detalhes completos registrados para AZZAW215 (Liquidez detectada)
src.infrastructure.providers.mercado_data_provider | DEBUG | RTD: Detalhes completos registrados para ANIMS357 (Liquidez detectada)
src.infrastructure.providers.mercado_data_provider | DEBUG | RTD: Detalhes completos registrados para AXIAS496 (Liquidez detectada)
src.infrastructure.providers.mercado_data_provider | DEBUG | RTD: Detalhes completos registrados para BHIAR330 (Liquidez detectada)
src.infrastructure.providers.mercado_data_provider | DEBUG | RTD: Detalhes completos registrados para ALOSR28 (Liquidez detectada)
src.infrastructure.providers.mercado_data_provider | DEBUG | RTD: Detalhes completos registrados para AXIAT540 (Liquidez detectada)
src.infrastructure.providers.mercado_data_provider | DEBUG | RTD: Detalhes completos registrados para AZZAR325 (Liquidez detectada)
src.infrastructure.providers.mercado_data_provider | DEBUG | RTD: Detalhes completos registrados para ASAIS990 (Liquidez detectada)
src.infrastructure.providers.mercado_data_provider | DEBUG | RTD: Detalhes completos registrados para BEEFR461 (Liquidez detectada)
src.infrastructure.providers.mercado_data_provider | DEBUG | RTD: Detalhes completos registrados para BBSET286 (Liquidez detectada)
src.infrastructure.providers.mercado_data_provider | DEBUG | RTD: Detalhes completos registrados para BMOBR239 (Liquidez detectada)
src.infrastructure.providers.mercado_data_provider | DEBUG | RTD: Detalhes completos registrados para AZZAS210 (Liquidez detectada)
src.infrastructure.providers.mercado_data_provider | DEBUG | RTD: Detalhes completos registrados para AXIAR554 (Liquidez detectada)
src.infrastructure.providers.mercado_data_provider | DEBUG | RTD: Detalhes completos registrados para AXIAR76 (Liquidez detectada)
src.infrastructure.providers.mercado_data_provider | DEBUG | RTD: Detalhes completos registrados para ALOSR214 (Liquidez detectada)
src.infrastructure.providers.mercado_data_provider | DEBUG | RTD: Detalhes completos registrados para AXIAR614 (Liquidez detectada)
src.infrastructure.providers.mercado_data_provider | DEBUG | RTD: Detalhes completos registrados para BHIAT15 (Liquidez detectada)
src.infrastructure.providers.mercado_data_provider | DEBUG | RTD: Detalhes completos registrados para AUAUS530 (Liquidez detectada)
src.infrastructure.providers.mercado_data_provider | DEBUG | RTD: Detalhes completos registrados para AUAUR360 (Liquidez detectada)
src.infrastructure.providers.mercado_data_provider | DEBUG | RTD: Detalhes completos registrados para BOVAT146 (Liquidez detectada)
src.infrastructure.providers.mercado_data_provider | DEBUG | RTD: Detalhes completos registrados para ALOSU292 (Liquidez detectada)
src.infrastructure.providers.mercado_data_provider | DEBUG | RTD: Detalhes completos registrados para AXIAS540 (Liquidez detectada)
src.infrastructure.providers.mercado_data_provider | DEBUG | RTD: Detalhes completos registrados para AGROR217 (Liquidez detectada)
src.infrastructure.providers.mercado_data_provider | DEBUG | RTD: Detalhes completos registrados para ALUPS329 (Liquidez detectada)
src.infrastructure.providers.mercado_data_provider | DEBUG | RTD: Detalhes completos registrados para ALPAR140 (Liquidez detectada)
src.infrastructure.providers.mercado_data_provider | DEBUG | RTD: Detalhes completos registrados para BOVAU197 (Liquidez detectada)
src.infrastructure.providers.mercado_data_provider | DEBUG | RTD: Detalhes completos registrados para AXIAT310 (Liquidez detectada)
src.infrastructure.providers.mercado_data_provider | DEBUG | RTD: Detalhes completos registrados para AUAUT340 (Liquidez detectada)
src.infrastructure.providers.mercado_data_provider | DEBUG | RTD: Detalhes completos registrados para B3SAS116 (Liquidez detectada)
src.infrastructure.providers.mercado_data_provider | DEBUG | RTD: Detalhes completos registrados para ALOSR334 (Liquidez detectada)
src.infrastructure.providers.mercado_data_provider | DEBUG | RTD: Detalhes completos registrados para AXIAS66 (Liquidez detectada)
src.infrastructure.providers.mercado_data_provider | DEBUG | RTD: Detalhes completos registrados para AXIAS62 (Liquidez detectada)
src.infrastructure.providers.mercado_data_provider | DEBUG | RTD: Detalhes completos registrados para AUAUS290 (Liquidez detectada)
src.infrastructure.providers.mercado_data_provider | DEBUG | RTD: Detalhes completos registrados para AMARS700 (Liquidez detectada)
src.infrastructure.providers.mercado_data_provider | DEBUG | RTD: Detalhes completos registrados para ABEVV173 (Liquidez detectada)
src.infrastructure.providers.mercado_data_provider | DEBUG | RTD: Detalhes completos registrados para AZZAS300 (Liquidez detectada)
src.infrastructure.providers.mercado_data_provider | DEBUG | RTD: Detalhes completos registrados para ALOSU372 (Liquidez detectada)
src.infrastructure.providers.mercado_data_provider | DEBUG | RTD: Detalhes completos registrados para B3SAT182 (Liquidez detectada)
src.infrastructure.providers.mercado_data_provider | DEBUG | RTD: Detalhes completos registrados para ANIMS327 (Liquidez detectada)
src.infrastructure.providers.mercado_data_provider | DEBUG | RTD: Detalhes completos registrados para ALPAR120 (Liquidez detectada)
src.infrastructure.providers.mercado_data_provider | DEBUG | RTD: Detalhes completos registrados para AUAUS470 (Liquidez detectada)
src.infrastructure.providers.mercado_data_provider | DEBUG | RTD: Detalhes completos registrados para BBSET376 (Liquidez detectada)
src.infrastructure.providers.mercado_data_provider | DEBUG | RTD: Detalhes completos registrados para BBSER390 (Liquidez detectada)
src.infrastructure.providers.mercado_data_provider | DEBUG | RTD: Detalhes completos registrados para BLAUS120 (Liquidez detectada)
src.infrastructure.providers.mercado_data_provider | DEBUG | RTD: Detalhes completos registrados para AUAUS385 (Liquidez detectada)
src.infrastructure.providers.mercado_data_provider | DEBUG | RTD: Detalhes completos registrados para AXIAR78 (Liquidez detectada)
src.infrastructure.providers.mercado_data_provider | DEBUG | RTD: Detalhes completos registrados para BOVAT975 (Liquidez detectada)
src.infrastructure.providers.mercado_data_provider | DEBUG | RTD: Detalhes completos registrados para BBSET366 (Liquidez detectada)
src.infrastructure.providers.mercado_data_provider | DEBUG | RTD: Detalhes completos registrados para B3SAR235 (Liquidez detectada)
src.infrastructure.providers.mercado_data_provider | DEBUG | RTD: Detalhes completos registrados para ALOSU297 (Liquidez detectada)
src.infrastructure.providers.mercado_data_provider | DEBUG | RTD: Detalhes completos registrados para B3SAR121 (Liquidez detectada)
src.infrastructure.providers.mercado_data_provider | DEBUG | RTD: Detalhes completos registrados para AXIAT54 (Liquidez detectada)
src.infrastructure.providers.mercado_data_provider | DEBUG | RTD: Detalhes completos registrados para BHIAR840 (Liquidez detectada)
src.infrastructure.providers.mercado_data_provider | DEBUG | RTD: Detalhes completos registrados para ASAIR960 (Liquidez detectada)
src.infrastructure.providers.mercado_data_provider | DEBUG | RTD: Detalhes completos registrados para ASAIR127 (Liquidez detectada)
src.infrastructure.providers.mercado_data_provider | DEBUG | RTD: Detalhes completos registrados para AXIAT550 (Liquidez detectada)
src.infrastructure.providers.mercado_data_provider | DEBUG | RTD: Detalhes completos registrados para AUAUR270 (Liquidez detectada)
src.infrastructure.providers.mercado_data_provider | DEBUG | RTD: Detalhes completos registrados para BMGBS461 (Liquidez detectada)
src.infrastructure.providers.mercado_data_provider | DEBUG | RTD: Detalhes completos registrados para BBSER420 (Liquidez detectada)
src.infrastructure.providers.mercado_data_provider | DEBUG | RTD: Detalhes completos registrados para B3SAR177 (Liquidez detectada)
src.infrastructure.providers.mercado_data_provider | DEBUG | RTD: Detalhes completos registrados para BBSER380 (Liquidez detectada)
src.infrastructure.providers.mercado_data_provider | DEBUG | RTD: Detalhes completos registrados para BHIAS350 (Liquidez detectada)
src.infrastructure.providers.mercado_data_provider | DEBUG | RTD: Detalhes completos registrados para ALOSU180 (Liquidez detectada)
src.infrastructure.providers.mercado_data_provider | DEBUG | RTD: Detalhes completos registrados para BEEFT385 (Liquidez detectada)
src.infrastructure.providers.mercado_data_provider | DEBUG | RTD: Detalhes completos registrados para BEEFS439 (Liquidez detectada)
src.infrastructure.providers.mercado_data_provider | DEBUG | RTD: Detalhes completos registrados para B3SAS186 (Liquidez detectada)
src.infrastructure.providers.mercado_data_provider | DEBUG | RTD: Detalhes completos registrados para BEEFU325 (Liquidez detectada)
src.infrastructure.providers.mercado_data_provider | DEBUG | RTD: Detalhes completos registrados para AXIAR725 (Liquidez detectada)
src.infrastructure.providers.mercado_data_provider | DEBUG | RTD: Detalhes completos registrados para BBSER392 (Liquidez detectada)
src.infrastructure.providers.mercado_data_provider | DEBUG | RTD: Detalhes completos registrados para ASAIR770 (Liquidez detectada)
src.infrastructure.providers.mercado_data_provider | DEBUG | RTD: Detalhes completos registrados para ALOSS337 (Liquidez detectada)
src.infrastructure.providers.mercado_data_provider | DEBUG | RTD: Detalhes completos registrados para ALUPS294 (Liquidez detectada)
src.infrastructure.providers.mercado_data_provider | DEBUG | RTD: Detalhes completos registrados para BOVAR130 (Liquidez detectada)
src.infrastructure.providers.mercado_data_provider | DEBUG | RTD: Detalhes completos registrados para AMARS800 (Liquidez detectada)
src.infrastructure.providers.mercado_data_provider | DEBUG | RTD: Detalhes completos registrados para AZZAR352 (Liquidez detectada)
src.infrastructure.providers.mercado_data_provider | DEBUG | RTD: Detalhes completos registrados para BHIAR320 (Liquidez detectada)
src.infrastructure.providers.mercado_data_provider | DEBUG | RTD: Detalhes completos registrados para B3SAR267 (Liquidez detectada)
src.infrastructure.providers.mercado_data_provider | DEBUG | RTD: Detalhes completos registrados para ALOSR269 (Liquidez detectada)
src.infrastructure.providers.mercado_data_provider | DEBUG | RTD: Detalhes completos registrados para ALOST294 (Liquidez detectada)
src.infrastructure.providers.mercado_data_provider | DEBUG | RTD: Detalhes completos registrados para AGROS22 (Liquidez detectada)
src.infrastructure.providers.mercado_data_provider | DEBUG | RTD: Detalhes completos registrados para ASAIU125 (Liquidez detectada)
src.infrastructure.providers.mercado_data_provider | DEBUG | RTD: Detalhes completos registrados para B3SAR237 (Liquidez detectada)
src.infrastructure.providers.mercado_data_provider | DEBUG | RTD: Detalhes completos registrados para AXIAV500 (Liquidez detectada)
src.infrastructure.providers.mercado_data_provider | DEBUG | RTD: Detalhes completos registrados para AZZAT110 (Liquidez detectada)
src.infrastructure.providers.mercado_data_provider | DEBUG | RTD: Detalhes completos registrados para AXIAT34 (Liquidez detectada)
src.infrastructure.providers.mercado_data_provider | DEBUG | RTD: Detalhes completos registrados para AXIAS675 (Liquidez detectada)
src.infrastructure.providers.mercado_data_provider | DEBUG | RTD: Detalhes completos registrados para ALOSS292 (Liquidez detectada)
src.infrastructure.providers.mercado_data_provider | DEBUG | RTD: Detalhes completos registrados para BHIAR12 (Liquidez detectada)
src.infrastructure.providers.mercado_data_provider | DEBUG | RTD: Detalhes completos registrados para BHIAS500 (Liquidez detectada)
src.infrastructure.providers.mercado_data_provider | DEBUG | RTD: Detalhes completos registrados para B3SAR215 (Liquidez detectada)
src.infrastructure.providers.mercado_data_provider | DEBUG | RTD: Detalhes completos registrados para BEEFR406 (Liquidez detectada)
src.infrastructure.providers.mercado_data_provider | DEBUG | RTD: Detalhes completos registrados para AXIAR524 (Liquidez detectada)
src.infrastructure.providers.mercado_data_provider | DEBUG | RTD: Detalhes completos registrados para ALOSR319 (Liquidez detectada)
src.infrastructure.providers.mercado_data_provider | DEBUG | RTD: Detalhes completos registrados para AZZAR272 (Liquidez detectada)
src.infrastructure.providers.mercado_data_provider | DEBUG | RTD: Detalhes completos registrados para ABEVU162 (Liquidez detectada)
src.infrastructure.providers.mercado_data_provider | DEBUG | RTD: Detalhes completos registrados para ABEVR209 (Liquidez detectada)
src.infrastructure.providers.mercado_data_provider | DEBUG | RTD: Detalhes completos registrados para AZZAW155 (Liquidez detectada)
src.infrastructure.providers.mercado_data_provider | DEBUG | RTD: Detalhes completos registrados para ALOSR357 (Liquidez detectada)
src.infrastructure.providers.mercado_data_provider | DEBUG | RTD: Detalhes completos registrados para B3SAS161 (Liquidez detectada)
src.infrastructure.providers.mercado_data_provider | DEBUG | RTD: Detalhes completos registrados para BEEFW511 (Liquidez detectada)
src.infrastructure.providers.mercado_data_provider | DEBUG | RTD: Detalhes completos registrados para AXIAR422 (Liquidez detectada)
src.infrastructure.providers.mercado_data_provider | DEBUG | RTD: Detalhes completos registrados para B3SAS206 (Liquidez detectada)
src.infrastructure.providers.mercado_data_provider | DEBUG | RTD: Detalhes completos registrados para BHIAR17 (Liquidez detectada)
src.infrastructure.providers.mercado_data_provider | DEBUG | RTD: Detalhes completos registrados para ANIMR315 (Liquidez detectada)
src.infrastructure.providers.mercado_data_provider | DEBUG | RTD: Detalhes completos registrados para AZZAT550 (Liquidez detectada)
src.infrastructure.providers.mercado_data_provider | DEBUG | RTD: Detalhes completos registrados para BBSEV371 (Liquidez detectada)
src.infrastructure.providers.mercado_data_provider | DEBUG | RTD: Detalhes completos registrados para BBSES229 (Liquidez detectada)
src.infrastructure.providers.mercado_data_provider | DEBUG | RTD: Detalhes completos registrados para BHIAW850 (Liquidez detectada)
src.infrastructure.providers.mercado_data_provider | DEBUG | RTD: Detalhes completos registrados para ALOSS319 (Liquidez detectada)
src.infrastructure.providers.mercado_data_provider | DEBUG | RTD: Detalhes completos registrados para ARMLW50 (Liquidez detectada)
src.infrastructure.providers.mercado_data_provider | DEBUG | RTD: Detalhes completos registrados para ABEVR184 (Liquidez detectada)
src.infrastructure.providers.mercado_data_provider | DEBUG | RTD: Detalhes completos registrados para ALPAR904 (Liquidez detectada)
src.infrastructure.providers.mercado_data_provider | DEBUG | RTD: Detalhes completos registrados para BLAUT120 (Liquidez detectada)
src.infrastructure.providers.mercado_data_provider | DEBUG | RTD: Detalhes completos registrados para AXIAU500 (Liquidez detectada)
src.infrastructure.providers.mercado_data_provider | DEBUG | RTD: Detalhes completos registrados para ANIMR475 (Liquidez detectada)
src.infrastructure.providers.mercado_data_provider | DEBUG | RTD: Detalhes completos registrados para AUAUS425 (Liquidez detectada)
src.infrastructure.providers.mercado_data_provider | DEBUG | RTD: Detalhes completos registrados para AXIAS720 (Liquidez detectada)
src.infrastructure.providers.mercado_data_provider | DEBUG | RTD: Detalhes completos registrados para BBSES354 (Liquidez detectada)
src.infrastructure.providers.mercado_data_provider | DEBUG | RTD: Detalhes completos registrados para B3SAR151 (Liquidez detectada)
src.infrastructure.providers.mercado_data_provider | DEBUG | RTD: Detalhes completos registrados para AXIAT534 (Liquidez detectada)
src.infrastructure.providers.mercado_data_provider | DEBUG | RTD: Detalhes completos registrados para BBSEU349 (Liquidez detectada)
src.infrastructure.providers.mercado_data_provider | DEBUG | RTD: Detalhes completos registrados para AUAUS255 (Liquidez detectada)
src.infrastructure.providers.mercado_data_provider | DEBUG | RTD: Detalhes completos registrados para BBSER391 (Liquidez detectada)
src.infrastructure.providers.mercado_data_provider | DEBUG | RTD: Detalhes completos registrados para BOVAR187 (Liquidez detectada)
src.infrastructure.providers.mercado_data_provider | DEBUG | RTD: Detalhes completos registrados para AXIAS695 (Liquidez detectada)
src.infrastructure.providers.mercado_data_provider | DEBUG | RTD: Detalhes completos registrados para B3SAV171 (Liquidez detectada)
src.infrastructure.providers.mercado_data_provider | INFO | Varredura (Fast): 17491 monitored, 315 with book in 8.19s
src.infrastructure.providers.mercado_data_provider | INFO | RTD: Lote Onda 1 18000/44976 (Registros: 1997) em 14.01s.
src.infrastructure.providers.mercado_data_provider | DEBUG | RTD: Detalhes completos registrados para ALUPS359 (Liquidez detectada)
src.infrastructure.providers.mercado_data_provider | DEBUG | RTD: Detalhes completos registrados para ALPAT644 (Liquidez detectada)
src.infrastructure.providers.mercado_data_provider | DEBUG | RTD: Detalhes completos registrados para BMGBU472 (Liquidez detectada)
src.infrastructure.providers.mercado_data_provider | DEBUG | RTD: Detalhes completos registrados para AXIAT59 (Liquidez detectada)
src.infrastructure.providers.mercado_data_provider | DEBUG | RTD: Detalhes completos registrados para AGROR222 (Liquidez detectada)
src.infrastructure.providers.mercado_data_provider | DEBUG | RTD: Detalhes completos registrados para BHIAW300 (Liquidez detectada)
src.infrastructure.providers.mercado_data_provider | DEBUG | RTD: Detalhes completos registrados para BBSER336 (Liquidez detectada)
src.infrastructure.providers.mercado_data_provider | DEBUG | RTD: Detalhes completos registrados para B3SAS213 (Liquidez detectada)
src.infrastructure.providers.mercado_data_provider | DEBUG | RTD: Detalhes completos registrados para AXIAS710 (Liquidez detectada)
src.infrastructure.providers.mercado_data_provider | DEBUG | RTD: Detalhes completos registrados para AUAUR300 (Liquidez detectada)
src.infrastructure.providers.mercado_data_provider | DEBUG | RTD: Detalhes completos registrados para BEEFR596 (Liquidez detectada)
src.infrastructure.providers.mercado_data_provider | DEBUG | RTD: Detalhes completos registrados para AGROT182 (Liquidez detectada)
src.infrastructure.providers.mercado_data_provider | DEBUG | RTD: Detalhes completos registrados para BEEFS466 (Liquidez detectada)
src.infrastructure.providers.mercado_data_provider | DEBUG | RTD: Detalhes completos registrados para AUAUV771 (Liquidez detectada)
src.infrastructure.providers.mercado_data_provider | DEBUG | RTD: Detalhes completos registrados para BEEFT660 (Liquidez detectada)
src.infrastructure.providers.mercado_data_provider | DEBUG | RTD: Detalhes completos registrados para ANIMR355 (Liquidez detectada)
src.infrastructure.providers.mercado_data_provider | DEBUG | RTD: Detalhes completos registrados para BEEFS464 (Liquidez detectada)
src.infrastructure.providers.mercado_data_provider | DEBUG | RTD: Detalhes completos registrados para AXIAR45 (Liquidez detectada)
src.infrastructure.providers.mercado_data_provider | DEBUG | RTD: Detalhes completos registrados para ALOST296 (Liquidez detectada)
src.infrastructure.providers.mercado_data_provider | DEBUG | RTD: Detalhes completos registrados para AXIAS685 (Liquidez detectada)
src.infrastructure.providers.mercado_data_provider | DEBUG | RTD: Detalhes completos registrados para AXIAT805 (Liquidez detectada)
src.infrastructure.providers.mercado_data_provider | DEBUG | RTD: Detalhes completos registrados para AZZAR242 (Liquidez detectada)
src.infrastructure.providers.mercado_data_provider | DEBUG | RTD: Detalhes completos registrados para B3SAV100 (Liquidez detectada)
src.infrastructure.providers.mercado_data_provider | DEBUG | RTD: Detalhes completos registrados para BMGBU552 (Liquidez detectada)
src.infrastructure.providers.mercado_data_provider | DEBUG | RTD: Detalhes completos registrados para BBSER331 (Liquidez detectada)
src.infrastructure.providers.mercado_data_provider | DEBUG | RTD: Detalhes completos registrados para ABEVS120 (Liquidez detectada)
src.infrastructure.providers.mercado_data_provider | DEBUG | RTD: Detalhes completos registrados para BLAUR110 (Liquidez detectada)
src.infrastructure.providers.mercado_data_provider | DEBUG | RTD: Detalhes completos registrados para AUREU80 (Liquidez detectada)
src.infrastructure.providers.mercado_data_provider | DEBUG | RTD: Detalhes completos registrados para BHIAR250 (Liquidez detectada)
src.infrastructure.providers.mercado_data_provider | DEBUG | RTD: Detalhes completos registrados para AZZAS265 (Liquidez detectada)
src.infrastructure.providers.mercado_data_provider | DEBUG | RTD: Detalhes completos registrados para AUAUR250 (Liquidez detectada)
src.infrastructure.providers.mercado_data_provider | DEBUG | RTD: Detalhes completos registrados para AXIAR570 (Liquidez detectada)
src.infrastructure.providers.mercado_data_provider | DEBUG | RTD: Detalhes completos registrados para AUAUS380 (Liquidez detectada)
src.infrastructure.providers.mercado_data_provider | DEBUG | RTD: Detalhes completos registrados para AUAUS345 (Liquidez detectada)
src.infrastructure.providers.mercado_data_provider | DEBUG | RTD: Detalhes completos registrados para AXIAU514 (Liquidez detectada)
src.infrastructure.providers.mercado_data_provider | DEBUG | RTD: Detalhes completos registrados para AXIAR53 (Liquidez detectada)
src.infrastructure.providers.mercado_data_provider | DEBUG | RTD: Detalhes completos registrados para B3SAT126 (Liquidez detectada)
src.infrastructure.providers.mercado_data_provider | DEBUG | RTD: Detalhes completos registrados para ABEVR156 (Liquidez detectada)
src.infrastructure.providers.mercado_data_provider | DEBUG | RTD: Detalhes completos registrados para ANIMR465 (Liquidez detectada)
src.infrastructure.providers.mercado_data_provider | DEBUG | RTD: Detalhes completos registrados para BMGBR550 (Liquidez detectada)
src.infrastructure.providers.mercado_data_provider | DEBUG | RTD: Detalhes completos registrados para ALOSS324 (Liquidez detectada)
src.infrastructure.providers.mercado_data_provider | DEBUG | RTD: Detalhes completos registrados para AXIAT645 (Liquidez detectada)
src.infrastructure.providers.mercado_data_provider | DEBUG | RTD: Detalhes completos registrados para BBSER366 (Liquidez detectada)
src.infrastructure.providers.mercado_data_provider | DEBUG | RTD: Detalhes completos registrados para BBSES296 (Liquidez detectada)
src.infrastructure.providers.mercado_data_provider | DEBUG | RTD: Detalhes completos registrados para BBSER393 (Liquidez detectada)
src.infrastructure.providers.mercado_data_provider | DEBUG | RTD: Detalhes completos registrados para BEEFV854 (Liquidez detectada)
src.infrastructure.providers.mercado_data_provider | DEBUG | RTD: Detalhes completos registrados para BOVAT255 (Liquidez detectada)
src.infrastructure.providers.mercado_data_provider | DEBUG | RTD: Detalhes completos registrados para ARMLR463 (Liquidez detectada)
src.infrastructure.providers.mercado_data_provider | DEBUG | RTD: Detalhes completos registrados para AZZAR287 (Liquidez detectada)
src.infrastructure.providers.mercado_data_provider | DEBUG | RTD: Detalhes completos registrados para AXIAR70 (Liquidez detectada)
src.infrastructure.providers.mercado_data_provider | DEBUG | RTD: Detalhes completos registrados para AZZAT162 (Liquidez detectada)
src.infrastructure.providers.mercado_data_provider | DEBUG | RTD: Detalhes completos registrados para ALOSS347 (Liquidez detectada)
src.infrastructure.providers.mercado_data_provider | DEBUG | RTD: Detalhes completos registrados para BHIAR640 (Liquidez detectada)
src.infrastructure.providers.mercado_data_provider | DEBUG | RTD: Detalhes completos registrados para BHIAT100 (Liquidez detectada)
src.infrastructure.providers.mercado_data_provider | DEBUG | RTD: Detalhes completos registrados para BHIAR18 (Liquidez detectada)
src.infrastructure.providers.mercado_data_provider | DEBUG | RTD: Detalhes completos registrados para B3SAR202 (Liquidez detectada)
src.infrastructure.providers.mercado_data_provider | DEBUG | RTD: Detalhes completos registrados para BEEFR431 (Liquidez detectada)
src.infrastructure.providers.mercado_data_provider | DEBUG | RTD: Detalhes completos registrados para ASAIR115 (Liquidez detectada)
src.infrastructure.providers.mercado_data_provider | DEBUG | RTD: Detalhes completos registrados para ALOSS295 (Liquidez detectada)
src.infrastructure.providers.mercado_data_provider | DEBUG | RTD: Detalhes completos registrados para ASAIS117 (Liquidez detectada)
src.infrastructure.providers.mercado_data_provider | DEBUG | RTD: Detalhes completos registrados para BEEFS374 (Liquidez detectada)
src.infrastructure.providers.mercado_data_provider | DEBUG | RTD: Detalhes completos registrados para AZZAU240 (Liquidez detectada)
src.infrastructure.providers.mercado_data_provider | DEBUG | RTD: Detalhes completos registrados para BPACS357 (Liquidez detectada)
src.infrastructure.providers.mercado_data_provider | DEBUG | RTD: Detalhes completos registrados para AUAUR175 (Liquidez detectada)
src.infrastructure.providers.mercado_data_provider | DEBUG | RTD: Detalhes completos registrados para AXIAT575 (Liquidez detectada)
src.infrastructure.providers.mercado_data_provider | DEBUG | RTD: Detalhes completos registrados para BHIAS80 (Liquidez detectada)
src.infrastructure.providers.mercado_data_provider | DEBUG | RTD: Detalhes completos registrados para BBSES326 (Liquidez detectada)
src.infrastructure.providers.mercado_data_provider | DEBUG | RTD: Detalhes completos registrados para BBSER370 (Liquidez detectada)
src.infrastructure.providers.mercado_data_provider | DEBUG | RTD: Detalhes completos registrados para AXIAS510 (Liquidez detectada)
src.infrastructure.providers.mercado_data_provider | DEBUG | RTD: Detalhes completos registrados para B3SAR312 (Liquidez detectada)
src.infrastructure.providers.mercado_data_provider | DEBUG | RTD: Detalhes completos registrados para AXIAR69 (Liquidez detectada)
src.infrastructure.providers.mercado_data_provider | DEBUG | RTD: Detalhes completos registrados para AXIAT680 (Liquidez detectada)
src.infrastructure.providers.mercado_data_provider | DEBUG | RTD: Detalhes completos registrados para AXIAW370 (Liquidez detectada)
src.infrastructure.providers.mercado_data_provider | DEBUG | RTD: Detalhes completos registrados para AXIAT35 (Liquidez detectada)
src.infrastructure.providers.mercado_data_provider | DEBUG | RTD: Detalhes completos registrados para AZZAR307 (Liquidez detectada)
src.infrastructure.providers.mercado_data_provider | DEBUG | RTD: Detalhes completos registrados para BOVVV167 (Liquidez detectada)
src.infrastructure.providers.mercado_data_provider | DEBUG | RTD: Detalhes completos registrados para AXIAS355 (Liquidez detectada)
src.infrastructure.providers.mercado_data_provider | DEBUG | RTD: Detalhes completos registrados para AZZAR697 (Liquidez detectada)
src.infrastructure.providers.mercado_data_provider | DEBUG | RTD: Detalhes completos registrados para AXIAS625 (Liquidez detectada)
src.infrastructure.providers.mercado_data_provider | DEBUG | RTD: Detalhes completos registrados para AUAUS270 (Liquidez detectada)
src.infrastructure.providers.mercado_data_provider | DEBUG | RTD: Detalhes completos registrados para AXIAT60 (Liquidez detectada)
src.infrastructure.providers.mercado_data_provider | DEBUG | RTD: Detalhes completos registrados para BBSER341 (Liquidez detectada)
src.infrastructure.providers.mercado_data_provider | DEBUG | RTD: Detalhes completos registrados para BLAUR100 (Liquidez detectada)
src.infrastructure.providers.mercado_data_provider | DEBUG | RTD: Detalhes completos registrados para AXIAR565 (Liquidez detectada)
src.infrastructure.providers.mercado_data_provider | DEBUG | RTD: Detalhes completos registrados para AURER107 (Liquidez detectada)
src.infrastructure.providers.mercado_data_provider | DEBUG | RTD: Detalhes completos registrados para B3SAU237 (Liquidez detectada)
src.infrastructure.providers.mercado_data_provider | DEBUG | RTD: Detalhes completos registrados para AZZAT650 (Liquidez detectada)
src.infrastructure.providers.mercado_data_provider | DEBUG | RTD: Detalhes completos registrados para AZZAR262 (Liquidez detectada)
src.infrastructure.providers.mercado_data_provider | DEBUG | RTD: Detalhes completos registrados para BBSES374 (Liquidez detectada)
src.infrastructure.providers.mercado_data_provider | DEBUG | RTD: Detalhes completos registrados para B3SAS228 (Liquidez detectada)
src.infrastructure.providers.mercado_data_provider | DEBUG | RTD: Detalhes completos registrados para AURAR140 (Liquidez detectada)
src.infrastructure.providers.mercado_data_provider | DEBUG | RTD: Detalhes completos registrados para AXIAS350 (Liquidez detectada)
src.infrastructure.providers.mercado_data_provider | DEBUG | RTD: Detalhes completos registrados para AXIAS610 (Liquidez detectada)
src.infrastructure.providers.mercado_data_provider | DEBUG | RTD: Detalhes completos registrados para ALOSS26 (Liquidez detectada)
src.infrastructure.providers.mercado_data_provider | DEBUG | RTD: Detalhes completos registrados para AXIAR50 (Liquidez detectada)
src.infrastructure.providers.mercado_data_provider | DEBUG | RTD: Detalhes completos registrados para BPACR438 (Liquidez detectada)
src.infrastructure.providers.mercado_data_provider | DEBUG | RTD: Detalhes completos registrados para AXIAS64 (Liquidez detectada)
src.infrastructure.providers.mercado_data_provider | DEBUG | RTD: Detalhes completos registrados para AXIAS60 (Liquidez detectada)
src.infrastructure.providers.mercado_data_provider | DEBUG | RTD: Detalhes completos registrados para AZZAU306 (Liquidez detectada)
src.infrastructure.providers.mercado_data_provider | DEBUG | RTD: Detalhes completos registrados para BBSET36 (Liquidez detectada)
src.infrastructure.providers.mercado_data_provider | DEBUG | RTD: Detalhes completos registrados para AXIAS500 (Liquidez detectada)
src.infrastructure.providers.mercado_data_provider | DEBUG | RTD: Detalhes completos registrados para BEEFS496 (Liquidez detectada)
src.infrastructure.providers.mercado_data_provider | DEBUG | RTD: Detalhes completos registrados para ASAIS440 (Liquidez detectada)
src.infrastructure.providers.mercado_data_provider | DEBUG | RTD: Detalhes completos registrados para B3SAT192 (Liquidez detectada)
src.infrastructure.providers.mercado_data_provider | DEBUG | RTD: Detalhes completos registrados para ABEVU138 (Liquidez detectada)
src.infrastructure.providers.mercado_data_provider | DEBUG | RTD: Detalhes completos registrados para AXIAS650 (Liquidez detectada)
src.infrastructure.providers.mercado_data_provider | DEBUG | RTD: Detalhes completos registrados para AXIAW57 (Liquidez detectada)
src.infrastructure.providers.mercado_data_provider | DEBUG | RTD: Detalhes completos registrados para ASAIV60 (Liquidez detectada)
src.infrastructure.providers.mercado_data_provider | DEBUG | RTD: Detalhes completos registrados para AXIAT484 (Liquidez detectada)
src.infrastructure.providers.mercado_data_provider | DEBUG | RTD: Detalhes completos registrados para ALOSR310 (Liquidez detectada)
src.infrastructure.providers.mercado_data_provider | DEBUG | RTD: Detalhes completos registrados para BBSER425 (Liquidez detectada)
src.infrastructure.providers.mercado_data_provider | DEBUG | RTD: Detalhes completos registrados para AZZAT470 (Liquidez detectada)
src.infrastructure.providers.mercado_data_provider | DEBUG | RTD: Detalhes completos registrados para AURER117 (Liquidez detectada)
src.infrastructure.providers.mercado_data_provider | DEBUG | RTD: Detalhes completos registrados para BBSES314 (Liquidez detectada)
src.infrastructure.providers.mercado_data_provider | DEBUG | RTD: Detalhes completos registrados para ANIMS297 (Liquidez detectada)
src.infrastructure.providers.mercado_data_provider | DEBUG | RTD: Detalhes completos registrados para BBSEW491 (Liquidez detectada)
src.infrastructure.providers.mercado_data_provider | DEBUG | RTD: Detalhes completos registrados para AZZAS180 (Liquidez detectada)
src.infrastructure.providers.mercado_data_provider | DEBUG | RTD: Detalhes completos registrados para B3SAR195 (Liquidez detectada)
src.infrastructure.providers.mercado_data_provider | DEBUG | RTD: Detalhes completos registrados para ASAIS112 (Liquidez detectada)
src.infrastructure.providers.mercado_data_provider | DEBUG | RTD: Detalhes completos registrados para ALOSR312 (Liquidez detectada)
src.infrastructure.providers.mercado_data_provider | DEBUG | RTD: Detalhes completos registrados para BOVAS53 (Liquidez detectada)
src.infrastructure.providers.mercado_data_provider | DEBUG | RTD: Detalhes completos registrados para BOVAR154 (Liquidez detectada)
src.infrastructure.providers.mercado_data_provider | DEBUG | RTD: Detalhes completos registrados para ARMLR323 (Liquidez detectada)
src.infrastructure.providers.mercado_data_provider | DEBUG | RTD: Detalhes completos registrados para AXIAU564 (Liquidez detectada)
src.infrastructure.providers.mercado_data_provider | DEBUG | RTD: Detalhes completos registrados para AXIAT230 (Liquidez detectada)
src.infrastructure.providers.mercado_data_provider | INFO | Varredura (Fast): 19488 monitored, 393 with book in 1.94s
src.infrastructure.providers.mercado_data_provider | INFO | RTD: Lote Onda 1 20000/44976 (Registros: 1973) em 10.65s.
src.infrastructure.providers.mercado_data_provider | DEBUG | RTD: Detalhes completos registrados para ENEVS245 (Liquidez detectada)
src.infrastructure.providers.mercado_data_provider | DEBUG | RTD: Detalhes completos registrados para GGBRS250 (Liquidez detectada)
src.infrastructure.providers.mercado_data_provider | DEBUG | RTD: Detalhes completos registrados para ECORR117 (Liquidez detectada)
src.infrastructure.providers.mercado_data_provider | DEBUG | RTD: Detalhes completos registrados para CYRET298 (Liquidez detectada)
src.infrastructure.providers.mercado_data_provider | DEBUG | RTD: Detalhes completos registrados para DIRRS988 (Liquidez detectada)
src.infrastructure.providers.mercado_data_provider | DEBUG | RTD: Detalhes completos registrados para EGIER262 (Liquidez detectada)
src.infrastructure.providers.mercado_data_provider | DEBUG | RTD: Detalhes completos registrados para DASAW100 (Liquidez detectada)
src.infrastructure.providers.mercado_data_provider | DEBUG | RTD: Detalhes completos registrados para CPLES147 (Liquidez detectada)
src.infrastructure.providers.mercado_data_provider | DEBUG | RTD: Detalhes completos registrados para ECORS974 (Liquidez detectada)
src.infrastructure.providers.mercado_data_provider | DEBUG | RTD: Detalhes completos registrados para CMIGR974 (Liquidez detectada)
src.infrastructure.providers.mercado_data_provider | DEBUG | RTD: Detalhes completos registrados para BRAPS194 (Liquidez detectada)
src.infrastructure.providers.mercado_data_provider | DEBUG | RTD: Detalhes completos registrados para CSANS560 (Liquidez detectada)
src.infrastructure.providers.mercado_data_provider | DEBUG | RTD: Detalhes completos registrados para BRKMR135 (Liquidez detectada)
src.infrastructure.providers.mercado_data_provider | DEBUG | RTD: Detalhes completos registrados para CMINW451 (Liquidez detectada)
src.infrastructure.providers.mercado_data_provider | DEBUG | RTD: Detalhes completos registrados para CMIGV100 (Liquidez detectada)
src.infrastructure.providers.mercado_data_provider | DEBUG | RTD: Detalhes completos registrados para GGBRR249 (Liquidez detectada)
src.infrastructure.providers.mercado_data_provider | DEBUG | RTD: Detalhes completos registrados para BPACU541 (Liquidez detectada)
src.infrastructure.providers.mercado_data_provider | DEBUG | RTD: Detalhes completos registrados para ENGIR448 (Liquidez detectada)
src.infrastructure.providers.mercado_data_provider | DEBUG | RTD: Detalhes completos registrados para BPACS474 (Liquidez detectada)
src.infrastructure.providers.mercado_data_provider | DEBUG | RTD: Detalhes completos registrados para COGNW2 (Liquidez detectada)
src.infrastructure.providers.mercado_data_provider | DEBUG | RTD: Detalhes completos registrados para CMIGS111 (Liquidez detectada)
src.infrastructure.providers.mercado_data_provider | DEBUG | RTD: Detalhes completos registrados para ENEVS240 (Liquidez detectada)
src.infrastructure.providers.mercado_data_provider | DEBUG | RTD: Detalhes completos registrados para EGIER329 (Liquidez detectada)
src.infrastructure.providers.mercado_data_provider | DEBUG | RTD: Detalhes completos registrados para CEABR113 (Liquidez detectada)
src.infrastructure.providers.mercado_data_provider | DEBUG | RTD: Detalhes completos registrados para BPACS546 (Liquidez detectada)
src.infrastructure.providers.mercado_data_provider | DEBUG | RTD: Detalhes completos registrados para GGBRS222 (Liquidez detectada)
src.infrastructure.providers.mercado_data_provider | DEBUG | RTD: Detalhes completos registrados para CSANS760 (Liquidez detectada)
src.infrastructure.providers.mercado_data_provider | DEBUG | RTD: Detalhes completos registrados para BRAPR197 (Liquidez detectada)
src.infrastructure.providers.mercado_data_provider | DEBUG | RTD: Detalhes completos registrados para CPLEV175 (Liquidez detectada)
src.infrastructure.providers.mercado_data_provider | DEBUG | RTD: Detalhes completos registrados para GGBRW198 (Liquidez detectada)
src.infrastructure.providers.mercado_data_provider | DEBUG | RTD: Detalhes completos registrados para BRAVR195 (Liquidez detectada)
src.infrastructure.providers.mercado_data_provider | DEBUG | RTD: Detalhes completos registrados para CMIGR120 (Liquidez detectada)
src.infrastructure.providers.mercado_data_provider | DEBUG | RTD: Detalhes completos registrados para BRKMU570 (Liquidez detectada)
src.infrastructure.providers.mercado_data_provider | DEBUG | RTD: Detalhes completos registrados para CSMGR275 (Liquidez detectada)
src.infrastructure.providers.mercado_data_provider | DEBUG | RTD: Detalhes completos registrados para COGNW300 (Liquidez detectada)
src.infrastructure.providers.mercado_data_provider | DEBUG | RTD: Detalhes completos registrados para COGNW3 (Liquidez detectada)
src.infrastructure.providers.mercado_data_provider | DEBUG | RTD: Detalhes completos registrados para BRKMW690 (Liquidez detectada)
src.infrastructure.providers.mercado_data_provider | DEBUG | RTD: Detalhes completos registrados para EMBJR111 (Liquidez detectada)
src.infrastructure.providers.mercado_data_provider | DEBUG | RTD: Detalhes completos registrados para GGBRV212 (Liquidez detectada)
src.infrastructure.providers.mercado_data_provider | DEBUG | RTD: Detalhes completos registrados para GGBRS196 (Liquidez detectada)
src.infrastructure.providers.mercado_data_provider | DEBUG | RTD: Detalhes completos registrados para ENEVR262 (Liquidez detectada)
src.infrastructure.providers.mercado_data_provider | DEBUG | RTD: Detalhes completos registrados para CSANS32 (Liquidez detectada)
src.infrastructure.providers.mercado_data_provider | DEBUG | RTD: Detalhes completos registrados para GGBRR202 (Liquidez detectada)
src.infrastructure.providers.mercado_data_provider | DEBUG | RTD: Detalhes completos registrados para ENEVR230 (Liquidez detectada)
src.infrastructure.providers.mercado_data_provider | DEBUG | RTD: Detalhes completos registrados para BRAPS196 (Liquidez detectada)
src.infrastructure.providers.mercado_data_provider | DEBUG | RTD: Detalhes completos registrados para CMINS395 (Liquidez detectada)
src.infrastructure.providers.mercado_data_provider | DEBUG | RTD: Detalhes completos registrados para GGBRS307 (Liquidez detectada)
src.infrastructure.providers.mercado_data_provider | DEBUG | RTD: Detalhes completos registrados para BPACS521 (Liquidez detectada)
src.infrastructure.providers.mercado_data_provider | DEBUG | RTD: Detalhes completos registrados para ENEVR215 (Liquidez detectada)
src.infrastructure.providers.mercado_data_provider | DEBUG | RTD: Detalhes completos registrados para CMIGR928 (Liquidez detectada)
src.infrastructure.providers.mercado_data_provider | DEBUG | RTD: Detalhes completos registrados para EQTLT377 (Liquidez detectada)
src.infrastructure.providers.mercado_data_provider | DEBUG | RTD: Detalhes completos registrados para GGBRT247 (Liquidez detectada)
src.infrastructure.providers.mercado_data_provider | DEBUG | RTD: Detalhes completos registrados para CSMGS405 (Liquidez detectada)
src.infrastructure.providers.mercado_data_provider | DEBUG | RTD: Detalhes completos registrados para EGIES35 (Liquidez detectada)
src.infrastructure.providers.mercado_data_provider | DEBUG | RTD: Detalhes completos registrados para CMINV700 (Liquidez detectada)
src.infrastructure.providers.mercado_data_provider | DEBUG | RTD: Detalhes completos registrados para CYRET271 (Liquidez detectada)
src.infrastructure.providers.mercado_data_provider | DEBUG | RTD: Detalhes completos registrados para CMIGS132 (Liquidez detectada)
src.infrastructure.providers.mercado_data_provider | DEBUG | RTD: Detalhes completos registrados para EMBJR998 (Liquidez detectada)
src.infrastructure.providers.mercado_data_provider | DEBUG | RTD: Detalhes completos registrados para BPACV111 (Liquidez detectada)
src.infrastructure.providers.mercado_data_provider | DEBUG | RTD: Detalhes completos registrados para GGBRR197 (Liquidez detectada)
src.infrastructure.providers.mercado_data_provider | DEBUG | RTD: Detalhes completos registrados para GGBRS227 (Liquidez detectada)
src.infrastructure.providers.mercado_data_provider | DEBUG | RTD: Detalhes completos registrados para BPACW537 (Liquidez detectada)
src.infrastructure.providers.mercado_data_provider | DEBUG | RTD: Detalhes completos registrados para COGNV293 (Liquidez detectada)
src.infrastructure.providers.mercado_data_provider | DEBUG | RTD: Detalhes completos registrados para BPACR590 (Liquidez detectada)
src.infrastructure.providers.mercado_data_provider | DEBUG | RTD: Detalhes completos registrados para CSMGR120 (Liquidez detectada)
src.infrastructure.providers.mercado_data_provider | DEBUG | RTD: Detalhes completos registrados para CYRER260 (Liquidez detectada)
src.infrastructure.providers.mercado_data_provider | DEBUG | RTD: Detalhes completos registrados para EMBJR133 (Liquidez detectada)
src.infrastructure.providers.mercado_data_provider | DEBUG | RTD: Detalhes completos registrados para CSMGS290 (Liquidez detectada)
src.infrastructure.providers.mercado_data_provider | DEBUG | RTD: Detalhes completos registrados para CVCBS175 (Liquidez detectada)
src.infrastructure.providers.mercado_data_provider | DEBUG | RTD: Detalhes completos registrados para CYRER203 (Liquidez detectada)
src.infrastructure.providers.mercado_data_provider | DEBUG | RTD: Detalhes completos registrados para CMIGT817 (Liquidez detectada)
src.infrastructure.providers.mercado_data_provider | DEBUG | RTD: Detalhes completos registrados para BPACS499 (Liquidez detectada)
src.infrastructure.providers.mercado_data_provider | DEBUG | RTD: Detalhes completos registrados para CSANR495 (Liquidez detectada)
src.infrastructure.providers.mercado_data_provider | DEBUG | RTD: Detalhes completos registrados para CYRER340 (Liquidez detectada)
src.infrastructure.providers.mercado_data_provider | DEBUG | RTD: Detalhes completos registrados para CYRES264 (Liquidez detectada)
src.infrastructure.providers.mercado_data_provider | DEBUG | RTD: Detalhes completos registrados para BRAVW176 (Liquidez detectada)
src.infrastructure.providers.mercado_data_provider | DEBUG | RTD: Detalhes completos registrados para CYRES367 (Liquidez detectada)
src.infrastructure.providers.mercado_data_provider | DEBUG | RTD: Detalhes completos registrados para CSNAS500 (Liquidez detectada)
src.infrastructure.providers.mercado_data_provider | DEBUG | RTD: Detalhes completos registrados para CMIGR1 (Liquidez detectada)
src.infrastructure.providers.mercado_data_provider | DEBUG | RTD: Detalhes completos registrados para GGBRR171 (Liquidez detectada)
src.infrastructure.providers.mercado_data_provider | DEBUG | RTD: Detalhes completos registrados para EMBJR101 (Liquidez detectada)
src.infrastructure.providers.mercado_data_provider | DEBUG | RTD: Detalhes completos registrados para BPACT540 (Liquidez detectada)
src.infrastructure.providers.mercado_data_provider | DEBUG | RTD: Detalhes completos registrados para EMBJR863 (Liquidez detectada)
src.infrastructure.providers.mercado_data_provider | DEBUG | RTD: Detalhes completos registrados para BPACT650 (Liquidez detectada)
src.infrastructure.providers.mercado_data_provider | DEBUG | RTD: Detalhes completos registrados para COGNU290 (Liquidez detectada)
src.infrastructure.providers.mercado_data_provider | DEBUG | RTD: Detalhes completos registrados para CSANT520 (Liquidez detectada)
src.infrastructure.providers.mercado_data_provider | DEBUG | RTD: Detalhes completos registrados para CSMGR280 (Liquidez detectada)
src.infrastructure.providers.mercado_data_provider | DEBUG | RTD: Detalhes completos registrados para BPACW517 (Liquidez detectada)
src.infrastructure.providers.mercado_data_provider | DEBUG | RTD: Detalhes completos registrados para EGIER267 (Liquidez detectada)
src.infrastructure.providers.mercado_data_provider | DEBUG | RTD: Detalhes completos registrados para GGBRU203 (Liquidez detectada)
src.infrastructure.providers.mercado_data_provider | DEBUG | RTD: Detalhes completos registrados para CYRET338 (Liquidez detectada)
src.infrastructure.providers.mercado_data_provider | DEBUG | RTD: Detalhes completos registrados para CSMGR250 (Liquidez detectada)
src.infrastructure.providers.mercado_data_provider | DEBUG | RTD: Detalhes completos registrados para DXCOS645 (Liquidez detectada)
src.infrastructure.providers.mercado_data_provider | DEBUG | RTD: Detalhes completos registrados para CPLER164 (Liquidez detectada)
src.infrastructure.providers.mercado_data_provider | DEBUG | RTD: Detalhes completos registrados para BRAPR217 (Liquidez detectada)
src.infrastructure.providers.mercado_data_provider | DEBUG | RTD: Detalhes completos registrados para ENEVR162 (Liquidez detectada)
src.infrastructure.providers.mercado_data_provider | DEBUG | RTD: Detalhes completos registrados para COGNS318 (Liquidez detectada)
src.infrastructure.providers.mercado_data_provider | DEBUG | RTD: Detalhes completos registrados para CYRES339 (Liquidez detectada)
src.infrastructure.providers.mercado_data_provider | DEBUG | RTD: Detalhes completos registrados para FLRYT167 (Liquidez detectada)
src.infrastructure.providers.mercado_data_provider | DEBUG | RTD: Detalhes completos registrados para ENEVW247 (Liquidez detectada)
src.infrastructure.providers.mercado_data_provider | DEBUG | RTD: Detalhes completos registrados para FESAR698 (Liquidez detectada)
src.infrastructure.providers.mercado_data_provider | DEBUG | RTD: Detalhes completos registrados para CSMGW520 (Liquidez detectada)
src.infrastructure.providers.mercado_data_provider | DEBUG | RTD: Detalhes completos registrados para ECORS102 (Liquidez detectada)
src.infrastructure.providers.mercado_data_provider | DEBUG | RTD: Detalhes completos registrados para CVCBS180 (Liquidez detectada)
src.infrastructure.providers.mercado_data_provider | DEBUG | RTD: Detalhes completos registrados para BRSRT189 (Liquidez detectada)
src.infrastructure.providers.mercado_data_provider | DEBUG | RTD: Detalhes completos registrados para CYRES269 (Liquidez detectada)
src.infrastructure.providers.mercado_data_provider | DEBUG | RTD: Detalhes completos registrados para BRAVR197 (Liquidez detectada)
src.infrastructure.providers.mercado_data_provider | DEBUG | RTD: Detalhes completos registrados para BRKMR920 (Liquidez detectada)
src.infrastructure.providers.mercado_data_provider | DEBUG | RTD: Detalhes completos registrados para BRKMR500 (Liquidez detectada)
src.infrastructure.providers.mercado_data_provider | DEBUG | RTD: Detalhes completos registrados para BRAPR182 (Liquidez detectada)
src.infrastructure.providers.mercado_data_provider | DEBUG | RTD: Detalhes completos registrados para BPACT505 (Liquidez detectada)
src.infrastructure.providers.mercado_data_provider | DEBUG | RTD: Detalhes completos registrados para CMIGR808 (Liquidez detectada)
src.infrastructure.providers.mercado_data_provider | DEBUG | RTD: Detalhes completos registrados para CSMGT234 (Liquidez detectada)
src.infrastructure.providers.mercado_data_provider | DEBUG | RTD: Detalhes completos registrados para CSMGW618 (Liquidez detectada)
src.infrastructure.providers.mercado_data_provider | DEBUG | RTD: Detalhes completos registrados para CSANR145 (Liquidez detectada)
src.infrastructure.providers.mercado_data_provider | DEBUG | RTD: Detalhes completos registrados para CMIGR968 (Liquidez detectada)
src.infrastructure.providers.mercado_data_provider | DEBUG | RTD: Detalhes completos registrados para CSANR730 (Liquidez detectada)
src.infrastructure.providers.mercado_data_provider | DEBUG | RTD: Detalhes completos registrados para BPACS536 (Liquidez detectada)
src.infrastructure.providers.mercado_data_provider | DEBUG | RTD: Detalhes completos registrados para CMIGS107 (Liquidez detectada)
src.infrastructure.providers.mercado_data_provider | DEBUG | RTD: Detalhes completos registrados para CMIGT944 (Liquidez detectada)
src.infrastructure.providers.mercado_data_provider | DEBUG | RTD: Detalhes completos registrados para CSMGR245 (Liquidez detectada)
src.infrastructure.providers.mercado_data_provider | DEBUG | RTD: Detalhes completos registrados para FESAW80 (Liquidez detectada)
src.infrastructure.providers.mercado_data_provider | DEBUG | RTD: Detalhes completos registrados para CMIGT964 (Liquidez detectada)
src.infrastructure.providers.mercado_data_provider | DEBUG | RTD: Detalhes completos registrados para EGIES292 (Liquidez detectada)
src.infrastructure.providers.mercado_data_provider | DEBUG | RTD: Detalhes completos registrados para GGBRT195 (Liquidez detectada)
src.infrastructure.providers.mercado_data_provider | DEBUG | RTD: Detalhes completos registrados para DIRRS103 (Liquidez detectada)
src.infrastructure.providers.mercado_data_provider | DEBUG | RTD: Detalhes completos registrados para CSMGT224 (Liquidez detectada)
src.infrastructure.providers.mercado_data_provider | DEBUG | RTD: Detalhes completos registrados para CSMGS510 (Liquidez detectada)
src.infrastructure.providers.mercado_data_provider | DEBUG | RTD: Detalhes completos registrados para CYRER263 (Liquidez detectada)
src.infrastructure.providers.mercado_data_provider | DEBUG | RTD: Detalhes completos registrados para CYRER255 (Liquidez detectada)
src.infrastructure.providers.mercado_data_provider | DEBUG | RTD: Detalhes completos registrados para BPACR725 (Liquidez detectada)
src.infrastructure.providers.mercado_data_provider | DEBUG | RTD: Detalhes completos registrados para GGBRR216 (Liquidez detectada)
src.infrastructure.providers.mercado_data_provider | DEBUG | RTD: Detalhes completos registrados para BPACU501 (Liquidez detectada)
src.infrastructure.providers.mercado_data_provider | DEBUG | RTD: Detalhes completos registrados para CPLET14 (Liquidez detectada)
src.infrastructure.providers.mercado_data_provider | DEBUG | RTD: Detalhes completos registrados para EGIER35 (Liquidez detectada)
src.infrastructure.providers.mercado_data_provider | DEBUG | RTD: Detalhes completos registrados para CMIGT864 (Liquidez detectada)
src.infrastructure.providers.mercado_data_provider | DEBUG | RTD: Detalhes completos registrados para EMBJR563 (Liquidez detectada)
src.infrastructure.providers.mercado_data_provider | DEBUG | RTD: Detalhes completos registrados para CSMGV21 (Liquidez detectada)
src.infrastructure.providers.mercado_data_provider | DEBUG | RTD: Detalhes completos registrados para GGBRR194 (Liquidez detectada)
src.infrastructure.providers.mercado_data_provider | DEBUG | RTD: Detalhes completos registrados para BPACR483 (Liquidez detectada)
src.infrastructure.providers.mercado_data_provider | DEBUG | RTD: Detalhes completos registrados para ECORR112 (Liquidez detectada)
src.infrastructure.providers.mercado_data_provider | DEBUG | RTD: Detalhes completos registrados para COCAR644 (Liquidez detectada)
src.infrastructure.providers.mercado_data_provider | DEBUG | RTD: Detalhes completos registrados para BPACV542 (Liquidez detectada)
src.infrastructure.providers.mercado_data_provider | DEBUG | RTD: Detalhes completos registrados para BPACR493 (Liquidez detectada)
src.infrastructure.providers.mercado_data_provider | DEBUG | RTD: Detalhes completos registrados para CYRER365 (Liquidez detectada)
src.infrastructure.providers.mercado_data_provider | DEBUG | RTD: Detalhes completos registrados para CMINR550 (Liquidez detectada)
src.infrastructure.providers.mercado_data_provider | DEBUG | RTD: Detalhes completos registrados para BRKMT117 (Liquidez detectada)
src.infrastructure.providers.mercado_data_provider | DEBUG | RTD: Detalhes completos registrados para COGNW5 (Liquidez detectada)
src.infrastructure.providers.mercado_data_provider | DEBUG | RTD: Detalhes completos registrados para BPACT510 (Liquidez detectada)
src.infrastructure.providers.mercado_data_provider | DEBUG | RTD: Detalhes completos registrados para BRKMR16 (Liquidez detectada)
src.infrastructure.providers.mercado_data_provider | DEBUG | RTD: Detalhes completos registrados para CMIGR100 (Liquidez detectada)
src.infrastructure.providers.mercado_data_provider | DEBUG | RTD: Detalhes completos registrados para BRAVR145 (Liquidez detectada)
src.infrastructure.providers.mercado_data_provider | DEBUG | RTD: Detalhes completos registrados para ENEVV155 (Liquidez detectada)
src.infrastructure.providers.mercado_data_provider | DEBUG | RTD: Detalhes completos registrados para EGIER317 (Liquidez detectada)
src.infrastructure.providers.mercado_data_provider | DEBUG | RTD: Detalhes completos registrados para BRAPS234 (Liquidez detectada)
src.infrastructure.providers.mercado_data_provider | DEBUG | RTD: Detalhes completos registrados para CYRER275 (Liquidez detectada)
src.infrastructure.providers.mercado_data_provider | DEBUG | RTD: Detalhes completos registrados para BPACR478 (Liquidez detectada)
src.infrastructure.providers.mercado_data_provider | DEBUG | RTD: Detalhes completos registrados para CSANU520 (Liquidez detectada)
src.infrastructure.providers.mercado_data_provider | DEBUG | RTD: Detalhes completos registrados para CVCBS165 (Liquidez detectada)
src.infrastructure.providers.mercado_data_provider | DEBUG | RTD: Detalhes completos registrados para CMIGR142 (Liquidez detectada)
src.infrastructure.providers.mercado_data_provider | DEBUG | RTD: Detalhes completos registrados para BRAVR140 (Liquidez detectada)
src.infrastructure.providers.mercado_data_provider | DEBUG | RTD: Detalhes completos registrados para FLRYS144 (Liquidez detectada)
src.infrastructure.providers.mercado_data_provider | DEBUG | RTD: Detalhes completos registrados para CSANU470 (Liquidez detectada)
src.infrastructure.providers.mercado_data_provider | DEBUG | RTD: Detalhes completos registrados para FESAV80 (Liquidez detectada)
src.infrastructure.providers.mercado_data_provider | DEBUG | RTD: Detalhes completos registrados para CMIGU117 (Liquidez detectada)
src.infrastructure.providers.mercado_data_provider | DEBUG | RTD: Detalhes completos registrados para BPACV49 (Liquidez detectada)
src.infrastructure.providers.mercado_data_provider | DEBUG | RTD: Detalhes completos registrados para CXSES134 (Liquidez detectada)
src.infrastructure.providers.mercado_data_provider | DEBUG | RTD: Detalhes completos registrados para DASAU20 (Liquidez detectada)
src.infrastructure.providers.mercado_data_provider | DEBUG | RTD: Detalhes completos registrados para BPACR640 (Liquidez detectada)
src.infrastructure.providers.mercado_data_provider | DEBUG | RTD: Detalhes completos registrados para BPACU546 (Liquidez detectada)
src.infrastructure.providers.mercado_data_provider | DEBUG | RTD: Detalhes completos registrados para EMBJR948 (Liquidez detectada)
src.infrastructure.providers.mercado_data_provider | DEBUG | RTD: Detalhes completos registrados para BRAVS143 (Liquidez detectada)
src.infrastructure.providers.mercado_data_provider | DEBUG | RTD: Detalhes completos registrados para ENEVW182 (Liquidez detectada)
src.infrastructure.providers.mercado_data_provider | DEBUG | RTD: Detalhes completos registrados para BPACV537 (Liquidez detectada)
src.infrastructure.providers.mercado_data_provider | DEBUG | RTD: Detalhes completos registrados para CSANR420 (Liquidez detectada)
src.infrastructure.providers.mercado_data_provider | DEBUG | RTD: Detalhes completos registrados para BPACR540 (Liquidez detectada)
src.infrastructure.providers.mercado_data_provider | DEBUG | RTD: Detalhes completos registrados para CSMGR260 (Liquidez detectada)
src.infrastructure.providers.mercado_data_provider | DEBUG | RTD: Detalhes completos registrados para EQTLR364 (Liquidez detectada)
src.infrastructure.providers.mercado_data_provider | DEBUG | RTD: Detalhes completos registrados para CBAVR137 (Liquidez detectada)
src.infrastructure.providers.mercado_data_provider | DEBUG | RTD: Detalhes completos registrados para CYRES277 (Liquidez detectada)
src.infrastructure.providers.mercado_data_provider | DEBUG | RTD: Detalhes completos registrados para CYRET313 (Liquidez detectada)
src.infrastructure.providers.mercado_data_provider | DEBUG | RTD: Detalhes completos registrados para EMBJR823 (Liquidez detectada)
src.infrastructure.providers.mercado_data_provider | DEBUG | RTD: Detalhes completos registrados para CSMGR518 (Liquidez detectada)
src.infrastructure.providers.mercado_data_provider | DEBUG | RTD: Detalhes completos registrados para CPFEW33 (Liquidez detectada)
src.infrastructure.providers.mercado_data_provider | DEBUG | RTD: Detalhes completos registrados para CXSEV180 (Liquidez detectada)
src.infrastructure.providers.mercado_data_provider | DEBUG | RTD: Detalhes completos registrados para BPACW507 (Liquidez detectada)
src.infrastructure.providers.mercado_data_provider | DEBUG | RTD: Detalhes completos registrados para CMIGS95 (Liquidez detectada)
src.infrastructure.providers.mercado_data_provider | DEBUG | RTD: Detalhes completos registrados para BPACU521 (Liquidez detectada)
src.infrastructure.providers.mercado_data_provider | DEBUG | RTD: Detalhes completos registrados para CSMGW21 (Liquidez detectada)
src.infrastructure.providers.mercado_data_provider | DEBUG | RTD: Detalhes completos registrados para GGBRR229 (Liquidez detectada)
src.infrastructure.providers.mercado_data_provider | DEBUG | RTD: Detalhes completos registrados para BPACR865 (Liquidez detectada)
src.infrastructure.providers.mercado_data_provider | DEBUG | RTD: Detalhes completos registrados para CYRES184 (Liquidez detectada)
src.infrastructure.providers.mercado_data_provider | DEBUG | RTD: Detalhes completos registrados para BPACV512 (Liquidez detectada)
src.infrastructure.providers.mercado_data_provider | DEBUG | RTD: Detalhes completos registrados para BPACW527 (Liquidez detectada)
src.infrastructure.providers.mercado_data_provider | DEBUG | RTD: Detalhes completos registrados para CMIGS994 (Liquidez detectada)
src.infrastructure.providers.mercado_data_provider | DEBUG | RTD: Detalhes completos registrados para CMIGR115 (Liquidez detectada)
src.infrastructure.providers.mercado_data_provider | DEBUG | RTD: Detalhes completos registrados para CMIGR136 (Liquidez detectada)
src.infrastructure.providers.mercado_data_provider | DEBUG | RTD: Detalhes completos registrados para CPLET840 (Liquidez detectada)
src.infrastructure.providers.mercado_data_provider | DEBUG | RTD: Detalhes completos registrados para BRAPS204 (Liquidez detectada)
src.infrastructure.providers.mercado_data_provider | DEBUG | RTD: Detalhes completos registrados para CMIGV10 (Liquidez detectada)
src.infrastructure.providers.mercado_data_provider | DEBUG | RTD: Detalhes completos registrados para CYRER273 (Liquidez detectada)
src.infrastructure.providers.mercado_data_provider | DEBUG | RTD: Detalhes completos registrados para CMIGS104 (Liquidez detectada)
src.infrastructure.providers.mercado_data_provider | DEBUG | RTD: Detalhes completos registrados para BRAVR294 (Liquidez detectada)
src.infrastructure.providers.mercado_data_provider | DEBUG | RTD: Detalhes completos registrados para CMIGR161 (Liquidez detectada)
src.infrastructure.providers.mercado_data_provider | DEBUG | RTD: Detalhes completos registrados para CPFER542 (Liquidez detectada)
src.infrastructure.providers.mercado_data_provider | DEBUG | RTD: Detalhes completos registrados para EMBJR893 (Liquidez detectada)
src.infrastructure.providers.mercado_data_provider | DEBUG | RTD: Detalhes completos registrados para BPACR525 (Liquidez detectada)
src.infrastructure.providers.mercado_data_provider | DEBUG | RTD: Detalhes completos registrados para DIRRR143 (Liquidez detectada)
src.infrastructure.providers.mercado_data_provider | DEBUG | RTD: Detalhes completos registrados para ECORU107 (Liquidez detectada)
src.infrastructure.providers.mercado_data_provider | DEBUG | RTD: Detalhes completos registrados para CSMGS260 (Liquidez detectada)
src.infrastructure.providers.mercado_data_provider | DEBUG | RTD: Detalhes completos registrados para CSMGR597 (Liquidez detectada)
src.infrastructure.providers.mercado_data_provider | DEBUG | RTD: Detalhes completos registrados para COGNR900 (Liquidez detectada)
src.infrastructure.providers.mercado_data_provider | DEBUG | RTD: Detalhes completos registrados para BPACT515 (Liquidez detectada)
src.infrastructure.providers.mercado_data_provider | DEBUG | RTD: Detalhes completos registrados para CYRER300 (Liquidez detectada)
src.infrastructure.providers.mercado_data_provider | DEBUG | RTD: Detalhes completos registrados para ENEVV165 (Liquidez detectada)
src.infrastructure.providers.mercado_data_provider | DEBUG | RTD: Detalhes completos registrados para EMBJS613 (Liquidez detectada)
src.infrastructure.providers.mercado_data_provider | DEBUG | RTD: Detalhes completos registrados para ENEVV162 (Liquidez detectada)
src.infrastructure.providers.mercado_data_provider | DEBUG | RTD: Detalhes completos registrados para BRAPS184 (Liquidez detectada)
src.infrastructure.providers.mercado_data_provider | DEBUG | RTD: Detalhes completos registrados para BPACR463 (Liquidez detectada)
src.infrastructure.providers.mercado_data_provider | DEBUG | RTD: Detalhes completos registrados para EGIES312 (Liquidez detectada)
src.infrastructure.providers.mercado_data_provider | DEBUG | RTD: Detalhes completos registrados para DASAR20 (Liquidez detectada)
src.infrastructure.providers.mercado_data_provider | DEBUG | RTD: Detalhes completos registrados para CPFER532 (Liquidez detectada)
src.infrastructure.providers.mercado_data_provider | DEBUG | RTD: Detalhes completos registrados para CMIGT111 (Liquidez detectada)
src.infrastructure.providers.mercado_data_provider | DEBUG | RTD: Detalhes completos registrados para CMIGS122 (Liquidez detectada)
src.infrastructure.providers.mercado_data_provider | DEBUG | RTD: Detalhes completos registrados para CYRER315 (Liquidez detectada)
src.infrastructure.providers.mercado_data_provider | DEBUG | RTD: Detalhes completos registrados para DASAT20 (Liquidez detectada)
src.infrastructure.providers.mercado_data_provider | DEBUG | RTD: Detalhes completos registrados para BPACS496 (Liquidez detectada)
src.infrastructure.providers.mercado_data_provider | DEBUG | RTD: Detalhes completos registrados para CYRER280 (Liquidez detectada)
src.infrastructure.providers.mercado_data_provider | DEBUG | RTD: Detalhes completos registrados para BPACR460 (Liquidez detectada)
src.infrastructure.providers.mercado_data_provider | DEBUG | RTD: Detalhes completos registrados para CMINR395 (Liquidez detectada)
src.infrastructure.providers.mercado_data_provider | DEBUG | RTD: Detalhes completos registrados para BPACT530 (Liquidez detectada)
src.infrastructure.providers.mercado_data_provider | DEBUG | RTD: Detalhes completos registrados para COGNR205 (Liquidez detectada)
src.infrastructure.providers.mercado_data_provider | DEBUG | RTD: Detalhes completos registrados para BRAVS205 (Liquidez detectada)
src.infrastructure.providers.mercado_data_provider | DEBUG | RTD: Detalhes completos registrados para CSANS400 (Liquidez detectada)
src.infrastructure.providers.mercado_data_provider | DEBUG | RTD: Detalhes completos registrados para ENEVR250 (Liquidez detectada)
src.infrastructure.providers.mercado_data_provider | DEBUG | RTD: Detalhes completos registrados para CSMGR210 (Liquidez detectada)
src.infrastructure.providers.mercado_data_provider | DEBUG | RTD: Detalhes completos registrados para EZTCU165 (Liquidez detectada)
src.infrastructure.providers.mercado_data_provider | DEBUG | RTD: Detalhes completos registrados para ENEVW262 (Liquidez detectada)
src.infrastructure.providers.mercado_data_provider | DEBUG | RTD: Detalhes completos registrados para GGBRU255 (Liquidez detectada)
src.infrastructure.providers.mercado_data_provider | DEBUG | RTD: Detalhes completos registrados para CSMGS275 (Liquidez detectada)
src.infrastructure.providers.mercado_data_provider | DEBUG | RTD: Detalhes completos registrados para COGNR940 (Liquidez detectada)
src.infrastructure.providers.mercado_data_provider | DEBUG | RTD: Detalhes completos registrados para FESAS80 (Liquidez detectada)
src.infrastructure.providers.mercado_data_provider | DEBUG | RTD: Detalhes completos registrados para ENEVS237 (Liquidez detectada)
src.infrastructure.providers.mercado_data_provider | DEBUG | RTD: Detalhes completos registrados para EGIER402 (Liquidez detectada)
src.infrastructure.providers.mercado_data_provider | DEBUG | RTD: Detalhes completos registrados para BRAPR327 (Liquidez detectada)
src.infrastructure.providers.mercado_data_provider | DEBUG | RTD: Detalhes completos registrados para CXSET1 (Liquidez detectada)
src.infrastructure.providers.mercado_data_provider | DEBUG | RTD: Detalhes completos registrados para CMIGS114 (Liquidez detectada)
src.infrastructure.providers.mercado_data_provider | DEBUG | RTD: Detalhes completos registrados para EMBJT703 (Liquidez detectada)
src.infrastructure.providers.mercado_data_provider | DEBUG | RTD: Detalhes completos registrados para BPACR465 (Liquidez detectada)
src.infrastructure.providers.mercado_data_provider | DEBUG | RTD: Detalhes completos registrados para CYRER350 (Liquidez detectada)
src.infrastructure.providers.mercado_data_provider | DEBUG | RTD: Detalhes completos registrados para CMIGR868 (Liquidez detectada)
src.infrastructure.providers.mercado_data_provider | DEBUG | RTD: Detalhes completos registrados para BRAPT254 (Liquidez detectada)
src.infrastructure.providers.mercado_data_provider | DEBUG | RTD: Detalhes completos registrados para CYRES324 (Liquidez detectada)
src.infrastructure.providers.mercado_data_provider | DEBUG | RTD: Detalhes completos registrados para CYRES332 (Liquidez detectada)
src.infrastructure.providers.mercado_data_provider | DEBUG | RTD: Detalhes completos registrados para CSANS610 (Liquidez detectada)
src.infrastructure.providers.mercado_data_provider | DEBUG | RTD: Detalhes completos registrados para CPFER502 (Liquidez detectada)
src.infrastructure.providers.mercado_data_provider | DEBUG | RTD: Detalhes completos registrados para BRAPV232 (Liquidez detectada)
src.infrastructure.providers.mercado_data_provider | DEBUG | RTD: Detalhes completos registrados para BRAVR321 (Liquidez detectada)
src.infrastructure.providers.mercado_data_provider | DEBUG | RTD: Detalhes completos registrados para COGNV186 (Liquidez detectada)
src.infrastructure.providers.mercado_data_provider | DEBUG | RTD: Detalhes completos registrados para CSMGS620 (Liquidez detectada)
src.infrastructure.providers.mercado_data_provider | DEBUG | RTD: Detalhes completos registrados para CYRER295 (Liquidez detectada)
src.infrastructure.providers.mercado_data_provider | DEBUG | RTD: Detalhes completos registrados para EMBJV703 (Liquidez detectada)
src.infrastructure.providers.mercado_data_provider | DEBUG | RTD: Detalhes completos registrados para CYRER320 (Liquidez detectada)
src.infrastructure.providers.mercado_data_provider | DEBUG | RTD: Detalhes completos registrados para CVCBS155 (Liquidez detectada)
src.infrastructure.providers.mercado_data_provider | DEBUG | RTD: Detalhes completos registrados para ENEVR252 (Liquidez detectada)
src.infrastructure.providers.mercado_data_provider | DEBUG | RTD: Detalhes completos registrados para BPACV532 (Liquidez detectada)
src.infrastructure.providers.mercado_data_provider | DEBUG | RTD: Detalhes completos registrados para CYRES369 (Liquidez detectada)
src.infrastructure.providers.mercado_data_provider | DEBUG | RTD: Detalhes completos registrados para CYRET318 (Liquidez detectada)
src.infrastructure.providers.mercado_data_provider | DEBUG | RTD: Detalhes completos registrados para GGBRR184 (Liquidez detectada)
src.infrastructure.providers.mercado_data_provider | DEBUG | RTD: Detalhes completos registrados para COGNS337 (Liquidez detectada)
src.infrastructure.providers.mercado_data_provider | DEBUG | RTD: Detalhes completos registrados para BPACS489 (Liquidez detectada)
src.infrastructure.providers.mercado_data_provider | DEBUG | RTD: Detalhes completos registrados para EMBJR973 (Liquidez detectada)
src.infrastructure.providers.mercado_data_provider | DEBUG | RTD: Detalhes completos registrados para DIRRS998 (Liquidez detectada)
src.infrastructure.providers.mercado_data_provider | DEBUG | RTD: Detalhes completos registrados para CSMGU492 (Liquidez detectada)
src.infrastructure.providers.mercado_data_provider | DEBUG | RTD: Detalhes completos registrados para ECORR105 (Liquidez detectada)
src.infrastructure.providers.mercado_data_provider | DEBUG | RTD: Detalhes completos registrados para CSMGR290 (Liquidez detectada)
src.infrastructure.providers.mercado_data_provider | DEBUG | RTD: Detalhes completos registrados para CYRER258 (Liquidez detectada)
src.infrastructure.providers.mercado_data_provider | DEBUG | RTD: Detalhes completos registrados para COGNR880 (Liquidez detectada)
src.infrastructure.providers.mercado_data_provider | DEBUG | RTD: Detalhes completos registrados para CPLET128 (Liquidez detectada)
src.infrastructure.providers.mercado_data_provider | DEBUG | RTD: Detalhes completos registrados para EMBJR833 (Liquidez detectada)
src.infrastructure.providers.mercado_data_provider | DEBUG | RTD: Detalhes completos registrados para GGBRS241 (Liquidez detectada)
src.infrastructure.providers.mercado_data_provider | DEBUG | RTD: Detalhes completos registrados para CSMGT233 (Liquidez detectada)
src.infrastructure.providers.mercado_data_provider | DEBUG | RTD: Detalhes completos registrados para CPLET118 (Liquidez detectada)
src.infrastructure.providers.mercado_data_provider | DEBUG | RTD: Detalhes completos registrados para CVCBR165 (Liquidez detectada)
src.infrastructure.providers.mercado_data_provider | DEBUG | RTD: Detalhes completos registrados para COGNT402 (Liquidez detectada)
src.infrastructure.providers.mercado_data_provider | DEBUG | RTD: Detalhes completos registrados para GGPSS14 (Liquidez detectada)
src.infrastructure.providers.mercado_data_provider | DEBUG | RTD: Detalhes completos registrados para CPFES532 (Liquidez detectada)
src.infrastructure.providers.mercado_data_provider | DEBUG | RTD: Detalhes completos registrados para CYRES279 (Liquidez detectada)
src.infrastructure.providers.mercado_data_provider | DEBUG | RTD: Detalhes completos registrados para BPACR650 (Liquidez detectada)
src.infrastructure.providers.mercado_data_provider | DEBUG | RTD: Detalhes completos registrados para EMBJW913 (Liquidez detectada)
src.infrastructure.providers.mercado_data_provider | DEBUG | RTD: Detalhes completos registrados para CYRER305 (Liquidez detectada)
src.infrastructure.providers.mercado_data_provider | DEBUG | RTD: Detalhes completos registrados para ECORR122 (Liquidez detectada)
src.infrastructure.providers.mercado_data_provider | DEBUG | RTD: Detalhes completos registrados para CYRES299 (Liquidez detectada)
src.infrastructure.providers.mercado_data_provider | DEBUG | RTD: Detalhes completos registrados para BRSRR135 (Liquidez detectada)
src.infrastructure.providers.mercado_data_provider | DEBUG | RTD: Detalhes completos registrados para EGIET419 (Liquidez detectada)
src.infrastructure.providers.mercado_data_provider | DEBUG | RTD: Detalhes completos registrados para CYRET308 (Liquidez detectada)
src.infrastructure.providers.mercado_data_provider | DEBUG | RTD: Detalhes completos registrados para CSANS550 (Liquidez detectada)
src.infrastructure.providers.mercado_data_provider | DEBUG | RTD: Detalhes completos registrados para CYRER268 (Liquidez detectada)
src.infrastructure.providers.mercado_data_provider | DEBUG | RTD: Detalhes completos registrados para ENEVS265 (Liquidez detectada)
src.infrastructure.providers.mercado_data_provider | DEBUG | RTD: Detalhes completos registrados para COGNT213 (Liquidez detectada)
src.infrastructure.providers.mercado_data_provider | DEBUG | RTD: Detalhes completos registrados para CSMGT214 (Liquidez detectada)
src.infrastructure.providers.mercado_data_provider | DEBUG | RTD: Detalhes completos registrados para CSMGU21 (Liquidez detectada)
src.infrastructure.providers.mercado_data_provider | DEBUG | RTD: Detalhes completos registrados para BPACS541 (Liquidez detectada)
src.infrastructure.providers.mercado_data_provider | DEBUG | RTD: Detalhes completos registrados para ECORU964 (Liquidez detectada)
src.infrastructure.providers.mercado_data_provider | DEBUG | RTD: Detalhes completos registrados para BPACT640 (Liquidez detectada)
src.infrastructure.providers.mercado_data_provider | DEBUG | RTD: Detalhes completos registrados para CYRER253 (Liquidez detectada)
src.infrastructure.providers.mercado_data_provider | DEBUG | RTD: Detalhes completos registrados para CSMGU287 (Liquidez detectada)
src.infrastructure.providers.mercado_data_provider | DEBUG | RTD: Detalhes completos registrados para GGBRR261 (Liquidez detectada)
src.infrastructure.providers.mercado_data_provider | DEBUG | RTD: Detalhes completos registrados para CSANT550 (Liquidez detectada)
src.infrastructure.providers.mercado_data_provider | DEBUG | RTD: Detalhes completos registrados para ENEVR242 (Liquidez detectada)
src.infrastructure.providers.mercado_data_provider | DEBUG | RTD: Detalhes completos registrados para CPLEV147 (Liquidez detectada)
src.infrastructure.providers.mercado_data_provider | DEBUG | RTD: Detalhes completos registrados para GGBRS202 (Liquidez detectada)
src.infrastructure.providers.mercado_data_provider | DEBUG | RTD: Detalhes completos registrados para EGIES40 (Liquidez detectada)
src.infrastructure.providers.mercado_data_provider | DEBUG | RTD: Detalhes completos registrados para EGIES342 (Liquidez detectada)
src.infrastructure.providers.mercado_data_provider | DEBUG | RTD: Detalhes completos registrados para EMBJS938 (Liquidez detectada)
src.infrastructure.providers.mercado_data_provider | DEBUG | RTD: Detalhes completos registrados para GGBRR251 (Liquidez detectada)
src.infrastructure.providers.mercado_data_provider | DEBUG | RTD: Detalhes completos registrados para ENEVT225 (Liquidez detectada)
src.infrastructure.providers.mercado_data_provider | DEBUG | RTD: Detalhes completos registrados para BPACV527 (Liquidez detectada)
src.infrastructure.providers.mercado_data_provider | DEBUG | RTD: Detalhes completos registrados para DIRRR148 (Liquidez detectada)
src.infrastructure.providers.mercado_data_provider | DEBUG | RTD: Detalhes completos registrados para ENEVT245 (Liquidez detectada)
src.infrastructure.providers.mercado_data_provider | DEBUG | RTD: Detalhes completos registrados para ENEVT155 (Liquidez detectada)
src.infrastructure.providers.mercado_data_provider | DEBUG | RTD: Detalhes completos registrados para CSANW670 (Liquidez detectada)
src.infrastructure.providers.mercado_data_provider | DEBUG | RTD: Detalhes completos registrados para CSANU485 (Liquidez detectada)
src.infrastructure.providers.mercado_data_provider | DEBUG | RTD: Detalhes completos registrados para CMIGU100 (Liquidez detectada)
src.infrastructure.providers.mercado_data_provider | DEBUG | RTD: Detalhes completos registrados para ENEVS247 (Liquidez detectada)
src.infrastructure.providers.mercado_data_provider | DEBUG | RTD: Detalhes completos registrados para BRAPU287 (Liquidez detectada)
src.infrastructure.providers.mercado_data_provider | DEBUG | RTD: Detalhes completos registrados para COGNS300 (Liquidez detectada)
src.infrastructure.providers.mercado_data_provider | DEBUG | RTD: Detalhes completos registrados para ENEVR240 (Liquidez detectada)
src.infrastructure.providers.mercado_data_provider | DEBUG | RTD: Detalhes completos registrados para BPACT535 (Liquidez detectada)
src.infrastructure.providers.mercado_data_provider | DEBUG | RTD: Detalhes completos registrados para CXSEW171 (Liquidez detectada)
src.infrastructure.providers.mercado_data_provider | DEBUG | RTD: Detalhes completos registrados para ENGIT37 (Liquidez detectada)
src.infrastructure.providers.mercado_data_provider | DEBUG | RTD: Detalhes completos registrados para FLRYS164 (Liquidez detectada)
src.infrastructure.providers.mercado_data_provider | DEBUG | RTD: Detalhes completos registrados para ECORW100 (Liquidez detectada)
src.infrastructure.providers.mercado_data_provider | DEBUG | RTD: Detalhes completos registrados para CYRER303 (Liquidez detectada)
src.infrastructure.providers.mercado_data_provider | DEBUG | RTD: Detalhes completos registrados para BRKMT155 (Liquidez detectada)
src.infrastructure.providers.mercado_data_provider | DEBUG | RTD: Detalhes completos registrados para BPACS494 (Liquidez detectada)
src.infrastructure.providers.mercado_data_provider | DEBUG | RTD: Detalhes completos registrados para EGIER392 (Liquidez detectada)
src.infrastructure.providers.mercado_data_provider | DEBUG | RTD: Detalhes completos registrados para BRKMR26 (Liquidez detectada)
src.infrastructure.providers.mercado_data_provider | DEBUG | RTD: Detalhes completos registrados para GGBRT205 (Liquidez detectada)
src.infrastructure.providers.mercado_data_provider | DEBUG | RTD: Detalhes completos registrados para EMBJS568 (Liquidez detectada)
src.infrastructure.providers.mercado_data_provider | DEBUG | RTD: Detalhes completos registrados para BRAPU264 (Liquidez detectada)
src.infrastructure.providers.mercado_data_provider | DEBUG | RTD: Detalhes completos registrados para CSMGR28 (Liquidez detectada)
src.infrastructure.providers.mercado_data_provider | DEBUG | RTD: Detalhes completos registrados para EMBJR555 (Liquidez detectada)
src.infrastructure.providers.mercado_data_provider | DEBUG | RTD: Detalhes completos registrados para EMBJT814 (Liquidez detectada)
src.infrastructure.providers.mercado_data_provider | DEBUG | RTD: Detalhes completos registrados para CMIGS127 (Liquidez detectada)
src.infrastructure.providers.mercado_data_provider | DEBUG | RTD: Detalhes completos registrados para CYRER318 (Liquidez detectada)
src.infrastructure.providers.mercado_data_provider | DEBUG | RTD: Detalhes completos registrados para CMIGR10 (Liquidez detectada)
src.infrastructure.providers.mercado_data_provider | DEBUG | RTD: Detalhes completos registrados para CSMGS152 (Liquidez detectada)
src.infrastructure.providers.mercado_data_provider | DEBUG | RTD: Detalhes completos registrados para CYRET286 (Liquidez detectada)
src.infrastructure.providers.mercado_data_provider | DEBUG | RTD: Detalhes completos registrados para GGBRU199 (Liquidez detectada)
src.infrastructure.providers.mercado_data_provider | DEBUG | RTD: Detalhes completos registrados para CMIGR117 (Liquidez detectada)
src.infrastructure.providers.mercado_data_provider | DEBUG | RTD: Detalhes completos registrados para DIRRR103 (Liquidez detectada)
src.infrastructure.providers.mercado_data_provider | DEBUG | RTD: Detalhes completos registrados para BRAPR202 (Liquidez detectada)
src.infrastructure.providers.mercado_data_provider | DEBUG | RTD: Detalhes completos registrados para CVCBR175 (Liquidez detectada)
src.infrastructure.providers.mercado_data_provider | DEBUG | RTD: Detalhes completos registrados para CMIGR908 (Liquidez detectada)
src.infrastructure.providers.mercado_data_provider | DEBUG | RTD: Detalhes completos registrados para ENEVR265 (Liquidez detectada)
src.infrastructure.providers.mercado_data_provider | DEBUG | RTD: Detalhes completos registrados para CPFER512 (Liquidez detectada)
src.infrastructure.providers.mercado_data_provider | DEBUG | RTD: Detalhes completos registrados para CYRES327 (Liquidez detectada)
src.infrastructure.providers.mercado_data_provider | DEBUG | RTD: Detalhes completos registrados para CSANT670 (Liquidez detectada)
src.infrastructure.providers.mercado_data_provider | DEBUG | RTD: Detalhes completos registrados para ECORR964 (Liquidez detectada)
src.infrastructure.providers.mercado_data_provider | DEBUG | RTD: Detalhes completos registrados para CMIGR954 (Liquidez detectada)
src.infrastructure.providers.mercado_data_provider | DEBUG | RTD: Detalhes completos registrados para BPACW522 (Liquidez detectada)
src.infrastructure.providers.mercado_data_provider | DEBUG | RTD: Detalhes completos registrados para EMBJR618 (Liquidez detectada)
src.infrastructure.providers.mercado_data_provider | DEBUG | RTD: Detalhes completos registrados para EGIES317 (Liquidez detectada)
src.infrastructure.providers.mercado_data_provider | DEBUG | RTD: Detalhes completos registrados para BRAPS289 (Liquidez detectada)
src.infrastructure.providers.mercado_data_provider | DEBUG | RTD: Detalhes completos registrados para ENEVR235 (Liquidez detectada)
src.infrastructure.providers.mercado_data_provider | DEBUG | RTD: Detalhes completos registrados para BPACR496 (Liquidez detectada)
src.infrastructure.providers.mercado_data_provider | DEBUG | RTD: Detalhes completos registrados para EMBJT108 (Liquidez detectada)
src.infrastructure.providers.mercado_data_provider | DEBUG | RTD: Detalhes completos registrados para CPFER552 (Liquidez detectada)
src.infrastructure.providers.mercado_data_provider | DEBUG | RTD: Detalhes completos registrados para CMIGS12 (Liquidez detectada)
src.infrastructure.providers.mercado_data_provider | DEBUG | RTD: Detalhes completos registrados para ECORR984 (Liquidez detectada)
src.infrastructure.providers.mercado_data_provider | DEBUG | RTD: Detalhes completos registrados para CSMGT22 (Liquidez detectada)
src.infrastructure.providers.mercado_data_provider | DEBUG | RTD: Detalhes completos registrados para BPACW47 (Liquidez detectada)
src.infrastructure.providers.mercado_data_provider | DEBUG | RTD: Detalhes completos registrados para CSMGS265 (Liquidez detectada)
src.infrastructure.providers.mercado_data_provider | DEBUG | RTD: Detalhes completos registrados para BPACW577 (Liquidez detectada)
src.infrastructure.providers.mercado_data_provider | DEBUG | RTD: Detalhes completos registrados para GGBRU198 (Liquidez detectada)
src.infrastructure.providers.mercado_data_provider | DEBUG | RTD: Detalhes completos registrados para BPACS681 (Liquidez detectada)
src.infrastructure.providers.mercado_data_provider | DEBUG | RTD: Detalhes completos registrados para CSMGT20 (Liquidez detectada)
src.infrastructure.providers.mercado_data_provider | DEBUG | RTD: Detalhes completos registrados para BPACW547 (Liquidez detectada)
src.infrastructure.providers.mercado_data_provider | DEBUG | RTD: Detalhes completos registrados para EMBJS833 (Liquidez detectada)
src.infrastructure.providers.mercado_data_provider | DEBUG | RTD: Detalhes completos registrados para CSMGR295 (Liquidez detectada)
src.infrastructure.providers.mercado_data_provider | DEBUG | RTD: Detalhes completos registrados para ENEVU155 (Liquidez detectada)
src.infrastructure.providers.mercado_data_provider | DEBUG | RTD: Detalhes completos registrados para CSANU124 (Liquidez detectada)
src.infrastructure.providers.mercado_data_provider | DEBUG | RTD: Detalhes completos registrados para CPLEW148 (Liquidez detectada)
src.infrastructure.providers.mercado_data_provider | DEBUG | RTD: Detalhes completos registrados para BPACS479 (Liquidez detectada)
src.infrastructure.providers.mercado_data_provider | DEBUG | RTD: Detalhes completos registrados para EMBJT748 (Liquidez detectada)
src.infrastructure.providers.mercado_data_provider | DEBUG | RTD: Detalhes completos registrados para CSANS495 (Liquidez detectada)
src.infrastructure.providers.mercado_data_provider | DEBUG | RTD: Detalhes completos registrados para BRAVS173 (Liquidez detectada)
src.infrastructure.providers.mercado_data_provider | DEBUG | RTD: Detalhes completos registrados para BRSRR192 (Liquidez detectada)
src.infrastructure.providers.mercado_data_provider | DEBUG | RTD: Detalhes completos registrados para CVCBR154 (Liquidez detectada)
src.infrastructure.providers.mercado_data_provider | DEBUG | RTD: Detalhes completos registrados para CVCBR170 (Liquidez detectada)
src.infrastructure.providers.mercado_data_provider | DEBUG | RTD: Detalhes completos registrados para CYRET333 (Liquidez detectada)
src.infrastructure.providers.mercado_data_provider | DEBUG | RTD: Detalhes completos registrados para GGBRR256 (Liquidez detectada)
src.infrastructure.providers.mercado_data_provider | DEBUG | RTD: Detalhes completos registrados para BPACR515 (Liquidez detectada)
src.infrastructure.providers.mercado_data_provider | DEBUG | RTD: Detalhes completos registrados para CSMGT23 (Liquidez detectada)
src.infrastructure.providers.mercado_data_provider | DEBUG | RTD: Detalhes completos registrados para BPACU496 (Liquidez detectada)
src.infrastructure.providers.mercado_data_provider | DEBUG | RTD: Detalhes completos registrados para EZTCS165 (Liquidez detectada)
src.infrastructure.providers.mercado_data_provider | DEBUG | RTD: Detalhes completos registrados para CPFEU489 (Liquidez detectada)
src.infrastructure.providers.mercado_data_provider | DEBUG | RTD: Detalhes completos registrados para EQTLU349 (Liquidez detectada)
src.infrastructure.providers.mercado_data_provider | DEBUG | RTD: Detalhes completos registrados para CMINR955 (Liquidez detectada)
src.infrastructure.providers.mercado_data_provider | DEBUG | RTD: Detalhes completos registrados para CYRET261 (Liquidez detectada)
src.infrastructure.providers.mercado_data_provider | DEBUG | RTD: Detalhes completos registrados para BRKMT165 (Liquidez detectada)
src.infrastructure.providers.mercado_data_provider | DEBUG | RTD: Detalhes completos registrados para ENGIS506 (Liquidez detectada)
src.infrastructure.providers.mercado_data_provider | DEBUG | RTD: Detalhes completos registrados para ENEVW242 (Liquidez detectada)
src.infrastructure.providers.mercado_data_provider | DEBUG | RTD: Detalhes completos registrados para COGNR325 (Liquidez detectada)
src.infrastructure.providers.mercado_data_provider | DEBUG | RTD: Detalhes completos registrados para CSMGT1 (Liquidez detectada)
src.infrastructure.providers.mercado_data_provider | DEBUG | RTD: Detalhes completos registrados para CMIGR107 (Liquidez detectada)
src.infrastructure.providers.mercado_data_provider | DEBUG | RTD: Detalhes completos registrados para CSMGR240 (Liquidez detectada)
src.infrastructure.providers.mercado_data_provider | DEBUG | RTD: Detalhes completos registrados para CPFES464 (Liquidez detectada)
src.infrastructure.providers.mercado_data_provider | DEBUG | RTD: Detalhes completos registrados para CMIGR147 (Liquidez detectada)
src.infrastructure.providers.mercado_data_provider | DEBUG | RTD: Detalhes completos registrados para CSMGS295 (Liquidez detectada)
src.infrastructure.providers.mercado_data_provider | DEBUG | RTD: Detalhes completos registrados para GGBRR241 (Liquidez detectada)
src.infrastructure.providers.mercado_data_provider | DEBUG | RTD: Detalhes completos registrados para EGIET292 (Liquidez detectada)
src.infrastructure.providers.mercado_data_provider | DEBUG | RTD: Detalhes completos registrados para CSMGT21 (Liquidez detectada)
src.infrastructure.providers.mercado_data_provider | DEBUG | RTD: Detalhes completos registrados para CMIGS99 (Liquidez detectada)
src.infrastructure.providers.mercado_data_provider | DEBUG | RTD: Detalhes completos registrados para BPACU511 (Liquidez detectada)
src.infrastructure.providers.mercado_data_provider | DEBUG | RTD: Detalhes completos registrados para ENEVT265 (Liquidez detectada)
src.infrastructure.providers.mercado_data_provider | DEBUG | RTD: Detalhes completos registrados para EMBJR928 (Liquidez detectada)
src.infrastructure.providers.mercado_data_provider | DEBUG | RTD: Detalhes completos registrados para EMBJT833 (Liquidez detectada)
src.infrastructure.providers.mercado_data_provider | DEBUG | RTD: Detalhes completos registrados para COGNS864 (Liquidez detectada)
src.infrastructure.providers.mercado_data_provider | DEBUG | RTD: Detalhes completos registrados para BPACS484 (Liquidez detectada)
src.infrastructure.providers.mercado_data_provider | DEBUG | RTD: Detalhes completos registrados para BPACR520 (Liquidez detectada)
src.infrastructure.providers.mercado_data_provider | DEBUG | RTD: Detalhes completos registrados para ECORV100 (Liquidez detectada)
src.infrastructure.providers.mercado_data_provider | DEBUG | RTD: Detalhes completos registrados para CMIGS924 (Liquidez detectada)
src.infrastructure.providers.mercado_data_provider | DEBUG | RTD: Detalhes completos registrados para CYRES252 (Liquidez detectada)
src.infrastructure.providers.mercado_data_provider | DEBUG | RTD: Detalhes completos registrados para FLRYR166 (Liquidez detectada)
src.infrastructure.providers.mercado_data_provider | DEBUG | RTD: Detalhes completos registrados para CMIGS10 (Liquidez detectada)
src.infrastructure.providers.mercado_data_provider | DEBUG | RTD: Detalhes completos registrados para BPACR470 (Liquidez detectada)
src.infrastructure.providers.mercado_data_provider | DEBUG | RTD: Detalhes completos registrados para ENEVR247 (Liquidez detectada)
src.infrastructure.providers.mercado_data_provider | DEBUG | RTD: Detalhes completos registrados para CPLES129 (Liquidez detectada)
src.infrastructure.providers.mercado_data_provider | DEBUG | RTD: Detalhes completos registrados para CMIGS135 (Liquidez detectada)
src.infrastructure.providers.mercado_data_provider | DEBUG | RTD: Detalhes completos registrados para CSMGR285 (Liquidez detectada)
src.infrastructure.providers.mercado_data_provider | DEBUG | RTD: Detalhes completos registrados para CPLEU130 (Liquidez detectada)
src.infrastructure.providers.mercado_data_provider | DEBUG | RTD: Detalhes completos registrados para EMBJS943 (Liquidez detectada)
src.infrastructure.providers.mercado_data_provider | DEBUG | RTD: Detalhes completos registrados para BRKMU500 (Liquidez detectada)
src.infrastructure.providers.mercado_data_provider | DEBUG | RTD: Detalhes completos registrados para BRAPR282 (Liquidez detectada)
src.infrastructure.providers.mercado_data_provider | DEBUG | RTD: Detalhes completos registrados para CXSER140 (Liquidez detectada)
src.infrastructure.providers.mercado_data_provider | DEBUG | RTD: Detalhes completos registrados para ENEVU225 (Liquidez detectada)
src.infrastructure.providers.mercado_data_provider | DEBUG | RTD: Detalhes completos registrados para ENEVT247 (Liquidez detectada)
src.infrastructure.providers.mercado_data_provider | DEBUG | RTD: Detalhes completos registrados para FESAT80 (Liquidez detectada)
src.infrastructure.providers.mercado_data_provider | DEBUG | RTD: Detalhes completos registrados para CPLER144 (Liquidez detectada)
src.infrastructure.providers.mercado_data_provider | DEBUG | RTD: Detalhes completos registrados para GGBRS200 (Liquidez detectada)
src.infrastructure.providers.mercado_data_provider | DEBUG | RTD: Detalhes completos registrados para GGBRT216 (Liquidez detectada)
src.infrastructure.providers.mercado_data_provider | DEBUG | RTD: Detalhes completos registrados para CVCBR180 (Liquidez detectada)
src.infrastructure.providers.mercado_data_provider | DEBUG | RTD: Detalhes completos registrados para BPACV489 (Liquidez detectada)
src.infrastructure.providers.mercado_data_provider | DEBUG | RTD: Detalhes completos registrados para CYRER265 (Liquidez detectada)
src.infrastructure.providers.mercado_data_provider | DEBUG | RTD: Detalhes completos registrados para ENEVR245 (Liquidez detectada)
src.infrastructure.providers.mercado_data_provider | DEBUG | RTD: Detalhes completos registrados para CYRER33 (Liquidez detectada)
src.infrastructure.providers.mercado_data_provider | DEBUG | RTD: Detalhes completos registrados para CSMGW449 (Liquidez detectada)
src.infrastructure.providers.mercado_data_provider | DEBUG | RTD: Detalhes completos registrados para EQTLR366 (Liquidez detectada)
src.infrastructure.providers.mercado_data_provider | DEBUG | RTD: Detalhes completos registrados para CMIGW115 (Liquidez detectada)
src.infrastructure.providers.mercado_data_provider | DEBUG | RTD: Detalhes completos registrados para COGNT339 (Liquidez detectada)
src.infrastructure.providers.mercado_data_provider | DEBUG | RTD: Detalhes completos registrados para BRAPR222 (Liquidez detectada)
src.infrastructure.providers.mercado_data_provider | DEBUG | RTD: Detalhes completos registrados para CSMGR215 (Liquidez detectada)
src.infrastructure.providers.mercado_data_provider | DEBUG | RTD: Detalhes completos registrados para CYRER285 (Liquidez detectada)
src.infrastructure.providers.mercado_data_provider | DEBUG | RTD: Detalhes completos registrados para BPACR500 (Liquidez detectada)
src.infrastructure.providers.mercado_data_provider | DEBUG | RTD: Detalhes completos registrados para BPACR501 (Liquidez detectada)
src.infrastructure.providers.mercado_data_provider | DEBUG | RTD: Detalhes completos registrados para ESPAR146 (Liquidez detectada)
src.infrastructure.providers.mercado_data_provider | DEBUG | RTD: Detalhes completos registrados para CPLEV130 (Liquidez detectada)
src.infrastructure.providers.mercado_data_provider | DEBUG | RTD: Detalhes completos registrados para BPACW552 (Liquidez detectada)
src.infrastructure.providers.mercado_data_provider | DEBUG | RTD: Detalhes completos registrados para CMIGR102 (Liquidez detectada)
src.infrastructure.providers.mercado_data_provider | DEBUG | RTD: Detalhes completos registrados para BPACR530 (Liquidez detectada)
src.infrastructure.providers.mercado_data_provider | DEBUG | RTD: Detalhes completos registrados para EGIER319 (Liquidez detectada)
src.infrastructure.providers.mercado_data_provider | DEBUG | RTD: Detalhes completos registrados para CXSET144 (Liquidez detectada)
src.infrastructure.providers.mercado_data_provider | DEBUG | RTD: Detalhes completos registrados para GGBRR20 (Liquidez detectada)
src.infrastructure.providers.mercado_data_provider | DEBUG | RTD: Detalhes completos registrados para BPACR510 (Liquidez detectada)
src.infrastructure.providers.mercado_data_provider | DEBUG | RTD: Detalhes completos registrados para ENGIR443 (Liquidez detectada)
src.infrastructure.providers.mercado_data_provider | DEBUG | RTD: Detalhes completos registrados para GGBRR204 (Liquidez detectada)
src.infrastructure.providers.mercado_data_provider | DEBUG | RTD: Detalhes completos registrados para CPLEU147 (Liquidez detectada)
src.infrastructure.providers.mercado_data_provider | DEBUG | RTD: Detalhes completos registrados para CXSEV190 (Liquidez detectada)
src.infrastructure.providers.mercado_data_provider | DEBUG | RTD: Detalhes completos registrados para BPACR488 (Liquidez detectada)
src.infrastructure.providers.mercado_data_provider | DEBUG | RTD: Detalhes completos registrados para CXSET134 (Liquidez detectada)
src.infrastructure.providers.mercado_data_provider | DEBUG | RTD: Detalhes completos registrados para CPLES14 (Liquidez detectada)
src.infrastructure.providers.mercado_data_provider | DEBUG | RTD: Detalhes completos registrados para BPACR468 (Liquidez detectada)
src.infrastructure.providers.mercado_data_provider | DEBUG | RTD: Detalhes completos registrados para CYRER310 (Liquidez detectada)
src.infrastructure.providers.mercado_data_provider | DEBUG | RTD: Detalhes completos registrados para DXCOR655 (Liquidez detectada)
src.infrastructure.providers.mercado_data_provider | DEBUG | RTD: Detalhes completos registrados para CXSEW17 (Liquidez detectada)
src.infrastructure.providers.mercado_data_provider | DEBUG | RTD: Detalhes completos registrados para CYRER290 (Liquidez detectada)
src.infrastructure.providers.mercado_data_provider | DEBUG | RTD: Detalhes completos registrados para CMIGR110 (Liquidez detectada)
src.infrastructure.providers.mercado_data_provider | DEBUG | RTD: Detalhes completos registrados para GGBRR283 (Liquidez detectada)
src.infrastructure.providers.mercado_data_provider | DEBUG | RTD: Detalhes completos registrados para CMIGS13 (Liquidez detectada)
src.infrastructure.providers.mercado_data_provider | DEBUG | RTD: Detalhes completos registrados para BPACV484 (Liquidez detectada)
src.infrastructure.providers.mercado_data_provider | DEBUG | RTD: Detalhes completos registrados para BPACS511 (Liquidez detectada)
src.infrastructure.providers.mercado_data_provider | DEBUG | RTD: Detalhes completos registrados para EMBJR738 (Liquidez detectada)
src.infrastructure.providers.mercado_data_provider | DEBUG | RTD: Detalhes completos registrados para ECORR132 (Liquidez detectada)
src.infrastructure.providers.mercado_data_provider | DEBUG | RTD: Detalhes completos registrados para BPACR485 (Liquidez detectada)
src.infrastructure.providers.mercado_data_provider | DEBUG | RTD: Detalhes completos registrados para CMIGS116 (Liquidez detectada)
src.infrastructure.providers.mercado_data_provider | DEBUG | RTD: Detalhes completos registrados para CSNAR992 (Liquidez detectada)
src.infrastructure.providers.mercado_data_provider | DEBUG | RTD: Detalhes completos registrados para CYRES274 (Liquidez detectada)
src.infrastructure.providers.mercado_data_provider | DEBUG | RTD: Detalhes completos registrados para EMBJS973 (Liquidez detectada)
src.infrastructure.providers.mercado_data_provider | DEBUG | RTD: Detalhes completos registrados para CSMGR633 (Liquidez detectada)
src.infrastructure.providers.mercado_data_provider | DEBUG | RTD: Detalhes completos registrados para CVCBS160 (Liquidez detectada)
src.infrastructure.providers.mercado_data_provider | DEBUG | RTD: Detalhes completos registrados para EMBJU938 (Liquidez detectada)
src.infrastructure.providers.mercado_data_provider | DEBUG | RTD: Detalhes completos registrados para CSMGS590 (Liquidez detectada)
src.infrastructure.providers.mercado_data_provider | DEBUG | RTD: Detalhes completos registrados para CSANV520 (Liquidez detectada)
src.infrastructure.providers.mercado_data_provider | DEBUG | RTD: Detalhes completos registrados para COGNS290 (Liquidez detectada)
src.infrastructure.providers.mercado_data_provider | DEBUG | RTD: Detalhes completos registrados para BRSRR187 (Liquidez detectada)
src.infrastructure.providers.mercado_data_provider | DEBUG | RTD: Detalhes completos registrados para CYRES294 (Liquidez detectada)
src.infrastructure.providers.mercado_data_provider | DEBUG | RTD: Detalhes completos registrados para ENEVV225 (Liquidez detectada)
src.infrastructure.providers.mercado_data_provider | DEBUG | RTD: Detalhes completos registrados para DXCOR675 (Liquidez detectada)
src.infrastructure.providers.mercado_data_provider | INFO | Varredura (Global): 21461 monitored, 401 with book in 8.19s
src.ui.desktop.monitor_worker | INFO | MonitorWorker: pausado.
src.infrastructure.providers.mercado_data_provider | INFO | RTD: Lote Onda 1 22000/44976 (Registros: 1966) em 10.87s.
src.infrastructure.providers.mercado_data_provider | DEBUG | RTD: Detalhes completos registrados para CVCBS170 (Liquidez detectada)
src.infrastructure.providers.mercado_data_provider | DEBUG | RTD: Detalhes completos registrados para ECORS65 (Liquidez detectada)
src.infrastructure.providers.mercado_data_provider | DEBUG | RTD: Detalhes completos registrados para EGIER322 (Liquidez detectada)
src.infrastructure.providers.mercado_data_provider | DEBUG | RTD: Detalhes completos registrados para CSMGR405 (Liquidez detectada)
src.infrastructure.providers.mercado_data_provider | DEBUG | RTD: Detalhes completos registrados para CSANU129 (Liquidez detectada)
src.infrastructure.providers.mercado_data_provider | DEBUG | RTD: Detalhes completos registrados para CMIGW110 (Liquidez detectada)
src.infrastructure.providers.mercado_data_provider | DEBUG | RTD: Detalhes completos registrados para CYRES272 (Liquidez detectada)
src.infrastructure.providers.mercado_data_provider | DEBUG | RTD: Detalhes completos registrados para FLRYR991 (Liquidez detectada)
src.infrastructure.providers.mercado_data_provider | DEBUG | RTD: Detalhes completos registrados para CMIGR125 (Liquidez detectada)
src.infrastructure.providers.mercado_data_provider | DEBUG | RTD: Detalhes completos registrados para CXSES176 (Liquidez detectada)
src.infrastructure.providers.mercado_data_provider | DEBUG | RTD: Detalhes completos registrados para BRAVU260 (Liquidez detectada)
src.infrastructure.providers.mercado_data_provider | DEBUG | RTD: Detalhes completos registrados para CYRET293 (Liquidez detectada)
src.infrastructure.providers.mercado_data_provider | DEBUG | RTD: Detalhes completos registrados para BPACS656 (Liquidez detectada)
src.infrastructure.providers.mercado_data_provider | DEBUG | RTD: Detalhes completos registrados para BRAPU222 (Liquidez detectada)
src.infrastructure.providers.mercado_data_provider | DEBUG | RTD: Detalhes completos registrados para BPACR655 (Liquidez detectada)
src.infrastructure.providers.mercado_data_provider | DEBUG | RTD: Detalhes completos registrados para ENEVS235 (Liquidez detectada)
src.infrastructure.providers.mercado_data_provider | DEBUG | RTD: Detalhes completos registrados para BPACS491 (Liquidez detectada)
src.infrastructure.providers.mercado_data_provider | DEBUG | RTD: Detalhes completos registrados para BRAPT211 (Liquidez detectada)
src.infrastructure.providers.mercado_data_provider | DEBUG | RTD: Detalhes completos registrados para CSMGV264 (Liquidez detectada)
src.infrastructure.providers.mercado_data_provider | DEBUG | RTD: Detalhes completos registrados para CMIGR988 (Liquidez detectada)
src.infrastructure.providers.mercado_data_provider | DEBUG | RTD: Detalhes completos registrados para CSANS475 (Liquidez detectada)
src.infrastructure.providers.mercado_data_provider | DEBUG | RTD: Detalhes completos registrados para CMIGR11 (Liquidez detectada)
src.infrastructure.providers.mercado_data_provider | DEBUG | RTD: Detalhes completos registrados para BPACS464 (Liquidez detectada)
src.infrastructure.providers.mercado_data_provider | DEBUG | RTD: Detalhes completos registrados para CYRES282 (Liquidez detectada)
src.infrastructure.providers.mercado_data_provider | DEBUG | RTD: Detalhes completos registrados para CEABU952 (Liquidez detectada)
src.infrastructure.providers.mercado_data_provider | DEBUG | RTD: Detalhes completos registrados para FESAR858 (Liquidez detectada)
src.infrastructure.providers.mercado_data_provider | DEBUG | RTD: Detalhes completos registrados para BRAVR175 (Liquidez detectada)
src.infrastructure.providers.mercado_data_provider | DEBUG | RTD: Detalhes completos registrados para BPACT111 (Liquidez detectada)
src.infrastructure.providers.mercado_data_provider | DEBUG | RTD: Detalhes completos registrados para BPACS486 (Liquidez detectada)
src.infrastructure.providers.mercado_data_provider | DEBUG | RTD: Detalhes completos registrados para EMBJT61 (Liquidez detectada)
src.infrastructure.providers.mercado_data_provider | DEBUG | RTD: Detalhes completos registrados para EMBJR993 (Liquidez detectada)
src.infrastructure.providers.mercado_data_provider | DEBUG | RTD: Detalhes completos registrados para CSMGT24 (Liquidez detectada)
src.infrastructure.providers.mercado_data_provider | DEBUG | RTD: Detalhes completos registrados para CMIGT107 (Liquidez detectada)
src.infrastructure.providers.mercado_data_provider | DEBUG | RTD: Detalhes completos registrados para FLRYR144 (Liquidez detectada)
src.infrastructure.providers.mercado_data_provider | DEBUG | RTD: Detalhes completos registrados para CSMGS17 (Liquidez detectada)
src.infrastructure.providers.mercado_data_provider | DEBUG | RTD: Detalhes completos registrados para BRAPR230 (Liquidez detectada)
src.infrastructure.providers.mercado_data_provider | DEBUG | RTD: Detalhes completos registrados para BPACT520 (Liquidez detectada)
src.infrastructure.providers.mercado_data_provider | DEBUG | RTD: Detalhes completos registrados para BPACR480 (Liquidez detectada)
src.infrastructure.providers.mercado_data_provider | DEBUG | RTD: Detalhes completos registrados para CMIGV119 (Liquidez detectada)
src.infrastructure.providers.mercado_data_provider | DEBUG | RTD: Detalhes completos registrados para GGBRW195 (Liquidez detectada)
src.infrastructure.providers.mercado_data_provider | DEBUG | RTD: Detalhes completos registrados para CSANR610 (Liquidez detectada)
src.infrastructure.providers.mercado_data_provider | DEBUG | RTD: Detalhes completos registrados para DIRRS143 (Liquidez detectada)
src.infrastructure.providers.mercado_data_provider | DEBUG | RTD: Detalhes completos registrados para EGIER347 (Liquidez detectada)
src.infrastructure.providers.mercado_data_provider | DEBUG | RTD: Detalhes completos registrados para EMBJW101 (Liquidez detectada)
src.infrastructure.providers.mercado_data_provider | DEBUG | RTD: Detalhes completos registrados para COGNR340 (Liquidez detectada)
src.infrastructure.providers.mercado_data_provider | DEBUG | RTD: Detalhes completos registrados para ENEVS225 (Liquidez detectada)
src.infrastructure.providers.mercado_data_provider | DEBUG | RTD: Detalhes completos registrados para BPACT496 (Liquidez detectada)
src.infrastructure.providers.mercado_data_provider | DEBUG | RTD: Detalhes completos registrados para CYREV260 (Liquidez detectada)
src.infrastructure.providers.mercado_data_provider | DEBUG | RTD: Detalhes completos registrados para CSMGU592 (Liquidez detectada)
src.infrastructure.providers.mercado_data_provider | DEBUG | RTD: Detalhes completos registrados para BPACU489 (Liquidez detectada)
src.infrastructure.providers.mercado_data_provider | DEBUG | RTD: Detalhes completos registrados para EMBJT929 (Liquidez detectada)
src.infrastructure.providers.mercado_data_provider | DEBUG | RTD: Detalhes completos registrados para BRAPS214 (Liquidez detectada)
src.infrastructure.providers.mercado_data_provider | DEBUG | RTD: Detalhes completos registrados para CPFES542 (Liquidez detectada)
src.infrastructure.providers.mercado_data_provider | DEBUG | RTD: Detalhes completos registrados para CMIGT105 (Liquidez detectada)
src.infrastructure.providers.mercado_data_provider | DEBUG | RTD: Detalhes completos registrados para CSANR105 (Liquidez detectada)
src.infrastructure.providers.mercado_data_provider | DEBUG | RTD: Detalhes completos registrados para FESAR718 (Liquidez detectada)
src.infrastructure.providers.mercado_data_provider | DEBUG | RTD: Detalhes completos registrados para GGBRU288 (Liquidez detectada)
src.infrastructure.providers.mercado_data_provider | DEBUG | RTD: Detalhes completos registrados para CSANR270 (Liquidez detectada)
src.infrastructure.providers.mercado_data_provider | DEBUG | RTD: Detalhes completos registrados para ENEVW165 (Liquidez detectada)
src.infrastructure.providers.mercado_data_provider | DEBUG | RTD: Detalhes completos registrados para CMIGV994 (Liquidez detectada)
src.infrastructure.providers.mercado_data_provider | DEBUG | RTD: Detalhes completos registrados para BRKMS160 (Liquidez detectada)
src.infrastructure.providers.mercado_data_provider | DEBUG | RTD: Detalhes completos registrados para BPACW542 (Liquidez detectada)
src.infrastructure.providers.mercado_data_provider | DEBUG | RTD: Detalhes completos registrados para FLRYR169 (Liquidez detectada)
src.infrastructure.providers.mercado_data_provider | DEBUG | RTD: Detalhes completos registrados para CYRER335 (Liquidez detectada)
src.infrastructure.providers.mercado_data_provider | DEBUG | RTD: Detalhes completos registrados para CMIGT100 (Liquidez detectada)
src.infrastructure.providers.mercado_data_provider | DEBUG | RTD: Detalhes completos registrados para COGNV341 (Liquidez detectada)
src.infrastructure.providers.mercado_data_provider | DEBUG | RTD: Detalhes completos registrados para CYRES292 (Liquidez detectada)
src.infrastructure.providers.mercado_data_provider | DEBUG | RTD: Detalhes completos registrados para CYRES302 (Liquidez detectada)
src.infrastructure.providers.mercado_data_provider | DEBUG | RTD: Detalhes completos registrados para EMBJS858 (Liquidez detectada)
src.infrastructure.providers.mercado_data_provider | DEBUG | RTD: Detalhes completos registrados para EMBJT993 (Liquidez detectada)
src.infrastructure.providers.mercado_data_provider | DEBUG | RTD: Detalhes completos registrados para GGBRR313 (Liquidez detectada)
src.infrastructure.providers.mercado_data_provider | DEBUG | RTD: Detalhes completos registrados para CMIGS144 (Liquidez detectada)
src.infrastructure.providers.mercado_data_provider | DEBUG | RTD: Detalhes completos registrados para CSANU134 (Liquidez detectada)
src.infrastructure.providers.mercado_data_provider | DEBUG | RTD: Detalhes completos registrados para CYRET303 (Liquidez detectada)
src.infrastructure.providers.mercado_data_provider | DEBUG | RTD: Detalhes completos registrados para BRAPV222 (Liquidez detectada)
src.infrastructure.providers.mercado_data_provider | DEBUG | RTD: Detalhes completos registrados para CYRER345 (Liquidez detectada)
src.infrastructure.providers.mercado_data_provider | DEBUG | RTD: Detalhes completos registrados para BPACS501 (Liquidez detectada)
src.infrastructure.providers.mercado_data_provider | DEBUG | RTD: Detalhes completos registrados para FESAU80 (Liquidez detectada)
src.infrastructure.providers.mercado_data_provider | DEBUG | RTD: Detalhes completos registrados para BPACW512 (Liquidez detectada)
src.infrastructure.providers.mercado_data_provider | DEBUG | RTD: Detalhes completos registrados para CYRES254 (Liquidez detectada)
src.infrastructure.providers.mercado_data_provider | DEBUG | RTD: Detalhes completos registrados para CYRET323 (Liquidez detectada)
src.infrastructure.providers.mercado_data_provider | DEBUG | RTD: Detalhes completos registrados para EQTLT349 (Liquidez detectada)
src.infrastructure.providers.mercado_data_provider | DEBUG | RTD: Detalhes completos registrados para CMIGS11 (Liquidez detectada)
src.infrastructure.providers.mercado_data_provider | DEBUG | RTD: Detalhes completos registrados para CSANU730 (Liquidez detectada)
src.infrastructure.providers.mercado_data_provider | DEBUG | RTD: Detalhes completos registrados para COGNR920 (Liquidez detectada)
src.infrastructure.providers.mercado_data_provider | DEBUG | RTD: Detalhes completos registrados para GGBRS197 (Liquidez detectada)
src.infrastructure.providers.mercado_data_provider | DEBUG | RTD: Detalhes completos registrados para CYREV235 (Liquidez detectada)
src.infrastructure.providers.mercado_data_provider | DEBUG | RTD: Detalhes completos registrados para GGBRT240 (Liquidez detectada)
src.infrastructure.providers.mercado_data_provider | DEBUG | RTD: Detalhes completos registrados para CPLES122 (Liquidez detectada)
src.infrastructure.providers.mercado_data_provider | DEBUG | RTD: Detalhes completos registrados para CMIGT120 (Liquidez detectada)
src.infrastructure.providers.mercado_data_provider | DEBUG | RTD: Detalhes completos registrados para DXCOS485 (Liquidez detectada)
src.infrastructure.providers.mercado_data_provider | DEBUG | RTD: Detalhes completos registrados para BRAPU217 (Liquidez detectada)
src.infrastructure.providers.mercado_data_provider | DEBUG | RTD: Detalhes completos registrados para CSANR125 (Liquidez detectada)
src.infrastructure.providers.mercado_data_provider | DEBUG | RTD: Detalhes completos registrados para EMBJW839 (Liquidez detectada)
src.infrastructure.providers.mercado_data_provider | DEBUG | RTD: Detalhes completos registrados para CMIGS125 (Liquidez detectada)
src.infrastructure.providers.mercado_data_provider | DEBUG | RTD: Detalhes completos registrados para CYRES289 (Liquidez detectada)
src.infrastructure.providers.mercado_data_provider | DEBUG | RTD: Detalhes completos registrados para BPACU561 (Liquidez detectada)
src.infrastructure.providers.mercado_data_provider | DEBUG | RTD: Detalhes completos registrados para CMIGR132 (Liquidez detectada)
src.infrastructure.providers.mercado_data_provider | DEBUG | RTD: Detalhes completos registrados para BPACW46 (Liquidez detectada)
src.infrastructure.providers.mercado_data_provider | DEBUG | RTD: Detalhes completos registrados para GGBRR264 (Liquidez detectada)
src.infrastructure.providers.mercado_data_provider | DEBUG | RTD: Detalhes completos registrados para BPACR705 (Liquidez detectada)
src.infrastructure.providers.mercado_data_provider | DEBUG | RTD: Detalhes completos registrados para CYRES284 (Liquidez detectada)
src.infrastructure.providers.mercado_data_provider | DEBUG | RTD: Detalhes completos registrados para EMBJR803 (Liquidez detectada)
src.infrastructure.providers.mercado_data_provider | DEBUG | RTD: Detalhes completos registrados para CMIGR105 (Liquidez detectada)
src.infrastructure.providers.mercado_data_provider | DEBUG | RTD: Detalhes completos registrados para BRAVU205 (Liquidez detectada)
src.infrastructure.providers.mercado_data_provider | DEBUG | RTD: Detalhes completos registrados para CMIGW112 (Liquidez detectada)
src.infrastructure.providers.mercado_data_provider | DEBUG | RTD: Detalhes completos registrados para BRAVT175 (Liquidez detectada)
src.infrastructure.providers.mercado_data_provider | DEBUG | RTD: Detalhes completos registrados para EMBJR134 (Liquidez detectada)
src.infrastructure.providers.mercado_data_provider | DEBUG | RTD: Detalhes completos registrados para FESAR800 (Liquidez detectada)
src.infrastructure.providers.mercado_data_provider | DEBUG | RTD: Detalhes completos registrados para CMIGW100 (Liquidez detectada)
src.infrastructure.providers.mercado_data_provider | DEBUG | RTD: Detalhes completos registrados para EQTLR376 (Liquidez detectada)
src.infrastructure.providers.mercado_data_provider | DEBUG | RTD: Detalhes completos registrados para CSMGW264 (Liquidez detectada)
src.infrastructure.providers.mercado_data_provider | DEBUG | RTD: Detalhes completos registrados para EMBJW150 (Liquidez detectada)
src.infrastructure.providers.mercado_data_provider | DEBUG | RTD: Detalhes completos registrados para BPACU469 (Liquidez detectada)
src.ui.desktop.monitor_worker | INFO | MonitorWorker: parado.
src.ui.desktop.monitor_worker | INFO | MonitorWorker: parado.
